event_id,user_id,product_id,event_type,event_timestamp
E0,U120,P46,wishlist,2025-06-22 21:55:30
E1,U907,P2,cart,2025-04-18 07:17:06
E2,U219,P22,wishlist,2025-10-23 22:04:32
E3,U514,P45,view,2025-04-30 15:28:35
E4,U375,P38,cart,2025-07-13 03:22:49
E5,U625,P5,cart,2025-10-15 09:41:23
E6,U259,P30,wishlist,2025-12-17 01:31:06
E7,U979,P17,purchase,2025-04-19 10:17:41
E8,U130,P1,wishlist,2025-11-20 14:18:00
E9,U622,P8,wishlist,2025-08-09 00:12:35
E10,U112,P28,view,2026-01-05 17:01:52
E11,U867,P41,view,2025-05-16 17:44:21
E12,U373,P3,view,2025-04-14 11:19:31
E13,U74,P10,view,2025-06-27 21:43:10
E14,U749,P17,view,2025-10-01 21:34:36
E15,U330,P19,wishlist,2025-07-26 13:12:04
E16,U221,P32,view,2025-08-09 15:33:56
E17,U862,P27,cart,2025-10-07 10:02:57
E18,U612,P19,view,2026-03-13 12:19:35
E19,U726,P23,purchase,2025-09-09 12:21:30
E20,U720,P34,purchase,2025-05-15 12:38:28
E21,U376,P38,view,2026-01-27 00:09:59
E22,U398,P8,view,2025-08-30 08:12:35
E23,U0,P38,cart,2025-08-29 02:32:08
E24,U889,P44,cart,2025-08-17 07:33:53
E25,U691,P2,purchase,2025-07-29 19:33:16
E26,U228,P33,wishlist,2025-09-09 17:04:44
E27,U866,P13,wishlist,2025-05-31 12:50:44
E28,U863,P17,purchase,2025-12-23 19:11:40
E29,U97,P36,wishlist,2026-01-08 23:57:36
E30,U982,P0,view,2025-06-27 22:09:56
E31,U177,P49,purchase,2026-02-03 02:11:39
E32,U448,P49,purchase,2025-04-21 13:58:23
E33,U963,P30,cart,2026-03-14 06:33:03
E34,U616,P23,purchase,2025-07-28 13:13:21
E35,U774,P45,wishlist,2025-03-20 22:47:39
E36,U800,P47,wishlist,2025-04-27 12:24:32
E37,U838,P41,view,2025-12-03 05:20:58
E38,U421,P39,view,2025-11-10 00:30:39
E39,U728,P45,purchase,2025-07-12 05:19:49
E40,U728,P48,wishlist,2025-06-21 16:16:47
E41,U748,P8,view,2025-09-07 04:16:47
E42,U205,P29,view,2025-05-20 01:22:45
E43,U77,P12,cart,2025-03-17 21:45:58
E44,U861,P4,purchase,2025-04-24 02:23:49
E45,U353,P30,purchase,2025-11-13 08:29:57
E46,U438,P31,wishlist,2025-08-08 15:36:12
E47,U453,P16,wishlist,2026-02-24 19:42:45
E48,U743,P34,cart,2025-08-06 19:58:16
E49,U688,P42,cart,2025-04-05 17:19:16
E50,U436,P15,cart,2025-08-24 05:40:10
E51,U382,P1,purchase,2025-04-25 12:07:00
E52,U991,P4,purchase,2025-12-14 19:34:58
E53,U944,P26,view,2026-02-20 14:52:20
E54,U442,P1,wishlist,2025-08-30 14:50:12
E55,U33,P10,wishlist,2025-12-21 03:07:18
E56,U504,P34,view,2025-06-15 15:03:30
E57,U765,P23,view,2025-03-31 03:27:29
E58,U209,P17,wishlist,2025-09-28 17:51:36
E59,U620,P40,wishlist,2025-04-19 05:02:28
E60,U881,P5,wishlist,2025-09-28 02:21:17
E61,U776,P32,purchase,2025-03-25 21:30:42
E62,U433,P41,purchase,2026-02-18 21:01:49
E63,U822,P31,wishlist,2025-03-25 12:41:51
E64,U752,P37,purchase,2025-10-21 21:04:29
E65,U940,P47,view,2025-07-11 11:50:47
E66,U796,P25,view,2025-03-16 01:26:09
E67,U6,P23,purchase,2026-01-22 03:58:52
E68,U800,P7,wishlist,2026-01-25 10:39:55
E69,U826,P47,purchase,2026-02-16 10:53:55
E70,U6,P0,view,2025-11-29 19:21:08
E71,U704,P2,view,2026-02-04 13:11:07
E72,U125,P34,view,2026-01-03 19:45:40
E73,U662,P28,wishlist,2025-09-05 16:26:46
E74,U874,P21,cart,2025-10-31 18:20:40
E75,U444,P22,cart,2025-10-06 21:01:59
E76,U534,P44,view,2025-04-28 06:11:02
E77,U155,P1,cart,2025-11-17 10:59:36
E78,U78,P49,purchase,2026-01-31 21:53:40
E79,U9,P34,view,2025-08-28 16:12:12
E80,U141,P21,purchase,2025-08-19 12:56:28
E81,U317,P29,view,2025-09-13 15:49:45
E82,U993,P46,purchase,2025-06-24 14:59:14
E83,U530,P18,cart,2025-06-15 05:51:34
E84,U378,P26,purchase,2025-11-23 04:45:46
E85,U120,P2,wishlist,2025-11-07 00:46:22
E86,U476,P22,wishlist,2025-07-08 14:53:28
E87,U746,P4,view,2025-09-13 06:41:58
E88,U939,P43,purchase,2025-09-21 21:19:05
E89,U227,P22,purchase,2025-07-31 10:38:04
E90,U25,P46,wishlist,2025-09-12 05:52:50
E91,U466,P18,wishlist,2025-07-21 04:45:40
E92,U887,P15,wishlist,2025-11-13 23:47:03
E93,U188,P16,purchase,2025-10-21 08:42:08
E94,U33,P14,view,2025-05-16 06:30:55
E95,U915,P47,view,2025-04-15 03:52:03
E96,U216,P45,view,2026-01-03 03:08:25
E97,U308,P46,cart,2026-03-09 05:17:51
E98,U646,P2,cart,2025-03-28 06:06:28
E99,U102,P7,view,2025-11-25 20:09:56
E100,U331,P6,cart,2025-12-25 13:26:16
E101,U423,P21,wishlist,2025-11-21 08:54:46
E102,U362,P28,purchase,2025-09-16 04:53:41
E103,U492,P36,cart,2025-12-20 13:52:37
E104,U578,P21,view,2025-07-13 20:45:53
E105,U521,P32,cart,2025-08-02 13:15:31
E106,U442,P19,wishlist,2025-06-05 10:09:46
E107,U391,P20,cart,2025-04-18 23:13:03
E108,U360,P20,purchase,2025-11-27 06:50:56
E109,U657,P11,view,2026-02-01 18:18:46
E110,U105,P36,purchase,2025-11-06 19:34:58
E111,U454,P44,purchase,2026-03-08 17:06:28
E112,U308,P20,cart,2025-08-05 00:52:54
E113,U251,P1,view,2025-05-19 19:40:05
E114,U393,P22,wishlist,2026-02-28 17:53:41
E115,U886,P23,purchase,2025-05-31 15:27:54
E116,U930,P18,cart,2026-01-07 15:10:11
E117,U155,P43,cart,2026-03-02 06:13:45
E118,U616,P42,wishlist,2025-09-16 12:37:56
E119,U753,P32,purchase,2025-12-12 17:11:40
E120,U951,P14,cart,2025-10-25 03:50:13
E121,U451,P44,purchase,2025-08-27 15:08:43
E122,U465,P22,cart,2025-09-06 04:07:50
E123,U188,P1,view,2026-01-02 18:44:13
E124,U145,P20,cart,2025-03-23 06:21:44
E125,U56,P35,view,2025-08-31 17:22:17
E126,U220,P18,cart,2025-03-26 03:23:32
E127,U659,P34,cart,2025-06-07 11:42:08
E128,U838,P39,cart,2025-03-23 02:54:02
E129,U52,P5,wishlist,2026-01-21 21:53:24
E130,U382,P35,purchase,2025-12-29 16:26:11
E131,U637,P22,view,2025-04-24 09:12:59
E132,U344,P34,purchase,2026-02-05 22:58:30
E133,U374,P28,purchase,2025-07-22 19:47:10
E134,U909,P17,purchase,2025-08-27 07:30:48
E135,U824,P32,purchase,2026-02-13 03:17:54
E136,U89,P18,purchase,2025-04-07 06:30:12
E137,U985,P21,purchase,2026-03-03 07:26:57
E138,U821,P47,cart,2025-12-15 21:12:35
E139,U547,P35,cart,2026-02-05 04:20:08
E140,U80,P14,wishlist,2026-01-01 17:01:30
E141,U104,P10,wishlist,2025-04-18 00:13:08
E142,U825,P38,purchase,2026-02-05 10:30:06
E143,U17,P15,view,2025-08-30 13:07:29
E144,U729,P37,purchase,2025-09-11 00:40:12
E145,U960,P45,cart,2025-10-26 09:22:25
E146,U792,P34,purchase,2025-12-19 06:03:45
E147,U717,P25,wishlist,2025-11-15 16:21:51
E148,U907,P6,wishlist,2025-06-03 15:41:47
E149,U211,P13,wishlist,2026-02-26 22:47:58
E150,U445,P43,wishlist,2025-11-11 14:36:04
E151,U329,P47,wishlist,2025-05-26 06:51:40
E152,U854,P3,view,2025-12-09 14:24:57
E153,U984,P30,cart,2026-03-02 01:12:07
E154,U420,P29,purchase,2025-09-14 06:13:14
E155,U973,P3,cart,2026-03-05 02:22:38
E156,U692,P13,view,2025-06-06 18:49:18
E157,U445,P31,view,2026-02-08 17:50:24
E158,U790,P11,cart,2025-09-19 13:38:49
E159,U336,P12,wishlist,2025-08-11 02:36:52
E160,U583,P28,wishlist,2025-09-20 09:31:29
E161,U357,P35,cart,2025-03-25 09:36:58
E162,U959,P48,wishlist,2025-11-13 22:13:06
E163,U15,P37,wishlist,2025-11-19 05:34:47
E164,U675,P48,wishlist,2025-12-11 03:08:31
E165,U534,P7,cart,2026-02-07 23:33:31
E166,U7,P25,view,2025-06-03 11:07:35
E167,U405,P26,purchase,2025-08-22 07:04:40
E168,U910,P23,cart,2026-01-16 15:12:16
E169,U775,P18,cart,2025-08-21 02:50:51
E170,U792,P5,wishlist,2025-04-17 19:17:47
E171,U383,P48,view,2025-09-15 06:51:14
E172,U800,P3,purchase,2026-01-24 15:08:15
E173,U33,P4,wishlist,2025-10-23 04:47:14
E174,U423,P48,purchase,2025-03-19 02:21:54
E175,U592,P23,cart,2025-06-19 04:11:22
E176,U345,P3,wishlist,2026-01-07 11:46:25
E177,U834,P16,wishlist,2025-10-20 00:37:04
E178,U63,P24,view,2025-07-23 04:25:04
E179,U902,P35,cart,2025-06-12 02:46:02
E180,U546,P4,purchase,2025-10-12 20:50:26
E181,U679,P33,purchase,2025-05-08 04:27:52
E182,U853,P13,purchase,2025-10-17 01:42:21
E183,U935,P12,view,2025-05-27 04:07:41
E184,U283,P16,view,2025-12-20 11:50:34
E185,U363,P28,purchase,2025-11-27 04:05:09
E186,U953,P7,wishlist,2026-01-16 09:00:41
E187,U22,P14,view,2026-02-24 06:25:01
E188,U111,P27,view,2025-10-15 01:24:59
E189,U83,P5,purchase,2025-07-25 22:27:57
E190,U198,P25,view,2025-07-09 15:33:45
E191,U723,P7,cart,2025-06-11 13:39:28
E192,U96,P5,cart,2025-06-27 13:45:22
E193,U796,P33,wishlist,2025-11-27 03:19:37
E194,U660,P25,view,2025-11-19 08:08:48
E195,U92,P10,view,2026-02-09 23:08:24
E196,U977,P49,cart,2025-12-15 13:29:46
E197,U4,P8,purchase,2025-04-15 11:54:28
E198,U609,P43,view,2025-08-30 05:05:12
E199,U74,P4,purchase,2025-08-20 05:07:21
E200,U989,P0,wishlist,2025-06-07 03:53:16
E201,U584,P16,wishlist,2025-09-16 18:56:37
E202,U158,P44,wishlist,2025-10-21 08:57:07
E203,U594,P44,wishlist,2025-06-27 10:30:54
E204,U241,P13,cart,2025-11-15 20:35:12
E205,U618,P42,purchase,2025-08-15 15:08:44
E206,U38,P32,purchase,2025-07-10 11:18:02
E207,U569,P48,view,2026-01-30 03:00:19
E208,U891,P3,purchase,2025-08-19 00:50:57
E209,U444,P29,view,2025-12-17 14:15:41
E210,U950,P36,cart,2025-07-26 07:20:31
E211,U707,P8,cart,2025-07-17 19:21:24
E212,U422,P45,purchase,2026-03-04 18:24:56
E213,U918,P35,purchase,2026-01-04 11:23:03
E214,U680,P29,purchase,2025-11-12 22:57:40
E215,U39,P33,cart,2025-05-03 05:34:44
E216,U822,P22,wishlist,2025-09-23 15:50:37
E217,U74,P7,cart,2025-09-04 14:37:11
E218,U497,P14,cart,2025-08-26 15:08:47
E219,U12,P4,view,2025-03-25 08:14:43
E220,U92,P40,wishlist,2025-09-01 17:55:02
E221,U525,P49,purchase,2025-12-27 14:25:13
E222,U864,P21,wishlist,2025-04-30 19:53:56
E223,U254,P49,cart,2026-01-27 11:02:31
E224,U466,P14,purchase,2025-11-13 12:26:48
E225,U345,P15,cart,2025-09-04 21:17:42
E226,U935,P38,view,2025-11-01 18:45:26
E227,U721,P8,purchase,2025-05-29 01:13:11
E228,U516,P18,view,2025-07-11 12:42:17
E229,U533,P40,purchase,2025-04-16 06:22:55
E230,U539,P5,wishlist,2025-07-12 06:49:54
E231,U179,P29,cart,2025-06-07 14:10:31
E232,U323,P9,purchase,2025-09-16 05:25:59
E233,U447,P42,cart,2025-08-31 12:18:14
E234,U898,P6,wishlist,2026-03-03 12:31:12
E235,U445,P12,cart,2025-11-23 03:28:52
E236,U508,P44,purchase,2026-01-28 23:55:58
E237,U153,P9,wishlist,2025-07-24 17:17:14
E238,U536,P24,cart,2025-12-27 22:21:09
E239,U605,P25,wishlist,2025-11-24 18:21:02
E240,U558,P2,cart,2026-01-01 12:02:25
E241,U937,P26,wishlist,2025-10-02 09:00:09
E242,U742,P11,cart,2025-04-24 02:40:05
E243,U266,P41,wishlist,2026-03-03 11:41:01
E244,U275,P32,view,2025-12-11 13:59:45
E245,U321,P46,wishlist,2026-02-27 01:32:06
E246,U388,P35,purchase,2025-05-28 02:53:06
E247,U588,P45,view,2025-08-28 03:58:59
E248,U367,P10,purchase,2025-11-27 21:20:03
E249,U423,P20,view,2026-01-19 18:00:39
E250,U717,P49,wishlist,2025-05-10 12:16:47
E251,U178,P22,wishlist,2026-02-25 21:05:53
E252,U784,P31,wishlist,2026-01-22 16:23:52
E253,U929,P20,view,2026-01-18 21:45:13
E254,U585,P19,purchase,2025-11-02 05:00:24
E255,U192,P42,wishlist,2025-11-12 19:24:20
E256,U822,P28,view,2026-02-21 04:23:32
E257,U863,P39,purchase,2025-05-20 21:23:05
E258,U5,P44,cart,2025-08-05 00:22:01
E259,U455,P11,purchase,2025-10-15 15:45:58
E260,U763,P23,wishlist,2025-03-15 22:31:02
E261,U820,P49,purchase,2025-12-16 05:24:46
E262,U783,P43,purchase,2025-07-01 02:53:11
E263,U148,P34,view,2025-03-24 11:54:23
E264,U41,P47,cart,2025-03-30 19:42:05
E265,U332,P15,view,2025-08-27 12:40:59
E266,U736,P44,wishlist,2025-08-08 18:06:38
E267,U282,P25,view,2025-12-17 19:01:34
E268,U339,P26,cart,2025-10-12 17:03:58
E269,U502,P48,purchase,2025-05-11 06:05:59
E270,U63,P49,view,2025-09-16 02:17:29
E271,U274,P16,cart,2026-02-05 18:44:31
E272,U974,P8,view,2025-07-31 08:18:17
E273,U947,P9,cart,2025-09-09 12:55:37
E274,U747,P25,cart,2025-05-21 07:09:47
E275,U760,P23,wishlist,2025-08-10 14:10:21
E276,U144,P46,view,2025-11-16 17:48:25
E277,U294,P45,view,2025-12-22 15:03:40
E278,U227,P38,view,2025-08-01 07:09:46
E279,U895,P7,wishlist,2026-01-03 03:39:38
E280,U198,P3,purchase,2025-11-08 08:30:55
E281,U300,P27,wishlist,2025-08-02 19:23:55
E282,U448,P11,cart,2025-12-07 00:52:57
E283,U482,P23,view,2025-04-10 07:02:23
E284,U403,P32,purchase,2026-01-05 07:04:13
E285,U610,P44,purchase,2025-10-28 21:15:56
E286,U725,P37,wishlist,2025-10-07 08:27:12
E287,U576,P40,cart,2025-07-29 22:00:05
E288,U101,P23,purchase,2025-05-06 09:43:06
E289,U281,P9,purchase,2025-09-30 21:57:23
E290,U140,P20,wishlist,2025-10-22 19:04:05
E291,U980,P1,wishlist,2025-04-10 02:37:45
E292,U766,P16,wishlist,2025-05-24 20:48:07
E293,U693,P48,view,2026-02-01 04:01:32
E294,U720,P22,wishlist,2026-01-04 20:13:02
E295,U591,P8,wishlist,2025-10-29 10:03:36
E296,U343,P32,cart,2025-08-17 23:00:02
E297,U602,P31,wishlist,2025-07-20 16:52:59
E298,U24,P21,view,2025-04-04 14:47:25
E299,U84,P43,purchase,2026-02-27 14:21:43
E300,U144,P17,view,2025-12-19 17:50:21
E301,U908,P22,wishlist,2025-04-12 22:26:55
E302,U713,P44,cart,2025-04-17 02:25:57
E303,U826,P40,purchase,2026-02-27 11:30:55
E304,U365,P41,wishlist,2025-03-21 18:44:47
E305,U967,P48,view,2026-01-22 14:36:44
E306,U981,P11,view,2025-04-20 09:22:52
E307,U320,P41,cart,2025-08-21 03:37:06
E308,U957,P10,cart,2025-08-06 14:07:03
E309,U772,P5,wishlist,2025-07-29 00:16:53
E310,U770,P35,purchase,2025-06-02 02:30:59
E311,U617,P38,wishlist,2025-12-16 12:11:34
E312,U684,P19,view,2025-12-28 14:42:15
E313,U824,P9,purchase,2025-11-28 06:20:35
E314,U286,P5,wishlist,2025-07-04 17:29:45
E315,U283,P49,view,2026-01-03 02:00:28
E316,U220,P15,purchase,2025-09-02 03:28:30
E317,U900,P2,wishlist,2025-07-23 03:37:52
E318,U929,P16,view,2026-01-28 23:53:04
E319,U295,P18,cart,2025-12-11 08:44:05
E320,U37,P46,wishlist,2025-11-01 23:32:51
E321,U504,P28,view,2025-11-28 19:33:30
E322,U133,P0,purchase,2025-06-28 21:52:35
E323,U542,P25,purchase,2025-10-09 09:23:26
E324,U120,P19,wishlist,2025-06-12 20:01:35
E325,U232,P28,purchase,2025-06-28 11:39:10
E326,U839,P49,purchase,2025-11-17 07:56:23
E327,U936,P34,purchase,2025-10-16 15:59:31
E328,U314,P20,purchase,2025-07-25 04:49:23
E329,U600,P10,wishlist,2025-05-10 06:46:32
E330,U755,P4,wishlist,2025-06-10 10:08:13
E331,U975,P15,wishlist,2025-10-16 07:21:11
E332,U228,P24,wishlist,2025-04-03 08:41:22
E333,U12,P0,cart,2025-07-16 23:57:23
E334,U272,P39,purchase,2025-12-21 12:48:49
E335,U361,P5,wishlist,2025-07-19 00:26:23
E336,U764,P0,cart,2025-04-01 06:11:55
E337,U671,P7,purchase,2025-06-16 12:28:57
E338,U875,P16,cart,2025-05-04 06:22:57
E339,U280,P40,cart,2025-12-18 03:16:47
E340,U353,P41,wishlist,2025-10-02 18:58:21
E341,U954,P36,purchase,2025-09-05 14:16:43
E342,U516,P17,wishlist,2025-08-23 14:15:15
E343,U281,P16,view,2025-07-24 23:15:56
E344,U64,P23,wishlist,2025-09-14 15:38:32
E345,U327,P15,wishlist,2025-08-05 18:05:39
E346,U343,P34,purchase,2025-10-29 14:50:03
E347,U7,P34,wishlist,2025-09-01 19:18:47
E348,U539,P35,purchase,2025-08-11 01:32:23
E349,U483,P10,purchase,2025-10-02 03:50:45
E350,U158,P47,cart,2025-03-27 15:21:05
E351,U423,P11,cart,2026-02-01 16:30:52
E352,U717,P11,cart,2026-01-27 12:40:06
E353,U452,P32,purchase,2025-09-15 21:57:08
E354,U258,P19,purchase,2025-08-19 23:17:26
E355,U94,P7,cart,2025-06-17 21:34:42
E356,U370,P18,purchase,2025-10-30 10:01:04
E357,U147,P10,cart,2025-12-30 07:30:27
E358,U652,P26,purchase,2025-12-30 09:09:34
E359,U312,P11,view,2025-03-29 11:53:38
E360,U639,P35,cart,2025-12-15 23:15:34
E361,U615,P35,cart,2025-03-31 05:13:51
E362,U716,P11,view,2025-05-21 02:45:44
E363,U37,P2,cart,2025-06-06 15:54:45
E364,U550,P6,cart,2025-09-13 07:52:36
E365,U168,P47,cart,2026-03-03 14:40:34
E366,U412,P15,purchase,2025-12-29 19:49:09
E367,U25,P23,purchase,2025-05-11 22:21:33
E368,U171,P9,wishlist,2025-04-29 06:44:11
E369,U758,P37,cart,2025-06-14 09:48:38
E370,U300,P42,purchase,2025-08-29 10:36:12
E371,U598,P35,view,2025-07-17 05:30:19
E372,U199,P49,wishlist,2025-07-13 19:37:58
E373,U64,P36,wishlist,2025-04-11 02:55:06
E374,U490,P22,view,2025-05-07 04:50:44
E375,U400,P12,view,2025-04-23 07:02:14
E376,U684,P45,cart,2026-01-30 04:12:13
E377,U758,P10,view,2025-11-13 13:35:07
E378,U939,P37,cart,2025-12-04 00:32:40
E379,U253,P5,wishlist,2025-06-18 19:11:33
E380,U162,P25,cart,2026-01-15 08:18:57
E381,U455,P48,purchase,2025-05-27 12:25:32
E382,U776,P23,purchase,2025-04-28 15:56:53
E383,U666,P32,cart,2025-05-27 22:30:37
E384,U324,P18,cart,2025-12-26 13:34:56
E385,U362,P6,wishlist,2025-09-27 23:33:12
E386,U440,P24,wishlist,2025-08-24 17:46:54
E387,U668,P19,wishlist,2026-02-17 20:56:16
E388,U367,P49,cart,2025-09-25 12:41:07
E389,U18,P21,cart,2026-01-08 11:00:38
E390,U570,P33,wishlist,2025-06-28 15:25:21
E391,U258,P35,purchase,2026-01-31 21:50:22
E392,U197,P44,purchase,2026-02-16 17:44:00
E393,U684,P41,purchase,2025-08-18 01:25:39
E394,U853,P34,view,2026-02-17 00:30:15
E395,U745,P18,wishlist,2026-03-02 08:39:19
E396,U580,P24,purchase,2026-01-15 23:47:58
E397,U442,P26,wishlist,2025-08-22 02:10:31
E398,U795,P38,wishlist,2026-03-08 11:25:32
E399,U698,P45,purchase,2026-02-01 08:57:56
E400,U809,P48,purchase,2025-12-17 22:16:35
E401,U557,P45,purchase,2025-04-19 15:55:58
E402,U263,P19,wishlist,2025-05-13 17:51:32
E403,U3,P34,cart,2025-10-12 16:55:49
E404,U442,P24,view,2025-06-25 09:20:51
E405,U1,P10,cart,2025-08-17 23:25:52
E406,U851,P32,view,2025-07-19 16:56:03
E407,U418,P23,view,2025-10-15 17:15:44
E408,U413,P37,wishlist,2025-09-28 04:24:50
E409,U229,P28,purchase,2026-02-28 03:05:00
E410,U813,P29,cart,2025-03-25 13:38:40
E411,U908,P4,purchase,2025-12-29 02:54:03
E412,U230,P48,wishlist,2025-07-16 19:19:19
E413,U920,P41,purchase,2026-01-01 06:32:03
E414,U445,P10,wishlist,2025-07-28 17:13:28
E415,U16,P47,purchase,2025-10-24 22:11:17
E416,U285,P46,view,2026-02-01 02:41:20
E417,U376,P40,cart,2025-09-15 14:28:35
E418,U904,P44,cart,2025-09-20 16:38:57
E419,U365,P25,wishlist,2025-06-08 03:26:12
E420,U333,P8,purchase,2025-11-21 01:52:25
E421,U746,P31,purchase,2025-12-10 13:41:55
E422,U450,P15,wishlist,2026-02-25 22:58:46
E423,U224,P30,wishlist,2026-02-12 15:09:15
E424,U690,P10,cart,2025-12-16 22:50:47
E425,U572,P40,wishlist,2025-10-31 07:06:56
E426,U799,P26,wishlist,2026-02-13 14:09:11
E427,U536,P1,purchase,2025-07-26 11:32:12
E428,U96,P35,wishlist,2025-12-30 08:08:28
E429,U790,P36,purchase,2025-09-17 18:32:04
E430,U45,P19,purchase,2026-02-03 16:03:43
E431,U529,P10,purchase,2025-12-23 03:00:39
E432,U644,P28,wishlist,2025-07-07 16:02:32
E433,U9,P8,wishlist,2025-06-08 03:35:46
E434,U410,P26,view,2025-06-07 05:51:19
E435,U276,P1,purchase,2025-10-14 21:32:44
E436,U135,P2,view,2026-02-05 04:10:16
E437,U531,P32,purchase,2025-12-06 17:15:12
E438,U53,P27,cart,2025-12-06 23:30:08
E439,U970,P42,view,2026-02-19 09:59:21
E440,U386,P9,view,2026-02-19 05:02:43
E441,U538,P48,wishlist,2025-12-15 01:05:16
E442,U837,P28,view,2026-03-06 00:17:25
E443,U228,P17,cart,2025-05-23 14:03:05
E444,U653,P16,view,2026-01-22 06:10:14
E445,U697,P37,view,2025-10-12 14:28:05
E446,U119,P18,purchase,2025-04-22 08:39:44
E447,U50,P23,purchase,2025-10-09 03:47:44
E448,U946,P33,wishlist,2025-07-28 10:14:47
E449,U611,P12,wishlist,2026-03-04 23:54:03
E450,U144,P45,purchase,2025-03-23 17:59:34
E451,U160,P2,view,2025-11-28 05:07:19
E452,U920,P43,purchase,2025-12-13 01:45:27
E453,U591,P23,view,2025-03-19 18:06:44
E454,U147,P24,view,2025-12-05 12:13:42
E455,U907,P42,view,2026-03-12 02:26:22
E456,U530,P5,view,2025-09-26 06:34:25
E457,U289,P18,wishlist,2025-06-02 17:35:53
E458,U565,P9,view,2025-10-29 22:42:55
E459,U462,P44,purchase,2025-10-30 05:07:08
E460,U949,P21,purchase,2025-03-24 22:47:59
E461,U463,P2,purchase,2026-01-08 00:21:23
E462,U935,P34,view,2025-04-18 10:17:25
E463,U140,P46,wishlist,2025-06-29 09:25:48
E464,U447,P28,purchase,2025-10-16 07:34:25
E465,U131,P17,wishlist,2025-10-24 17:38:43
E466,U100,P31,purchase,2025-12-11 20:27:56
E467,U349,P39,wishlist,2025-10-11 20:46:45
E468,U944,P24,cart,2025-08-24 07:49:29
E469,U448,P43,view,2025-11-06 01:43:23
E470,U501,P48,cart,2025-09-17 07:19:55
E471,U316,P9,wishlist,2025-03-21 04:09:31
E472,U991,P45,cart,2025-11-23 20:58:30
E473,U396,P47,view,2025-03-26 09:09:52
E474,U55,P40,wishlist,2025-11-07 11:53:22
E475,U159,P23,wishlist,2025-12-13 04:49:31
E476,U694,P16,purchase,2025-11-16 08:37:50
E477,U406,P21,cart,2025-05-13 20:13:56
E478,U678,P47,view,2025-10-19 05:09:48
E479,U953,P8,purchase,2025-03-18 04:22:10
E480,U655,P30,purchase,2026-02-13 02:57:40
E481,U779,P7,cart,2025-03-19 21:26:24
E482,U655,P34,cart,2025-10-22 16:57:26
E483,U850,P26,cart,2025-10-04 07:46:02
E484,U279,P10,view,2026-02-15 12:21:26
E485,U101,P47,cart,2025-04-15 09:51:21
E486,U270,P36,wishlist,2026-03-08 15:49:42
E487,U908,P24,cart,2025-03-31 17:51:09
E488,U64,P15,wishlist,2026-03-12 08:12:55
E489,U926,P10,purchase,2026-01-22 10:58:29
E490,U723,P10,wishlist,2026-02-26 12:38:14
E491,U252,P36,cart,2025-07-27 11:20:00
E492,U250,P28,view,2025-12-29 04:03:16
E493,U745,P48,cart,2025-12-26 16:56:52
E494,U334,P11,purchase,2025-12-25 01:15:30
E495,U384,P33,view,2025-07-08 19:46:10
E496,U86,P31,view,2025-05-25 08:49:05
E497,U473,P37,wishlist,2025-09-12 04:44:32
E498,U582,P44,wishlist,2026-01-08 14:55:51
E499,U574,P46,purchase,2025-04-19 17:46:05
E500,U140,P29,view,2026-01-13 17:19:22
E501,U185,P22,cart,2025-04-06 11:33:37
E502,U650,P13,view,2025-06-05 02:30:46
E503,U194,P27,view,2025-09-16 00:05:21
E504,U346,P20,view,2025-05-31 07:11:50
E505,U955,P49,view,2025-10-29 09:41:22
E506,U436,P33,view,2025-08-10 20:59:52
E507,U589,P25,wishlist,2026-01-04 15:27:42
E508,U663,P14,wishlist,2025-05-17 14:49:46
E509,U274,P41,view,2026-01-15 02:33:07
E510,U373,P23,cart,2026-01-16 13:52:05
E511,U245,P2,purchase,2025-07-23 12:11:28
E512,U490,P19,wishlist,2025-07-06 09:48:37
E513,U786,P7,purchase,2025-04-07 12:36:48
E514,U867,P49,purchase,2025-06-14 08:14:07
E515,U912,P43,purchase,2025-05-06 18:26:23
E516,U930,P22,cart,2025-11-23 13:55:13
E517,U962,P10,purchase,2025-07-18 00:06:46
E518,U976,P7,wishlist,2025-07-17 12:40:07
E519,U909,P3,purchase,2025-10-27 14:38:12
E520,U255,P42,wishlist,2025-09-08 01:14:55
E521,U327,P17,cart,2025-08-12 23:57:26
E522,U377,P1,wishlist,2025-07-25 02:15:34
E523,U279,P0,wishlist,2025-11-18 00:20:00
E524,U412,P4,view,2026-01-17 23:51:59
E525,U122,P7,wishlist,2025-05-04 17:02:09
E526,U766,P48,view,2025-12-23 02:25:07
E527,U835,P7,view,2025-11-26 08:01:25
E528,U358,P4,wishlist,2025-09-28 18:45:10
E529,U739,P24,wishlist,2025-04-26 18:46:34
E530,U460,P1,view,2025-09-28 13:55:45
E531,U330,P21,purchase,2025-11-07 18:18:39
E532,U500,P22,view,2025-11-21 10:13:16
E533,U919,P36,cart,2025-06-14 21:11:04
E534,U475,P33,view,2025-07-01 07:20:05
E535,U749,P33,view,2025-10-18 20:57:18
E536,U989,P15,cart,2025-04-20 07:04:29
E537,U793,P2,view,2025-07-07 11:18:25
E538,U394,P48,purchase,2025-05-05 16:31:34
E539,U717,P31,purchase,2025-12-14 19:37:35
E540,U222,P27,view,2025-07-18 16:11:53
E541,U424,P37,purchase,2025-09-20 08:00:44
E542,U442,P47,view,2025-12-21 04:21:16
E543,U743,P28,view,2026-01-08 09:36:29
E544,U52,P2,view,2025-10-01 02:45:29
E545,U629,P20,purchase,2026-02-25 08:33:39
E546,U198,P31,view,2025-06-23 11:10:04
E547,U998,P25,view,2025-04-10 20:58:22
E548,U784,P10,purchase,2025-07-19 07:25:50
E549,U514,P35,view,2025-12-02 06:25:18
E550,U388,P33,cart,2025-11-24 22:00:03
E551,U606,P48,purchase,2025-04-25 13:52:35
E552,U27,P18,view,2026-02-19 05:49:32
E553,U790,P9,purchase,2025-10-22 03:34:13
E554,U808,P3,wishlist,2026-01-01 00:51:23
E555,U586,P36,cart,2025-03-16 18:20:29
E556,U886,P22,view,2025-04-28 07:05:26
E557,U395,P8,wishlist,2025-04-01 15:42:31
E558,U44,P41,purchase,2025-10-28 21:51:26
E559,U481,P41,cart,2025-10-01 17:35:02
E560,U553,P40,wishlist,2025-10-17 02:17:33
E561,U905,P37,purchase,2025-08-31 14:16:37
E562,U364,P43,cart,2026-02-08 05:24:08
E563,U999,P1,wishlist,2025-04-03 08:58:50
E564,U888,P37,cart,2025-08-19 03:47:10
E565,U220,P48,wishlist,2025-11-22 16:51:55
E566,U641,P6,view,2025-09-17 20:45:50
E567,U116,P24,wishlist,2025-08-14 16:59:19
E568,U158,P34,cart,2026-01-09 17:13:35
E569,U87,P8,purchase,2025-11-06 07:04:01
E570,U715,P8,view,2025-09-26 00:49:24
E571,U178,P17,purchase,2026-02-16 16:33:25
E572,U731,P39,wishlist,2025-08-12 05:41:57
E573,U286,P15,cart,2025-09-24 06:27:36
E574,U369,P7,purchase,2026-01-21 01:39:31
E575,U940,P35,cart,2025-06-11 12:57:37
E576,U43,P39,wishlist,2025-08-27 20:34:15
E577,U492,P36,purchase,2025-12-01 05:12:25
E578,U251,P29,purchase,2025-05-24 05:55:11
E579,U439,P45,purchase,2026-02-09 10:03:15
E580,U782,P26,cart,2025-08-11 05:25:28
E581,U237,P16,wishlist,2025-05-04 14:05:57
E582,U808,P11,wishlist,2025-04-06 12:32:46
E583,U185,P21,cart,2026-02-02 04:58:13
E584,U390,P19,view,2025-07-25 18:36:24
E585,U177,P1,wishlist,2025-11-17 06:19:10
E586,U993,P39,view,2025-11-25 00:45:07
E587,U511,P10,wishlist,2025-10-10 16:13:55
E588,U417,P48,purchase,2025-11-22 07:08:22
E589,U734,P21,view,2025-03-30 20:46:40
E590,U48,P41,cart,2025-09-01 06:58:31
E591,U217,P28,purchase,2025-09-14 04:02:49
E592,U221,P9,wishlist,2025-06-04 05:39:23
E593,U141,P14,view,2025-12-12 03:13:39
E594,U302,P12,purchase,2026-02-22 00:27:51
E595,U944,P42,wishlist,2025-12-12 18:34:00
E596,U235,P2,view,2025-12-09 07:41:32
E597,U166,P12,wishlist,2026-03-06 04:18:55
E598,U992,P14,purchase,2025-10-25 11:49:52
E599,U962,P19,cart,2025-03-29 17:05:37
E600,U591,P2,wishlist,2025-04-19 20:00:19
E601,U336,P7,cart,2026-01-30 07:42:32
E602,U467,P6,purchase,2025-11-01 05:16:44
E603,U168,P16,view,2025-10-04 01:14:34
E604,U600,P0,wishlist,2026-02-27 16:16:11
E605,U382,P29,view,2026-02-03 02:20:56
E606,U461,P25,wishlist,2025-12-14 02:18:41
E607,U635,P40,wishlist,2026-01-28 16:46:43
E608,U556,P30,view,2025-09-24 11:19:12
E609,U253,P44,cart,2026-01-18 04:45:53
E610,U678,P27,wishlist,2026-03-13 11:25:11
E611,U30,P0,wishlist,2025-12-18 04:13:33
E612,U298,P29,view,2026-02-16 19:33:54
E613,U382,P31,cart,2025-09-30 20:48:20
E614,U452,P34,purchase,2025-09-14 11:25:31
E615,U950,P12,cart,2025-08-09 15:56:43
E616,U134,P3,purchase,2025-05-28 09:00:52
E617,U124,P24,wishlist,2025-06-22 20:57:03
E618,U655,P32,view,2025-08-21 06:25:09
E619,U999,P10,cart,2026-02-12 09:58:50
E620,U434,P18,view,2025-09-11 19:21:14
E621,U463,P46,wishlist,2025-03-26 15:13:47
E622,U973,P17,view,2025-07-01 12:48:47
E623,U519,P0,purchase,2025-08-13 09:26:10
E624,U309,P34,wishlist,2026-02-01 21:07:31
E625,U923,P20,wishlist,2025-12-22 13:12:55
E626,U522,P9,view,2026-03-11 09:28:16
E627,U269,P34,wishlist,2025-06-09 18:31:52
E628,U194,P1,wishlist,2026-02-13 16:51:26
E629,U407,P28,wishlist,2025-03-31 06:22:12
E630,U847,P48,purchase,2026-03-04 01:35:36
E631,U473,P13,purchase,2025-04-14 09:48:35
E632,U142,P48,wishlist,2025-04-22 06:31:15
E633,U209,P31,wishlist,2025-03-31 03:02:47
E634,U380,P29,cart,2026-01-30 01:36:54
E635,U906,P39,purchase,2025-12-13 20:32:49
E636,U582,P5,purchase,2025-12-06 22:02:59
E637,U51,P43,wishlist,2026-01-12 23:14:17
E638,U46,P31,cart,2025-11-13 15:05:34
E639,U154,P48,wishlist,2025-10-05 05:10:12
E640,U792,P3,purchase,2026-02-16 02:55:21
E641,U868,P3,purchase,2025-09-08 03:19:29
E642,U963,P4,view,2025-11-05 07:39:25
E643,U849,P35,view,2025-08-28 21:31:04
E644,U583,P17,purchase,2025-12-30 00:57:12
E645,U284,P44,cart,2026-02-06 01:37:08
E646,U711,P41,wishlist,2025-04-16 18:50:34
E647,U964,P22,view,2026-02-01 09:20:24
E648,U158,P5,wishlist,2025-06-25 05:56:57
E649,U493,P29,wishlist,2025-12-23 00:59:33
E650,U475,P28,wishlist,2025-11-03 10:32:30
E651,U217,P20,wishlist,2025-12-15 04:16:21
E652,U159,P34,cart,2025-12-15 08:43:41
E653,U226,P40,wishlist,2026-03-05 16:36:03
E654,U223,P37,cart,2026-01-12 11:21:49
E655,U307,P25,wishlist,2025-07-04 18:20:09
E656,U183,P34,purchase,2025-08-11 00:05:40
E657,U759,P3,wishlist,2025-07-28 09:28:55
E658,U997,P34,view,2025-12-03 07:25:16
E659,U367,P21,wishlist,2025-04-25 22:10:08
E660,U577,P43,purchase,2025-05-28 12:35:55
E661,U48,P18,cart,2025-05-06 12:13:51
E662,U525,P17,view,2025-08-07 05:41:37
E663,U208,P17,wishlist,2025-03-17 04:44:59
E664,U39,P33,wishlist,2026-01-20 12:37:15
E665,U657,P4,wishlist,2025-07-04 11:23:46
E666,U63,P34,wishlist,2025-05-03 15:06:27
E667,U518,P20,wishlist,2025-10-26 22:02:44
E668,U548,P38,wishlist,2025-06-06 16:50:21
E669,U974,P20,view,2025-03-20 21:47:43
E670,U329,P7,wishlist,2025-10-12 17:21:21
E671,U220,P7,purchase,2025-10-05 13:08:47
E672,U635,P39,wishlist,2025-08-03 01:59:02
E673,U728,P10,view,2025-06-13 02:35:41
E674,U138,P22,purchase,2025-04-24 08:33:45
E675,U129,P47,view,2026-02-26 10:41:13
E676,U825,P43,purchase,2026-03-11 02:22:19
E677,U709,P23,wishlist,2025-07-23 07:45:51
E678,U634,P22,view,2026-02-12 09:07:26
E679,U574,P47,view,2025-09-08 00:57:19
E680,U699,P29,view,2025-09-05 18:01:42
E681,U700,P32,purchase,2025-11-19 04:49:23
E682,U86,P2,view,2025-11-13 22:47:04
E683,U258,P39,cart,2026-02-13 23:34:57
E684,U692,P0,wishlist,2025-06-09 16:36:56
E685,U575,P13,cart,2025-03-25 02:45:10
E686,U611,P21,wishlist,2025-03-15 23:39:01
E687,U981,P20,cart,2025-03-29 00:01:09
E688,U685,P29,view,2025-12-16 22:52:35
E689,U955,P12,cart,2025-07-23 23:43:19
E690,U733,P17,cart,2025-08-25 18:37:53
E691,U927,P6,cart,2026-01-27 00:21:33
E692,U360,P2,purchase,2025-04-17 09:42:00
E693,U692,P43,wishlist,2025-06-24 19:11:30
E694,U388,P28,wishlist,2025-03-31 04:20:51
E695,U387,P24,view,2026-02-07 23:36:41
E696,U460,P1,wishlist,2025-10-26 02:05:58
E697,U379,P29,cart,2025-08-01 03:39:13
E698,U676,P10,wishlist,2026-02-17 15:28:49
E699,U259,P26,cart,2025-09-12 19:44:10
E700,U669,P31,purchase,2025-06-17 02:17:30
E701,U478,P30,purchase,2026-02-09 00:20:10
E702,U998,P8,purchase,2025-03-21 04:25:06
E703,U200,P33,cart,2025-12-15 08:51:38
E704,U922,P8,purchase,2025-09-19 14:33:26
E705,U861,P42,view,2025-07-18 03:22:48
E706,U164,P48,purchase,2025-12-26 08:27:54
E707,U733,P32,wishlist,2025-12-16 07:28:08
E708,U259,P40,purchase,2026-02-20 16:07:01
E709,U944,P3,view,2025-05-20 10:25:26
E710,U970,P33,purchase,2025-04-23 23:44:52
E711,U214,P29,cart,2025-08-05 10:23:11
E712,U230,P48,wishlist,2025-06-16 17:31:45
E713,U959,P9,cart,2025-05-15 05:22:23
E714,U878,P31,view,2026-02-15 12:18:36
E715,U868,P43,cart,2026-01-15 23:51:05
E716,U13,P0,wishlist,2025-08-03 12:14:33
E717,U693,P11,purchase,2026-01-15 06:28:18
E718,U82,P44,wishlist,2026-02-23 10:55:49
E719,U969,P33,purchase,2026-02-04 23:38:58
E720,U272,P31,view,2025-03-16 18:25:41
E721,U125,P15,purchase,2025-09-25 01:37:03
E722,U420,P16,wishlist,2025-09-28 07:52:26
E723,U65,P25,view,2025-06-06 10:14:55
E724,U81,P12,cart,2025-07-22 17:17:13
E725,U398,P14,wishlist,2025-05-26 00:05:00
E726,U155,P32,cart,2025-07-24 18:56:23
E727,U346,P24,view,2025-10-10 21:34:57
E728,U799,P13,purchase,2025-03-15 11:50:55
E729,U778,P41,view,2025-04-01 20:44:41
E730,U74,P24,purchase,2025-06-02 06:20:44
E731,U146,P4,cart,2025-05-07 23:54:01
E732,U4,P12,wishlist,2025-06-30 10:09:35
E733,U318,P14,cart,2025-12-05 06:54:02
E734,U852,P31,wishlist,2025-07-12 20:30:51
E735,U880,P8,view,2025-10-30 23:46:24
E736,U921,P42,wishlist,2025-06-15 10:30:27
E737,U692,P19,view,2025-09-23 04:50:43
E738,U185,P17,cart,2026-02-19 05:57:36
E739,U252,P1,wishlist,2025-09-13 09:25:47
E740,U666,P29,purchase,2025-11-15 17:25:21
E741,U270,P18,cart,2026-01-27 18:36:08
E742,U679,P25,purchase,2025-06-17 12:30:44
E743,U353,P47,wishlist,2025-08-04 00:48:19
E744,U309,P2,cart,2025-12-20 07:52:52
E745,U962,P23,purchase,2026-02-23 12:32:06
E746,U650,P20,wishlist,2025-08-11 23:25:51
E747,U892,P4,cart,2025-04-23 11:27:05
E748,U947,P24,view,2025-10-13 23:00:40
E749,U727,P36,purchase,2025-05-31 09:37:33
E750,U844,P8,wishlist,2025-09-10 09:47:51
E751,U518,P3,cart,2025-05-20 17:52:47
E752,U326,P11,wishlist,2025-03-23 14:31:54
E753,U432,P22,cart,2025-12-09 05:45:39
E754,U835,P36,purchase,2026-03-11 08:25:54
E755,U901,P43,purchase,2025-11-10 06:45:10
E756,U163,P29,cart,2025-03-15 23:03:30
E757,U409,P17,purchase,2025-05-26 00:26:01
E758,U252,P22,wishlist,2025-04-23 12:14:50
E759,U657,P18,view,2025-07-12 05:24:28
E760,U487,P34,purchase,2025-10-31 05:04:07
E761,U862,P34,wishlist,2025-05-24 13:30:56
E762,U440,P49,purchase,2025-03-30 09:36:21
E763,U970,P10,cart,2025-08-06 21:03:57
E764,U795,P39,wishlist,2025-05-15 14:15:18
E765,U385,P30,view,2025-06-21 05:57:55
E766,U346,P29,cart,2025-06-28 22:58:34
E767,U560,P47,wishlist,2026-02-01 13:29:57
E768,U653,P14,purchase,2025-09-22 18:47:22
E769,U590,P5,wishlist,2025-09-13 13:30:34
E770,U851,P30,view,2026-01-17 17:08:58
E771,U738,P16,view,2026-02-18 11:52:10
E772,U120,P31,wishlist,2025-04-05 19:35:32
E773,U30,P12,view,2025-08-20 07:54:58
E774,U623,P9,wishlist,2025-11-19 04:57:08
E775,U740,P7,purchase,2026-03-11 04:18:25
E776,U351,P18,purchase,2025-04-20 21:23:59
E777,U826,P48,purchase,2025-07-29 08:56:00
E778,U858,P18,cart,2025-10-11 06:19:28
E779,U285,P19,cart,2025-03-24 20:08:11
E780,U240,P37,view,2025-09-12 05:09:31
E781,U539,P44,cart,2025-05-05 15:17:23
E782,U296,P37,wishlist,2025-07-25 21:18:46
E783,U23,P6,cart,2025-12-04 05:47:38
E784,U235,P11,view,2025-11-23 01:03:45
E785,U523,P29,cart,2025-06-21 01:03:04
E786,U72,P16,view,2025-09-13 15:57:03
E787,U968,P49,purchase,2026-02-24 03:00:37
E788,U74,P42,cart,2025-09-12 20:40:47
E789,U188,P36,wishlist,2025-06-09 14:51:40
E790,U762,P10,view,2025-05-10 22:30:37
E791,U907,P21,purchase,2026-02-27 14:27:56
E792,U250,P28,wishlist,2026-01-03 01:29:10
E793,U682,P47,wishlist,2025-05-05 19:24:12
E794,U920,P25,cart,2025-04-17 20:49:53
E795,U839,P43,view,2025-04-28 02:12:57
E796,U755,P2,view,2025-07-22 00:12:11
E797,U447,P34,wishlist,2025-09-22 23:46:02
E798,U69,P1,cart,2025-08-14 19:10:36
E799,U814,P38,purchase,2025-10-13 20:37:44
E800,U535,P49,cart,2025-03-29 04:42:26
E801,U739,P11,cart,2025-10-05 14:37:28
E802,U809,P23,wishlist,2026-02-04 15:46:53
E803,U602,P9,purchase,2026-01-20 08:25:23
E804,U760,P2,cart,2025-06-06 04:51:21
E805,U905,P48,cart,2025-07-27 08:45:10
E806,U45,P14,purchase,2025-05-31 21:31:51
E807,U38,P42,wishlist,2025-11-22 14:38:04
E808,U320,P42,purchase,2025-11-23 03:38:19
E809,U270,P44,view,2025-12-23 14:24:01
E810,U334,P18,wishlist,2026-01-09 07:34:44
E811,U550,P42,wishlist,2025-09-24 08:26:20
E812,U227,P44,wishlist,2026-02-10 15:27:29
E813,U131,P49,purchase,2025-10-26 15:19:11
E814,U914,P3,cart,2025-05-12 19:18:58
E815,U512,P38,wishlist,2025-07-15 05:44:21
E816,U751,P4,view,2025-06-20 20:07:50
E817,U51,P17,cart,2025-11-14 11:48:11
E818,U993,P4,cart,2025-03-15 22:53:56
E819,U842,P25,purchase,2025-10-15 10:08:46
E820,U882,P16,cart,2025-08-07 16:12:49
E821,U69,P26,wishlist,2025-10-14 00:48:01
E822,U761,P41,purchase,2025-07-07 12:50:59
E823,U579,P16,purchase,2025-12-25 19:42:18
E824,U988,P18,wishlist,2025-06-14 01:43:06
E825,U401,P17,view,2025-09-07 03:15:53
E826,U110,P30,cart,2025-09-11 15:40:51
E827,U145,P34,cart,2025-06-23 20:18:09
E828,U824,P49,view,2025-11-01 04:40:28
E829,U974,P40,cart,2025-11-18 01:54:10
E830,U729,P44,cart,2025-08-05 12:13:27
E831,U74,P37,view,2025-10-25 09:46:22
E832,U265,P24,cart,2025-08-12 05:18:52
E833,U764,P42,view,2025-12-12 00:05:30
E834,U261,P17,cart,2025-07-22 08:36:00
E835,U67,P31,view,2025-08-22 12:37:54
E836,U64,P38,view,2026-01-27 13:28:04
E837,U972,P28,wishlist,2025-05-21 15:10:56
E838,U423,P28,purchase,2026-02-06 22:12:11
E839,U268,P17,cart,2025-03-18 13:36:28
E840,U39,P15,purchase,2025-06-18 20:30:08
E841,U493,P20,cart,2025-10-11 16:37:13
E842,U497,P24,wishlist,2025-11-03 23:21:49
E843,U491,P41,wishlist,2025-07-31 22:49:24
E844,U607,P5,cart,2025-12-12 17:02:47
E845,U780,P2,wishlist,2026-02-17 18:48:14
E846,U571,P7,cart,2025-10-06 04:21:54
E847,U954,P44,view,2025-08-10 06:57:36
E848,U995,P37,view,2026-02-18 04:05:51
E849,U44,P46,purchase,2025-04-11 05:50:10
E850,U334,P7,purchase,2025-12-26 14:56:34
E851,U60,P8,purchase,2025-04-14 22:56:23
E852,U951,P12,cart,2025-07-25 03:11:37
E853,U705,P47,wishlist,2025-03-25 07:16:17
E854,U353,P43,view,2025-10-20 16:56:04
E855,U844,P18,view,2025-10-22 22:24:29
E856,U38,P10,wishlist,2025-10-13 18:55:15
E857,U882,P45,cart,2025-12-13 18:07:49
E858,U660,P10,purchase,2026-01-31 21:44:34
E859,U502,P5,cart,2025-06-25 14:49:04
E860,U254,P17,view,2026-02-13 00:37:18
E861,U465,P2,purchase,2026-02-20 23:17:49
E862,U310,P21,purchase,2026-02-08 22:23:04
E863,U929,P45,cart,2025-05-11 09:46:56
E864,U966,P23,view,2026-03-15 09:02:43
E865,U466,P25,view,2025-07-21 10:05:25
E866,U360,P41,view,2025-10-18 03:48:55
E867,U893,P37,cart,2025-04-17 12:55:27
E868,U479,P49,wishlist,2026-03-08 06:02:52
E869,U732,P20,wishlist,2025-07-03 16:45:28
E870,U648,P23,cart,2025-07-30 21:58:08
E871,U199,P7,view,2025-11-11 23:39:05
E872,U388,P40,wishlist,2025-09-11 15:09:36
E873,U59,P42,wishlist,2025-06-21 01:59:16
E874,U158,P33,view,2025-03-26 13:59:12
E875,U869,P11,purchase,2025-07-24 15:24:53
E876,U337,P43,purchase,2025-06-03 16:59:54
E877,U120,P10,view,2026-01-06 21:37:51
E878,U453,P0,view,2025-03-28 12:41:47
E879,U853,P38,wishlist,2025-11-13 21:19:15
E880,U489,P28,wishlist,2026-01-27 16:11:23
E881,U715,P46,wishlist,2025-07-10 01:01:47
E882,U123,P9,cart,2025-09-19 02:01:06
E883,U306,P30,view,2026-01-20 15:44:00
E884,U51,P30,view,2025-07-26 19:50:34
E885,U862,P2,view,2025-12-13 20:07:55
E886,U464,P18,wishlist,2025-09-20 08:13:47
E887,U437,P37,purchase,2025-06-17 10:25:34
E888,U822,P26,purchase,2025-10-10 04:42:54
E889,U184,P40,purchase,2025-08-30 19:14:46
E890,U771,P33,view,2025-07-25 08:05:11
E891,U178,P33,view,2026-01-11 00:26:16
E892,U303,P8,cart,2025-11-12 01:02:07
E893,U386,P37,cart,2026-02-15 21:48:10
E894,U973,P23,view,2025-10-19 03:23:24
E895,U776,P35,purchase,2025-10-17 16:46:24
E896,U883,P14,wishlist,2025-10-23 09:22:36
E897,U518,P42,purchase,2025-08-05 00:42:34
E898,U226,P11,purchase,2025-03-31 13:41:48
E899,U651,P8,wishlist,2025-10-10 03:24:08
E900,U9,P1,cart,2025-08-27 22:13:58
E901,U10,P25,purchase,2025-06-16 08:13:56
E902,U485,P20,purchase,2025-03-16 23:31:48
E903,U765,P46,purchase,2025-09-27 01:15:40
E904,U446,P42,cart,2025-09-01 19:35:37
E905,U320,P48,wishlist,2025-11-29 18:41:48
E906,U43,P10,purchase,2025-11-12 14:07:46
E907,U652,P8,view,2025-07-12 02:46:14
E908,U846,P6,purchase,2025-05-15 01:36:27
E909,U140,P39,view,2025-09-24 04:19:53
E910,U280,P23,purchase,2025-12-22 14:40:20
E911,U276,P0,purchase,2025-08-26 21:06:04
E912,U284,P26,purchase,2025-04-17 00:17:57
E913,U408,P2,view,2025-04-01 22:33:50
E914,U132,P35,cart,2025-04-18 06:54:17
E915,U702,P22,wishlist,2025-04-03 05:16:48
E916,U319,P43,view,2025-07-24 06:51:55
E917,U399,P25,view,2025-04-29 05:20:54
E918,U655,P42,wishlist,2025-11-04 02:36:40
E919,U824,P1,purchase,2025-05-02 03:58:04
E920,U373,P31,wishlist,2025-11-07 14:58:47
E921,U728,P43,view,2025-04-02 13:39:22
E922,U919,P18,purchase,2026-02-26 06:30:50
E923,U297,P28,wishlist,2025-06-18 11:13:16
E924,U548,P38,cart,2025-06-02 13:37:32
E925,U952,P8,view,2025-12-21 15:26:29
E926,U161,P13,cart,2025-11-06 03:25:20
E927,U552,P1,wishlist,2025-04-09 21:07:05
E928,U94,P21,cart,2025-10-16 20:59:19
E929,U422,P34,purchase,2026-03-08 03:28:54
E930,U313,P3,cart,2025-06-10 10:13:19
E931,U987,P8,view,2025-03-25 13:34:50
E932,U634,P1,purchase,2026-02-05 21:15:00
E933,U122,P47,view,2025-07-16 19:58:54
E934,U400,P15,cart,2026-01-24 20:05:12
E935,U145,P16,cart,2025-10-15 03:06:33
E936,U750,P7,purchase,2026-02-28 07:46:29
E937,U73,P30,purchase,2025-10-17 06:15:36
E938,U121,P48,cart,2026-02-27 00:03:44
E939,U332,P34,cart,2025-07-14 02:34:36
E940,U504,P34,wishlist,2026-01-11 00:52:38
E941,U99,P23,purchase,2026-01-22 22:51:16
E942,U474,P4,view,2026-01-30 02:59:21
E943,U454,P18,wishlist,2025-05-10 23:20:42
E944,U609,P35,purchase,2025-06-04 16:29:55
E945,U979,P15,wishlist,2026-01-26 05:48:24
E946,U889,P19,purchase,2025-07-08 10:45:07
E947,U128,P25,wishlist,2025-11-16 08:10:41
E948,U398,P27,wishlist,2025-03-25 20:07:18
E949,U139,P14,wishlist,2025-12-13 08:40:12
E950,U598,P24,cart,2025-10-31 11:51:27
E951,U26,P3,cart,2025-10-14 03:31:13
E952,U965,P49,view,2025-06-27 15:16:05
E953,U955,P36,cart,2025-08-28 10:51:48
E954,U904,P14,view,2025-12-16 12:21:58
E955,U539,P42,view,2025-07-02 08:09:53
E956,U889,P39,wishlist,2025-04-29 17:37:45
E957,U329,P45,purchase,2025-09-17 15:36:11
E958,U239,P43,view,2026-01-01 23:10:17
E959,U695,P31,cart,2025-07-10 13:33:37
E960,U715,P15,view,2025-11-24 07:08:59
E961,U33,P26,cart,2025-08-23 19:52:47
E962,U807,P1,purchase,2025-10-22 03:43:17
E963,U804,P49,wishlist,2025-05-19 03:31:01
E964,U350,P2,purchase,2025-06-28 15:25:44
E965,U104,P12,cart,2025-07-25 21:22:31
E966,U462,P23,wishlist,2025-04-21 23:18:23
E967,U903,P23,wishlist,2025-07-30 03:24:40
E968,U952,P31,purchase,2026-01-25 11:27:13
E969,U992,P33,purchase,2025-11-25 06:44:59
E970,U434,P28,cart,2025-07-12 14:37:16
E971,U485,P10,purchase,2025-10-08 22:14:25
E972,U674,P32,wishlist,2025-06-05 15:49:23
E973,U492,P9,purchase,2025-11-15 16:22:52
E974,U10,P38,purchase,2025-07-20 09:20:38
E975,U940,P9,cart,2025-04-10 16:30:34
E976,U263,P41,cart,2025-09-15 05:36:15
E977,U352,P33,view,2026-03-03 07:55:40
E978,U288,P18,purchase,2025-08-22 17:14:27
E979,U984,P14,cart,2025-05-18 08:02:13
E980,U714,P16,cart,2025-06-20 06:24:53
E981,U986,P32,view,2025-05-02 00:49:13
E982,U945,P41,purchase,2025-08-01 14:31:55
E983,U494,P21,wishlist,2025-05-23 04:07:16
E984,U201,P13,view,2026-02-04 15:51:20
E985,U940,P39,wishlist,2025-04-26 06:24:03
E986,U389,P48,view,2025-06-09 15:10:30
E987,U741,P3,cart,2025-03-20 11:31:01
E988,U371,P11,view,2025-09-10 09:23:24
E989,U370,P44,cart,2026-02-08 20:17:02
E990,U136,P41,cart,2025-04-23 15:27:18
E991,U721,P36,wishlist,2025-11-04 10:23:37
E992,U922,P33,view,2025-06-01 05:05:48
E993,U542,P39,view,2026-02-07 08:22:01
E994,U514,P49,cart,2025-08-31 22:42:32
E995,U437,P15,purchase,2025-04-28 15:13:40
E996,U283,P25,view,2026-01-13 02:00:14
E997,U274,P18,wishlist,2025-04-15 23:00:46
E998,U821,P19,wishlist,2025-12-20 18:03:39
E999,U367,P30,purchase,2025-09-24 09:14:46
E1000,U815,P8,cart,2025-07-21 15:47:14
E1001,U457,P0,cart,2025-12-07 00:45:04
E1002,U487,P18,wishlist,2025-04-05 01:08:23
E1003,U852,P35,purchase,2025-06-02 08:05:09
E1004,U914,P1,purchase,2025-09-09 06:44:21
E1005,U940,P42,view,2025-09-28 02:27:27
E1006,U512,P43,view,2025-04-27 03:21:47
E1007,U947,P23,wishlist,2025-12-09 08:33:23
E1008,U605,P7,wishlist,2026-02-15 01:21:41
E1009,U691,P14,wishlist,2025-09-19 11:11:00
E1010,U409,P18,purchase,2025-09-10 17:38:33
E1011,U104,P31,purchase,2025-06-01 10:31:25
E1012,U459,P10,cart,2025-03-24 07:28:25
E1013,U233,P8,cart,2026-01-31 14:00:27
E1014,U953,P31,purchase,2025-03-25 15:31:44
E1015,U971,P2,wishlist,2025-03-16 00:02:34
E1016,U955,P48,cart,2025-11-30 19:19:44
E1017,U970,P38,cart,2026-03-11 12:08:43
E1018,U777,P43,wishlist,2025-05-02 02:18:42
E1019,U605,P28,purchase,2025-09-17 17:59:17
E1020,U921,P10,cart,2025-06-09 21:47:06
E1021,U879,P43,view,2025-04-25 15:19:15
E1022,U514,P22,purchase,2025-06-03 04:20:20
E1023,U311,P32,purchase,2025-04-01 12:56:30
E1024,U98,P30,purchase,2026-01-21 15:17:45
E1025,U303,P6,purchase,2025-08-31 19:11:38
E1026,U588,P27,view,2025-07-31 13:45:39
E1027,U793,P25,purchase,2025-10-26 10:35:07
E1028,U331,P29,wishlist,2025-04-05 06:17:16
E1029,U343,P26,wishlist,2025-11-05 21:43:34
E1030,U129,P27,purchase,2025-04-26 15:09:58
E1031,U927,P11,view,2025-06-30 14:41:08
E1032,U860,P21,purchase,2026-01-17 03:04:35
E1033,U360,P6,view,2025-03-18 06:02:08
E1034,U142,P2,purchase,2025-12-13 04:00:19
E1035,U331,P29,view,2025-11-04 08:41:32
E1036,U859,P35,purchase,2025-11-17 12:48:37
E1037,U808,P18,cart,2025-10-27 03:38:41
E1038,U465,P10,wishlist,2026-02-28 17:46:13
E1039,U523,P47,purchase,2025-04-10 08:40:29
E1040,U951,P45,cart,2025-04-21 13:38:57
E1041,U510,P31,purchase,2025-11-13 02:47:01
E1042,U422,P47,purchase,2025-09-30 09:18:22
E1043,U839,P12,cart,2025-05-24 12:44:26
E1044,U359,P28,view,2025-08-26 22:35:43
E1045,U985,P25,view,2025-06-01 07:12:08
E1046,U942,P8,purchase,2025-03-27 03:37:57
E1047,U53,P27,purchase,2025-03-24 07:06:03
E1048,U306,P17,purchase,2025-03-31 23:56:40
E1049,U762,P23,cart,2025-07-04 18:43:59
E1050,U166,P14,cart,2025-09-08 13:35:55
E1051,U306,P34,view,2026-02-21 03:52:35
E1052,U341,P12,wishlist,2025-11-04 02:01:28
E1053,U63,P49,purchase,2025-11-03 19:58:55
E1054,U150,P33,purchase,2025-05-01 00:07:54
E1055,U35,P23,purchase,2026-01-20 03:04:20
E1056,U791,P39,cart,2025-04-28 18:02:42
E1057,U555,P26,purchase,2025-08-08 12:00:40
E1058,U185,P3,view,2025-06-30 20:12:27
E1059,U1,P21,wishlist,2025-11-25 11:26:37
E1060,U650,P3,wishlist,2025-07-20 01:23:19
E1061,U521,P21,view,2025-12-11 01:04:29
E1062,U271,P12,purchase,2025-06-20 11:05:28
E1063,U523,P7,wishlist,2025-12-10 21:04:19
E1064,U675,P45,purchase,2025-08-10 12:06:07
E1065,U3,P13,view,2025-10-02 10:45:07
E1066,U768,P24,wishlist,2026-02-17 19:15:34
E1067,U293,P42,view,2025-12-29 11:13:21
E1068,U693,P29,view,2025-03-28 02:17:26
E1069,U267,P26,wishlist,2025-10-12 16:42:43
E1070,U529,P10,view,2025-06-13 02:20:08
E1071,U534,P3,cart,2026-02-03 00:47:26
E1072,U7,P41,cart,2025-11-18 05:53:41
E1073,U22,P28,purchase,2025-04-16 05:57:12
E1074,U360,P23,view,2025-12-29 03:17:30
E1075,U235,P26,wishlist,2025-08-21 06:53:12
E1076,U390,P9,purchase,2025-12-15 12:04:17
E1077,U580,P11,wishlist,2025-12-03 22:25:56
E1078,U866,P36,wishlist,2026-01-29 09:10:09
E1079,U294,P49,view,2025-09-13 16:58:19
E1080,U441,P14,view,2025-08-29 20:46:19
E1081,U374,P43,purchase,2025-07-07 13:27:46
E1082,U336,P25,wishlist,2025-08-12 14:39:04
E1083,U778,P9,cart,2025-09-03 19:52:03
E1084,U875,P3,cart,2025-06-01 07:48:11
E1085,U484,P12,wishlist,2026-02-17 06:19:04
E1086,U310,P12,cart,2026-01-08 18:44:32
E1087,U69,P16,purchase,2025-10-15 07:14:29
E1088,U32,P45,view,2025-12-09 23:50:13
E1089,U579,P29,cart,2025-12-25 02:20:30
E1090,U449,P9,wishlist,2025-09-20 13:49:07
E1091,U521,P0,wishlist,2025-10-11 08:24:06
E1092,U189,P44,view,2026-01-08 11:21:09
E1093,U863,P30,purchase,2025-05-10 04:16:07
E1094,U605,P30,purchase,2025-08-23 15:24:12
E1095,U819,P49,view,2026-01-17 10:49:11
E1096,U297,P33,cart,2025-06-16 23:24:53
E1097,U503,P47,cart,2025-11-29 19:00:49
E1098,U334,P16,purchase,2025-12-18 02:02:37
E1099,U420,P27,cart,2025-04-08 01:34:01
E1100,U882,P31,cart,2025-08-26 22:54:11
E1101,U409,P25,view,2025-09-12 14:51:31
E1102,U347,P23,cart,2026-02-13 07:37:37
E1103,U53,P43,purchase,2025-03-31 15:24:30
E1104,U817,P42,cart,2025-04-27 09:36:28
E1105,U843,P19,wishlist,2025-09-09 05:30:56
E1106,U110,P36,wishlist,2025-10-06 08:16:18
E1107,U899,P22,cart,2025-11-03 00:23:31
E1108,U6,P10,purchase,2025-04-18 18:40:26
E1109,U228,P6,wishlist,2025-03-17 02:04:21
E1110,U223,P15,cart,2025-09-25 00:34:08
E1111,U790,P25,view,2025-07-14 20:15:30
E1112,U753,P21,cart,2025-07-06 23:37:10
E1113,U725,P28,purchase,2025-12-06 00:07:51
E1114,U419,P42,purchase,2025-03-27 04:17:32
E1115,U540,P28,wishlist,2025-10-31 09:14:12
E1116,U804,P10,cart,2025-06-29 02:29:21
E1117,U218,P0,view,2025-06-02 13:13:37
E1118,U122,P14,wishlist,2025-04-01 02:58:18
E1119,U669,P11,view,2025-04-29 10:45:55
E1120,U405,P38,wishlist,2025-04-05 04:28:33
E1121,U960,P42,view,2025-07-14 18:53:01
E1122,U491,P11,view,2026-02-23 00:01:36
E1123,U252,P8,wishlist,2026-01-12 13:27:34
E1124,U934,P41,view,2026-02-05 16:58:36
E1125,U611,P22,purchase,2025-09-16 01:19:14
E1126,U708,P36,wishlist,2026-01-07 08:50:14
E1127,U484,P31,purchase,2025-10-28 12:06:20
E1128,U286,P20,purchase,2025-04-01 14:12:08
E1129,U299,P24,purchase,2025-10-16 18:04:56
E1130,U825,P7,purchase,2025-05-08 23:01:56
E1131,U226,P46,cart,2025-08-08 15:19:47
E1132,U962,P9,wishlist,2025-03-27 11:51:34
E1133,U484,P21,wishlist,2025-11-23 20:09:27
E1134,U67,P26,cart,2025-04-07 19:25:31
E1135,U117,P36,wishlist,2026-03-10 20:21:56
E1136,U965,P41,purchase,2026-03-13 00:46:21
E1137,U297,P38,cart,2025-05-16 14:06:09
E1138,U167,P8,purchase,2025-11-20 06:34:19
E1139,U630,P46,purchase,2025-07-03 22:45:17
E1140,U369,P5,cart,2025-07-28 01:57:52
E1141,U525,P6,cart,2025-10-24 04:44:41
E1142,U291,P44,cart,2026-01-04 07:27:36
E1143,U559,P47,wishlist,2025-05-20 07:35:22
E1144,U98,P49,cart,2026-01-09 11:59:59
E1145,U49,P37,cart,2025-07-01 01:04:39
E1146,U901,P13,purchase,2025-05-26 01:06:33
E1147,U544,P31,cart,2025-08-10 07:32:26
E1148,U755,P32,wishlist,2025-06-23 21:45:25
E1149,U296,P45,view,2025-06-09 19:05:44
E1150,U68,P39,cart,2025-10-05 14:45:08
E1151,U890,P25,view,2025-12-12 01:27:59
E1152,U653,P4,wishlist,2025-07-11 14:48:15
E1153,U542,P11,purchase,2025-05-02 02:59:18
E1154,U934,P49,wishlist,2025-09-11 21:11:56
E1155,U597,P26,cart,2025-12-15 06:04:09
E1156,U790,P21,view,2025-04-05 01:47:01
E1157,U210,P46,wishlist,2025-03-27 16:53:38
E1158,U92,P21,cart,2025-09-16 11:07:53
E1159,U572,P5,cart,2025-06-01 02:45:55
E1160,U306,P8,wishlist,2025-06-14 23:47:41
E1161,U750,P10,wishlist,2025-08-10 02:02:11
E1162,U603,P11,purchase,2025-11-11 11:44:32
E1163,U175,P49,wishlist,2025-09-17 08:30:22
E1164,U618,P35,purchase,2025-06-10 10:03:54
E1165,U225,P30,cart,2025-11-26 03:23:12
E1166,U128,P27,wishlist,2025-05-17 10:25:26
E1167,U874,P2,wishlist,2025-08-18 03:13:34
E1168,U998,P36,wishlist,2025-05-18 23:25:57
E1169,U1,P2,wishlist,2025-04-09 15:18:13
E1170,U261,P15,cart,2025-05-12 21:08:18
E1171,U202,P30,purchase,2025-07-26 23:54:20
E1172,U847,P25,view,2025-03-30 18:47:52
E1173,U995,P23,cart,2025-11-04 04:02:06
E1174,U305,P48,view,2025-09-04 12:16:58
E1175,U600,P12,purchase,2025-12-08 10:34:33
E1176,U505,P38,purchase,2026-02-15 16:56:15
E1177,U693,P6,cart,2025-06-30 04:40:19
E1178,U527,P12,wishlist,2025-09-29 21:00:44
E1179,U324,P24,wishlist,2026-03-13 18:19:02
E1180,U941,P37,cart,2026-02-18 02:24:50
E1181,U22,P8,purchase,2025-09-26 10:10:54
E1182,U935,P28,purchase,2026-01-08 04:43:35
E1183,U882,P0,cart,2025-03-24 00:18:08
E1184,U855,P16,wishlist,2026-02-19 23:29:24
E1185,U432,P30,view,2025-04-29 02:27:54
E1186,U384,P4,purchase,2025-09-15 12:50:46
E1187,U547,P20,cart,2025-03-29 06:57:37
E1188,U736,P12,view,2025-06-18 15:44:56
E1189,U43,P44,cart,2026-03-10 10:32:39
E1190,U743,P3,purchase,2025-04-17 18:38:38
E1191,U940,P20,wishlist,2025-06-09 02:40:35
E1192,U676,P11,purchase,2025-09-28 13:35:45
E1193,U402,P25,purchase,2026-02-11 13:37:06
E1194,U8,P31,cart,2025-07-09 05:59:01
E1195,U302,P19,purchase,2026-03-08 03:58:18
E1196,U998,P2,cart,2025-08-19 11:30:35
E1197,U389,P0,purchase,2026-03-01 20:47:39
E1198,U380,P26,cart,2025-11-11 00:54:36
E1199,U819,P34,wishlist,2025-04-24 23:04:41
E1200,U59,P29,wishlist,2025-06-11 03:00:24
E1201,U459,P38,purchase,2025-12-09 16:26:36
E1202,U821,P8,view,2025-07-21 01:13:33
E1203,U267,P42,cart,2025-12-19 17:49:26
E1204,U968,P33,purchase,2026-01-28 20:52:00
E1205,U414,P22,cart,2025-07-09 23:24:12
E1206,U97,P23,wishlist,2025-10-06 06:00:27
E1207,U168,P42,wishlist,2025-10-30 12:52:15
E1208,U801,P31,purchase,2026-02-09 20:20:32
E1209,U865,P14,purchase,2025-10-25 02:54:13
E1210,U633,P21,cart,2025-07-15 05:10:37
E1211,U113,P28,wishlist,2025-08-31 19:03:21
E1212,U898,P41,wishlist,2025-08-18 03:58:36
E1213,U197,P30,purchase,2026-03-06 23:56:14
E1214,U754,P41,cart,2025-04-22 23:47:58
E1215,U100,P12,purchase,2025-07-04 13:30:10
E1216,U389,P1,wishlist,2025-09-05 12:42:34
E1217,U662,P48,wishlist,2025-08-15 00:42:27
E1218,U907,P45,wishlist,2025-04-05 11:26:39
E1219,U578,P46,purchase,2025-08-22 10:20:11
E1220,U699,P18,cart,2026-01-24 21:23:29
E1221,U411,P32,purchase,2025-11-22 15:45:04
E1222,U737,P0,cart,2025-10-03 22:24:46
E1223,U800,P5,purchase,2025-07-02 19:05:46
E1224,U17,P44,purchase,2025-03-19 00:36:31
E1225,U611,P26,view,2026-01-05 01:00:45
E1226,U453,P16,wishlist,2026-01-31 09:02:10
E1227,U745,P27,purchase,2025-12-20 09:27:28
E1228,U26,P43,purchase,2025-06-21 09:59:18
E1229,U420,P5,purchase,2025-05-23 01:49:54
E1230,U468,P30,cart,2025-12-09 04:02:54
E1231,U547,P15,view,2026-01-11 06:42:24
E1232,U18,P32,view,2025-03-31 03:40:47
E1233,U511,P24,cart,2026-02-12 13:33:56
E1234,U428,P20,wishlist,2025-04-29 04:53:41
E1235,U381,P28,wishlist,2026-01-01 11:49:50
E1236,U343,P37,cart,2026-02-09 16:06:01
E1237,U692,P5,cart,2025-09-12 23:10:03
E1238,U248,P2,purchase,2026-02-12 22:54:36
E1239,U776,P30,purchase,2026-02-12 23:58:54
E1240,U647,P4,view,2026-01-16 17:35:59
E1241,U980,P37,cart,2026-01-07 02:46:28
E1242,U284,P41,cart,2025-07-01 06:08:55
E1243,U600,P6,wishlist,2026-03-14 06:06:47
E1244,U926,P40,wishlist,2025-05-15 16:09:36
E1245,U466,P42,cart,2025-06-25 14:51:34
E1246,U492,P35,purchase,2025-05-19 05:41:03
E1247,U202,P48,wishlist,2025-03-21 01:02:30
E1248,U859,P13,cart,2025-10-20 11:01:06
E1249,U386,P47,purchase,2025-05-08 15:53:29
E1250,U63,P20,wishlist,2025-12-26 10:55:22
E1251,U216,P47,wishlist,2025-09-06 03:27:13
E1252,U37,P20,purchase,2025-10-11 05:40:40
E1253,U333,P27,view,2026-02-03 15:35:43
E1254,U529,P13,cart,2025-10-10 16:12:28
E1255,U954,P37,purchase,2025-11-25 21:02:01
E1256,U959,P41,purchase,2025-04-25 18:36:56
E1257,U652,P26,purchase,2025-04-12 23:12:22
E1258,U732,P19,cart,2026-02-20 11:16:48
E1259,U83,P49,purchase,2025-07-09 01:06:31
E1260,U521,P23,wishlist,2025-08-09 09:05:27
E1261,U451,P44,wishlist,2025-07-12 09:17:27
E1262,U56,P5,wishlist,2025-10-28 13:09:02
E1263,U450,P44,view,2025-04-01 00:22:19
E1264,U307,P42,view,2025-08-27 04:25:02
E1265,U873,P6,view,2025-10-20 05:00:06
E1266,U618,P28,wishlist,2025-12-14 07:17:21
E1267,U439,P31,cart,2025-08-28 11:05:44
E1268,U170,P34,view,2026-01-04 09:14:30
E1269,U866,P30,cart,2025-09-27 09:17:49
E1270,U933,P22,cart,2025-10-17 05:22:40
E1271,U484,P27,wishlist,2025-08-10 04:39:12
E1272,U478,P31,cart,2026-01-05 00:39:50
E1273,U289,P22,wishlist,2025-12-21 21:31:01
E1274,U674,P28,cart,2025-10-27 18:55:24
E1275,U127,P40,view,2025-06-03 20:17:36
E1276,U673,P8,cart,2026-03-07 10:08:28
E1277,U881,P4,wishlist,2025-08-12 14:02:16
E1278,U137,P27,wishlist,2025-07-12 08:42:18
E1279,U510,P27,purchase,2025-03-24 00:42:54
E1280,U692,P14,purchase,2026-03-11 15:34:43
E1281,U86,P35,cart,2025-06-16 13:28:11
E1282,U636,P25,wishlist,2025-12-15 21:54:49
E1283,U114,P43,view,2025-05-04 18:19:40
E1284,U429,P18,purchase,2025-09-23 16:13:58
E1285,U63,P39,wishlist,2025-10-01 03:59:04
E1286,U966,P6,view,2025-10-05 06:44:28
E1287,U891,P43,wishlist,2025-06-22 12:07:05
E1288,U998,P10,cart,2026-01-24 10:23:53
E1289,U472,P46,purchase,2025-06-22 17:22:58
E1290,U30,P44,view,2026-02-20 15:02:26
E1291,U775,P8,cart,2025-09-16 07:46:27
E1292,U458,P11,purchase,2025-04-10 13:50:35
E1293,U871,P1,wishlist,2025-07-05 12:23:10
E1294,U644,P43,cart,2025-12-01 14:52:46
E1295,U549,P38,purchase,2025-07-10 16:12:16
E1296,U498,P1,purchase,2025-11-04 16:06:18
E1297,U557,P14,wishlist,2025-10-31 10:21:37
E1298,U538,P48,view,2026-01-18 23:16:31
E1299,U383,P20,cart,2026-03-04 14:55:24
E1300,U88,P3,cart,2025-07-04 02:55:27
E1301,U628,P17,purchase,2025-06-17 06:34:21
E1302,U470,P19,cart,2025-04-18 18:46:12
E1303,U838,P25,cart,2025-12-24 17:54:54
E1304,U844,P33,cart,2025-09-09 01:23:19
E1305,U96,P1,view,2026-01-29 13:12:58
E1306,U928,P37,cart,2026-01-30 22:25:03
E1307,U239,P17,cart,2025-05-04 21:35:15
E1308,U722,P5,view,2025-05-28 15:46:20
E1309,U442,P49,wishlist,2025-12-21 16:16:27
E1310,U588,P34,cart,2025-11-16 21:18:59
E1311,U268,P43,wishlist,2025-11-10 10:12:42
E1312,U122,P44,purchase,2025-09-04 17:45:43
E1313,U531,P4,view,2025-08-08 22:57:43
E1314,U310,P36,wishlist,2025-08-11 11:01:15
E1315,U84,P20,cart,2025-09-28 16:03:10
E1316,U421,P36,purchase,2025-09-01 07:40:11
E1317,U547,P12,purchase,2025-12-11 05:22:36
E1318,U541,P34,cart,2025-08-24 03:33:12
E1319,U113,P3,purchase,2026-01-23 08:26:25
E1320,U763,P0,view,2025-04-20 09:48:30
E1321,U872,P21,wishlist,2025-12-12 20:55:30
E1322,U147,P24,view,2025-09-30 08:44:28
E1323,U260,P32,purchase,2025-05-27 20:47:40
E1324,U706,P30,wishlist,2025-11-01 00:07:36
E1325,U524,P20,purchase,2025-12-19 19:42:28
E1326,U333,P35,cart,2025-10-18 11:28:04
E1327,U523,P48,cart,2025-03-26 03:15:26
E1328,U761,P30,cart,2026-01-20 20:22:19
E1329,U72,P46,view,2025-12-07 04:32:45
E1330,U860,P45,cart,2025-05-04 20:33:18
E1331,U745,P42,wishlist,2025-11-10 14:36:42
E1332,U996,P32,cart,2026-03-11 07:03:10
E1333,U524,P39,purchase,2026-02-16 08:44:59
E1334,U155,P46,view,2026-02-05 22:25:24
E1335,U844,P19,purchase,2026-02-17 09:41:41
E1336,U652,P45,view,2026-02-17 10:20:24
E1337,U720,P32,wishlist,2026-02-18 00:41:31
E1338,U870,P26,purchase,2025-05-25 07:41:44
E1339,U786,P9,cart,2025-05-12 17:37:35
E1340,U165,P27,view,2025-12-11 15:49:43
E1341,U216,P11,purchase,2025-08-25 10:18:54
E1342,U421,P47,cart,2025-08-18 19:23:51
E1343,U750,P14,wishlist,2025-08-02 13:51:56
E1344,U538,P6,cart,2026-01-31 19:45:47
E1345,U943,P27,cart,2026-02-06 10:11:16
E1346,U225,P29,view,2025-12-19 03:42:26
E1347,U462,P16,purchase,2025-07-28 16:01:24
E1348,U220,P14,wishlist,2026-02-02 20:07:10
E1349,U268,P21,cart,2025-12-14 19:06:59
E1350,U157,P6,purchase,2025-12-18 08:52:56
E1351,U12,P2,cart,2025-08-15 06:08:53
E1352,U74,P47,view,2025-09-07 03:29:34
E1353,U423,P4,view,2025-04-16 13:10:20
E1354,U202,P14,wishlist,2025-07-13 16:45:18
E1355,U505,P1,wishlist,2025-10-16 10:41:56
E1356,U298,P16,wishlist,2025-09-23 20:51:03
E1357,U84,P46,wishlist,2025-08-15 01:01:52
E1358,U572,P36,view,2025-12-13 10:36:50
E1359,U449,P13,wishlist,2025-09-11 22:09:35
E1360,U633,P22,purchase,2026-02-05 22:40:15
E1361,U141,P46,wishlist,2025-11-19 18:12:23
E1362,U98,P3,wishlist,2025-06-10 06:04:43
E1363,U29,P17,wishlist,2025-05-01 23:20:16
E1364,U330,P43,wishlist,2025-09-09 08:55:10
E1365,U85,P1,view,2025-11-19 14:30:38
E1366,U776,P14,view,2025-10-21 11:43:53
E1367,U599,P1,wishlist,2025-11-09 02:11:29
E1368,U207,P10,wishlist,2026-01-17 11:25:03
E1369,U868,P8,view,2026-03-04 02:26:37
E1370,U12,P45,purchase,2025-03-29 12:28:09
E1371,U359,P19,view,2025-08-05 08:17:22
E1372,U833,P40,wishlist,2025-12-30 08:58:36
E1373,U270,P45,purchase,2025-03-22 21:23:02
E1374,U125,P38,view,2025-07-28 01:12:19
E1375,U917,P40,purchase,2025-12-30 04:04:18
E1376,U308,P32,view,2025-06-13 13:33:34
E1377,U206,P44,cart,2026-01-15 22:33:19
E1378,U954,P28,view,2026-01-04 13:27:20
E1379,U715,P32,purchase,2025-09-23 18:10:10
E1380,U194,P44,view,2025-06-12 00:06:38
E1381,U230,P10,purchase,2025-06-10 01:38:53
E1382,U846,P34,purchase,2025-10-07 14:11:46
E1383,U23,P28,cart,2025-04-27 17:58:15
E1384,U933,P2,purchase,2026-02-13 10:32:00
E1385,U263,P46,view,2025-06-18 14:41:13
E1386,U518,P32,purchase,2025-09-20 23:20:25
E1387,U372,P38,view,2026-02-18 22:53:01
E1388,U726,P29,purchase,2025-07-02 05:55:31
E1389,U991,P42,view,2026-01-14 20:57:51
E1390,U723,P35,purchase,2025-11-18 05:44:11
E1391,U771,P17,wishlist,2025-11-27 06:23:43
E1392,U775,P1,cart,2025-09-17 10:48:25
E1393,U141,P43,purchase,2025-11-13 16:11:46
E1394,U500,P43,purchase,2025-12-19 10:42:39
E1395,U361,P47,purchase,2025-06-15 00:02:35
E1396,U885,P6,cart,2025-03-18 20:42:37
E1397,U695,P10,cart,2025-04-11 23:38:14
E1398,U691,P44,purchase,2025-09-05 13:43:29
E1399,U983,P37,purchase,2025-07-16 22:16:09
E1400,U314,P17,view,2026-01-07 13:33:00
E1401,U701,P47,purchase,2025-10-14 12:34:01
E1402,U969,P30,wishlist,2025-11-01 10:19:16
E1403,U764,P42,purchase,2025-12-15 03:06:58
E1404,U280,P13,view,2026-02-20 10:30:14
E1405,U834,P6,view,2025-10-16 19:36:51
E1406,U159,P21,view,2025-12-25 17:39:44
E1407,U160,P23,cart,2025-03-26 00:56:58
E1408,U721,P1,wishlist,2025-06-08 18:29:37
E1409,U640,P2,wishlist,2026-01-24 02:54:27
E1410,U213,P44,cart,2025-11-29 00:49:05
E1411,U557,P25,view,2025-12-03 05:14:23
E1412,U199,P31,wishlist,2025-07-03 02:45:51
E1413,U10,P25,view,2025-10-10 21:34:47
E1414,U290,P4,wishlist,2025-03-31 05:55:59
E1415,U619,P39,wishlist,2025-06-02 04:49:56
E1416,U528,P7,purchase,2025-05-26 01:01:34
E1417,U342,P44,view,2025-07-16 13:57:04
E1418,U527,P39,cart,2025-09-28 14:07:57
E1419,U449,P3,cart,2026-01-10 22:25:01
E1420,U400,P30,wishlist,2026-01-18 10:34:17
E1421,U709,P29,wishlist,2026-01-07 23:34:42
E1422,U907,P27,cart,2025-09-20 04:33:22
E1423,U760,P15,cart,2025-08-02 15:54:16
E1424,U745,P11,cart,2025-09-25 14:37:11
E1425,U359,P7,view,2025-05-27 11:07:43
E1426,U292,P37,cart,2025-12-01 07:56:20
E1427,U757,P39,purchase,2025-09-22 09:35:42
E1428,U412,P11,cart,2025-08-25 20:43:15
E1429,U796,P31,view,2025-11-25 18:09:14
E1430,U254,P23,wishlist,2025-09-12 11:36:06
E1431,U964,P25,wishlist,2025-04-08 04:58:28
E1432,U332,P3,view,2025-12-16 09:36:21
E1433,U644,P30,cart,2025-11-04 00:43:26
E1434,U876,P13,view,2025-11-06 11:52:30
E1435,U714,P3,purchase,2025-10-22 15:40:53
E1436,U390,P4,cart,2025-05-15 17:39:16
E1437,U336,P18,cart,2025-10-13 16:59:34
E1438,U353,P14,cart,2025-11-29 18:33:44
E1439,U294,P4,cart,2025-05-27 04:42:11
E1440,U629,P0,purchase,2026-01-26 06:27:18
E1441,U351,P10,view,2025-08-25 10:40:10
E1442,U203,P39,view,2025-03-15 21:43:07
E1443,U682,P34,cart,2025-06-25 05:25:53
E1444,U942,P2,view,2025-05-22 00:08:37
E1445,U581,P43,view,2025-07-08 17:41:28
E1446,U126,P39,wishlist,2025-10-17 17:43:49
E1447,U174,P45,purchase,2025-06-25 13:32:46
E1448,U738,P47,view,2025-09-18 12:07:55
E1449,U528,P12,cart,2025-07-19 04:21:28
E1450,U457,P24,cart,2025-03-26 08:08:00
E1451,U438,P32,view,2025-12-12 13:07:04
E1452,U490,P17,wishlist,2026-01-09 13:20:12
E1453,U835,P18,view,2026-01-16 03:53:04
E1454,U288,P49,cart,2025-11-04 02:33:41
E1455,U619,P13,view,2025-11-22 16:01:33
E1456,U613,P37,purchase,2025-07-31 23:22:38
E1457,U563,P37,view,2025-10-26 12:01:31
E1458,U182,P38,purchase,2025-04-18 06:45:15
E1459,U44,P12,wishlist,2026-02-24 02:38:56
E1460,U163,P24,cart,2025-10-28 15:29:03
E1461,U213,P2,view,2025-09-06 09:25:36
E1462,U111,P16,cart,2025-05-07 17:21:56
E1463,U228,P16,wishlist,2025-05-06 11:01:29
E1464,U458,P7,cart,2026-01-19 04:42:54
E1465,U90,P34,purchase,2026-03-10 11:50:21
E1466,U580,P10,wishlist,2025-06-17 20:37:12
E1467,U622,P41,wishlist,2025-06-08 02:44:25
E1468,U364,P36,view,2025-12-24 15:14:30
E1469,U908,P32,wishlist,2025-04-10 10:25:01
E1470,U504,P17,cart,2025-07-04 09:34:11
E1471,U630,P39,cart,2025-08-11 22:13:13
E1472,U854,P6,wishlist,2025-07-27 05:35:40
E1473,U356,P12,wishlist,2025-05-15 14:04:37
E1474,U360,P1,view,2025-09-20 14:27:12
E1475,U936,P43,cart,2026-02-21 08:21:04
E1476,U662,P34,purchase,2025-11-09 13:43:20
E1477,U694,P38,wishlist,2025-10-18 13:27:43
E1478,U470,P49,purchase,2025-05-22 12:17:03
E1479,U322,P46,wishlist,2025-04-16 02:32:10
E1480,U21,P20,purchase,2025-12-29 08:44:53
E1481,U613,P4,view,2025-08-01 05:33:54
E1482,U893,P20,cart,2025-07-07 05:00:17
E1483,U173,P45,cart,2025-05-16 15:51:56
E1484,U281,P14,wishlist,2026-02-14 20:08:55
E1485,U514,P24,cart,2026-01-01 08:58:17
E1486,U941,P0,wishlist,2025-04-29 04:55:57
E1487,U464,P4,purchase,2025-04-11 14:51:35
E1488,U872,P13,wishlist,2025-10-23 03:57:49
E1489,U18,P43,purchase,2025-12-31 13:41:48
E1490,U895,P14,wishlist,2025-11-30 20:35:39
E1491,U976,P7,view,2026-02-20 14:23:40
E1492,U565,P23,view,2025-10-27 20:55:55
E1493,U78,P40,view,2025-09-03 06:01:01
E1494,U705,P7,view,2025-08-13 11:41:38
E1495,U820,P37,wishlist,2025-05-12 05:51:34
E1496,U277,P36,purchase,2025-10-20 01:41:33
E1497,U934,P13,view,2025-10-21 03:13:52
E1498,U35,P49,cart,2025-11-26 23:00:08
E1499,U537,P25,purchase,2025-12-10 19:37:55
E1500,U785,P37,wishlist,2025-05-12 23:20:17
E1501,U126,P5,view,2025-11-25 09:29:55
E1502,U123,P14,cart,2025-08-13 16:09:16
E1503,U120,P9,purchase,2025-07-22 19:11:11
E1504,U493,P7,purchase,2025-04-12 06:21:40
E1505,U262,P31,purchase,2026-02-27 02:05:46
E1506,U618,P14,purchase,2025-06-02 01:25:33
E1507,U198,P23,cart,2026-02-10 04:07:32
E1508,U120,P7,purchase,2025-09-13 23:49:24
E1509,U993,P6,cart,2025-09-26 02:53:22
E1510,U787,P22,wishlist,2025-07-19 21:50:36
E1511,U741,P7,wishlist,2025-06-01 22:54:19
E1512,U662,P39,view,2026-01-06 12:18:50
E1513,U863,P45,purchase,2025-07-05 03:14:41
E1514,U326,P45,purchase,2026-02-21 14:02:08
E1515,U796,P31,wishlist,2025-11-17 11:37:45
E1516,U45,P24,cart,2026-02-26 06:19:52
E1517,U542,P20,wishlist,2026-03-02 09:33:49
E1518,U554,P32,view,2025-09-15 07:36:30
E1519,U466,P45,wishlist,2025-07-03 06:34:34
E1520,U716,P40,cart,2025-10-12 21:25:19
E1521,U180,P24,purchase,2025-08-17 12:50:49
E1522,U107,P26,purchase,2026-03-05 04:38:13
E1523,U714,P0,cart,2025-03-18 15:46:41
E1524,U855,P23,purchase,2025-04-17 19:31:53
E1525,U968,P40,cart,2025-07-02 23:33:16
E1526,U895,P20,purchase,2026-01-07 15:54:05
E1527,U662,P19,view,2026-02-03 11:21:44
E1528,U285,P20,wishlist,2025-05-14 04:54:31
E1529,U161,P17,cart,2025-05-02 11:33:09
E1530,U568,P17,purchase,2025-12-25 16:06:07
E1531,U763,P46,cart,2025-06-08 15:10:40
E1532,U428,P32,wishlist,2025-04-29 09:20:26
E1533,U593,P11,cart,2025-11-14 14:40:48
E1534,U318,P4,cart,2025-06-06 04:08:08
E1535,U416,P17,purchase,2025-12-02 04:28:48
E1536,U501,P1,wishlist,2025-11-13 13:34:31
E1537,U223,P0,cart,2025-11-21 04:32:22
E1538,U422,P42,wishlist,2026-03-11 10:06:54
E1539,U627,P16,view,2025-11-09 08:33:28
E1540,U450,P21,cart,2025-04-07 06:49:34
E1541,U264,P4,cart,2025-11-27 09:33:22
E1542,U998,P32,view,2025-10-29 11:06:31
E1543,U190,P19,wishlist,2025-09-21 01:09:16
E1544,U772,P14,wishlist,2025-04-26 12:33:07
E1545,U159,P44,cart,2025-11-23 14:24:43
E1546,U463,P47,wishlist,2025-08-25 01:55:22
E1547,U687,P0,view,2025-09-27 22:50:28
E1548,U335,P11,wishlist,2025-08-03 06:14:32
E1549,U725,P37,view,2025-04-14 01:17:21
E1550,U358,P9,purchase,2026-01-27 15:29:30
E1551,U849,P17,wishlist,2025-12-09 06:19:50
E1552,U101,P25,purchase,2025-12-16 02:12:15
E1553,U403,P1,purchase,2025-10-04 13:06:11
E1554,U816,P28,view,2025-05-07 14:24:15
E1555,U236,P35,view,2025-12-27 22:03:08
E1556,U28,P0,purchase,2025-10-30 21:10:01
E1557,U115,P17,view,2025-10-21 05:15:41
E1558,U392,P17,purchase,2025-11-24 01:44:59
E1559,U476,P1,view,2026-01-03 13:54:25
E1560,U870,P12,wishlist,2025-11-16 20:26:12
E1561,U299,P6,view,2025-09-01 11:30:44
E1562,U436,P19,cart,2025-10-01 01:48:18
E1563,U334,P12,wishlist,2025-12-22 04:53:11
E1564,U432,P45,cart,2026-01-12 11:48:15
E1565,U716,P39,purchase,2025-09-09 04:10:51
E1566,U895,P27,wishlist,2025-05-13 16:17:11
E1567,U312,P23,view,2025-04-27 07:34:16
E1568,U939,P33,purchase,2025-11-29 14:22:07
E1569,U374,P19,wishlist,2025-07-31 23:23:37
E1570,U550,P9,purchase,2025-08-31 01:25:06
E1571,U368,P17,purchase,2026-01-12 22:23:26
E1572,U693,P34,purchase,2025-07-31 10:12:52
E1573,U945,P3,wishlist,2025-04-04 17:36:07
E1574,U242,P40,cart,2025-08-23 08:18:28
E1575,U271,P1,purchase,2025-09-11 09:43:23
E1576,U812,P14,wishlist,2025-07-04 12:13:36
E1577,U385,P15,view,2026-03-13 14:24:43
E1578,U819,P24,view,2026-02-09 04:10:08
E1579,U717,P19,wishlist,2025-06-26 10:42:18
E1580,U23,P24,wishlist,2026-03-11 14:20:24
E1581,U266,P45,view,2025-10-14 11:29:38
E1582,U707,P31,cart,2025-12-21 09:20:00
E1583,U636,P6,wishlist,2025-07-22 07:43:14
E1584,U611,P41,purchase,2025-11-22 01:16:18
E1585,U426,P7,cart,2025-08-06 18:26:15
E1586,U697,P29,view,2025-06-17 21:48:07
E1587,U31,P14,view,2025-10-31 12:12:26
E1588,U897,P39,cart,2025-05-23 03:29:27
E1589,U123,P20,cart,2025-09-09 15:56:20
E1590,U665,P30,wishlist,2025-10-06 02:00:03
E1591,U6,P36,purchase,2025-08-10 03:57:40
E1592,U183,P15,wishlist,2025-06-27 09:02:00
E1593,U815,P30,wishlist,2025-04-13 07:01:52
E1594,U915,P30,view,2025-06-16 06:37:31
E1595,U887,P15,purchase,2025-09-29 15:42:44
E1596,U156,P0,view,2025-08-02 21:27:11
E1597,U445,P41,cart,2025-12-10 20:11:36
E1598,U639,P27,purchase,2025-08-03 23:02:20
E1599,U43,P44,purchase,2025-11-07 04:48:47
E1600,U457,P35,cart,2025-08-25 08:40:13
E1601,U631,P18,purchase,2025-05-22 20:53:06
E1602,U746,P29,view,2025-03-16 03:08:38
E1603,U686,P31,purchase,2025-03-16 03:19:04
E1604,U554,P22,wishlist,2025-09-02 11:37:54
E1605,U859,P0,wishlist,2026-01-24 00:26:10
E1606,U885,P38,view,2025-05-16 10:01:59
E1607,U402,P11,view,2025-07-13 09:23:59
E1608,U724,P24,view,2026-02-01 16:45:34
E1609,U658,P43,wishlist,2025-09-05 21:20:48
E1610,U918,P34,cart,2025-11-13 16:01:50
E1611,U331,P36,purchase,2025-09-01 03:33:38
E1612,U904,P33,cart,2025-04-17 16:18:18
E1613,U335,P36,purchase,2026-03-03 10:47:17
E1614,U825,P21,purchase,2025-09-27 04:49:49
E1615,U600,P26,wishlist,2025-08-02 02:22:23
E1616,U819,P38,cart,2025-12-03 22:17:44
E1617,U852,P2,purchase,2025-05-21 21:03:42
E1618,U601,P36,cart,2025-10-16 06:17:42
E1619,U922,P26,view,2026-02-21 17:21:36
E1620,U284,P3,view,2025-05-04 15:00:01
E1621,U608,P14,view,2025-12-18 02:50:18
E1622,U4,P10,purchase,2025-11-02 19:51:52
E1623,U309,P39,cart,2025-10-23 05:06:30
E1624,U292,P43,cart,2025-09-23 06:17:08
E1625,U285,P8,wishlist,2025-07-11 13:12:07
E1626,U625,P40,cart,2025-05-16 21:36:55
E1627,U1,P37,purchase,2025-12-17 09:44:51
E1628,U622,P34,purchase,2025-05-09 17:28:02
E1629,U446,P31,purchase,2025-04-26 22:14:11
E1630,U994,P42,view,2026-01-13 22:41:56
E1631,U700,P0,wishlist,2026-03-02 20:11:15
E1632,U392,P39,wishlist,2026-01-06 12:46:03
E1633,U636,P25,view,2026-02-08 00:26:30
E1634,U408,P31,view,2026-02-21 17:58:11
E1635,U32,P10,cart,2025-09-23 10:00:53
E1636,U166,P25,view,2025-06-22 01:44:12
E1637,U583,P28,view,2025-07-26 16:59:38
E1638,U509,P38,wishlist,2025-05-02 11:20:40
E1639,U964,P30,view,2025-12-09 17:51:43
E1640,U455,P46,cart,2025-12-28 18:35:09
E1641,U677,P6,cart,2026-01-19 20:21:54
E1642,U907,P37,wishlist,2025-10-07 16:58:58
E1643,U297,P19,purchase,2025-04-05 22:28:37
E1644,U438,P5,cart,2026-01-02 21:21:48
E1645,U698,P13,cart,2025-03-31 18:57:10
E1646,U728,P28,purchase,2025-09-22 03:26:29
E1647,U326,P25,cart,2025-04-02 13:12:44
E1648,U795,P32,wishlist,2025-09-08 11:30:10
E1649,U888,P24,wishlist,2026-01-20 05:20:25
E1650,U476,P37,wishlist,2025-09-01 08:54:55
E1651,U460,P24,wishlist,2025-03-30 11:56:25
E1652,U406,P18,wishlist,2025-07-14 09:09:51
E1653,U105,P7,wishlist,2025-07-06 15:41:57
E1654,U947,P33,wishlist,2025-04-16 10:04:17
E1655,U101,P31,purchase,2025-12-08 18:40:06
E1656,U866,P7,cart,2025-09-02 19:31:19
E1657,U930,P32,purchase,2026-03-11 19:32:20
E1658,U184,P7,wishlist,2025-06-29 10:06:16
E1659,U721,P37,wishlist,2025-04-16 09:23:49
E1660,U703,P40,view,2025-12-27 13:14:37
E1661,U179,P37,wishlist,2025-08-30 00:20:26
E1662,U310,P7,view,2025-07-07 22:33:56
E1663,U181,P5,cart,2025-09-23 15:22:57
E1664,U333,P12,purchase,2025-09-13 15:29:53
E1665,U972,P34,cart,2026-01-13 14:06:06
E1666,U910,P5,cart,2025-07-20 06:47:16
E1667,U22,P25,wishlist,2025-08-01 06:05:01
E1668,U985,P42,cart,2026-01-21 04:16:38
E1669,U393,P46,purchase,2025-09-10 19:37:39
E1670,U744,P11,purchase,2025-11-14 12:20:34
E1671,U153,P33,wishlist,2026-03-02 20:47:35
E1672,U594,P16,view,2025-04-24 17:48:30
E1673,U3,P13,purchase,2025-09-15 10:36:05
E1674,U766,P42,wishlist,2025-09-12 08:18:47
E1675,U733,P46,cart,2025-05-31 06:46:47
E1676,U962,P18,purchase,2025-08-24 18:16:10
E1677,U5,P4,cart,2026-01-20 21:16:58
E1678,U466,P25,view,2025-11-29 21:49:47
E1679,U35,P30,view,2025-12-19 23:49:25
E1680,U116,P45,wishlist,2025-05-08 12:28:41
E1681,U480,P20,cart,2025-09-22 23:21:34
E1682,U861,P4,view,2025-12-01 13:40:50
E1683,U500,P16,wishlist,2025-10-02 23:03:35
E1684,U347,P26,wishlist,2025-04-19 19:11:28
E1685,U696,P44,cart,2026-03-13 17:14:11
E1686,U635,P45,purchase,2025-11-13 00:50:17
E1687,U240,P24,cart,2025-06-26 23:43:30
E1688,U331,P21,cart,2026-03-13 18:01:44
E1689,U515,P22,purchase,2026-03-05 05:10:41
E1690,U322,P32,purchase,2025-05-03 17:00:38
E1691,U86,P37,cart,2025-08-06 11:24:44
E1692,U759,P5,cart,2025-12-30 04:38:32
E1693,U483,P48,cart,2025-04-17 18:21:06
E1694,U348,P41,view,2025-05-28 02:44:09
E1695,U629,P6,purchase,2025-04-24 22:19:03
E1696,U254,P7,cart,2025-04-07 02:19:06
E1697,U367,P33,wishlist,2025-11-07 18:58:03
E1698,U265,P31,purchase,2025-06-14 21:43:19
E1699,U367,P39,view,2025-12-17 06:28:56
E1700,U377,P37,purchase,2025-06-06 06:31:44
E1701,U685,P41,wishlist,2025-03-20 15:51:45
E1702,U842,P32,wishlist,2025-04-30 07:41:30
E1703,U765,P1,view,2025-09-16 23:07:57
E1704,U711,P1,purchase,2025-03-27 13:01:50
E1705,U246,P49,view,2025-12-27 00:49:41
E1706,U877,P10,view,2025-11-21 19:02:06
E1707,U456,P44,cart,2026-01-26 09:22:03
E1708,U489,P20,purchase,2025-08-30 06:28:51
E1709,U439,P0,wishlist,2026-03-14 19:35:00
E1710,U828,P28,purchase,2025-03-25 03:53:49
E1711,U786,P1,wishlist,2025-05-28 14:44:18
E1712,U933,P8,purchase,2025-10-27 02:46:01
E1713,U504,P10,purchase,2026-02-19 04:43:26
E1714,U579,P41,purchase,2025-05-09 04:28:16
E1715,U237,P39,cart,2025-09-07 06:09:20
E1716,U545,P33,wishlist,2025-06-24 00:44:07
E1717,U441,P4,purchase,2025-11-14 21:51:49
E1718,U718,P27,cart,2026-02-02 12:31:51
E1719,U343,P43,view,2025-03-24 20:27:01
E1720,U53,P26,wishlist,2025-12-15 09:25:35
E1721,U78,P44,cart,2025-03-31 09:56:36
E1722,U613,P11,view,2025-07-24 01:11:07
E1723,U554,P37,purchase,2025-09-29 15:27:04
E1724,U412,P38,purchase,2026-03-01 09:33:50
E1725,U173,P8,wishlist,2025-07-30 10:37:43
E1726,U495,P45,wishlist,2026-02-06 05:26:06
E1727,U865,P4,cart,2025-08-19 17:49:16
E1728,U812,P11,cart,2025-07-27 18:02:43
E1729,U671,P6,purchase,2026-02-04 11:54:37
E1730,U117,P21,view,2025-11-21 22:23:54
E1731,U808,P7,purchase,2025-11-06 23:13:01
E1732,U682,P1,purchase,2025-07-20 00:01:25
E1733,U581,P23,cart,2025-10-09 00:40:13
E1734,U375,P11,wishlist,2026-02-11 18:03:39
E1735,U763,P48,view,2025-09-17 21:59:01
E1736,U892,P2,wishlist,2025-12-16 10:42:02
E1737,U212,P7,purchase,2026-02-17 08:53:50
E1738,U459,P3,view,2025-04-04 21:18:08
E1739,U894,P41,purchase,2025-06-30 02:47:27
E1740,U593,P24,view,2025-05-06 05:17:01
E1741,U413,P6,wishlist,2025-05-21 17:40:14
E1742,U985,P39,purchase,2025-11-06 05:13:34
E1743,U699,P17,purchase,2025-04-05 03:18:15
E1744,U613,P10,cart,2025-10-30 23:27:13
E1745,U139,P36,wishlist,2025-03-26 06:56:05
E1746,U275,P38,wishlist,2025-03-27 00:36:00
E1747,U539,P41,wishlist,2025-07-07 21:10:56
E1748,U105,P10,view,2025-05-11 05:48:59
E1749,U263,P2,cart,2026-03-12 05:37:18
E1750,U689,P41,purchase,2026-01-19 16:49:57
E1751,U418,P44,wishlist,2025-06-30 18:46:58
E1752,U777,P19,cart,2025-03-27 18:10:26
E1753,U790,P14,cart,2025-04-23 10:51:13
E1754,U475,P12,cart,2026-03-09 01:25:38
E1755,U318,P27,view,2025-11-05 00:31:43
E1756,U887,P44,cart,2025-12-12 18:19:00
E1757,U206,P1,cart,2025-04-29 17:42:45
E1758,U534,P16,view,2025-04-03 20:10:18
E1759,U294,P21,cart,2026-01-06 00:29:22
E1760,U716,P14,cart,2026-01-19 00:56:14
E1761,U472,P43,view,2025-04-06 23:14:22
E1762,U746,P6,view,2025-07-18 05:52:04
E1763,U954,P25,view,2025-11-04 03:10:08
E1764,U119,P24,cart,2025-05-21 17:40:48
E1765,U993,P49,purchase,2025-03-22 12:38:39
E1766,U506,P8,wishlist,2025-06-09 22:56:37
E1767,U747,P18,wishlist,2026-02-04 00:08:04
E1768,U293,P9,purchase,2025-10-27 16:48:24
E1769,U847,P26,wishlist,2025-07-25 10:53:23
E1770,U697,P45,purchase,2025-10-04 12:53:56
E1771,U945,P34,purchase,2026-02-06 04:00:57
E1772,U239,P0,view,2025-09-24 08:47:52
E1773,U727,P41,wishlist,2025-07-28 12:51:04
E1774,U820,P14,view,2025-09-05 05:07:22
E1775,U786,P36,purchase,2025-05-10 00:21:06
E1776,U100,P34,purchase,2025-08-12 05:23:48
E1777,U585,P16,wishlist,2026-02-19 05:39:48
E1778,U63,P35,purchase,2025-08-09 20:54:03
E1779,U324,P28,cart,2025-08-16 14:42:59
E1780,U617,P41,purchase,2025-08-16 00:07:29
E1781,U749,P5,view,2025-08-24 05:17:45
E1782,U421,P9,wishlist,2026-02-23 19:44:13
E1783,U403,P43,cart,2025-10-04 10:19:47
E1784,U606,P36,view,2025-11-09 23:30:47
E1785,U767,P40,wishlist,2025-04-04 22:28:40
E1786,U67,P47,view,2025-07-10 19:56:02
E1787,U873,P21,view,2025-10-28 18:24:17
E1788,U656,P24,purchase,2025-09-02 00:09:04
E1789,U11,P46,view,2025-06-06 19:49:39
E1790,U743,P8,wishlist,2025-04-21 22:42:20
E1791,U109,P10,wishlist,2025-08-03 18:05:33
E1792,U44,P10,cart,2025-07-29 15:52:47
E1793,U224,P44,purchase,2025-03-15 09:03:40
E1794,U605,P29,wishlist,2025-12-27 10:45:47
E1795,U438,P3,cart,2025-06-20 17:42:06
E1796,U598,P11,purchase,2025-08-23 09:06:21
E1797,U389,P25,cart,2025-10-31 16:59:55
E1798,U912,P39,purchase,2025-04-05 09:43:54
E1799,U738,P39,cart,2025-07-30 22:32:59
E1800,U71,P32,purchase,2025-07-12 03:47:42
E1801,U27,P1,wishlist,2026-02-28 19:59:44
E1802,U784,P40,wishlist,2025-06-10 02:45:47
E1803,U911,P24,cart,2026-03-07 22:20:05
E1804,U221,P29,purchase,2025-06-30 23:05:33
E1805,U172,P38,view,2025-11-02 00:20:22
E1806,U714,P30,view,2025-10-23 14:38:34
E1807,U438,P22,wishlist,2026-01-12 01:59:19
E1808,U755,P39,cart,2025-08-30 16:17:30
E1809,U234,P9,purchase,2025-11-01 01:54:43
E1810,U626,P0,wishlist,2025-11-03 11:12:47
E1811,U746,P6,wishlist,2026-01-20 05:54:17
E1812,U578,P3,purchase,2025-06-02 21:52:39
E1813,U521,P0,wishlist,2025-08-25 17:36:38
E1814,U837,P1,purchase,2025-03-25 03:56:06
E1815,U921,P10,wishlist,2025-04-30 14:12:41
E1816,U969,P41,cart,2025-12-23 16:47:46
E1817,U901,P41,cart,2025-04-02 05:45:38
E1818,U133,P41,view,2026-01-30 23:39:46
E1819,U8,P36,wishlist,2025-10-06 15:57:11
E1820,U122,P33,wishlist,2025-05-08 18:04:18
E1821,U688,P34,wishlist,2025-12-23 08:04:40
E1822,U102,P7,wishlist,2025-03-25 15:48:54
E1823,U596,P9,wishlist,2025-07-12 10:07:33
E1824,U369,P35,cart,2025-11-24 17:39:18
E1825,U155,P14,purchase,2025-08-10 00:14:55
E1826,U940,P10,wishlist,2025-06-12 19:07:01
E1827,U70,P7,cart,2025-04-04 13:06:23
E1828,U980,P30,view,2025-07-28 07:02:43
E1829,U227,P35,view,2025-08-13 19:42:10
E1830,U167,P15,wishlist,2026-03-01 20:33:57
E1831,U549,P5,view,2025-10-11 19:31:37
E1832,U699,P46,cart,2025-11-10 20:08:16
E1833,U164,P17,cart,2025-05-24 19:58:23
E1834,U859,P34,wishlist,2026-02-01 16:16:33
E1835,U239,P48,wishlist,2025-07-20 13:35:31
E1836,U288,P32,cart,2025-05-28 07:54:41
E1837,U686,P48,wishlist,2026-03-07 15:43:51
E1838,U780,P39,wishlist,2025-05-08 16:16:53
E1839,U322,P38,purchase,2025-11-22 04:43:59
E1840,U167,P24,wishlist,2025-03-25 09:14:58
E1841,U240,P16,cart,2026-01-13 04:20:57
E1842,U170,P38,wishlist,2025-07-13 21:59:48
E1843,U114,P26,view,2026-02-26 08:28:47
E1844,U700,P20,cart,2025-05-02 15:04:57
E1845,U625,P45,view,2025-04-08 00:29:02
E1846,U946,P45,view,2026-01-27 23:34:51
E1847,U883,P19,cart,2026-03-03 09:44:05
E1848,U99,P8,wishlist,2025-06-03 03:16:53
E1849,U638,P47,cart,2026-01-25 07:27:09
E1850,U535,P19,purchase,2026-02-28 03:19:02
E1851,U944,P11,view,2025-08-07 14:32:47
E1852,U244,P31,cart,2025-11-18 14:41:45
E1853,U722,P33,purchase,2025-05-03 07:44:54
E1854,U208,P47,cart,2025-04-22 19:34:53
E1855,U553,P27,wishlist,2026-01-13 09:16:58
E1856,U999,P43,cart,2025-08-14 22:27:37
E1857,U717,P27,view,2025-07-25 23:26:37
E1858,U277,P13,view,2025-11-22 22:46:11
E1859,U268,P27,purchase,2025-08-04 06:25:06
E1860,U391,P41,cart,2025-06-13 23:01:36
E1861,U768,P35,view,2026-02-27 04:59:52
E1862,U264,P16,purchase,2025-06-20 18:22:40
E1863,U981,P3,wishlist,2025-10-15 18:35:15
E1864,U68,P17,wishlist,2026-01-19 16:04:00
E1865,U659,P21,wishlist,2025-07-06 10:20:35
E1866,U940,P3,wishlist,2026-02-18 13:49:49
E1867,U939,P3,cart,2025-08-07 07:23:36
E1868,U866,P33,wishlist,2025-08-28 23:43:49
E1869,U273,P40,wishlist,2025-04-16 17:17:06
E1870,U646,P25,view,2025-11-10 10:42:20
E1871,U727,P6,wishlist,2025-10-02 08:38:17
E1872,U878,P7,wishlist,2025-04-22 03:10:25
E1873,U85,P16,cart,2026-01-29 14:05:51
E1874,U206,P33,cart,2025-05-06 22:27:50
E1875,U430,P7,wishlist,2025-09-19 19:11:31
E1876,U348,P48,cart,2025-03-17 05:19:48
E1877,U467,P34,cart,2025-07-06 01:12:29
E1878,U259,P7,cart,2025-09-03 06:03:35
E1879,U944,P17,cart,2025-06-12 16:40:19
E1880,U774,P46,wishlist,2025-04-30 21:27:21
E1881,U57,P47,view,2025-10-15 01:26:06
E1882,U660,P7,wishlist,2025-10-23 05:16:47
E1883,U215,P23,view,2025-06-18 18:41:08
E1884,U294,P3,wishlist,2026-01-07 01:02:00
E1885,U943,P6,purchase,2025-06-20 22:01:17
E1886,U696,P44,cart,2025-12-12 06:20:29
E1887,U354,P23,view,2026-02-21 15:02:35
E1888,U282,P38,view,2025-04-29 17:30:35
E1889,U121,P17,purchase,2025-08-19 15:35:13
E1890,U594,P15,wishlist,2025-10-12 09:56:17
E1891,U915,P43,view,2026-02-12 02:49:56
E1892,U473,P22,cart,2026-01-02 18:54:31
E1893,U984,P5,view,2025-11-02 13:15:57
E1894,U732,P8,cart,2026-02-23 01:44:41
E1895,U234,P19,view,2025-12-14 18:09:26
E1896,U567,P26,view,2026-01-25 04:57:53
E1897,U274,P41,view,2025-06-02 05:21:16
E1898,U525,P45,purchase,2025-06-28 15:29:57
E1899,U652,P48,wishlist,2025-09-16 04:08:52
E1900,U11,P1,wishlist,2025-06-28 11:40:46
E1901,U465,P46,purchase,2025-10-04 09:18:27
E1902,U435,P49,view,2025-10-18 08:44:53
E1903,U284,P8,wishlist,2025-10-02 08:14:35
E1904,U532,P20,cart,2025-11-28 14:19:07
E1905,U306,P35,purchase,2025-03-17 01:58:53
E1906,U653,P48,cart,2026-02-13 01:31:32
E1907,U110,P47,wishlist,2025-07-13 00:32:01
E1908,U43,P19,purchase,2025-09-25 00:16:05
E1909,U233,P30,wishlist,2026-02-22 15:55:06
E1910,U532,P33,view,2025-08-30 16:02:01
E1911,U196,P36,cart,2025-11-05 01:53:28
E1912,U953,P19,view,2025-07-07 03:10:24
E1913,U521,P25,wishlist,2025-05-09 02:30:46
E1914,U628,P41,purchase,2025-10-31 12:46:01
E1915,U898,P7,wishlist,2025-12-31 23:49:18
E1916,U490,P43,view,2025-06-12 03:42:23
E1917,U622,P9,purchase,2025-06-10 02:01:24
E1918,U371,P19,wishlist,2025-04-19 07:18:03
E1919,U336,P44,wishlist,2025-12-07 09:25:50
E1920,U216,P24,purchase,2025-09-19 01:33:33
E1921,U895,P2,wishlist,2025-04-07 11:54:27
E1922,U246,P40,purchase,2025-07-24 04:58:38
E1923,U922,P13,wishlist,2025-05-31 07:21:26
E1924,U338,P14,cart,2025-04-09 08:16:04
E1925,U438,P10,purchase,2026-03-09 00:54:35
E1926,U314,P34,purchase,2025-06-25 16:35:44
E1927,U424,P49,view,2025-07-25 07:43:27
E1928,U508,P36,view,2026-02-14 05:33:26
E1929,U643,P35,cart,2025-08-24 19:34:52
E1930,U546,P46,view,2025-06-06 14:14:03
E1931,U177,P5,cart,2025-10-25 17:28:15
E1932,U521,P41,cart,2025-08-02 02:54:24
E1933,U448,P7,wishlist,2026-02-16 14:09:26
E1934,U36,P19,purchase,2025-05-01 05:54:38
E1935,U173,P14,cart,2026-01-22 22:26:14
E1936,U709,P4,view,2025-07-02 16:08:43
E1937,U189,P23,wishlist,2026-02-13 03:14:21
E1938,U78,P18,view,2025-10-13 11:01:30
E1939,U317,P24,wishlist,2025-09-13 02:30:31
E1940,U878,P9,purchase,2025-04-24 05:34:08
E1941,U683,P32,purchase,2026-01-11 20:10:42
E1942,U178,P6,wishlist,2025-12-14 07:02:03
E1943,U238,P11,cart,2025-08-02 05:50:25
E1944,U645,P37,cart,2025-12-24 17:57:05
E1945,U197,P11,cart,2025-09-28 12:05:22
E1946,U825,P43,wishlist,2025-12-13 06:21:12
E1947,U772,P21,purchase,2025-06-07 17:24:32
E1948,U795,P39,wishlist,2025-06-26 19:47:17
E1949,U12,P39,purchase,2026-01-27 23:37:26
E1950,U901,P41,purchase,2025-08-22 07:38:03
E1951,U45,P3,wishlist,2025-09-13 04:20:18
E1952,U771,P37,cart,2025-08-08 08:43:46
E1953,U657,P45,cart,2026-01-16 04:10:00
E1954,U417,P7,wishlist,2026-01-01 07:30:26
E1955,U8,P38,view,2025-12-11 19:04:38
E1956,U123,P49,purchase,2025-12-04 05:44:30
E1957,U938,P41,view,2025-09-16 07:30:44
E1958,U332,P34,wishlist,2025-08-02 07:51:23
E1959,U996,P25,wishlist,2026-02-04 01:07:39
E1960,U433,P5,wishlist,2025-09-25 04:50:06
E1961,U774,P3,wishlist,2025-06-01 19:30:21
E1962,U358,P3,cart,2025-09-30 05:18:37
E1963,U288,P47,view,2026-02-07 21:24:13
E1964,U684,P19,wishlist,2025-07-02 05:35:15
E1965,U707,P44,view,2026-02-28 01:06:09
E1966,U175,P13,wishlist,2025-06-26 05:04:53
E1967,U906,P22,view,2025-12-23 23:56:31
E1968,U779,P33,wishlist,2025-04-13 05:49:41
E1969,U280,P1,wishlist,2025-11-06 22:56:57
E1970,U162,P12,view,2026-01-12 19:24:15
E1971,U828,P36,view,2025-04-11 19:36:16
E1972,U95,P9,purchase,2025-07-19 07:12:25
E1973,U589,P17,purchase,2026-02-21 20:15:01
E1974,U283,P5,view,2025-10-14 22:01:03
E1975,U907,P7,cart,2025-07-09 22:05:11
E1976,U269,P35,purchase,2025-08-07 21:39:15
E1977,U581,P8,purchase,2025-10-29 16:56:54
E1978,U120,P24,view,2025-08-21 22:08:40
E1979,U753,P9,wishlist,2025-10-20 00:24:09
E1980,U851,P2,cart,2025-03-24 10:26:01
E1981,U915,P41,view,2025-04-20 19:12:34
E1982,U370,P24,view,2026-03-10 11:38:35
E1983,U692,P4,cart,2026-01-11 18:20:09
E1984,U143,P11,wishlist,2025-12-20 21:45:50
E1985,U906,P18,view,2025-11-20 13:18:50
E1986,U969,P34,view,2025-12-04 10:07:17
E1987,U13,P35,wishlist,2025-12-26 12:29:41
E1988,U793,P46,cart,2025-07-29 10:28:29
E1989,U925,P23,wishlist,2025-11-02 15:31:31
E1990,U905,P12,cart,2025-07-24 19:35:07
E1991,U887,P29,view,2025-12-19 00:04:42
E1992,U114,P23,view,2026-01-19 12:40:21
E1993,U218,P19,cart,2025-07-31 11:37:59
E1994,U224,P27,view,2025-10-30 20:47:12
E1995,U88,P39,cart,2025-03-20 11:18:11
E1996,U414,P43,view,2025-10-08 20:01:37
E1997,U32,P34,wishlist,2025-04-07 09:55:24
E1998,U611,P19,view,2025-07-14 07:52:52
E1999,U695,P38,wishlist,2025-11-12 22:22:29
E2000,U155,P18,cart,2026-02-10 16:46:28
E2001,U519,P34,cart,2026-01-03 19:50:09
E2002,U709,P33,view,2025-06-30 03:27:42
E2003,U46,P35,view,2025-12-03 01:01:07
E2004,U823,P39,cart,2025-09-10 09:00:35
E2005,U2,P40,view,2025-11-28 14:45:49
E2006,U870,P14,view,2026-03-12 22:36:25
E2007,U37,P9,wishlist,2025-11-05 23:12:43
E2008,U793,P11,view,2026-03-04 06:57:10
E2009,U506,P23,wishlist,2025-11-16 23:29:45
E2010,U42,P21,cart,2025-11-11 23:19:13
E2011,U849,P48,cart,2025-04-26 02:30:06
E2012,U534,P24,purchase,2025-06-10 00:58:07
E2013,U375,P26,purchase,2025-05-14 13:22:17
E2014,U177,P12,purchase,2025-04-24 15:11:26
E2015,U900,P36,purchase,2026-03-04 02:12:49
E2016,U846,P9,view,2025-03-25 19:28:04
E2017,U525,P48,view,2025-10-22 23:26:01
E2018,U821,P26,view,2025-08-22 19:42:25
E2019,U618,P12,cart,2025-11-22 19:45:06
E2020,U894,P49,view,2025-03-21 09:08:32
E2021,U366,P36,wishlist,2025-10-04 02:08:30
E2022,U269,P49,wishlist,2025-12-29 22:34:52
E2023,U55,P21,wishlist,2025-05-24 15:50:00
E2024,U601,P46,cart,2025-07-06 12:49:30
E2025,U274,P46,cart,2025-09-11 12:43:35
E2026,U264,P23,view,2026-02-06 07:55:27
E2027,U833,P42,cart,2026-01-05 07:42:59
E2028,U199,P29,purchase,2026-01-21 05:38:19
E2029,U197,P8,cart,2025-06-22 01:55:05
E2030,U265,P8,wishlist,2025-04-01 15:10:54
E2031,U646,P45,wishlist,2025-12-28 10:10:42
E2032,U214,P28,cart,2025-06-23 05:52:32
E2033,U554,P18,cart,2025-05-21 09:19:47
E2034,U206,P16,purchase,2025-08-02 05:24:37
E2035,U98,P15,wishlist,2026-03-06 22:07:45
E2036,U513,P20,purchase,2025-11-16 11:35:51
E2037,U515,P0,cart,2025-06-29 18:37:58
E2038,U819,P39,wishlist,2025-10-11 06:22:33
E2039,U75,P26,purchase,2025-05-18 21:45:58
E2040,U479,P38,wishlist,2025-05-21 12:36:45
E2041,U965,P9,view,2025-10-13 09:16:43
E2042,U429,P47,cart,2025-09-13 00:33:47
E2043,U115,P41,view,2025-04-08 18:37:59
E2044,U762,P28,wishlist,2026-02-09 22:09:15
E2045,U597,P0,view,2025-10-26 08:15:10
E2046,U878,P13,cart,2025-04-20 03:20:13
E2047,U731,P27,wishlist,2026-01-24 11:08:08
E2048,U304,P45,purchase,2025-05-30 17:06:28
E2049,U113,P49,cart,2025-11-24 05:54:53
E2050,U183,P33,view,2025-11-21 02:13:23
E2051,U459,P8,view,2025-06-06 07:12:12
E2052,U118,P34,purchase,2025-08-11 05:39:21
E2053,U122,P24,purchase,2025-09-12 04:15:43
E2054,U845,P44,purchase,2026-01-28 23:31:37
E2055,U270,P37,purchase,2025-06-28 06:47:02
E2056,U391,P10,view,2025-08-11 04:07:03
E2057,U729,P40,cart,2025-07-04 20:24:02
E2058,U102,P16,wishlist,2025-06-08 17:43:50
E2059,U516,P46,purchase,2026-01-27 02:23:38
E2060,U264,P30,cart,2026-03-08 02:52:09
E2061,U747,P27,purchase,2025-09-28 00:38:30
E2062,U314,P0,cart,2025-05-29 15:31:11
E2063,U761,P34,view,2025-03-21 16:14:55
E2064,U823,P30,cart,2025-11-26 12:22:21
E2065,U28,P40,purchase,2025-11-21 06:36:04
E2066,U168,P25,wishlist,2026-03-08 05:35:28
E2067,U376,P42,view,2025-08-10 23:35:41
E2068,U578,P11,view,2025-09-20 12:18:52
E2069,U534,P45,cart,2025-07-23 19:36:14
E2070,U933,P1,purchase,2025-10-10 08:54:36
E2071,U997,P20,wishlist,2026-02-06 03:52:28
E2072,U766,P8,wishlist,2025-05-18 04:56:27
E2073,U867,P3,view,2025-07-02 20:02:09
E2074,U505,P26,purchase,2026-01-14 04:47:13
E2075,U186,P47,view,2025-12-10 10:47:25
E2076,U277,P31,purchase,2025-08-13 01:34:04
E2077,U894,P26,view,2025-05-07 05:15:58
E2078,U833,P29,view,2025-05-02 02:38:41
E2079,U929,P45,cart,2025-07-21 17:37:17
E2080,U374,P16,view,2026-02-05 21:12:47
E2081,U348,P30,purchase,2025-05-22 19:31:22
E2082,U203,P29,wishlist,2025-05-21 08:07:55
E2083,U956,P43,purchase,2025-06-13 23:21:19
E2084,U295,P18,cart,2026-01-22 10:42:18
E2085,U82,P18,cart,2026-03-08 07:24:03
E2086,U872,P26,purchase,2025-05-05 07:53:02
E2087,U777,P43,view,2026-01-13 02:52:05
E2088,U292,P22,purchase,2025-08-19 09:48:44
E2089,U316,P21,wishlist,2025-05-08 01:17:06
E2090,U479,P40,cart,2025-07-21 12:38:28
E2091,U83,P27,cart,2026-02-20 12:22:04
E2092,U965,P36,wishlist,2025-09-22 20:16:31
E2093,U523,P14,view,2026-02-08 13:16:13
E2094,U446,P15,cart,2026-02-03 10:24:50
E2095,U840,P6,purchase,2025-08-20 01:34:02
E2096,U201,P40,purchase,2025-11-14 16:11:07
E2097,U299,P18,view,2026-02-15 02:15:11
E2098,U928,P3,purchase,2025-04-05 22:34:04
E2099,U515,P6,purchase,2025-08-03 23:55:31
E2100,U654,P24,cart,2026-01-11 01:26:35
E2101,U620,P49,view,2025-05-16 04:37:54
E2102,U548,P31,view,2025-11-25 19:00:58
E2103,U574,P24,purchase,2025-11-27 00:59:43
E2104,U595,P43,view,2025-08-27 18:34:16
E2105,U634,P43,wishlist,2025-04-07 08:12:37
E2106,U984,P44,wishlist,2025-12-18 01:56:39
E2107,U340,P48,cart,2025-12-31 06:41:47
E2108,U89,P38,view,2026-02-05 02:22:36
E2109,U656,P7,view,2025-11-06 19:49:56
E2110,U373,P48,wishlist,2025-05-30 23:43:00
E2111,U810,P17,view,2025-05-11 16:29:32
E2112,U913,P37,cart,2025-07-02 00:46:51
E2113,U913,P36,purchase,2026-03-11 00:34:53
E2114,U144,P49,purchase,2025-11-20 03:12:57
E2115,U882,P26,purchase,2025-03-24 19:52:30
E2116,U413,P30,wishlist,2025-06-16 09:53:54
E2117,U54,P2,view,2026-02-17 03:14:57
E2118,U44,P9,purchase,2026-01-02 00:39:14
E2119,U552,P21,wishlist,2025-09-30 01:34:57
E2120,U283,P42,cart,2025-07-15 04:47:18
E2121,U612,P46,view,2025-04-10 01:28:44
E2122,U91,P32,purchase,2025-05-11 14:39:59
E2123,U644,P17,purchase,2025-04-09 15:00:10
E2124,U595,P36,purchase,2025-07-18 02:57:08
E2125,U339,P37,view,2025-03-30 16:44:12
E2126,U798,P13,wishlist,2025-04-04 11:02:09
E2127,U642,P30,purchase,2025-09-14 00:57:43
E2128,U296,P6,cart,2025-06-27 19:53:21
E2129,U606,P30,view,2025-11-03 22:25:45
E2130,U605,P8,view,2025-03-25 01:41:03
E2131,U726,P11,wishlist,2025-07-09 09:05:34
E2132,U875,P2,wishlist,2026-02-04 19:36:19
E2133,U569,P27,cart,2025-04-07 06:12:06
E2134,U726,P7,view,2026-01-11 03:52:48
E2135,U717,P8,cart,2025-05-08 00:05:51
E2136,U39,P14,wishlist,2025-06-02 09:12:41
E2137,U473,P28,cart,2025-05-03 04:31:13
E2138,U966,P4,purchase,2026-01-27 11:43:34
E2139,U751,P9,view,2025-05-05 19:27:51
E2140,U951,P47,purchase,2025-10-01 15:25:17
E2141,U630,P20,wishlist,2025-07-16 10:03:17
E2142,U302,P12,view,2026-01-26 05:32:56
E2143,U166,P25,cart,2025-10-17 08:55:08
E2144,U465,P34,cart,2025-10-13 14:39:11
E2145,U558,P23,wishlist,2025-06-07 02:40:36
E2146,U843,P45,purchase,2026-01-02 07:40:29
E2147,U731,P9,wishlist,2025-11-16 01:18:42
E2148,U987,P12,purchase,2026-02-02 14:41:33
E2149,U358,P11,view,2025-08-30 13:56:05
E2150,U604,P28,cart,2025-06-06 04:43:07
E2151,U973,P27,purchase,2025-08-14 12:10:27
E2152,U630,P49,view,2025-05-12 13:16:24
E2153,U369,P10,cart,2025-07-16 22:22:04
E2154,U742,P47,purchase,2026-01-21 21:43:39
E2155,U607,P44,wishlist,2025-07-26 16:27:24
E2156,U695,P1,purchase,2025-07-16 15:48:44
E2157,U790,P2,wishlist,2025-12-02 18:24:07
E2158,U760,P2,cart,2026-01-13 22:00:15
E2159,U85,P29,view,2025-05-12 12:39:28
E2160,U192,P11,wishlist,2025-11-09 18:15:42
E2161,U841,P29,cart,2025-10-05 03:29:11
E2162,U577,P11,cart,2026-03-11 14:35:47
E2163,U13,P41,view,2025-05-21 19:48:08
E2164,U84,P8,cart,2025-05-04 13:49:49
E2165,U812,P23,purchase,2025-09-21 01:57:24
E2166,U714,P44,cart,2025-10-12 19:06:09
E2167,U631,P42,wishlist,2025-04-19 00:18:23
E2168,U992,P46,cart,2026-03-13 18:57:12
E2169,U310,P12,cart,2025-07-03 14:36:24
E2170,U326,P43,wishlist,2025-07-03 09:34:59
E2171,U870,P34,purchase,2025-07-12 23:55:51
E2172,U837,P2,purchase,2026-03-09 07:40:22
E2173,U531,P10,wishlist,2026-02-25 09:24:08
E2174,U764,P17,wishlist,2026-02-24 08:41:51
E2175,U623,P16,purchase,2025-09-05 00:09:38
E2176,U906,P11,purchase,2026-01-12 15:30:19
E2177,U335,P6,cart,2025-07-11 13:44:38
E2178,U921,P41,wishlist,2025-07-02 16:35:35
E2179,U409,P23,wishlist,2025-06-12 12:42:02
E2180,U398,P32,wishlist,2025-05-24 23:40:09
E2181,U800,P46,cart,2025-06-30 03:14:07
E2182,U962,P18,wishlist,2026-01-30 21:17:31
E2183,U701,P12,view,2025-05-10 15:19:56
E2184,U646,P17,cart,2026-02-24 20:03:55
E2185,U709,P48,cart,2025-07-20 08:31:54
E2186,U718,P17,wishlist,2025-04-25 06:35:49
E2187,U112,P48,cart,2025-09-05 03:45:55
E2188,U442,P21,wishlist,2026-01-08 19:24:39
E2189,U703,P28,purchase,2026-03-07 23:24:48
E2190,U302,P31,wishlist,2025-07-23 16:30:42
E2191,U754,P35,wishlist,2025-07-14 10:32:35
E2192,U318,P45,cart,2025-05-13 15:13:51
E2193,U739,P3,view,2025-05-27 15:12:33
E2194,U630,P2,view,2026-02-22 05:17:08
E2195,U611,P15,view,2025-12-31 09:14:14
E2196,U919,P7,view,2025-09-07 18:13:05
E2197,U573,P46,purchase,2025-12-15 10:41:41
E2198,U263,P48,purchase,2025-10-29 12:39:25
E2199,U386,P39,wishlist,2025-11-25 02:46:52
E2200,U206,P30,cart,2025-10-18 13:02:10
E2201,U579,P12,wishlist,2025-03-25 14:43:03
E2202,U254,P11,purchase,2025-07-28 07:32:00
E2203,U202,P35,purchase,2025-06-05 03:24:22
E2204,U914,P30,wishlist,2025-09-05 22:45:47
E2205,U115,P31,purchase,2025-11-19 16:36:32
E2206,U321,P44,purchase,2025-09-12 02:15:14
E2207,U360,P17,purchase,2025-08-28 16:54:22
E2208,U931,P49,cart,2026-01-05 07:48:07
E2209,U331,P29,wishlist,2025-04-18 22:23:56
E2210,U56,P13,cart,2025-05-20 21:28:57
E2211,U177,P22,cart,2025-11-14 19:37:36
E2212,U769,P37,purchase,2025-11-07 00:26:55
E2213,U872,P43,wishlist,2025-10-01 07:30:14
E2214,U300,P44,view,2026-03-01 07:26:57
E2215,U342,P12,purchase,2026-02-11 15:56:48
E2216,U337,P41,purchase,2025-05-02 15:29:14
E2217,U559,P23,wishlist,2025-11-05 20:33:05
E2218,U926,P8,view,2025-11-09 04:33:45
E2219,U232,P7,purchase,2025-07-04 19:42:57
E2220,U74,P10,wishlist,2025-06-01 08:02:47
E2221,U925,P30,purchase,2025-08-15 06:53:13
E2222,U820,P40,wishlist,2025-05-13 14:12:56
E2223,U490,P34,purchase,2025-12-13 18:43:00
E2224,U444,P31,view,2025-05-02 02:13:20
E2225,U845,P28,view,2026-03-08 16:17:46
E2226,U946,P13,wishlist,2025-03-19 02:07:27
E2227,U287,P29,cart,2025-09-29 13:48:58
E2228,U468,P15,view,2025-07-03 13:16:30
E2229,U733,P15,cart,2025-07-29 06:02:31
E2230,U63,P4,purchase,2025-12-05 12:07:54
E2231,U690,P49,purchase,2025-08-26 09:45:14
E2232,U3,P29,view,2025-11-25 13:04:17
E2233,U537,P7,cart,2025-12-04 07:32:10
E2234,U998,P12,view,2025-12-30 04:16:37
E2235,U604,P14,view,2025-05-31 04:18:11
E2236,U349,P22,purchase,2025-11-02 04:34:47
E2237,U809,P24,view,2025-07-25 09:15:07
E2238,U131,P29,wishlist,2025-11-18 09:00:00
E2239,U957,P25,cart,2025-04-11 11:15:10
E2240,U444,P22,cart,2026-01-14 17:56:51
E2241,U445,P12,wishlist,2025-06-10 09:03:36
E2242,U971,P29,wishlist,2025-07-12 09:49:29
E2243,U208,P41,purchase,2025-12-09 07:05:29
E2244,U885,P27,wishlist,2025-09-30 10:06:16
E2245,U938,P12,wishlist,2025-05-15 08:12:40
E2246,U533,P24,purchase,2025-10-24 09:26:50
E2247,U988,P26,wishlist,2025-08-21 11:30:20
E2248,U360,P44,cart,2025-12-22 08:35:30
E2249,U155,P42,purchase,2025-12-03 02:34:10
E2250,U828,P46,wishlist,2025-04-23 11:08:07
E2251,U521,P37,purchase,2026-02-09 15:04:53
E2252,U691,P3,cart,2025-05-06 01:45:02
E2253,U584,P30,wishlist,2025-06-27 21:53:39
E2254,U486,P47,wishlist,2025-11-28 20:34:24
E2255,U681,P11,cart,2025-06-08 09:16:39
E2256,U325,P19,purchase,2025-07-28 02:40:19
E2257,U5,P40,view,2025-07-27 21:23:39
E2258,U549,P17,purchase,2025-07-23 12:36:44
E2259,U717,P21,cart,2025-10-16 02:09:00
E2260,U913,P39,purchase,2025-09-07 10:32:59
E2261,U369,P38,view,2025-10-30 03:52:22
E2262,U771,P30,cart,2026-02-02 21:06:25
E2263,U330,P13,purchase,2025-04-20 17:57:29
E2264,U879,P28,wishlist,2025-11-20 01:16:08
E2265,U508,P22,wishlist,2025-10-14 11:56:11
E2266,U213,P18,wishlist,2025-09-01 10:53:51
E2267,U444,P36,cart,2026-03-07 08:16:03
E2268,U655,P36,view,2025-08-07 23:28:45
E2269,U323,P1,view,2026-02-01 23:27:34
E2270,U879,P8,view,2026-02-22 14:50:16
E2271,U308,P43,view,2025-08-19 23:30:47
E2272,U810,P25,wishlist,2025-08-19 21:29:49
E2273,U589,P20,cart,2025-12-19 02:16:27
E2274,U212,P31,cart,2025-09-17 03:26:10
E2275,U328,P23,wishlist,2025-08-21 10:59:13
E2276,U359,P22,wishlist,2025-09-28 20:03:44
E2277,U234,P34,view,2026-01-27 12:31:13
E2278,U524,P42,cart,2025-07-22 04:05:46
E2279,U979,P3,purchase,2025-05-12 22:49:14
E2280,U130,P38,purchase,2025-10-31 21:44:54
E2281,U812,P8,purchase,2025-07-26 19:21:52
E2282,U482,P18,purchase,2025-12-09 17:32:19
E2283,U80,P13,cart,2025-08-31 04:50:58
E2284,U734,P45,purchase,2025-03-26 02:49:21
E2285,U731,P5,wishlist,2025-09-26 10:37:26
E2286,U310,P36,cart,2026-01-05 00:34:21
E2287,U380,P27,purchase,2025-05-03 01:12:08
E2288,U111,P47,purchase,2026-01-15 04:59:07
E2289,U365,P3,wishlist,2025-08-27 13:09:34
E2290,U986,P34,purchase,2025-04-05 14:11:18
E2291,U750,P33,wishlist,2026-01-16 20:48:49
E2292,U377,P27,cart,2025-05-20 01:03:37
E2293,U314,P0,cart,2026-01-02 07:51:41
E2294,U745,P19,view,2025-07-20 05:38:21
E2295,U112,P30,view,2026-03-15 01:59:15
E2296,U553,P4,wishlist,2025-08-27 01:39:38
E2297,U343,P20,wishlist,2025-04-12 07:41:45
E2298,U888,P16,view,2025-11-16 05:44:37
E2299,U126,P25,view,2026-01-26 07:57:26
E2300,U615,P24,view,2025-12-02 09:53:22
E2301,U219,P33,wishlist,2026-01-11 05:39:18
E2302,U712,P2,wishlist,2025-04-26 23:18:54
E2303,U700,P5,wishlist,2025-08-08 01:03:06
E2304,U40,P38,purchase,2026-02-18 01:20:58
E2305,U110,P5,purchase,2025-05-13 21:55:42
E2306,U937,P34,wishlist,2025-03-29 01:08:12
E2307,U412,P47,cart,2025-07-03 01:20:23
E2308,U485,P28,view,2026-02-19 21:33:12
E2309,U970,P44,wishlist,2025-11-26 15:28:19
E2310,U363,P13,wishlist,2025-07-05 17:02:07
E2311,U886,P5,wishlist,2025-10-12 02:42:34
E2312,U238,P1,view,2025-10-04 12:13:41
E2313,U694,P49,cart,2025-06-20 16:38:21
E2314,U969,P44,wishlist,2025-10-06 06:31:41
E2315,U345,P2,view,2025-03-18 07:55:50
E2316,U460,P44,view,2025-05-19 02:34:40
E2317,U223,P0,wishlist,2025-03-20 06:30:25
E2318,U875,P21,cart,2025-05-10 11:06:56
E2319,U705,P16,cart,2025-10-25 06:38:30
E2320,U957,P15,purchase,2025-04-11 04:05:35
E2321,U898,P15,wishlist,2026-02-05 21:25:48
E2322,U343,P43,view,2026-01-01 06:02:21
E2323,U874,P30,purchase,2026-02-22 08:13:10
E2324,U827,P30,cart,2026-01-18 03:11:56
E2325,U84,P11,cart,2025-06-05 16:22:21
E2326,U213,P40,cart,2025-06-04 09:52:54
E2327,U550,P13,wishlist,2025-12-03 09:51:10
E2328,U984,P3,view,2026-01-22 07:39:17
E2329,U28,P44,cart,2025-05-29 15:16:45
E2330,U56,P35,view,2025-11-19 01:21:40
E2331,U302,P27,purchase,2026-01-21 07:06:55
E2332,U769,P18,purchase,2025-04-17 13:21:27
E2333,U30,P20,view,2025-11-11 04:28:34
E2334,U540,P29,cart,2025-09-03 14:42:45
E2335,U818,P34,view,2025-08-03 21:09:59
E2336,U585,P29,purchase,2025-05-13 20:00:48
E2337,U774,P34,cart,2025-12-20 01:03:56
E2338,U970,P22,wishlist,2025-08-04 16:39:36
E2339,U923,P3,view,2025-05-27 21:17:01
E2340,U563,P45,view,2026-01-03 17:13:53
E2341,U734,P4,purchase,2025-10-10 15:02:58
E2342,U401,P48,wishlist,2025-06-27 23:00:18
E2343,U763,P7,cart,2025-10-30 19:54:17
E2344,U333,P30,cart,2026-03-03 09:35:15
E2345,U80,P11,view,2026-02-23 16:02:58
E2346,U915,P14,view,2025-09-23 18:15:42
E2347,U475,P41,cart,2025-10-28 05:04:04
E2348,U768,P46,purchase,2026-02-02 15:23:57
E2349,U681,P41,wishlist,2026-01-16 11:33:24
E2350,U753,P33,cart,2025-05-09 21:43:06
E2351,U699,P43,wishlist,2026-02-19 08:10:26
E2352,U882,P21,cart,2025-10-30 05:05:48
E2353,U726,P35,wishlist,2026-01-07 19:03:30
E2354,U206,P1,purchase,2025-09-28 21:33:45
E2355,U358,P32,purchase,2025-06-05 04:21:33
E2356,U22,P9,purchase,2026-03-01 18:27:05
E2357,U278,P31,cart,2025-05-19 07:39:26
E2358,U839,P40,wishlist,2026-02-05 03:57:41
E2359,U268,P24,purchase,2025-06-11 01:24:38
E2360,U939,P11,cart,2025-10-10 16:00:31
E2361,U103,P40,purchase,2025-08-26 04:19:27
E2362,U910,P6,view,2025-12-20 13:38:56
E2363,U309,P44,wishlist,2025-08-01 03:18:25
E2364,U350,P24,purchase,2025-05-18 12:06:04
E2365,U396,P43,view,2025-05-06 20:37:02
E2366,U756,P27,wishlist,2026-01-07 17:03:34
E2367,U414,P19,view,2026-01-08 21:09:44
E2368,U49,P0,view,2025-04-07 15:23:41
E2369,U178,P7,cart,2025-10-27 08:22:42
E2370,U472,P30,view,2025-05-20 12:03:34
E2371,U348,P31,purchase,2026-02-25 10:17:29
E2372,U319,P39,purchase,2025-05-23 11:24:49
E2373,U189,P38,view,2025-09-01 12:31:45
E2374,U582,P12,view,2025-09-22 12:10:23
E2375,U229,P39,wishlist,2025-08-29 04:15:43
E2376,U645,P37,cart,2025-12-04 18:04:13
E2377,U134,P34,wishlist,2026-02-01 12:49:15
E2378,U710,P27,cart,2025-04-14 09:21:21
E2379,U157,P33,purchase,2026-01-16 03:14:14
E2380,U666,P4,view,2025-10-07 02:34:50
E2381,U794,P1,purchase,2025-04-11 04:24:39
E2382,U362,P7,cart,2025-09-24 12:32:08
E2383,U686,P41,cart,2025-09-07 01:04:20
E2384,U319,P45,purchase,2025-07-14 02:23:04
E2385,U107,P41,cart,2025-03-24 00:56:56
E2386,U965,P31,purchase,2025-07-03 03:27:31
E2387,U903,P24,cart,2026-01-20 21:43:50
E2388,U358,P11,view,2025-08-10 11:30:01
E2389,U947,P10,wishlist,2025-08-11 23:42:42
E2390,U201,P36,purchase,2025-03-18 19:15:57
E2391,U340,P46,cart,2025-10-03 02:32:09
E2392,U136,P32,purchase,2025-06-26 10:05:42
E2393,U589,P0,view,2026-01-22 13:08:31
E2394,U143,P42,cart,2025-04-14 13:02:00
E2395,U630,P44,cart,2025-05-10 12:49:39
E2396,U954,P10,purchase,2026-02-18 01:49:40
E2397,U120,P9,wishlist,2025-09-05 17:20:41
E2398,U315,P23,cart,2025-11-01 00:36:13
E2399,U111,P23,wishlist,2026-01-07 02:18:42
E2400,U237,P35,cart,2025-11-29 16:51:43
E2401,U740,P5,cart,2025-05-13 01:21:01
E2402,U361,P39,view,2026-01-07 20:23:16
E2403,U781,P37,wishlist,2025-05-16 00:07:50
E2404,U74,P38,cart,2025-12-15 05:59:36
E2405,U189,P12,purchase,2025-11-28 03:07:47
E2406,U656,P43,cart,2026-02-05 02:48:14
E2407,U918,P45,view,2025-06-25 14:20:09
E2408,U193,P47,cart,2025-09-10 20:23:04
E2409,U69,P25,cart,2025-05-21 07:02:25
E2410,U341,P23,wishlist,2025-10-07 10:58:41
E2411,U988,P48,wishlist,2025-11-16 01:48:01
E2412,U980,P4,view,2025-10-27 07:57:59
E2413,U93,P16,purchase,2025-12-15 10:41:00
E2414,U725,P33,cart,2025-11-24 13:10:51
E2415,U311,P27,wishlist,2026-02-08 02:42:51
E2416,U10,P45,purchase,2025-04-20 08:55:57
E2417,U112,P10,purchase,2025-06-03 21:13:06
E2418,U9,P26,wishlist,2025-12-30 00:19:13
E2419,U846,P22,purchase,2025-09-22 08:57:52
E2420,U982,P16,wishlist,2025-12-20 12:02:38
E2421,U561,P0,cart,2025-12-05 10:53:22
E2422,U311,P14,view,2025-08-21 12:56:07
E2423,U309,P8,view,2025-05-03 12:01:00
E2424,U387,P44,view,2025-10-05 07:04:55
E2425,U929,P10,view,2025-03-17 17:16:10
E2426,U85,P41,cart,2025-08-09 03:52:34
E2427,U646,P36,view,2025-04-17 09:00:41
E2428,U135,P40,cart,2025-12-01 01:39:44
E2429,U647,P17,purchase,2025-03-17 19:19:53
E2430,U904,P47,purchase,2025-06-14 08:17:27
E2431,U236,P8,purchase,2025-03-26 06:41:14
E2432,U244,P17,wishlist,2025-10-12 07:46:16
E2433,U954,P0,view,2025-11-03 20:21:29
E2434,U485,P11,view,2025-09-11 05:49:11
E2435,U249,P32,wishlist,2025-11-04 02:32:20
E2436,U715,P45,view,2025-08-04 15:06:12
E2437,U391,P10,wishlist,2025-10-31 23:00:39
E2438,U440,P14,purchase,2025-12-19 01:51:02
E2439,U944,P32,cart,2025-05-09 20:13:51
E2440,U625,P2,cart,2025-09-07 08:38:20
E2441,U552,P22,cart,2025-08-24 05:12:35
E2442,U980,P46,purchase,2025-03-31 04:23:53
E2443,U340,P47,view,2025-04-30 09:29:07
E2444,U582,P4,view,2025-05-30 10:47:32
E2445,U91,P20,cart,2025-11-16 19:34:31
E2446,U553,P21,purchase,2025-07-02 11:56:14
E2447,U306,P7,view,2025-03-24 17:24:49
E2448,U743,P17,cart,2025-04-07 16:13:45
E2449,U687,P42,purchase,2025-08-21 11:13:43
E2450,U444,P46,wishlist,2025-08-19 18:44:10
E2451,U631,P5,purchase,2025-05-17 22:23:49
E2452,U856,P0,cart,2025-03-17 06:55:06
E2453,U132,P2,wishlist,2025-05-09 00:30:36
E2454,U210,P3,view,2026-02-10 10:20:12
E2455,U868,P12,cart,2025-08-10 02:05:26
E2456,U786,P15,cart,2025-08-17 00:34:51
E2457,U304,P14,cart,2026-01-11 12:08:30
E2458,U344,P12,purchase,2025-09-11 13:26:12
E2459,U856,P16,cart,2026-02-23 05:43:44
E2460,U372,P31,view,2025-04-02 16:07:18
E2461,U655,P11,wishlist,2025-09-30 21:29:53
E2462,U486,P16,cart,2026-02-13 11:16:38
E2463,U589,P20,purchase,2025-08-08 07:34:11
E2464,U591,P30,purchase,2025-12-09 02:43:01
E2465,U3,P38,wishlist,2025-12-29 06:57:37
E2466,U15,P25,view,2025-11-20 20:13:00
E2467,U411,P31,cart,2025-12-13 21:23:00
E2468,U310,P0,purchase,2025-04-10 18:34:56
E2469,U202,P37,cart,2025-09-05 10:38:37
E2470,U116,P3,wishlist,2025-03-24 02:05:10
E2471,U297,P20,wishlist,2025-06-16 18:24:38
E2472,U541,P45,view,2025-06-12 16:04:41
E2473,U499,P19,cart,2025-05-12 22:03:23
E2474,U506,P41,purchase,2025-10-08 20:40:56
E2475,U603,P12,cart,2025-12-17 14:36:28
E2476,U932,P38,cart,2025-10-23 13:55:47
E2477,U892,P46,wishlist,2025-04-16 20:38:49
E2478,U793,P26,purchase,2025-04-19 12:32:12
E2479,U651,P3,cart,2025-07-02 14:53:24
E2480,U272,P23,cart,2025-06-07 18:30:06
E2481,U158,P18,purchase,2025-05-25 23:22:06
E2482,U230,P23,purchase,2025-05-10 06:56:56
E2483,U523,P28,purchase,2025-07-21 02:28:11
E2484,U977,P13,cart,2025-04-01 15:01:14
E2485,U653,P28,wishlist,2025-06-21 06:52:33
E2486,U864,P44,purchase,2025-10-02 00:49:37
E2487,U104,P31,view,2025-09-24 22:38:26
E2488,U228,P44,view,2025-10-07 08:50:43
E2489,U172,P14,view,2025-12-16 11:25:26
E2490,U719,P7,purchase,2025-03-25 14:54:41
E2491,U320,P11,purchase,2025-11-09 17:46:23
E2492,U638,P47,purchase,2025-10-21 04:10:07
E2493,U32,P15,purchase,2025-06-23 23:07:00
E2494,U418,P31,cart,2025-12-05 00:58:13
E2495,U266,P17,cart,2025-12-09 22:00:37
E2496,U394,P35,purchase,2026-03-09 08:55:21
E2497,U488,P32,wishlist,2025-09-07 01:21:28
E2498,U853,P40,cart,2025-08-27 00:20:10
E2499,U924,P43,view,2025-08-20 15:35:18
E2500,U329,P15,view,2025-07-15 04:26:26
E2501,U743,P4,cart,2025-12-05 20:46:57
E2502,U708,P22,view,2025-08-30 11:33:10
E2503,U316,P42,cart,2025-09-16 10:37:31
E2504,U659,P28,cart,2025-06-04 08:18:20
E2505,U361,P21,wishlist,2025-05-30 03:15:04
E2506,U802,P29,purchase,2026-01-21 13:44:55
E2507,U389,P36,cart,2025-06-01 14:10:11
E2508,U183,P12,wishlist,2025-07-24 03:00:33
E2509,U396,P48,cart,2025-03-19 14:14:37
E2510,U914,P16,wishlist,2025-03-27 16:43:47
E2511,U554,P47,view,2025-03-18 05:58:35
E2512,U944,P34,view,2026-02-24 09:40:35
E2513,U284,P49,purchase,2025-10-02 00:34:46
E2514,U518,P48,view,2025-08-03 14:12:12
E2515,U851,P15,purchase,2025-03-31 03:30:07
E2516,U994,P5,purchase,2025-05-30 11:50:06
E2517,U3,P22,purchase,2025-11-30 05:50:33
E2518,U182,P37,wishlist,2025-10-20 17:07:09
E2519,U621,P22,purchase,2025-12-11 04:01:38
E2520,U473,P32,cart,2026-03-07 07:17:41
E2521,U44,P34,purchase,2026-03-05 22:32:26
E2522,U373,P28,cart,2025-07-28 17:45:20
E2523,U393,P38,wishlist,2026-01-21 15:17:33
E2524,U825,P37,view,2025-09-19 11:33:27
E2525,U511,P48,wishlist,2025-12-12 23:15:55
E2526,U576,P39,purchase,2025-10-05 16:11:44
E2527,U228,P31,wishlist,2025-08-21 09:21:07
E2528,U713,P13,view,2025-06-18 19:09:10
E2529,U143,P41,view,2026-01-25 00:45:22
E2530,U782,P4,purchase,2026-02-10 16:29:55
E2531,U540,P48,purchase,2025-04-05 18:49:22
E2532,U478,P37,cart,2025-07-09 13:03:24
E2533,U635,P17,view,2025-11-05 17:13:16
E2534,U644,P11,purchase,2025-05-11 05:42:28
E2535,U524,P0,view,2025-08-13 03:12:36
E2536,U330,P13,purchase,2025-04-28 20:40:55
E2537,U34,P43,cart,2026-01-14 16:52:32
E2538,U189,P0,purchase,2025-05-28 13:06:34
E2539,U328,P19,purchase,2025-09-10 20:50:02
E2540,U450,P2,cart,2026-01-02 21:53:10
E2541,U590,P31,wishlist,2025-11-16 16:32:09
E2542,U679,P27,wishlist,2025-04-07 07:46:16
E2543,U101,P32,view,2025-07-28 03:05:35
E2544,U376,P8,cart,2025-04-09 06:55:36
E2545,U130,P33,wishlist,2025-03-17 02:28:37
E2546,U240,P22,purchase,2025-12-17 11:55:07
E2547,U445,P37,purchase,2025-11-24 04:39:41
E2548,U40,P35,cart,2026-03-08 19:27:59
E2549,U164,P23,wishlist,2026-01-16 05:40:30
E2550,U284,P39,wishlist,2025-07-12 00:15:53
E2551,U159,P20,view,2025-04-26 19:57:23
E2552,U629,P4,view,2025-12-27 16:51:44
E2553,U973,P45,view,2025-08-17 01:43:52
E2554,U503,P16,view,2025-07-12 07:44:54
E2555,U435,P30,view,2026-01-09 11:23:28
E2556,U218,P40,view,2025-03-27 15:45:33
E2557,U18,P30,purchase,2025-06-05 20:09:01
E2558,U938,P2,purchase,2025-10-01 04:00:37
E2559,U430,P7,cart,2026-01-11 18:00:48
E2560,U830,P31,purchase,2025-10-04 13:21:23
E2561,U86,P5,wishlist,2025-08-29 11:30:28
E2562,U977,P8,wishlist,2025-11-24 22:53:00
E2563,U527,P43,purchase,2025-06-07 16:58:34
E2564,U375,P39,wishlist,2025-08-12 19:57:15
E2565,U307,P25,purchase,2025-12-20 18:27:59
E2566,U99,P36,wishlist,2025-05-23 01:08:05
E2567,U465,P41,purchase,2025-06-13 03:48:23
E2568,U992,P14,wishlist,2025-07-18 08:34:44
E2569,U509,P46,cart,2026-01-25 10:23:18
E2570,U297,P2,view,2025-11-20 07:26:26
E2571,U3,P36,purchase,2025-11-20 17:50:17
E2572,U194,P47,view,2026-02-03 18:39:55
E2573,U46,P31,view,2025-12-06 22:01:02
E2574,U130,P20,view,2025-12-23 12:23:34
E2575,U227,P19,wishlist,2025-12-03 01:13:46
E2576,U366,P40,purchase,2025-03-21 02:55:07
E2577,U161,P17,view,2026-02-24 07:20:58
E2578,U77,P42,wishlist,2025-04-18 18:49:55
E2579,U121,P23,view,2026-01-22 13:38:17
E2580,U496,P41,cart,2025-10-30 22:25:31
E2581,U785,P25,wishlist,2026-03-12 06:17:05
E2582,U426,P12,purchase,2025-06-03 19:01:26
E2583,U303,P33,wishlist,2026-02-05 20:26:38
E2584,U634,P46,cart,2026-01-20 02:02:50
E2585,U521,P24,wishlist,2025-07-17 01:04:47
E2586,U666,P33,wishlist,2025-11-04 15:17:27
E2587,U622,P24,cart,2026-01-11 15:07:50
E2588,U777,P1,purchase,2025-04-10 18:53:47
E2589,U175,P45,wishlist,2025-11-04 17:26:44
E2590,U34,P30,cart,2026-02-08 20:06:02
E2591,U538,P28,purchase,2025-05-02 09:54:08
E2592,U786,P14,view,2026-02-06 23:17:55
E2593,U584,P33,wishlist,2025-10-15 04:55:13
E2594,U411,P28,purchase,2025-09-07 03:06:12
E2595,U651,P24,purchase,2026-02-02 11:20:36
E2596,U136,P39,purchase,2025-08-19 03:29:01
E2597,U751,P14,wishlist,2026-01-29 07:09:26
E2598,U270,P21,view,2025-12-20 16:29:44
E2599,U484,P44,wishlist,2025-04-01 20:07:54
E2600,U558,P12,purchase,2026-01-31 20:35:20
E2601,U154,P25,purchase,2025-04-11 22:22:36
E2602,U871,P0,purchase,2025-04-08 03:51:13
E2603,U499,P33,view,2025-07-02 11:40:28
E2604,U280,P45,purchase,2025-11-15 05:08:33
E2605,U513,P39,view,2025-08-28 17:30:22
E2606,U564,P16,wishlist,2025-12-06 02:54:21
E2607,U743,P27,purchase,2025-05-28 07:50:58
E2608,U544,P46,view,2025-05-29 04:46:44
E2609,U422,P2,purchase,2025-08-25 07:56:31
E2610,U806,P46,view,2025-06-19 05:33:41
E2611,U146,P31,wishlist,2025-09-08 09:03:35
E2612,U940,P42,wishlist,2025-12-07 17:01:16
E2613,U711,P10,cart,2025-03-30 23:17:26
E2614,U415,P41,view,2025-04-27 04:12:57
E2615,U474,P31,cart,2025-12-13 11:29:52
E2616,U987,P39,view,2025-07-16 18:36:12
E2617,U204,P35,wishlist,2025-04-24 11:23:19
E2618,U703,P44,wishlist,2025-09-15 23:01:35
E2619,U818,P36,cart,2026-01-20 03:14:53
E2620,U46,P41,cart,2025-12-29 11:09:56
E2621,U265,P24,wishlist,2026-01-29 19:11:09
E2622,U243,P40,cart,2025-06-12 20:04:28
E2623,U635,P1,wishlist,2025-03-26 21:18:55
E2624,U776,P19,view,2025-12-28 21:00:10
E2625,U677,P17,wishlist,2025-11-07 20:14:41
E2626,U803,P25,cart,2025-12-05 10:14:38
E2627,U302,P16,wishlist,2025-08-30 21:44:39
E2628,U686,P47,purchase,2025-07-13 16:30:06
E2629,U245,P43,purchase,2025-09-23 01:42:03
E2630,U358,P30,cart,2026-01-25 05:54:35
E2631,U296,P39,purchase,2025-12-25 00:33:43
E2632,U939,P29,cart,2025-12-05 06:50:02
E2633,U981,P23,cart,2025-04-21 16:06:00
E2634,U220,P32,view,2025-07-07 16:05:43
E2635,U683,P4,cart,2025-08-24 10:12:30
E2636,U821,P2,purchase,2025-07-11 01:05:12
E2637,U113,P1,wishlist,2025-10-21 00:12:01
E2638,U151,P32,cart,2025-04-01 17:27:11
E2639,U700,P32,view,2025-06-17 04:27:29
E2640,U18,P0,view,2025-06-15 16:12:33
E2641,U160,P24,cart,2025-06-10 09:04:30
E2642,U26,P43,wishlist,2025-10-06 05:45:47
E2643,U528,P3,purchase,2026-01-08 22:00:07
E2644,U759,P38,purchase,2025-09-14 07:44:50
E2645,U995,P30,cart,2025-12-17 00:20:21
E2646,U837,P45,view,2025-10-08 14:14:20
E2647,U797,P40,purchase,2025-11-02 03:42:58
E2648,U451,P44,wishlist,2025-07-05 09:22:27
E2649,U986,P43,purchase,2025-05-14 05:11:47
E2650,U38,P31,view,2025-07-27 09:32:11
E2651,U901,P15,cart,2026-02-25 12:07:01
E2652,U999,P2,purchase,2025-08-28 02:13:35
E2653,U981,P14,view,2025-07-08 15:02:12
E2654,U724,P21,purchase,2026-01-07 02:25:37
E2655,U344,P32,wishlist,2025-10-01 02:46:58
E2656,U844,P17,cart,2025-07-16 19:20:56
E2657,U470,P23,wishlist,2025-12-26 02:13:14
E2658,U454,P14,cart,2025-08-19 11:49:13
E2659,U943,P29,view,2025-11-05 02:50:31
E2660,U241,P22,wishlist,2025-10-31 07:58:13
E2661,U95,P3,purchase,2025-04-25 01:39:26
E2662,U818,P45,wishlist,2025-05-08 09:41:12
E2663,U262,P27,wishlist,2025-10-13 00:00:31
E2664,U233,P2,purchase,2025-06-28 10:47:47
E2665,U823,P8,wishlist,2025-07-08 18:56:38
E2666,U782,P49,cart,2025-11-05 16:15:52
E2667,U308,P43,wishlist,2026-01-06 14:54:55
E2668,U200,P9,wishlist,2025-03-21 14:38:02
E2669,U615,P38,wishlist,2025-08-13 03:31:31
E2670,U55,P15,wishlist,2025-10-12 13:18:31
E2671,U871,P11,view,2025-05-10 02:03:21
E2672,U954,P17,purchase,2025-07-14 12:26:49
E2673,U728,P30,view,2025-11-12 02:55:47
E2674,U784,P2,wishlist,2025-10-29 15:42:23
E2675,U785,P20,wishlist,2026-01-08 10:01:23
E2676,U92,P45,cart,2025-04-12 16:59:04
E2677,U203,P18,purchase,2025-07-22 07:56:46
E2678,U497,P30,purchase,2025-10-26 17:38:45
E2679,U445,P17,purchase,2025-05-12 01:31:50
E2680,U270,P3,view,2025-08-01 08:20:02
E2681,U692,P11,cart,2025-04-16 03:43:56
E2682,U783,P35,purchase,2025-07-17 05:35:02
E2683,U154,P45,view,2025-05-19 02:58:23
E2684,U719,P28,purchase,2025-10-29 06:09:17
E2685,U940,P35,purchase,2026-02-09 03:48:14
E2686,U235,P24,view,2025-10-09 06:20:37
E2687,U892,P44,purchase,2026-01-10 18:40:47
E2688,U950,P48,view,2025-08-08 02:08:16
E2689,U274,P26,wishlist,2025-11-13 17:09:29
E2690,U345,P36,wishlist,2025-10-13 19:59:29
E2691,U562,P26,view,2026-02-05 19:10:58
E2692,U603,P27,wishlist,2026-03-05 08:25:00
E2693,U11,P0,cart,2025-06-08 14:40:01
E2694,U360,P11,cart,2025-06-23 09:05:15
E2695,U742,P49,wishlist,2025-10-01 12:55:59
E2696,U205,P26,view,2025-08-28 07:22:23
E2697,U317,P29,purchase,2026-03-01 04:43:00
E2698,U88,P8,view,2025-11-08 22:53:14
E2699,U638,P17,purchase,2025-03-21 13:58:06
E2700,U660,P3,purchase,2025-08-02 19:50:50
E2701,U711,P29,cart,2025-05-17 02:32:04
E2702,U492,P46,purchase,2025-12-19 01:11:30
E2703,U498,P6,cart,2025-08-09 13:47:17
E2704,U589,P10,wishlist,2025-05-12 04:01:55
E2705,U343,P30,wishlist,2025-07-30 05:34:44
E2706,U248,P22,cart,2025-08-17 01:12:21
E2707,U783,P14,view,2025-05-02 12:28:13
E2708,U162,P19,cart,2025-08-14 03:15:58
E2709,U617,P29,cart,2026-03-08 01:17:25
E2710,U244,P8,wishlist,2025-07-22 12:17:59
E2711,U563,P39,wishlist,2025-10-15 21:00:11
E2712,U156,P30,view,2026-02-10 09:19:41
E2713,U965,P44,view,2025-07-08 17:02:31
E2714,U613,P0,wishlist,2026-01-17 21:10:25
E2715,U322,P1,wishlist,2025-09-20 01:34:45
E2716,U246,P19,purchase,2025-08-17 05:33:18
E2717,U361,P20,wishlist,2025-06-27 07:56:05
E2718,U598,P23,cart,2025-08-20 06:13:49
E2719,U414,P37,wishlist,2026-01-06 08:06:50
E2720,U469,P8,purchase,2025-07-04 02:41:50
E2721,U751,P46,wishlist,2025-10-07 23:59:04
E2722,U234,P38,cart,2025-10-28 12:11:00
E2723,U716,P11,purchase,2025-08-14 06:18:59
E2724,U337,P0,wishlist,2025-10-20 18:37:29
E2725,U929,P48,cart,2026-01-01 16:00:18
E2726,U209,P12,cart,2025-10-27 13:10:30
E2727,U84,P38,purchase,2025-12-09 11:49:30
E2728,U119,P2,view,2026-01-21 04:49:27
E2729,U37,P4,purchase,2025-07-22 16:56:46
E2730,U901,P41,purchase,2025-03-22 10:58:12
E2731,U805,P43,cart,2025-08-31 18:23:48
E2732,U314,P12,purchase,2025-05-23 11:43:06
E2733,U959,P30,purchase,2025-11-19 20:49:44
E2734,U576,P38,cart,2025-03-20 22:01:38
E2735,U50,P12,purchase,2025-08-08 09:06:43
E2736,U23,P44,view,2026-02-28 02:39:20
E2737,U907,P6,wishlist,2025-08-02 07:17:23
E2738,U75,P28,purchase,2025-06-30 22:38:08
E2739,U654,P22,cart,2025-03-29 10:12:38
E2740,U910,P37,purchase,2025-06-05 01:44:32
E2741,U17,P39,wishlist,2025-06-09 16:50:44
E2742,U222,P13,view,2025-07-17 07:04:06
E2743,U527,P2,purchase,2025-05-08 05:32:02
E2744,U795,P4,purchase,2025-12-10 22:42:19
E2745,U399,P6,purchase,2025-06-12 09:36:42
E2746,U422,P31,purchase,2025-05-18 07:43:08
E2747,U351,P36,view,2025-08-15 01:05:01
E2748,U566,P23,cart,2025-12-20 04:39:12
E2749,U88,P12,cart,2025-06-04 01:25:49
E2750,U49,P42,cart,2025-08-09 14:35:13
E2751,U738,P3,cart,2025-03-21 17:48:59
E2752,U973,P28,view,2025-07-31 05:18:55
E2753,U130,P5,cart,2025-04-10 02:48:03
E2754,U575,P32,purchase,2025-04-20 10:25:04
E2755,U4,P5,purchase,2025-12-23 08:17:05
E2756,U709,P34,cart,2025-09-25 04:19:21
E2757,U312,P30,purchase,2025-12-31 01:56:58
E2758,U250,P4,purchase,2026-02-23 22:50:35
E2759,U709,P34,wishlist,2026-01-03 01:23:20
E2760,U628,P29,cart,2025-11-19 11:34:58
E2761,U437,P36,cart,2025-12-19 13:00:30
E2762,U512,P5,wishlist,2026-03-10 21:12:35
E2763,U855,P39,cart,2025-08-29 09:04:46
E2764,U600,P39,cart,2026-01-25 04:23:11
E2765,U489,P36,wishlist,2025-10-21 22:51:07
E2766,U281,P24,cart,2025-08-31 00:39:23
E2767,U704,P43,purchase,2026-01-13 15:51:22
E2768,U96,P38,cart,2025-11-28 22:04:10
E2769,U60,P29,purchase,2026-01-02 19:21:29
E2770,U35,P44,wishlist,2025-07-09 21:38:18
E2771,U818,P2,cart,2025-11-03 23:45:15
E2772,U796,P17,purchase,2026-03-12 23:10:02
E2773,U849,P49,wishlist,2026-01-05 13:36:21
E2774,U711,P35,view,2025-09-01 11:58:24
E2775,U637,P17,wishlist,2025-12-25 22:01:59
E2776,U928,P37,view,2025-07-19 21:48:30
E2777,U912,P27,wishlist,2025-07-25 19:50:16
E2778,U712,P15,wishlist,2025-09-21 23:35:10
E2779,U297,P44,cart,2025-06-29 16:27:41
E2780,U925,P17,purchase,2025-06-02 02:42:19
E2781,U320,P20,cart,2025-05-05 08:08:54
E2782,U505,P6,wishlist,2025-09-02 00:43:45
E2783,U762,P27,cart,2026-01-29 08:10:41
E2784,U782,P22,wishlist,2026-02-10 11:51:50
E2785,U380,P13,wishlist,2026-01-20 11:05:03
E2786,U578,P35,wishlist,2025-06-02 12:47:46
E2787,U224,P17,cart,2025-09-16 04:49:03
E2788,U988,P48,view,2025-10-31 04:39:17
E2789,U276,P6,wishlist,2025-10-15 23:15:07
E2790,U730,P15,view,2025-05-31 21:54:07
E2791,U275,P9,purchase,2025-06-23 01:21:27
E2792,U53,P40,purchase,2025-05-31 03:06:09
E2793,U11,P0,cart,2025-12-08 14:59:08
E2794,U875,P47,wishlist,2025-11-24 12:27:20
E2795,U794,P36,view,2026-01-13 03:05:08
E2796,U659,P45,purchase,2025-09-20 09:54:13
E2797,U549,P23,purchase,2025-04-25 08:04:06
E2798,U614,P23,wishlist,2025-08-04 09:09:11
E2799,U274,P17,cart,2025-08-30 01:30:22
E2800,U192,P36,purchase,2026-01-08 12:58:42
E2801,U234,P8,cart,2025-09-19 01:39:51
E2802,U119,P31,cart,2025-06-25 22:33:08
E2803,U354,P48,view,2025-05-02 09:59:37
E2804,U668,P27,cart,2025-03-18 14:01:23
E2805,U622,P27,wishlist,2025-10-16 20:36:42
E2806,U22,P37,view,2025-04-28 05:33:00
E2807,U531,P14,cart,2025-11-12 22:22:48
E2808,U583,P0,view,2025-06-28 22:40:42
E2809,U654,P46,purchase,2025-06-04 11:45:29
E2810,U683,P6,cart,2025-09-14 19:45:39
E2811,U723,P26,wishlist,2025-10-01 03:58:35
E2812,U278,P25,wishlist,2025-12-29 17:07:20
E2813,U931,P28,view,2025-06-22 11:04:46
E2814,U335,P40,cart,2025-10-16 02:54:32
E2815,U670,P11,cart,2025-09-08 16:19:41
E2816,U594,P43,purchase,2026-01-10 02:19:22
E2817,U312,P9,wishlist,2026-02-27 03:33:40
E2818,U661,P33,wishlist,2026-01-12 22:56:00
E2819,U352,P43,wishlist,2026-02-22 04:30:47
E2820,U932,P23,purchase,2025-12-23 08:21:04
E2821,U613,P24,purchase,2025-09-07 09:56:18
E2822,U706,P43,view,2026-03-13 00:51:57
E2823,U513,P28,purchase,2025-04-04 19:01:43
E2824,U250,P26,purchase,2025-03-15 19:30:10
E2825,U151,P26,cart,2026-02-11 04:12:28
E2826,U615,P42,cart,2025-11-18 16:40:54
E2827,U275,P37,cart,2025-11-20 03:39:32
E2828,U550,P32,purchase,2025-11-28 21:53:21
E2829,U973,P16,view,2025-03-15 12:33:48
E2830,U718,P48,wishlist,2025-04-12 19:24:02
E2831,U225,P38,wishlist,2026-02-04 13:37:39
E2832,U512,P10,view,2026-02-13 22:54:56
E2833,U858,P43,view,2026-02-26 23:57:57
E2834,U517,P19,cart,2026-01-19 07:13:09
E2835,U608,P6,purchase,2026-01-11 07:28:16
E2836,U546,P29,view,2026-01-07 16:12:20
E2837,U279,P32,purchase,2025-05-15 19:35:46
E2838,U307,P10,cart,2025-11-04 23:53:31
E2839,U319,P17,wishlist,2025-09-09 00:32:41
E2840,U368,P17,purchase,2025-12-29 03:40:49
E2841,U788,P13,wishlist,2025-11-17 21:19:19
E2842,U25,P20,wishlist,2025-11-15 03:16:08
E2843,U77,P19,purchase,2025-06-08 08:50:51
E2844,U579,P29,wishlist,2025-12-18 19:47:35
E2845,U32,P10,wishlist,2025-12-19 05:41:38
E2846,U756,P31,view,2025-08-21 02:19:38
E2847,U886,P15,purchase,2025-04-15 03:14:47
E2848,U274,P6,purchase,2026-02-01 11:55:41
E2849,U404,P24,view,2025-09-25 16:58:16
E2850,U615,P31,view,2025-04-25 06:04:06
E2851,U254,P44,purchase,2025-12-12 16:11:39
E2852,U768,P45,wishlist,2025-06-09 12:36:54
E2853,U822,P26,cart,2026-02-18 10:36:18
E2854,U429,P35,cart,2025-06-15 16:38:59
E2855,U180,P47,cart,2025-11-30 14:32:32
E2856,U259,P15,cart,2025-03-26 22:42:18
E2857,U824,P38,cart,2025-10-23 16:42:26
E2858,U332,P21,purchase,2026-01-02 03:51:53
E2859,U706,P30,view,2025-08-04 10:20:55
E2860,U36,P36,cart,2025-04-28 19:55:41
E2861,U496,P3,cart,2025-03-24 16:39:40
E2862,U720,P10,purchase,2025-08-17 10:10:32
E2863,U846,P34,cart,2025-11-19 11:30:37
E2864,U566,P40,purchase,2025-10-09 06:28:17
E2865,U262,P5,cart,2026-02-11 15:54:09
E2866,U986,P40,view,2025-05-04 11:34:15
E2867,U353,P7,view,2025-07-01 16:29:10
E2868,U742,P8,purchase,2025-04-30 02:31:04
E2869,U442,P39,purchase,2025-10-08 13:27:00
E2870,U179,P1,view,2025-12-31 20:07:22
E2871,U668,P29,cart,2025-11-27 14:38:42
E2872,U259,P7,purchase,2025-06-03 23:23:54
E2873,U437,P7,cart,2025-11-03 19:00:15
E2874,U606,P24,purchase,2025-09-04 10:04:45
E2875,U175,P30,cart,2025-06-29 14:01:08
E2876,U649,P39,purchase,2025-10-08 22:35:17
E2877,U912,P7,cart,2026-02-24 12:38:09
E2878,U996,P0,wishlist,2025-09-20 18:05:32
E2879,U238,P27,purchase,2025-05-25 23:42:08
E2880,U467,P15,wishlist,2025-12-15 01:54:51
E2881,U495,P45,purchase,2025-11-05 00:38:02
E2882,U538,P7,cart,2025-10-26 15:16:09
E2883,U71,P13,cart,2025-09-12 18:23:02
E2884,U663,P30,view,2025-09-25 08:21:16
E2885,U707,P18,cart,2025-11-04 11:02:58
E2886,U69,P5,purchase,2026-02-27 14:35:08
E2887,U465,P28,wishlist,2025-03-30 10:24:10
E2888,U920,P7,wishlist,2025-06-28 16:38:21
E2889,U37,P43,view,2025-05-06 18:58:35
E2890,U582,P33,cart,2025-09-13 08:43:50
E2891,U836,P18,purchase,2026-03-07 12:03:09
E2892,U163,P1,cart,2025-08-21 05:55:16
E2893,U320,P25,purchase,2026-02-15 08:14:18
E2894,U493,P15,view,2025-04-29 10:38:32
E2895,U258,P8,cart,2025-05-31 17:25:24
E2896,U125,P14,cart,2025-04-27 08:13:29
E2897,U91,P12,wishlist,2025-11-28 13:08:38
E2898,U951,P15,cart,2025-11-21 19:53:05
E2899,U299,P27,purchase,2025-07-20 18:48:39
E2900,U858,P33,purchase,2025-10-29 12:02:09
E2901,U385,P43,view,2025-04-05 10:50:57
E2902,U934,P23,view,2025-08-21 22:58:52
E2903,U381,P39,view,2025-12-14 03:14:52
E2904,U777,P21,view,2025-12-17 14:15:38
E2905,U88,P7,view,2025-12-25 15:14:39
E2906,U513,P36,wishlist,2025-06-26 01:23:46
E2907,U619,P36,cart,2026-01-31 00:39:01
E2908,U646,P19,view,2025-03-31 08:43:26
E2909,U960,P48,purchase,2025-12-10 01:29:02
E2910,U761,P47,wishlist,2025-08-15 02:25:39
E2911,U792,P48,purchase,2025-10-10 18:47:12
E2912,U447,P8,wishlist,2025-07-13 09:18:00
E2913,U398,P38,view,2026-03-08 15:50:34
E2914,U485,P9,cart,2025-06-25 00:27:06
E2915,U255,P34,purchase,2025-05-13 00:28:39
E2916,U345,P41,cart,2025-12-16 21:25:24
E2917,U889,P41,cart,2025-05-28 14:40:42
E2918,U204,P32,cart,2025-12-18 01:42:57
E2919,U790,P20,wishlist,2025-08-26 08:24:04
E2920,U729,P36,view,2025-05-20 16:54:53
E2921,U521,P41,wishlist,2025-07-02 19:37:22
E2922,U693,P43,wishlist,2025-06-07 01:46:46
E2923,U34,P41,purchase,2026-02-03 22:42:22
E2924,U835,P17,wishlist,2025-06-15 00:50:31
E2925,U214,P15,purchase,2026-02-21 12:01:13
E2926,U104,P15,purchase,2025-11-30 02:49:03
E2927,U505,P37,cart,2025-10-25 03:37:08
E2928,U434,P18,wishlist,2025-10-26 09:57:34
E2929,U392,P47,cart,2026-01-23 15:57:25
E2930,U127,P7,cart,2025-05-20 08:12:19
E2931,U85,P9,wishlist,2025-10-04 03:50:39
E2932,U976,P26,cart,2025-06-26 06:50:25
E2933,U648,P3,purchase,2025-12-26 10:26:22
E2934,U482,P14,purchase,2026-02-19 19:53:01
E2935,U488,P6,view,2025-04-14 14:50:04
E2936,U666,P20,purchase,2025-04-29 12:32:39
E2937,U824,P38,view,2025-03-27 00:02:56
E2938,U905,P48,cart,2026-01-16 10:18:40
E2939,U248,P19,purchase,2025-10-30 09:09:29
E2940,U350,P17,view,2025-10-31 21:56:53
E2941,U834,P45,wishlist,2026-03-06 10:26:22
E2942,U296,P48,purchase,2025-06-10 09:15:38
E2943,U717,P22,wishlist,2025-11-24 00:25:36
E2944,U36,P26,view,2025-03-24 21:33:20
E2945,U314,P35,view,2025-11-18 13:14:28
E2946,U225,P32,cart,2025-09-22 04:09:13
E2947,U353,P3,purchase,2026-02-14 20:11:05
E2948,U108,P48,view,2025-07-23 13:51:48
E2949,U77,P30,purchase,2025-06-05 13:17:12
E2950,U601,P16,wishlist,2025-11-26 22:11:03
E2951,U300,P27,purchase,2026-01-31 10:59:37
E2952,U194,P12,cart,2025-12-10 10:45:59
E2953,U587,P13,purchase,2026-02-06 23:05:07
E2954,U365,P17,view,2025-05-05 06:26:32
E2955,U195,P31,view,2025-08-05 16:05:18
E2956,U485,P14,view,2026-02-12 09:59:39
E2957,U44,P22,cart,2025-06-08 04:15:55
E2958,U296,P36,cart,2025-10-06 05:42:05
E2959,U430,P25,view,2025-10-28 16:24:08
E2960,U311,P45,view,2025-12-01 13:59:33
E2961,U694,P10,purchase,2025-10-05 04:17:59
E2962,U481,P25,cart,2025-08-10 05:36:36
E2963,U386,P38,purchase,2025-11-08 05:03:53
E2964,U942,P47,view,2025-06-06 02:39:55
E2965,U687,P46,view,2025-05-28 02:19:50
E2966,U538,P34,cart,2025-05-28 11:16:07
E2967,U303,P47,cart,2026-02-10 20:37:58
E2968,U461,P32,cart,2026-01-01 15:24:27
E2969,U839,P45,wishlist,2025-11-24 10:44:42
E2970,U222,P15,cart,2025-05-04 18:39:31
E2971,U246,P43,purchase,2025-10-18 12:49:40
E2972,U717,P44,view,2026-01-02 05:00:01
E2973,U74,P31,wishlist,2025-10-07 16:26:09
E2974,U121,P9,view,2025-10-29 07:30:08
E2975,U64,P38,view,2025-11-17 17:31:09
E2976,U289,P31,view,2025-09-26 07:35:38
E2977,U69,P17,cart,2026-03-12 07:30:30
E2978,U179,P39,purchase,2025-08-05 15:06:42
E2979,U735,P7,view,2025-09-02 14:01:38
E2980,U406,P38,cart,2025-10-26 06:11:21
E2981,U820,P48,wishlist,2026-02-27 05:54:07
E2982,U232,P17,cart,2025-06-25 04:48:13
E2983,U8,P30,cart,2026-02-17 18:25:24
E2984,U964,P19,cart,2025-07-31 15:23:34
E2985,U892,P23,purchase,2025-09-22 04:19:14
E2986,U984,P22,purchase,2025-08-25 05:39:20
E2987,U681,P2,purchase,2026-02-20 16:10:50
E2988,U496,P44,view,2025-07-22 19:46:48
E2989,U901,P2,view,2025-12-07 01:10:22
E2990,U596,P21,purchase,2025-07-23 08:50:42
E2991,U534,P30,cart,2025-05-29 05:16:18
E2992,U251,P48,view,2025-12-11 21:11:19
E2993,U230,P22,purchase,2025-07-02 00:00:35
E2994,U72,P3,cart,2025-11-10 06:33:09
E2995,U814,P37,view,2025-03-26 00:22:26
E2996,U631,P24,wishlist,2025-05-07 18:28:36
E2997,U805,P31,cart,2025-06-18 02:11:01
E2998,U949,P29,view,2025-11-17 02:47:43
E2999,U106,P48,wishlist,2025-04-19 17:11:19
E3000,U251,P20,wishlist,2025-05-10 14:18:32
E3001,U996,P18,view,2025-11-15 22:13:47
E3002,U426,P9,purchase,2025-09-12 13:16:44
E3003,U303,P38,wishlist,2025-12-23 02:17:14
E3004,U896,P34,view,2025-12-17 01:44:32
E3005,U632,P25,view,2026-02-04 20:04:19
E3006,U129,P30,view,2025-06-06 03:24:34
E3007,U455,P17,wishlist,2026-01-13 18:34:54
E3008,U397,P9,purchase,2025-03-30 21:52:35
E3009,U860,P1,view,2025-06-17 06:20:59
E3010,U252,P15,cart,2025-03-29 03:55:06
E3011,U919,P32,wishlist,2025-03-25 16:44:55
E3012,U280,P32,cart,2025-12-08 11:39:50
E3013,U990,P18,wishlist,2025-11-17 15:36:36
E3014,U391,P26,purchase,2025-12-16 02:20:09
E3015,U124,P32,cart,2025-03-29 11:51:59
E3016,U998,P22,purchase,2025-12-05 18:33:39
E3017,U887,P12,wishlist,2025-05-18 02:13:37
E3018,U877,P7,view,2025-03-24 00:18:32
E3019,U294,P21,wishlist,2025-10-08 15:14:15
E3020,U689,P45,purchase,2025-07-08 01:07:45
E3021,U98,P44,cart,2025-06-26 06:20:57
E3022,U210,P44,cart,2025-03-20 13:18:19
E3023,U889,P21,cart,2025-06-28 07:11:09
E3024,U667,P41,purchase,2025-11-04 02:38:33
E3025,U75,P24,view,2025-12-04 09:08:11
E3026,U429,P39,purchase,2025-10-15 18:26:42
E3027,U971,P39,wishlist,2025-11-05 02:18:40
E3028,U870,P6,purchase,2025-04-09 04:47:06
E3029,U560,P34,purchase,2025-07-12 19:38:43
E3030,U402,P34,cart,2025-06-29 13:54:46
E3031,U277,P22,cart,2025-08-18 07:54:12
E3032,U763,P8,view,2026-01-19 16:56:28
E3033,U362,P34,view,2025-06-09 17:06:36
E3034,U973,P35,cart,2025-07-10 15:52:15
E3035,U391,P9,cart,2025-03-21 04:59:39
E3036,U454,P2,wishlist,2025-09-30 22:03:58
E3037,U43,P27,wishlist,2026-03-11 20:31:07
E3038,U793,P31,wishlist,2025-05-08 13:07:04
E3039,U731,P27,cart,2025-12-15 07:12:08
E3040,U390,P14,purchase,2025-12-17 21:01:11
E3041,U715,P4,wishlist,2026-03-10 22:05:32
E3042,U715,P40,view,2025-08-18 14:02:45
E3043,U304,P36,view,2025-10-02 11:45:09
E3044,U500,P8,purchase,2025-12-03 01:19:58
E3045,U537,P5,purchase,2025-08-12 15:12:23
E3046,U136,P32,cart,2025-03-20 09:35:51
E3047,U323,P8,cart,2025-04-28 11:25:22
E3048,U387,P15,wishlist,2026-02-12 18:38:52
E3049,U268,P26,view,2026-03-04 00:23:05
E3050,U32,P2,purchase,2025-06-24 20:59:33
E3051,U498,P36,view,2025-07-27 16:12:15
E3052,U717,P15,cart,2025-08-23 04:29:12
E3053,U597,P8,cart,2025-09-30 02:45:13
E3054,U474,P17,cart,2025-03-19 18:27:44
E3055,U130,P41,view,2026-03-06 23:33:14
E3056,U306,P4,wishlist,2025-08-26 05:59:45
E3057,U179,P14,purchase,2025-10-28 11:59:38
E3058,U900,P22,view,2025-12-30 20:23:27
E3059,U433,P15,view,2025-04-27 17:53:21
E3060,U377,P16,purchase,2025-11-10 12:44:22
E3061,U240,P43,purchase,2025-06-12 11:44:14
E3062,U409,P25,purchase,2025-07-22 02:01:17
E3063,U468,P41,purchase,2025-06-27 15:25:20
E3064,U838,P10,view,2025-05-09 07:46:00
E3065,U381,P9,view,2025-10-22 04:40:35
E3066,U241,P31,purchase,2025-10-07 06:50:44
E3067,U773,P45,purchase,2025-05-07 18:39:04
E3068,U872,P8,purchase,2025-06-23 22:16:42
E3069,U963,P25,purchase,2025-12-02 04:58:14
E3070,U159,P25,wishlist,2026-01-22 19:57:18
E3071,U941,P28,view,2025-10-18 16:59:51
E3072,U610,P1,wishlist,2025-04-30 02:10:30
E3073,U681,P35,cart,2025-06-05 19:35:21
E3074,U339,P11,wishlist,2025-07-06 22:21:30
E3075,U434,P22,cart,2025-03-21 03:42:06
E3076,U326,P10,purchase,2026-02-15 12:51:43
E3077,U333,P17,cart,2025-05-09 00:14:47
E3078,U939,P4,wishlist,2025-09-19 14:34:51
E3079,U711,P0,view,2025-10-11 21:41:27
E3080,U663,P35,view,2025-03-16 19:48:19
E3081,U223,P43,view,2025-04-05 14:36:24
E3082,U733,P30,cart,2025-08-30 20:32:15
E3083,U758,P45,purchase,2025-12-06 15:37:30
E3084,U56,P41,view,2025-12-27 01:21:45
E3085,U562,P11,view,2026-02-23 08:32:03
E3086,U332,P4,view,2025-05-24 10:55:50
E3087,U725,P0,cart,2026-02-15 08:47:25
E3088,U545,P27,view,2025-05-17 03:27:55
E3089,U275,P7,purchase,2026-03-13 15:26:16
E3090,U341,P11,purchase,2025-11-05 03:17:10
E3091,U415,P13,purchase,2025-08-20 18:30:09
E3092,U837,P2,purchase,2025-04-13 10:50:19
E3093,U895,P10,cart,2025-05-18 20:56:27
E3094,U328,P6,view,2025-06-13 03:48:35
E3095,U85,P49,purchase,2025-08-09 13:58:54
E3096,U825,P28,wishlist,2025-05-05 07:04:31
E3097,U895,P33,cart,2025-07-15 03:00:26
E3098,U76,P23,purchase,2025-12-20 01:12:01
E3099,U666,P17,cart,2025-05-20 02:47:32
E3100,U47,P41,view,2025-12-03 11:32:57
E3101,U11,P0,view,2025-11-21 15:03:53
E3102,U732,P14,wishlist,2025-12-31 18:00:35
E3103,U897,P49,purchase,2026-01-13 13:26:17
E3104,U639,P10,cart,2026-02-02 23:07:59
E3105,U983,P28,purchase,2025-08-21 13:08:28
E3106,U30,P29,view,2026-02-03 06:31:02
E3107,U474,P47,view,2025-10-24 23:03:39
E3108,U396,P42,cart,2025-06-10 01:07:30
E3109,U756,P4,purchase,2025-07-01 03:33:06
E3110,U565,P9,cart,2025-10-26 19:32:26
E3111,U783,P36,wishlist,2025-04-02 21:40:34
E3112,U622,P2,wishlist,2025-03-19 08:40:27
E3113,U757,P34,view,2025-12-08 17:14:22
E3114,U478,P30,cart,2025-09-28 23:29:05
E3115,U793,P46,wishlist,2026-01-30 03:09:12
E3116,U296,P2,cart,2025-08-05 20:16:59
E3117,U706,P16,wishlist,2025-07-24 08:42:41
E3118,U951,P0,wishlist,2025-08-29 02:46:21
E3119,U184,P25,wishlist,2025-06-07 10:38:01
E3120,U145,P18,wishlist,2026-02-08 10:26:44
E3121,U943,P16,cart,2025-04-30 18:31:03
E3122,U947,P40,wishlist,2025-10-16 18:13:05
E3123,U788,P48,wishlist,2025-06-25 16:55:09
E3124,U530,P12,purchase,2026-03-10 21:21:39
E3125,U873,P7,wishlist,2025-07-21 04:35:04
E3126,U14,P26,cart,2025-11-22 03:14:32
E3127,U158,P48,purchase,2026-02-23 05:53:35
E3128,U586,P14,wishlist,2025-11-22 16:03:45
E3129,U478,P22,purchase,2026-01-09 17:50:09
E3130,U715,P5,cart,2025-06-27 16:18:45
E3131,U471,P1,cart,2025-12-06 02:49:10
E3132,U410,P48,view,2025-08-12 18:53:34
E3133,U181,P34,wishlist,2025-04-13 15:28:06
E3134,U241,P29,wishlist,2025-08-18 12:43:46
E3135,U922,P6,cart,2025-09-20 05:17:44
E3136,U749,P41,cart,2026-03-01 16:53:21
E3137,U816,P26,wishlist,2025-05-04 08:41:26
E3138,U993,P27,purchase,2025-04-15 14:17:33
E3139,U26,P34,cart,2025-09-05 01:30:25
E3140,U912,P33,view,2025-04-21 05:38:48
E3141,U465,P3,cart,2025-10-07 14:17:32
E3142,U464,P4,view,2025-07-10 09:16:56
E3143,U582,P20,purchase,2026-02-13 05:33:38
E3144,U159,P4,purchase,2025-07-08 19:33:55
E3145,U39,P39,view,2025-03-28 10:19:20
E3146,U4,P12,view,2026-02-24 23:59:57
E3147,U998,P18,purchase,2025-06-14 21:16:11
E3148,U816,P18,wishlist,2025-06-23 23:40:44
E3149,U415,P14,cart,2025-11-18 18:04:05
E3150,U555,P45,purchase,2025-10-02 20:57:37
E3151,U561,P2,wishlist,2025-10-17 00:56:22
E3152,U635,P24,purchase,2025-10-29 03:37:18
E3153,U942,P16,cart,2025-10-18 00:28:02
E3154,U61,P44,wishlist,2026-01-29 22:42:56
E3155,U865,P6,cart,2025-06-20 05:43:35
E3156,U112,P13,purchase,2025-11-20 05:58:29
E3157,U640,P19,view,2026-01-24 04:17:59
E3158,U582,P48,view,2025-04-25 05:18:30
E3159,U375,P23,wishlist,2025-08-26 17:07:10
E3160,U913,P23,wishlist,2025-08-05 08:59:16
E3161,U946,P31,view,2025-09-07 23:44:53
E3162,U667,P30,wishlist,2025-10-16 18:31:16
E3163,U426,P20,purchase,2025-04-22 20:00:28
E3164,U84,P1,view,2025-08-12 07:58:22
E3165,U468,P25,cart,2025-06-17 15:21:59
E3166,U933,P16,view,2025-04-05 18:01:38
E3167,U443,P28,cart,2025-10-12 17:48:52
E3168,U3,P6,purchase,2026-01-10 07:07:52
E3169,U496,P27,cart,2025-09-24 07:07:59
E3170,U545,P36,cart,2025-09-30 14:51:55
E3171,U492,P43,wishlist,2025-05-05 10:32:54
E3172,U460,P13,view,2025-09-10 01:47:11
E3173,U888,P26,wishlist,2025-09-29 01:09:12
E3174,U301,P46,purchase,2026-01-27 16:32:47
E3175,U962,P19,cart,2026-01-02 00:47:51
E3176,U993,P18,purchase,2025-06-24 16:13:57
E3177,U841,P26,cart,2025-12-20 21:34:41
E3178,U586,P49,cart,2025-09-04 14:33:26
E3179,U917,P16,view,2025-08-16 01:28:37
E3180,U649,P20,cart,2025-08-20 00:44:13
E3181,U206,P49,cart,2025-09-09 17:44:22
E3182,U554,P27,cart,2025-07-11 08:58:10
E3183,U782,P15,cart,2025-05-27 01:22:19
E3184,U657,P9,cart,2025-05-08 12:52:50
E3185,U165,P41,view,2025-12-07 02:03:56
E3186,U69,P23,purchase,2025-07-30 08:57:07
E3187,U653,P40,view,2025-06-06 19:34:31
E3188,U28,P18,cart,2026-02-26 01:57:28
E3189,U530,P42,purchase,2025-09-11 15:23:39
E3190,U706,P2,purchase,2025-09-05 11:53:00
E3191,U642,P11,view,2025-05-16 22:14:05
E3192,U59,P11,wishlist,2025-12-27 07:27:37
E3193,U741,P26,view,2025-05-19 09:03:49
E3194,U529,P43,view,2025-03-30 09:37:21
E3195,U225,P48,view,2025-06-30 21:27:46
E3196,U13,P39,purchase,2025-04-10 19:38:23
E3197,U30,P47,view,2025-09-01 22:32:31
E3198,U881,P5,view,2025-08-17 08:05:47
E3199,U468,P41,purchase,2025-11-05 17:19:35
E3200,U620,P46,purchase,2025-07-22 20:52:49
E3201,U974,P9,purchase,2025-11-11 18:55:31
E3202,U642,P20,wishlist,2025-03-27 20:09:54
E3203,U939,P5,wishlist,2025-09-28 00:01:07
E3204,U229,P22,view,2025-11-17 07:45:02
E3205,U98,P1,cart,2025-06-08 12:59:05
E3206,U148,P38,wishlist,2026-01-08 18:21:07
E3207,U563,P45,wishlist,2025-05-07 03:38:33
E3208,U40,P27,purchase,2025-06-27 14:49:22
E3209,U12,P30,view,2025-08-25 19:11:55
E3210,U73,P3,purchase,2026-02-28 12:44:41
E3211,U855,P34,view,2025-10-09 22:50:00
E3212,U519,P9,view,2025-03-21 11:20:56
E3213,U67,P2,cart,2025-04-02 17:20:30
E3214,U877,P3,wishlist,2025-04-06 07:54:42
E3215,U911,P26,wishlist,2025-07-07 18:49:00
E3216,U811,P48,wishlist,2026-02-13 18:57:37
E3217,U656,P45,purchase,2025-11-02 05:54:47
E3218,U600,P15,cart,2025-07-02 21:26:48
E3219,U283,P49,cart,2025-09-28 13:15:58
E3220,U350,P35,wishlist,2025-08-26 17:32:01
E3221,U99,P4,wishlist,2026-02-22 17:48:06
E3222,U589,P37,purchase,2025-05-24 03:16:02
E3223,U471,P45,purchase,2025-05-08 22:44:14
E3224,U706,P23,purchase,2025-10-18 08:06:31
E3225,U490,P7,cart,2025-06-22 15:10:28
E3226,U721,P35,wishlist,2025-10-31 23:24:08
E3227,U664,P0,purchase,2025-03-26 20:57:07
E3228,U286,P4,purchase,2025-07-04 08:14:15
E3229,U831,P32,view,2026-02-12 11:45:33
E3230,U852,P2,view,2025-04-29 23:19:22
E3231,U64,P16,view,2025-04-12 02:15:25
E3232,U88,P41,purchase,2025-04-10 10:29:29
E3233,U352,P7,cart,2025-04-06 23:13:39
E3234,U467,P0,wishlist,2025-07-09 14:07:19
E3235,U0,P27,purchase,2025-07-22 22:19:14
E3236,U120,P4,cart,2026-02-25 09:37:17
E3237,U721,P1,wishlist,2025-09-20 02:18:35
E3238,U922,P18,view,2025-12-13 05:33:15
E3239,U277,P16,view,2025-04-13 19:56:33
E3240,U406,P7,view,2026-01-10 11:15:22
E3241,U535,P19,view,2025-11-19 07:26:17
E3242,U967,P47,purchase,2025-04-03 01:07:52
E3243,U340,P11,purchase,2025-07-21 06:30:08
E3244,U810,P21,wishlist,2025-08-29 13:15:53
E3245,U827,P18,wishlist,2025-10-12 06:17:29
E3246,U469,P23,cart,2025-06-24 19:01:49
E3247,U135,P37,cart,2025-12-04 02:27:23
E3248,U239,P14,view,2025-08-29 04:57:12
E3249,U404,P31,cart,2025-08-25 12:52:00
E3250,U334,P4,purchase,2025-11-08 02:23:20
E3251,U789,P15,cart,2025-06-26 11:19:31
E3252,U926,P24,purchase,2025-04-08 10:49:56
E3253,U21,P39,wishlist,2025-11-27 09:22:02
E3254,U173,P20,wishlist,2025-06-08 12:01:26
E3255,U342,P47,wishlist,2025-05-25 15:43:40
E3256,U862,P43,wishlist,2025-07-09 15:08:15
E3257,U844,P27,wishlist,2026-02-23 19:20:19
E3258,U811,P35,cart,2026-02-08 20:54:59
E3259,U410,P16,purchase,2025-06-18 02:44:33
E3260,U691,P31,cart,2025-05-07 22:49:24
E3261,U376,P10,view,2025-08-02 21:42:26
E3262,U356,P16,wishlist,2026-01-22 16:23:46
E3263,U325,P12,view,2025-09-19 00:45:27
E3264,U983,P43,wishlist,2025-12-31 04:05:06
E3265,U707,P48,view,2025-09-01 12:12:00
E3266,U247,P18,cart,2026-02-04 07:50:35
E3267,U150,P8,view,2025-06-30 23:14:43
E3268,U3,P35,purchase,2025-10-11 16:42:07
E3269,U86,P22,view,2026-02-12 09:53:38
E3270,U746,P33,wishlist,2025-03-18 18:01:32
E3271,U101,P21,cart,2025-11-15 01:38:07
E3272,U46,P15,view,2025-10-16 13:25:56
E3273,U765,P25,wishlist,2026-02-21 05:42:26
E3274,U15,P13,view,2025-10-22 08:24:43
E3275,U602,P4,purchase,2025-11-11 22:08:48
E3276,U719,P7,purchase,2025-11-09 09:44:54
E3277,U667,P46,purchase,2025-08-20 13:11:12
E3278,U887,P7,cart,2025-07-01 09:37:54
E3279,U437,P14,wishlist,2025-05-19 18:38:48
E3280,U520,P11,view,2025-11-02 01:31:59
E3281,U338,P47,purchase,2025-12-15 03:05:23
E3282,U408,P39,wishlist,2026-02-13 14:31:48
E3283,U104,P28,wishlist,2025-07-16 00:03:10
E3284,U42,P25,cart,2025-05-25 21:45:36
E3285,U844,P9,wishlist,2025-12-04 18:08:44
E3286,U869,P9,wishlist,2025-03-26 16:07:10
E3287,U300,P11,wishlist,2025-07-19 18:00:48
E3288,U316,P1,wishlist,2026-01-23 13:40:18
E3289,U813,P12,view,2025-07-24 00:32:52
E3290,U61,P14,purchase,2025-08-21 18:04:49
E3291,U580,P22,purchase,2026-01-10 21:41:06
E3292,U661,P10,view,2025-08-01 15:12:30
E3293,U84,P20,cart,2025-03-18 16:57:39
E3294,U705,P11,view,2025-04-17 14:35:02
E3295,U423,P28,view,2025-11-03 02:00:11
E3296,U217,P13,wishlist,2025-12-06 23:13:45
E3297,U505,P15,purchase,2025-10-30 08:06:14
E3298,U756,P18,view,2025-03-29 03:44:40
E3299,U763,P39,cart,2025-05-14 16:27:27
E3300,U159,P33,view,2025-04-05 17:48:15
E3301,U451,P7,cart,2025-09-15 04:15:43
E3302,U492,P8,cart,2025-07-06 02:24:08
E3303,U62,P29,cart,2026-01-04 20:12:55
E3304,U873,P44,purchase,2025-05-06 08:13:44
E3305,U693,P14,view,2025-05-10 07:47:45
E3306,U785,P32,wishlist,2025-11-21 02:08:14
E3307,U832,P3,wishlist,2025-06-11 16:33:46
E3308,U909,P19,view,2025-11-06 07:51:14
E3309,U324,P27,wishlist,2026-01-19 00:25:34
E3310,U392,P32,cart,2026-03-13 19:30:51
E3311,U328,P47,purchase,2025-09-24 14:43:47
E3312,U950,P33,purchase,2025-06-13 10:35:56
E3313,U32,P18,wishlist,2026-03-04 05:53:44
E3314,U765,P2,purchase,2025-04-16 13:15:05
E3315,U640,P1,cart,2025-09-04 12:42:25
E3316,U208,P2,wishlist,2025-05-13 03:58:39
E3317,U170,P25,purchase,2025-10-01 18:47:13
E3318,U673,P40,wishlist,2025-08-18 14:28:30
E3319,U674,P36,purchase,2025-11-27 19:01:08
E3320,U956,P45,cart,2025-05-10 08:47:53
E3321,U209,P11,wishlist,2025-06-13 19:04:41
E3322,U931,P18,purchase,2026-02-19 15:20:36
E3323,U271,P45,purchase,2025-11-28 07:07:08
E3324,U790,P13,view,2025-12-12 08:05:35
E3325,U806,P9,cart,2025-12-11 08:02:54
E3326,U459,P10,wishlist,2026-01-16 15:25:58
E3327,U556,P44,purchase,2025-08-29 09:46:34
E3328,U306,P40,cart,2025-06-19 01:22:13
E3329,U527,P39,purchase,2026-01-27 13:42:27
E3330,U70,P14,view,2025-11-08 01:21:01
E3331,U532,P46,wishlist,2025-11-10 14:25:23
E3332,U84,P33,view,2025-12-12 13:52:36
E3333,U216,P32,purchase,2025-12-01 11:43:41
E3334,U698,P39,wishlist,2025-04-11 05:33:30
E3335,U966,P39,wishlist,2025-04-25 11:35:02
E3336,U178,P7,wishlist,2025-04-01 09:15:42
E3337,U579,P46,view,2025-03-25 23:18:51
E3338,U744,P13,purchase,2025-11-02 20:54:29
E3339,U56,P46,cart,2025-09-10 07:49:20
E3340,U614,P2,wishlist,2025-11-11 06:30:05
E3341,U496,P30,wishlist,2025-08-26 05:59:55
E3342,U431,P24,view,2025-11-21 07:40:02
E3343,U239,P3,cart,2025-10-28 21:46:41
E3344,U786,P28,wishlist,2025-05-03 14:35:27
E3345,U478,P23,wishlist,2025-06-22 17:25:55
E3346,U823,P15,view,2025-08-25 18:32:46
E3347,U38,P45,wishlist,2025-10-01 15:54:52
E3348,U840,P17,cart,2025-09-30 18:51:51
E3349,U194,P25,wishlist,2025-09-24 19:33:59
E3350,U427,P6,wishlist,2025-09-27 06:37:42
E3351,U304,P16,purchase,2025-07-06 21:58:33
E3352,U973,P34,cart,2025-11-06 14:51:30
E3353,U229,P0,wishlist,2025-08-04 03:46:19
E3354,U932,P49,purchase,2025-11-16 13:58:28
E3355,U137,P46,cart,2025-07-28 19:45:37
E3356,U78,P41,view,2025-12-11 02:53:18
E3357,U481,P35,view,2025-08-08 09:43:00
E3358,U214,P12,view,2025-08-21 14:46:58
E3359,U559,P33,wishlist,2025-04-14 18:52:18
E3360,U476,P39,cart,2025-12-14 06:51:45
E3361,U350,P40,view,2026-02-22 04:09:00
E3362,U607,P26,view,2025-05-18 06:39:30
E3363,U300,P49,cart,2025-06-24 12:23:16
E3364,U271,P33,cart,2025-04-07 13:53:27
E3365,U363,P36,view,2025-04-29 07:13:58
E3366,U202,P34,purchase,2025-07-05 06:27:59
E3367,U316,P10,cart,2025-04-29 02:36:30
E3368,U487,P28,wishlist,2025-06-16 02:41:22
E3369,U61,P1,view,2025-10-24 03:03:13
E3370,U756,P41,wishlist,2025-08-11 18:10:02
E3371,U315,P11,wishlist,2026-01-30 14:56:53
E3372,U84,P33,cart,2025-11-20 17:13:07
E3373,U580,P43,wishlist,2025-11-16 21:34:56
E3374,U770,P2,cart,2025-11-20 05:41:40
E3375,U913,P21,cart,2025-05-06 15:40:42
E3376,U916,P8,purchase,2025-06-08 07:31:52
E3377,U852,P13,cart,2025-10-24 22:52:01
E3378,U516,P0,purchase,2025-10-31 08:25:35
E3379,U825,P41,cart,2025-08-09 06:05:17
E3380,U703,P45,view,2025-09-21 16:55:09
E3381,U264,P12,purchase,2026-03-07 12:16:16
E3382,U266,P7,wishlist,2025-10-02 06:19:47
E3383,U562,P18,wishlist,2026-02-28 16:46:50
E3384,U457,P46,cart,2025-12-26 19:37:13
E3385,U905,P13,purchase,2025-06-16 16:11:28
E3386,U590,P40,wishlist,2026-02-27 02:53:43
E3387,U199,P12,view,2025-09-11 01:56:06
E3388,U115,P12,cart,2025-06-23 02:38:04
E3389,U989,P31,wishlist,2026-01-16 11:45:25
E3390,U41,P35,purchase,2026-01-30 21:36:41
E3391,U496,P27,cart,2025-08-25 14:00:15
E3392,U778,P2,cart,2025-09-17 13:11:38
E3393,U826,P40,view,2025-11-19 03:19:49
E3394,U354,P29,cart,2025-09-12 18:27:20
E3395,U555,P8,purchase,2025-04-26 07:23:35
E3396,U592,P46,wishlist,2025-10-18 00:37:22
E3397,U839,P0,wishlist,2025-10-10 04:56:13
E3398,U438,P46,wishlist,2026-01-13 23:34:59
E3399,U833,P38,purchase,2025-03-21 08:12:30
E3400,U684,P23,cart,2025-12-09 07:47:24
E3401,U269,P5,purchase,2025-07-16 09:54:08
E3402,U644,P9,cart,2025-06-29 03:07:22
E3403,U599,P27,wishlist,2026-01-04 11:02:54
E3404,U520,P17,cart,2025-04-29 18:47:00
E3405,U350,P5,view,2025-06-06 04:11:21
E3406,U284,P47,purchase,2025-12-07 21:55:40
E3407,U380,P29,view,2025-06-03 01:00:49
E3408,U142,P11,purchase,2026-01-09 16:01:37
E3409,U18,P1,purchase,2026-01-10 06:36:19
E3410,U266,P42,view,2025-11-06 05:36:18
E3411,U279,P5,view,2025-06-14 19:36:19
E3412,U137,P15,wishlist,2026-03-07 22:37:28
E3413,U414,P33,cart,2026-02-07 23:50:56
E3414,U229,P23,view,2025-12-21 09:58:17
E3415,U608,P19,purchase,2025-11-25 08:43:30
E3416,U18,P8,purchase,2026-02-20 10:13:07
E3417,U420,P8,wishlist,2025-04-12 08:03:58
E3418,U131,P45,wishlist,2025-12-21 19:02:53
E3419,U299,P12,purchase,2026-02-23 19:28:35
E3420,U254,P8,purchase,2025-09-23 06:51:07
E3421,U433,P3,wishlist,2025-12-17 04:11:16
E3422,U295,P9,view,2025-12-06 21:01:37
E3423,U132,P40,cart,2025-07-18 01:52:30
E3424,U930,P48,cart,2025-10-26 04:06:32
E3425,U11,P42,purchase,2025-09-08 05:09:24
E3426,U360,P23,purchase,2025-07-07 10:32:12
E3427,U149,P6,view,2025-10-08 18:07:27
E3428,U568,P15,purchase,2025-03-24 22:27:02
E3429,U823,P26,purchase,2026-02-15 04:07:29
E3430,U644,P29,wishlist,2025-10-28 05:56:49
E3431,U218,P44,view,2025-08-23 02:41:23
E3432,U154,P32,purchase,2025-07-07 04:15:50
E3433,U974,P31,view,2025-06-07 16:17:27
E3434,U289,P48,view,2026-01-19 21:24:10
E3435,U609,P3,cart,2025-10-19 15:41:46
E3436,U722,P45,purchase,2025-06-03 20:50:41
E3437,U876,P37,purchase,2026-01-12 21:22:18
E3438,U249,P18,cart,2025-08-30 02:02:55
E3439,U482,P20,view,2025-07-14 05:53:12
E3440,U220,P4,cart,2025-10-11 21:22:16
E3441,U258,P2,view,2025-11-03 01:40:12
E3442,U223,P48,view,2026-02-20 23:55:36
E3443,U186,P19,purchase,2026-01-17 03:27:38
E3444,U42,P21,purchase,2025-06-06 19:24:20
E3445,U970,P0,wishlist,2025-11-22 10:33:21
E3446,U373,P1,cart,2026-03-01 14:01:24
E3447,U474,P27,cart,2026-03-08 11:16:13
E3448,U616,P28,cart,2025-08-17 04:17:28
E3449,U484,P43,purchase,2025-12-20 05:53:17
E3450,U515,P48,cart,2026-01-14 02:04:00
E3451,U257,P36,view,2025-07-26 08:25:52
E3452,U229,P10,cart,2025-05-05 15:31:42
E3453,U102,P37,view,2025-07-18 16:15:17
E3454,U378,P16,view,2025-06-24 06:20:36
E3455,U751,P34,purchase,2026-01-07 01:48:16
E3456,U189,P34,purchase,2025-04-27 09:46:28
E3457,U752,P46,wishlist,2025-07-18 06:16:12
E3458,U785,P30,cart,2025-12-10 15:51:42
E3459,U569,P33,wishlist,2025-03-19 14:55:41
E3460,U144,P11,purchase,2025-08-08 00:43:53
E3461,U612,P2,cart,2025-12-17 20:42:02
E3462,U916,P32,cart,2025-06-11 21:52:46
E3463,U664,P28,cart,2025-04-06 23:03:58
E3464,U579,P19,view,2025-11-03 00:39:00
E3465,U978,P26,cart,2025-08-30 22:14:07
E3466,U179,P47,purchase,2026-03-12 15:13:59
E3467,U695,P29,cart,2025-05-31 18:08:14
E3468,U239,P4,wishlist,2025-03-26 21:57:13
E3469,U665,P33,wishlist,2025-08-22 17:01:52
E3470,U391,P8,wishlist,2025-07-09 09:42:36
E3471,U906,P26,wishlist,2025-08-17 13:24:22
E3472,U582,P35,wishlist,2025-03-29 10:21:34
E3473,U691,P39,purchase,2025-08-14 12:17:30
E3474,U282,P43,cart,2025-04-20 13:12:09
E3475,U528,P28,cart,2026-03-10 22:54:10
E3476,U983,P44,wishlist,2025-06-25 17:02:50
E3477,U699,P17,purchase,2025-07-14 20:36:11
E3478,U649,P9,wishlist,2025-04-11 19:47:29
E3479,U64,P41,view,2025-10-18 15:23:40
E3480,U954,P19,view,2025-06-23 07:48:55
E3481,U707,P30,cart,2025-07-10 15:21:57
E3482,U326,P43,wishlist,2026-02-14 05:05:14
E3483,U741,P5,purchase,2026-02-22 13:53:02
E3484,U266,P27,cart,2025-05-20 10:17:17
E3485,U103,P34,view,2026-01-27 22:06:11
E3486,U694,P41,cart,2025-11-29 10:55:18
E3487,U929,P1,purchase,2025-07-26 08:13:48
E3488,U388,P33,purchase,2025-10-03 15:10:29
E3489,U456,P38,view,2025-06-27 13:53:28
E3490,U709,P43,wishlist,2025-10-02 05:23:00
E3491,U460,P26,cart,2025-08-01 23:33:01
E3492,U92,P5,purchase,2026-02-15 16:10:48
E3493,U859,P25,cart,2025-11-20 13:07:01
E3494,U985,P26,cart,2026-01-02 12:23:48
E3495,U869,P38,cart,2025-09-23 23:54:14
E3496,U618,P8,purchase,2025-07-26 06:56:59
E3497,U64,P47,purchase,2025-09-16 09:39:40
E3498,U869,P30,purchase,2025-09-22 04:34:36
E3499,U953,P18,purchase,2025-04-17 17:33:25
E3500,U380,P45,wishlist,2026-02-03 05:52:35
E3501,U65,P41,view,2025-07-16 06:57:11
E3502,U546,P17,cart,2025-08-20 22:41:14
E3503,U298,P40,view,2025-05-20 20:42:31
E3504,U10,P48,purchase,2025-07-26 21:50:54
E3505,U436,P22,wishlist,2025-03-17 15:50:59
E3506,U482,P48,view,2025-11-09 04:46:55
E3507,U610,P5,wishlist,2026-02-16 00:11:26
E3508,U163,P10,view,2025-09-09 21:07:58
E3509,U7,P46,view,2025-05-18 11:39:27
E3510,U322,P23,cart,2026-01-04 21:24:26
E3511,U244,P31,purchase,2025-07-29 19:19:57
E3512,U670,P26,view,2025-09-16 11:47:54
E3513,U254,P10,cart,2026-02-27 08:54:18
E3514,U846,P13,cart,2025-05-03 23:43:58
E3515,U215,P7,cart,2025-08-20 11:30:46
E3516,U833,P36,cart,2025-09-20 05:30:43
E3517,U492,P20,cart,2026-01-09 06:13:08
E3518,U18,P44,purchase,2026-01-18 15:00:03
E3519,U53,P10,view,2025-09-21 22:18:15
E3520,U473,P25,purchase,2025-09-18 21:53:14
E3521,U880,P27,cart,2025-03-31 02:52:20
E3522,U936,P41,view,2025-06-09 23:13:41
E3523,U350,P8,wishlist,2025-05-21 00:03:30
E3524,U960,P26,purchase,2026-03-01 02:47:38
E3525,U125,P6,view,2025-06-07 18:33:45
E3526,U146,P44,purchase,2026-02-05 04:29:21
E3527,U330,P40,cart,2026-02-22 17:43:25
E3528,U398,P0,wishlist,2025-10-08 21:18:07
E3529,U458,P11,purchase,2025-05-19 21:09:51
E3530,U557,P20,wishlist,2025-07-09 14:55:07
E3531,U946,P38,cart,2025-06-08 01:58:18
E3532,U403,P14,view,2025-03-17 20:07:53
E3533,U292,P21,wishlist,2025-11-04 08:12:20
E3534,U219,P42,purchase,2026-02-18 14:57:33
E3535,U276,P9,view,2025-06-22 06:45:12
E3536,U862,P10,view,2025-10-03 09:03:16
E3537,U704,P18,purchase,2025-09-06 01:13:17
E3538,U27,P8,cart,2025-07-04 04:34:49
E3539,U493,P23,wishlist,2025-08-20 20:16:22
E3540,U435,P20,wishlist,2025-08-04 00:09:03
E3541,U675,P7,purchase,2025-08-31 04:50:51
E3542,U681,P45,purchase,2025-07-16 03:09:34
E3543,U190,P16,cart,2025-10-20 07:24:25
E3544,U385,P10,purchase,2025-12-27 10:48:28
E3545,U532,P12,wishlist,2025-12-02 10:24:25
E3546,U314,P42,wishlist,2025-03-16 18:38:00
E3547,U634,P49,wishlist,2025-09-30 16:28:15
E3548,U164,P48,purchase,2025-05-10 09:10:21
E3549,U554,P21,cart,2025-09-10 10:47:43
E3550,U925,P33,wishlist,2025-12-30 14:44:14
E3551,U250,P47,view,2026-02-05 09:55:28
E3552,U741,P38,view,2025-07-15 02:50:38
E3553,U662,P45,view,2025-09-10 04:29:05
E3554,U18,P2,cart,2025-08-25 05:48:30
E3555,U658,P37,view,2025-06-04 09:19:33
E3556,U840,P9,purchase,2025-11-07 16:10:31
E3557,U976,P41,view,2025-07-01 19:31:27
E3558,U667,P36,wishlist,2026-01-08 04:17:23
E3559,U283,P3,wishlist,2025-11-15 18:48:18
E3560,U563,P37,cart,2025-07-30 16:47:10
E3561,U613,P10,purchase,2026-02-21 10:42:03
E3562,U819,P4,view,2025-10-05 14:46:49
E3563,U256,P41,wishlist,2025-11-10 16:45:05
E3564,U12,P5,purchase,2025-04-21 05:29:28
E3565,U329,P24,purchase,2026-01-30 20:36:39
E3566,U318,P26,cart,2025-04-01 14:17:59
E3567,U272,P47,wishlist,2025-09-06 08:13:13
E3568,U286,P44,cart,2025-05-04 06:41:36
E3569,U829,P12,view,2025-08-15 09:59:38
E3570,U512,P44,cart,2025-06-15 21:28:49
E3571,U314,P26,cart,2025-12-19 06:20:06
E3572,U674,P27,view,2025-05-27 11:12:51
E3573,U551,P41,view,2025-07-30 18:50:06
E3574,U307,P48,cart,2025-05-15 08:40:52
E3575,U214,P25,cart,2025-05-12 19:38:17
E3576,U649,P4,view,2025-04-14 02:09:44
E3577,U323,P44,wishlist,2025-12-24 01:00:06
E3578,U161,P42,purchase,2025-04-08 18:02:35
E3579,U874,P25,cart,2025-09-26 21:33:43
E3580,U526,P36,cart,2025-09-01 20:33:23
E3581,U889,P23,wishlist,2025-04-05 00:10:00
E3582,U328,P45,cart,2026-02-12 15:47:21
E3583,U888,P12,wishlist,2026-02-08 01:12:19
E3584,U225,P8,purchase,2025-12-04 11:57:13
E3585,U786,P17,view,2026-03-03 06:01:08
E3586,U828,P49,wishlist,2025-03-31 05:29:34
E3587,U383,P10,purchase,2025-11-27 14:17:07
E3588,U351,P6,view,2025-04-24 19:46:40
E3589,U34,P13,purchase,2025-04-08 20:11:28
E3590,U813,P16,purchase,2026-03-01 14:56:44
E3591,U232,P37,purchase,2025-08-08 14:51:38
E3592,U688,P37,purchase,2026-03-04 10:27:00
E3593,U487,P2,view,2026-01-20 10:58:03
E3594,U996,P40,purchase,2025-12-17 05:11:05
E3595,U849,P26,view,2025-07-18 07:18:53
E3596,U460,P33,view,2025-08-16 13:10:27
E3597,U503,P13,purchase,2025-04-27 06:10:20
E3598,U32,P18,wishlist,2026-02-02 17:14:02
E3599,U586,P2,wishlist,2025-10-02 01:30:52
E3600,U433,P15,view,2025-06-07 14:42:02
E3601,U179,P35,wishlist,2025-07-29 10:39:59
E3602,U91,P1,purchase,2025-10-18 06:30:21
E3603,U514,P39,view,2025-09-22 18:08:16
E3604,U334,P28,cart,2026-02-22 13:23:08
E3605,U102,P43,wishlist,2025-10-11 02:09:10
E3606,U954,P20,purchase,2025-12-16 03:11:01
E3607,U482,P13,wishlist,2025-04-05 12:17:56
E3608,U99,P19,wishlist,2025-08-07 00:38:32
E3609,U519,P41,view,2025-08-30 02:19:25
E3610,U176,P13,purchase,2025-10-29 08:08:31
E3611,U372,P24,wishlist,2025-06-17 11:05:26
E3612,U271,P11,purchase,2025-05-15 21:50:04
E3613,U614,P7,wishlist,2025-11-15 18:02:00
E3614,U913,P20,wishlist,2026-01-29 02:42:49
E3615,U475,P6,cart,2025-07-28 16:00:30
E3616,U131,P10,purchase,2025-06-23 13:50:28
E3617,U730,P5,view,2025-08-09 08:53:28
E3618,U398,P28,wishlist,2025-07-03 22:38:11
E3619,U864,P8,view,2025-08-05 11:28:25
E3620,U84,P8,purchase,2025-04-01 21:06:56
E3621,U987,P6,view,2025-07-12 10:33:59
E3622,U361,P0,cart,2025-11-02 21:31:49
E3623,U501,P32,purchase,2025-12-28 20:52:11
E3624,U317,P38,wishlist,2025-08-14 11:24:09
E3625,U480,P48,cart,2025-05-31 02:36:12
E3626,U360,P39,cart,2025-10-04 23:20:53
E3627,U380,P16,wishlist,2025-04-10 08:23:04
E3628,U898,P37,cart,2025-11-26 17:56:51
E3629,U212,P40,cart,2025-12-25 09:37:14
E3630,U169,P8,cart,2025-04-07 03:11:47
E3631,U812,P11,purchase,2026-02-13 14:32:10
E3632,U500,P17,cart,2025-09-10 00:42:28
E3633,U213,P12,wishlist,2025-08-03 17:15:23
E3634,U394,P33,purchase,2025-03-23 02:12:38
E3635,U664,P36,purchase,2025-11-10 18:59:52
E3636,U989,P47,wishlist,2026-02-05 20:13:13
E3637,U466,P49,cart,2025-12-22 18:08:07
E3638,U841,P1,cart,2025-04-01 19:09:53
E3639,U196,P29,purchase,2025-03-26 12:03:38
E3640,U310,P42,cart,2026-02-13 22:21:21
E3641,U415,P4,purchase,2025-06-24 22:29:04
E3642,U933,P3,view,2025-12-11 11:04:33
E3643,U193,P23,wishlist,2026-02-23 14:37:09
E3644,U842,P34,wishlist,2025-07-06 16:40:43
E3645,U566,P15,view,2026-03-01 17:05:46
E3646,U961,P1,wishlist,2025-07-22 19:34:07
E3647,U304,P13,purchase,2025-04-04 12:25:45
E3648,U393,P2,cart,2026-02-23 07:33:26
E3649,U294,P40,cart,2025-06-16 08:20:48
E3650,U389,P38,purchase,2025-09-25 07:03:05
E3651,U353,P14,cart,2025-12-19 09:15:32
E3652,U506,P44,wishlist,2025-12-16 14:21:34
E3653,U300,P28,view,2025-07-04 08:58:32
E3654,U264,P24,cart,2026-02-05 06:32:25
E3655,U994,P19,purchase,2025-04-17 23:53:32
E3656,U731,P19,purchase,2025-05-14 05:54:58
E3657,U112,P37,purchase,2025-11-16 00:38:01
E3658,U975,P45,wishlist,2025-03-15 04:16:40
E3659,U590,P36,purchase,2025-08-30 13:26:09
E3660,U292,P42,wishlist,2025-12-01 15:30:34
E3661,U262,P29,cart,2025-12-28 07:43:33
E3662,U957,P28,cart,2025-12-31 13:09:26
E3663,U849,P37,wishlist,2025-09-13 11:25:01
E3664,U269,P17,purchase,2025-08-12 21:05:42
E3665,U150,P43,purchase,2025-08-25 09:21:44
E3666,U306,P35,wishlist,2025-05-20 01:07:22
E3667,U748,P21,cart,2025-07-12 21:39:07
E3668,U611,P6,wishlist,2026-01-08 11:11:19
E3669,U155,P40,cart,2025-07-12 21:16:55
E3670,U828,P11,cart,2025-08-22 21:02:51
E3671,U664,P32,cart,2025-08-11 17:36:38
E3672,U652,P16,view,2026-02-13 01:44:23
E3673,U855,P44,wishlist,2026-01-13 14:46:50
E3674,U484,P35,cart,2026-02-06 20:01:25
E3675,U411,P14,view,2025-12-04 20:41:41
E3676,U581,P35,view,2025-05-22 22:53:50
E3677,U76,P28,view,2025-04-08 02:47:00
E3678,U707,P6,cart,2025-07-19 12:30:40
E3679,U411,P16,cart,2025-03-29 20:59:19
E3680,U730,P19,view,2025-04-28 14:56:08
E3681,U75,P12,cart,2025-04-24 23:09:53
E3682,U992,P36,cart,2025-09-27 00:04:38
E3683,U140,P1,cart,2025-06-18 18:53:28
E3684,U176,P22,view,2025-08-15 23:32:34
E3685,U829,P26,cart,2026-03-13 17:19:49
E3686,U189,P12,wishlist,2025-12-19 03:55:34
E3687,U895,P14,view,2025-09-04 15:52:09
E3688,U968,P19,wishlist,2025-12-31 21:17:44
E3689,U433,P24,wishlist,2025-04-15 17:56:03
E3690,U378,P13,cart,2025-09-12 13:17:52
E3691,U997,P48,wishlist,2025-04-20 14:26:51
E3692,U424,P27,wishlist,2025-12-22 15:00:30
E3693,U260,P48,purchase,2026-03-09 01:34:18
E3694,U194,P12,purchase,2025-07-11 11:47:26
E3695,U655,P1,view,2025-05-02 17:50:50
E3696,U693,P5,purchase,2025-06-30 13:09:46
E3697,U703,P25,wishlist,2026-01-10 10:43:59
E3698,U732,P0,cart,2026-01-31 17:45:52
E3699,U833,P30,purchase,2025-06-11 07:37:21
E3700,U28,P25,wishlist,2025-05-23 11:59:47
E3701,U536,P37,cart,2025-04-13 12:04:22
E3702,U389,P24,purchase,2025-06-14 10:24:02
E3703,U290,P47,cart,2025-06-06 08:01:59
E3704,U276,P18,view,2025-05-30 14:43:09
E3705,U318,P4,cart,2025-10-24 20:30:43
E3706,U10,P23,purchase,2026-01-30 06:51:01
E3707,U781,P2,view,2025-10-29 16:51:50
E3708,U142,P48,wishlist,2025-05-30 12:48:10
E3709,U823,P7,purchase,2025-07-01 00:58:50
E3710,U508,P38,purchase,2025-10-18 22:55:45
E3711,U934,P3,purchase,2025-11-04 14:14:57
E3712,U374,P42,cart,2025-06-22 05:12:57
E3713,U854,P37,cart,2025-08-31 01:58:48
E3714,U428,P27,view,2026-02-03 22:18:56
E3715,U384,P34,view,2025-11-08 04:11:07
E3716,U98,P42,purchase,2026-02-20 21:05:26
E3717,U611,P20,purchase,2026-03-14 12:43:55
E3718,U672,P37,cart,2025-12-20 12:24:23
E3719,U154,P14,view,2025-09-01 01:40:27
E3720,U655,P44,purchase,2025-10-01 20:29:17
E3721,U330,P9,view,2026-02-10 05:24:37
E3722,U436,P14,cart,2025-04-10 06:32:39
E3723,U10,P6,view,2025-03-28 22:32:02
E3724,U649,P43,view,2025-06-21 01:03:17
E3725,U231,P39,view,2025-07-22 14:58:21
E3726,U393,P21,purchase,2025-10-17 04:17:51
E3727,U815,P41,purchase,2025-08-27 10:23:46
E3728,U985,P26,wishlist,2025-11-29 15:47:55
E3729,U783,P46,view,2025-08-01 14:16:29
E3730,U329,P49,view,2025-08-17 01:37:14
E3731,U196,P33,cart,2025-10-31 21:37:46
E3732,U573,P40,wishlist,2025-04-17 09:17:08
E3733,U542,P9,purchase,2025-12-07 04:58:05
E3734,U54,P26,view,2025-05-29 00:35:21
E3735,U456,P5,view,2025-09-16 07:36:57
E3736,U223,P37,cart,2025-10-02 08:16:10
E3737,U970,P48,view,2025-12-07 01:01:54
E3738,U766,P33,view,2025-04-23 03:46:36
E3739,U991,P19,purchase,2025-06-05 01:57:11
E3740,U288,P1,wishlist,2025-11-25 18:33:53
E3741,U343,P31,cart,2025-08-25 18:17:24
E3742,U247,P9,wishlist,2025-07-02 03:55:00
E3743,U952,P23,view,2025-04-16 04:23:00
E3744,U443,P42,cart,2026-03-09 09:17:59
E3745,U81,P41,wishlist,2025-10-26 13:05:20
E3746,U224,P19,wishlist,2025-09-19 13:15:19
E3747,U193,P5,view,2025-05-29 05:56:54
E3748,U543,P25,wishlist,2026-02-25 18:56:04
E3749,U877,P24,wishlist,2025-12-28 04:50:02
E3750,U24,P40,view,2025-10-19 19:48:24
E3751,U781,P20,view,2025-11-07 01:12:29
E3752,U448,P12,wishlist,2025-05-08 07:41:27
E3753,U92,P36,view,2025-07-14 06:39:02
E3754,U681,P46,purchase,2026-01-27 11:52:29
E3755,U566,P39,cart,2025-06-05 18:11:29
E3756,U541,P9,cart,2025-04-13 09:40:26
E3757,U404,P7,cart,2025-12-16 01:23:53
E3758,U907,P33,wishlist,2025-05-17 06:47:26
E3759,U172,P14,view,2025-07-17 06:39:11
E3760,U422,P47,purchase,2025-09-29 09:29:47
E3761,U540,P44,cart,2025-12-24 09:43:08
E3762,U716,P12,purchase,2025-12-03 22:43:11
E3763,U239,P2,purchase,2025-06-04 04:37:59
E3764,U663,P18,purchase,2025-10-06 23:27:53
E3765,U973,P8,purchase,2025-08-24 08:20:44
E3766,U596,P37,cart,2025-05-30 09:48:12
E3767,U225,P25,wishlist,2026-01-08 05:48:10
E3768,U757,P14,cart,2025-03-18 17:41:33
E3769,U289,P11,view,2025-09-16 08:26:19
E3770,U309,P26,view,2025-10-19 14:02:33
E3771,U399,P33,wishlist,2026-01-03 01:05:45
E3772,U908,P29,purchase,2025-07-19 21:49:03
E3773,U488,P43,purchase,2026-02-07 17:10:32
E3774,U404,P11,purchase,2025-07-01 15:07:01
E3775,U625,P49,view,2026-02-25 05:21:56
E3776,U101,P21,cart,2025-08-04 04:55:16
E3777,U857,P8,purchase,2025-10-28 08:30:51
E3778,U738,P33,purchase,2025-08-23 20:39:13
E3779,U342,P48,wishlist,2026-02-10 09:09:50
E3780,U765,P37,purchase,2025-05-28 12:38:07
E3781,U94,P27,wishlist,2026-01-09 07:46:07
E3782,U350,P18,view,2025-05-17 06:39:45
E3783,U637,P23,view,2026-01-29 19:53:50
E3784,U34,P37,purchase,2026-03-01 06:53:52
E3785,U916,P43,wishlist,2025-07-19 03:04:09
E3786,U490,P33,purchase,2025-04-01 22:30:54
E3787,U368,P23,purchase,2025-03-22 07:01:47
E3788,U249,P10,wishlist,2025-09-22 12:53:57
E3789,U994,P34,cart,2025-12-30 09:05:46
E3790,U42,P12,wishlist,2025-04-18 21:52:34
E3791,U128,P1,cart,2025-05-31 14:47:04
E3792,U272,P31,wishlist,2025-09-25 23:19:47
E3793,U591,P21,view,2026-03-11 20:38:57
E3794,U860,P38,cart,2025-12-09 07:44:59
E3795,U468,P40,wishlist,2025-11-09 07:50:36
E3796,U470,P34,cart,2025-12-15 12:34:56
E3797,U681,P7,wishlist,2026-01-24 15:49:29
E3798,U717,P19,view,2025-05-10 23:28:44
E3799,U44,P15,purchase,2025-12-22 02:32:46
E3800,U310,P6,cart,2025-11-12 09:15:30
E3801,U331,P22,purchase,2025-09-16 23:38:51
E3802,U23,P30,view,2025-10-06 17:12:00
E3803,U93,P4,purchase,2026-01-19 20:50:48
E3804,U334,P49,cart,2026-01-26 11:21:03
E3805,U45,P40,view,2025-06-28 12:48:55
E3806,U357,P14,cart,2026-01-17 10:24:16
E3807,U650,P24,view,2025-08-03 12:00:25
E3808,U586,P18,wishlist,2025-06-13 14:58:33
E3809,U815,P3,cart,2025-04-27 17:18:17
E3810,U679,P30,purchase,2025-11-18 21:28:36
E3811,U151,P45,wishlist,2026-01-19 03:11:19
E3812,U957,P21,view,2025-03-20 12:05:26
E3813,U228,P8,wishlist,2025-06-02 10:39:06
E3814,U570,P15,cart,2026-02-09 08:22:03
E3815,U298,P4,view,2025-06-14 07:08:33
E3816,U897,P19,wishlist,2025-07-06 02:28:20
E3817,U268,P37,purchase,2025-05-09 22:45:39
E3818,U55,P40,cart,2026-02-08 03:42:29
E3819,U949,P12,purchase,2025-12-18 00:37:50
E3820,U415,P6,wishlist,2025-08-09 13:12:51
E3821,U101,P31,purchase,2025-03-20 08:41:28
E3822,U920,P40,view,2025-05-01 22:10:57
E3823,U842,P18,purchase,2026-02-16 01:12:33
E3824,U206,P30,purchase,2025-05-14 23:45:09
E3825,U640,P37,view,2025-12-20 10:41:50
E3826,U693,P4,cart,2025-04-09 12:40:19
E3827,U434,P23,purchase,2025-09-05 19:23:35
E3828,U477,P28,purchase,2025-03-25 12:41:34
E3829,U212,P23,view,2025-10-17 00:19:25
E3830,U134,P28,view,2025-10-17 02:56:37
E3831,U691,P4,cart,2026-03-05 05:42:11
E3832,U446,P43,view,2026-01-09 13:16:33
E3833,U375,P40,purchase,2025-11-09 08:09:48
E3834,U45,P2,purchase,2026-02-02 00:10:31
E3835,U534,P12,view,2026-01-10 15:54:41
E3836,U773,P21,purchase,2026-01-07 19:09:37
E3837,U824,P32,view,2025-12-15 07:18:19
E3838,U923,P41,purchase,2025-04-10 21:18:48
E3839,U266,P26,view,2025-07-15 06:26:49
E3840,U397,P15,wishlist,2025-09-26 20:48:46
E3841,U991,P34,purchase,2025-08-19 10:37:12
E3842,U836,P24,purchase,2025-05-10 20:35:54
E3843,U588,P43,cart,2025-08-18 00:53:07
E3844,U728,P48,cart,2026-03-08 13:59:36
E3845,U905,P6,cart,2025-11-04 03:51:58
E3846,U615,P48,purchase,2025-04-10 13:11:43
E3847,U209,P16,wishlist,2026-03-05 14:22:54
E3848,U920,P1,purchase,2026-01-21 09:03:08
E3849,U62,P35,cart,2025-09-16 11:08:04
E3850,U81,P3,cart,2025-12-15 03:47:50
E3851,U579,P14,view,2025-09-27 10:23:37
E3852,U634,P4,wishlist,2026-02-16 23:31:02
E3853,U534,P11,wishlist,2025-05-06 21:48:19
E3854,U833,P14,wishlist,2025-10-24 07:02:16
E3855,U374,P32,purchase,2025-10-13 16:48:43
E3856,U713,P9,cart,2025-05-03 01:07:51
E3857,U705,P9,view,2025-05-22 09:04:11
E3858,U236,P17,cart,2026-02-28 02:00:51
E3859,U486,P18,view,2025-11-25 07:40:38
E3860,U124,P49,cart,2025-06-12 01:23:54
E3861,U685,P36,wishlist,2025-07-24 06:40:02
E3862,U691,P43,purchase,2025-12-28 12:21:55
E3863,U861,P46,cart,2025-03-20 03:13:10
E3864,U843,P22,view,2025-12-09 23:06:09
E3865,U110,P39,wishlist,2025-12-07 16:48:47
E3866,U397,P35,view,2025-10-07 22:11:59
E3867,U7,P43,wishlist,2025-11-20 15:25:16
E3868,U70,P19,cart,2025-06-09 18:07:19
E3869,U648,P13,cart,2025-12-24 14:35:24
E3870,U64,P47,view,2025-08-25 05:32:57
E3871,U386,P27,wishlist,2025-06-23 18:37:35
E3872,U41,P45,view,2025-08-20 15:51:27
E3873,U25,P37,view,2025-08-21 11:54:59
E3874,U228,P43,wishlist,2026-01-03 06:36:58
E3875,U444,P9,purchase,2026-02-20 00:06:42
E3876,U403,P24,purchase,2025-12-05 03:53:09
E3877,U477,P45,view,2025-04-17 18:54:51
E3878,U67,P9,view,2025-07-27 19:13:40
E3879,U803,P21,purchase,2025-08-25 17:59:26
E3880,U565,P34,view,2026-01-08 02:27:03
E3881,U498,P33,cart,2026-03-13 02:55:49
E3882,U754,P15,purchase,2025-08-22 19:34:02
E3883,U438,P15,view,2025-08-30 07:37:10
E3884,U557,P28,cart,2026-01-03 08:38:52
E3885,U786,P33,purchase,2025-12-20 06:03:36
E3886,U298,P9,purchase,2025-10-05 02:25:40
E3887,U160,P13,wishlist,2025-12-27 17:11:50
E3888,U257,P13,purchase,2025-03-17 16:15:33
E3889,U418,P6,cart,2025-04-24 16:00:21
E3890,U721,P44,purchase,2025-09-23 13:03:08
E3891,U536,P35,purchase,2026-02-20 07:17:46
E3892,U647,P28,view,2026-02-08 03:32:08
E3893,U777,P30,wishlist,2025-05-23 04:47:49
E3894,U829,P28,wishlist,2025-09-30 18:37:51
E3895,U338,P4,view,2025-06-11 18:25:33
E3896,U140,P15,wishlist,2026-01-13 08:53:40
E3897,U253,P7,purchase,2025-08-29 04:08:14
E3898,U983,P44,wishlist,2025-07-15 16:07:21
E3899,U514,P2,cart,2026-03-04 23:47:43
E3900,U421,P11,wishlist,2025-05-04 15:14:01
E3901,U930,P48,purchase,2025-05-17 09:05:58
E3902,U713,P41,wishlist,2026-02-04 22:52:06
E3903,U424,P2,purchase,2025-07-19 16:31:09
E3904,U915,P29,view,2025-12-24 21:38:09
E3905,U29,P16,view,2025-12-13 21:06:34
E3906,U417,P10,purchase,2026-01-28 06:53:09
E3907,U587,P35,cart,2025-07-04 02:01:49
E3908,U624,P37,cart,2025-04-16 11:55:20
E3909,U891,P5,view,2025-04-11 16:03:47
E3910,U465,P22,purchase,2026-03-01 20:02:32
E3911,U81,P30,wishlist,2025-10-01 15:36:53
E3912,U214,P16,purchase,2025-09-03 08:48:13
E3913,U995,P18,wishlist,2025-04-05 00:02:50
E3914,U537,P31,cart,2025-06-06 07:27:28
E3915,U878,P12,view,2026-02-14 21:12:08
E3916,U695,P0,cart,2026-02-04 16:56:16
E3917,U77,P23,view,2025-05-13 14:41:35
E3918,U362,P23,view,2025-09-05 05:19:47
E3919,U325,P22,cart,2025-06-25 10:47:51
E3920,U221,P46,cart,2025-03-27 01:44:45
E3921,U261,P20,view,2025-09-09 10:13:23
E3922,U28,P7,view,2026-02-21 10:41:55
E3923,U99,P39,purchase,2025-10-21 11:53:36
E3924,U490,P43,wishlist,2025-10-16 17:58:07
E3925,U575,P29,purchase,2026-01-29 03:23:22
E3926,U383,P8,purchase,2025-09-11 11:41:42
E3927,U830,P26,view,2025-06-24 15:00:21
E3928,U388,P0,wishlist,2026-02-20 21:15:54
E3929,U817,P31,wishlist,2025-11-28 16:16:59
E3930,U415,P22,wishlist,2025-08-13 03:48:15
E3931,U790,P43,view,2025-05-19 02:43:16
E3932,U363,P38,wishlist,2025-11-07 09:26:21
E3933,U86,P39,wishlist,2025-09-11 08:12:25
E3934,U740,P28,view,2025-03-28 07:53:09
E3935,U284,P21,purchase,2025-10-17 09:24:52
E3936,U418,P9,purchase,2025-10-23 06:36:43
E3937,U576,P32,purchase,2025-07-01 10:34:00
E3938,U446,P29,purchase,2025-04-09 01:19:41
E3939,U133,P12,wishlist,2026-02-08 11:11:20
E3940,U516,P2,purchase,2025-06-03 23:17:01
E3941,U803,P10,view,2025-07-05 00:12:18
E3942,U867,P7,cart,2025-07-04 04:55:01
E3943,U92,P20,purchase,2025-06-04 10:11:49
E3944,U874,P45,purchase,2026-02-17 02:57:47
E3945,U630,P15,wishlist,2025-09-05 05:41:42
E3946,U153,P10,cart,2025-04-23 17:06:26
E3947,U635,P11,cart,2025-03-20 19:06:46
E3948,U781,P42,wishlist,2025-09-26 03:18:09
E3949,U970,P46,wishlist,2025-09-05 18:17:14
E3950,U404,P26,view,2025-11-16 19:38:07
E3951,U435,P32,view,2026-01-08 02:12:21
E3952,U892,P6,cart,2026-02-16 05:01:48
E3953,U948,P6,purchase,2025-06-21 09:19:43
E3954,U972,P23,cart,2026-01-05 06:42:16
E3955,U629,P39,cart,2025-09-06 23:34:30
E3956,U24,P28,purchase,2025-07-08 03:00:12
E3957,U807,P30,cart,2025-03-20 16:49:48
E3958,U563,P43,purchase,2026-03-01 07:13:11
E3959,U977,P32,view,2025-03-17 00:39:14
E3960,U101,P12,wishlist,2025-11-22 08:46:39
E3961,U803,P17,purchase,2025-11-03 11:23:44
E3962,U955,P26,wishlist,2025-10-01 18:27:56
E3963,U936,P49,cart,2025-09-28 23:45:20
E3964,U107,P28,purchase,2026-02-09 02:50:40
E3965,U0,P15,purchase,2025-08-14 19:24:29
E3966,U114,P15,purchase,2025-12-29 22:24:24
E3967,U729,P31,view,2025-09-28 03:48:41
E3968,U343,P30,view,2025-03-24 13:19:49
E3969,U215,P15,view,2026-01-23 19:02:32
E3970,U107,P6,wishlist,2026-01-02 03:12:24
E3971,U290,P12,cart,2026-02-26 23:19:34
E3972,U255,P18,view,2026-03-12 11:48:04
E3973,U705,P11,view,2025-07-26 06:43:28
E3974,U644,P26,view,2025-08-07 14:39:03
E3975,U525,P41,cart,2025-04-11 20:25:51
E3976,U850,P45,wishlist,2025-09-23 22:43:21
E3977,U981,P43,cart,2025-04-25 07:21:44
E3978,U269,P15,purchase,2025-05-24 13:19:06
E3979,U205,P13,view,2025-11-28 14:15:27
E3980,U727,P10,cart,2025-07-05 18:51:24
E3981,U43,P46,view,2025-04-12 07:20:03
E3982,U417,P47,view,2025-05-28 20:00:53
E3983,U142,P8,wishlist,2025-08-01 17:13:16
E3984,U180,P34,cart,2025-03-15 19:17:57
E3985,U437,P30,view,2025-07-12 04:52:51
E3986,U326,P13,view,2025-12-15 23:56:07
E3987,U590,P9,wishlist,2025-11-11 09:37:45
E3988,U449,P25,view,2025-11-09 02:06:48
E3989,U915,P35,view,2025-08-05 04:40:38
E3990,U490,P4,view,2025-04-06 10:58:55
E3991,U260,P39,wishlist,2025-07-19 20:43:02
E3992,U386,P31,view,2025-06-04 02:32:58
E3993,U441,P45,purchase,2025-10-27 07:55:37
E3994,U918,P37,purchase,2025-07-12 10:00:35
E3995,U347,P7,view,2026-02-08 08:52:30
E3996,U514,P22,cart,2025-08-10 23:01:52
E3997,U645,P31,view,2025-12-01 17:58:10
E3998,U64,P22,purchase,2025-11-29 19:36:36
E3999,U215,P9,cart,2025-09-18 20:46:50
E4000,U991,P47,cart,2025-04-10 17:38:39
E4001,U350,P40,purchase,2025-06-18 19:01:43
E4002,U923,P16,wishlist,2026-02-26 19:21:15
E4003,U825,P43,view,2025-09-08 12:05:53
E4004,U939,P2,purchase,2025-09-27 06:30:23
E4005,U361,P40,purchase,2025-04-29 09:01:09
E4006,U404,P19,wishlist,2025-04-22 17:26:25
E4007,U606,P40,cart,2025-06-25 02:53:03
E4008,U766,P26,view,2025-05-18 07:32:37
E4009,U331,P11,purchase,2025-12-11 02:04:27
E4010,U407,P25,view,2025-05-09 12:34:18
E4011,U694,P2,purchase,2025-07-11 09:03:30
E4012,U230,P14,cart,2025-09-30 23:17:22
E4013,U587,P27,cart,2025-04-04 23:30:43
E4014,U797,P34,purchase,2025-12-08 14:02:48
E4015,U184,P22,wishlist,2025-08-10 07:02:27
E4016,U760,P15,purchase,2025-09-24 11:03:24
E4017,U603,P18,cart,2025-03-21 14:43:33
E4018,U475,P39,cart,2026-01-07 08:14:51
E4019,U929,P42,cart,2025-08-28 20:18:19
E4020,U198,P15,cart,2026-03-15 08:31:22
E4021,U4,P8,cart,2026-01-22 05:56:11
E4022,U731,P14,view,2025-09-11 12:05:24
E4023,U607,P31,purchase,2026-02-12 08:49:16
E4024,U763,P25,purchase,2025-11-01 16:06:57
E4025,U695,P46,view,2025-10-28 13:51:02
E4026,U451,P46,purchase,2025-10-25 12:41:31
E4027,U575,P30,view,2026-02-03 21:44:13
E4028,U900,P48,purchase,2025-04-23 09:03:25
E4029,U145,P44,cart,2025-09-26 20:21:37
E4030,U617,P27,wishlist,2025-04-24 19:25:10
E4031,U284,P18,purchase,2026-03-05 15:03:16
E4032,U283,P4,view,2025-06-19 00:31:54
E4033,U452,P29,cart,2025-07-05 14:16:36
E4034,U215,P11,purchase,2025-07-13 04:52:05
E4035,U403,P0,purchase,2026-01-24 07:35:59
E4036,U9,P35,cart,2026-02-12 07:06:24
E4037,U490,P22,purchase,2026-02-14 13:13:43
E4038,U370,P49,purchase,2025-12-06 08:22:15
E4039,U438,P32,view,2026-01-27 12:58:38
E4040,U437,P43,purchase,2025-11-07 05:49:27
E4041,U183,P8,wishlist,2025-11-03 19:20:38
E4042,U473,P40,purchase,2025-06-15 00:07:26
E4043,U299,P27,wishlist,2025-11-06 05:10:44
E4044,U299,P5,purchase,2025-08-06 02:05:16
E4045,U77,P8,cart,2025-04-09 01:48:18
E4046,U263,P4,cart,2025-05-14 19:38:42
E4047,U585,P39,wishlist,2026-03-14 05:25:14
E4048,U459,P40,cart,2025-11-18 12:55:42
E4049,U979,P26,cart,2025-04-20 08:30:22
E4050,U238,P15,purchase,2026-03-08 05:27:06
E4051,U336,P27,purchase,2025-09-27 21:14:54
E4052,U201,P29,view,2025-03-25 15:58:01
E4053,U117,P8,view,2025-03-24 22:08:33
E4054,U609,P5,wishlist,2025-11-05 14:01:52
E4055,U460,P48,cart,2025-03-20 20:38:38
E4056,U647,P33,wishlist,2026-03-12 15:15:55
E4057,U935,P49,view,2025-06-24 03:09:31
E4058,U713,P30,purchase,2025-11-29 09:06:44
E4059,U843,P35,purchase,2025-08-21 08:58:36
E4060,U356,P43,purchase,2026-02-02 13:07:15
E4061,U215,P5,purchase,2025-04-19 17:14:55
E4062,U956,P45,wishlist,2025-09-01 13:27:14
E4063,U235,P29,view,2025-08-06 10:30:25
E4064,U958,P10,wishlist,2025-08-07 00:39:39
E4065,U538,P45,view,2025-12-24 00:57:28
E4066,U59,P29,purchase,2025-12-21 16:24:07
E4067,U45,P22,cart,2025-11-15 04:10:00
E4068,U681,P35,view,2025-07-04 11:45:17
E4069,U996,P11,view,2025-04-01 10:16:44
E4070,U265,P2,wishlist,2025-03-15 12:44:37
E4071,U784,P8,wishlist,2025-03-18 09:46:09
E4072,U4,P48,view,2025-11-08 22:26:31
E4073,U894,P43,wishlist,2025-11-17 07:57:40
E4074,U369,P18,wishlist,2025-06-24 04:43:45
E4075,U818,P29,purchase,2025-10-27 17:13:35
E4076,U839,P39,wishlist,2025-11-04 01:34:58
E4077,U56,P2,cart,2025-07-24 07:34:45
E4078,U108,P25,cart,2025-07-19 07:58:54
E4079,U451,P7,view,2026-02-17 19:15:10
E4080,U23,P37,view,2025-08-27 00:42:38
E4081,U79,P30,cart,2025-06-17 19:51:46
E4082,U683,P15,cart,2025-07-23 06:15:23
E4083,U946,P11,wishlist,2026-01-21 14:46:48
E4084,U316,P5,purchase,2026-02-10 14:28:39
E4085,U243,P20,cart,2025-09-08 00:20:32
E4086,U662,P28,cart,2025-09-21 14:08:38
E4087,U593,P31,view,2025-10-16 00:16:13
E4088,U410,P15,purchase,2025-07-01 07:07:45
E4089,U230,P5,purchase,2025-03-15 13:49:41
E4090,U978,P48,purchase,2026-01-29 16:52:49
E4091,U642,P19,view,2026-01-26 13:47:39
E4092,U768,P30,view,2025-06-04 23:45:57
E4093,U118,P32,view,2025-07-19 09:55:35
E4094,U981,P38,cart,2025-11-11 08:21:13
E4095,U340,P28,view,2025-11-06 12:48:30
E4096,U212,P38,cart,2025-07-06 02:23:44
E4097,U34,P45,cart,2025-07-28 06:39:16
E4098,U349,P22,wishlist,2025-05-02 17:31:39
E4099,U511,P9,wishlist,2025-09-21 01:25:12
E4100,U364,P49,cart,2025-06-04 19:14:11
E4101,U969,P31,wishlist,2025-07-23 00:33:57
E4102,U109,P6,view,2025-12-02 17:35:53
E4103,U324,P46,cart,2025-05-02 18:43:46
E4104,U382,P11,purchase,2025-12-24 21:46:29
E4105,U663,P41,purchase,2025-12-16 19:19:04
E4106,U722,P44,cart,2025-05-28 10:52:07
E4107,U818,P36,purchase,2025-04-23 07:21:45
E4108,U681,P15,view,2025-08-26 23:49:23
E4109,U700,P17,cart,2025-12-03 20:13:41
E4110,U194,P10,wishlist,2025-11-29 17:28:08
E4111,U290,P40,cart,2026-02-05 20:24:38
E4112,U515,P9,wishlist,2025-08-20 03:24:34
E4113,U861,P35,wishlist,2025-04-27 01:57:47
E4114,U901,P47,cart,2025-08-05 01:59:14
E4115,U145,P44,view,2025-05-11 09:48:55
E4116,U559,P11,purchase,2026-02-13 20:59:39
E4117,U290,P32,view,2026-02-06 19:16:31
E4118,U625,P40,wishlist,2025-07-27 15:16:46
E4119,U657,P2,cart,2025-05-25 10:13:35
E4120,U198,P18,cart,2025-07-10 04:55:47
E4121,U174,P17,purchase,2025-10-17 02:51:19
E4122,U576,P13,purchase,2025-08-29 05:27:51
E4123,U51,P22,cart,2025-04-04 19:49:48
E4124,U835,P28,view,2026-01-18 00:05:17
E4125,U459,P8,cart,2025-06-28 02:34:29
E4126,U182,P21,wishlist,2025-12-21 03:39:31
E4127,U895,P47,view,2025-07-20 00:00:39
E4128,U689,P38,view,2026-03-13 02:37:06
E4129,U849,P15,cart,2025-12-11 07:38:31
E4130,U348,P48,view,2025-08-09 12:26:17
E4131,U675,P28,purchase,2025-12-22 21:39:45
E4132,U972,P48,purchase,2026-01-23 20:05:34
E4133,U272,P22,view,2025-06-09 04:48:39
E4134,U37,P38,wishlist,2025-04-03 15:40:07
E4135,U447,P0,view,2025-09-12 10:38:41
E4136,U427,P26,cart,2025-06-20 23:29:20
E4137,U223,P12,wishlist,2025-08-22 05:34:28
E4138,U292,P13,view,2025-04-01 17:00:36
E4139,U504,P20,cart,2025-06-11 09:03:56
E4140,U845,P26,purchase,2025-06-11 22:24:04
E4141,U683,P28,wishlist,2025-05-26 01:06:53
E4142,U354,P16,wishlist,2026-02-11 11:20:49
E4143,U799,P48,purchase,2025-12-28 13:21:57
E4144,U871,P13,cart,2025-06-27 20:56:48
E4145,U661,P4,wishlist,2025-08-13 01:57:18
E4146,U880,P31,purchase,2025-03-20 10:36:48
E4147,U616,P7,view,2026-03-11 07:43:57
E4148,U392,P39,view,2026-03-10 13:17:57
E4149,U10,P20,purchase,2026-02-20 10:01:53
E4150,U233,P47,view,2025-03-19 03:10:32
E4151,U835,P39,purchase,2026-03-04 02:42:40
E4152,U61,P47,purchase,2025-12-23 05:16:20
E4153,U772,P33,wishlist,2025-11-19 19:05:30
E4154,U598,P17,purchase,2025-05-04 10:03:12
E4155,U978,P20,view,2025-08-10 22:57:09
E4156,U474,P39,cart,2026-01-07 13:14:26
E4157,U48,P10,wishlist,2025-11-11 23:13:27
E4158,U232,P9,view,2025-09-08 16:38:11
E4159,U769,P32,wishlist,2025-11-15 00:41:27
E4160,U287,P19,purchase,2025-09-15 10:59:12
E4161,U242,P25,cart,2025-07-03 11:33:47
E4162,U68,P17,view,2025-04-24 03:39:32
E4163,U786,P32,wishlist,2025-12-27 20:40:58
E4164,U268,P21,wishlist,2025-05-05 07:09:26
E4165,U248,P3,cart,2025-09-20 15:53:06
E4166,U621,P7,wishlist,2025-07-20 04:01:40
E4167,U486,P45,purchase,2026-02-13 04:16:53
E4168,U34,P41,view,2025-07-26 00:35:15
E4169,U315,P37,view,2026-03-09 05:40:28
E4170,U454,P0,purchase,2025-04-28 02:27:06
E4171,U841,P22,view,2025-04-16 15:43:09
E4172,U767,P0,purchase,2025-06-30 08:21:51
E4173,U891,P44,wishlist,2025-07-18 12:26:34
E4174,U1,P18,view,2025-10-13 12:49:38
E4175,U852,P21,wishlist,2025-12-13 16:28:59
E4176,U251,P24,purchase,2026-02-19 17:32:58
E4177,U954,P1,wishlist,2025-11-10 16:05:36
E4178,U474,P41,cart,2025-12-04 10:29:28
E4179,U849,P37,view,2026-02-12 03:43:58
E4180,U863,P8,wishlist,2025-11-24 08:26:10
E4181,U443,P23,wishlist,2025-04-30 13:11:22
E4182,U377,P36,purchase,2025-12-28 16:22:54
E4183,U576,P37,wishlist,2025-07-14 11:07:13
E4184,U378,P1,cart,2025-10-15 12:17:11
E4185,U382,P44,wishlist,2025-08-27 06:05:14
E4186,U604,P11,wishlist,2025-11-03 17:19:58
E4187,U790,P27,cart,2025-05-22 15:46:16
E4188,U336,P27,cart,2026-01-21 04:20:11
E4189,U852,P43,wishlist,2025-06-07 07:38:36
E4190,U695,P1,wishlist,2025-09-19 16:33:13
E4191,U108,P34,purchase,2025-06-12 12:22:14
E4192,U511,P32,purchase,2025-06-22 18:38:55
E4193,U760,P43,wishlist,2025-08-27 19:51:45
E4194,U890,P38,cart,2025-06-18 14:17:49
E4195,U942,P30,wishlist,2025-03-26 00:15:28
E4196,U134,P3,wishlist,2025-09-27 11:50:39
E4197,U958,P3,purchase,2025-06-23 08:30:12
E4198,U648,P12,view,2025-05-07 16:05:58
E4199,U282,P4,cart,2026-03-15 00:47:55
E4200,U763,P15,purchase,2025-04-15 18:20:11
E4201,U644,P21,view,2025-05-29 12:59:16
E4202,U707,P21,cart,2025-03-30 15:33:14
E4203,U65,P46,purchase,2025-07-21 14:16:27
E4204,U613,P31,purchase,2026-03-02 10:19:09
E4205,U729,P28,purchase,2025-04-08 09:34:46
E4206,U555,P5,cart,2025-11-05 15:17:48
E4207,U122,P40,purchase,2025-04-25 02:45:09
E4208,U956,P44,view,2025-09-11 01:55:09
E4209,U173,P46,view,2025-09-07 12:18:30
E4210,U733,P49,wishlist,2025-07-25 10:06:35
E4211,U435,P34,purchase,2025-06-03 08:20:35
E4212,U173,P36,view,2025-12-17 23:51:34
E4213,U624,P31,view,2025-10-23 15:47:56
E4214,U741,P47,wishlist,2026-02-28 21:19:36
E4215,U362,P33,cart,2026-03-03 15:55:55
E4216,U342,P25,cart,2025-03-30 23:15:03
E4217,U109,P37,view,2025-10-27 07:50:19
E4218,U842,P7,wishlist,2025-11-18 20:26:42
E4219,U346,P28,cart,2025-06-08 05:45:38
E4220,U656,P23,wishlist,2025-06-06 13:18:12
E4221,U462,P7,wishlist,2025-09-15 16:46:21
E4222,U506,P37,wishlist,2025-06-02 17:15:34
E4223,U919,P44,view,2025-06-01 16:02:10
E4224,U753,P18,view,2025-11-18 02:29:56
E4225,U806,P21,cart,2025-06-23 03:21:39
E4226,U321,P44,cart,2026-01-13 05:26:01
E4227,U897,P24,cart,2025-11-03 09:51:50
E4228,U248,P35,purchase,2025-08-12 14:07:45
E4229,U895,P17,wishlist,2025-11-25 10:36:05
E4230,U774,P20,cart,2025-12-14 12:31:14
E4231,U73,P38,cart,2025-04-15 04:00:29
E4232,U392,P20,wishlist,2025-10-05 05:58:42
E4233,U145,P6,purchase,2026-03-13 13:53:30
E4234,U302,P48,wishlist,2026-01-12 14:30:30
E4235,U687,P11,cart,2025-07-05 15:44:23
E4236,U244,P12,purchase,2025-12-29 16:01:04
E4237,U208,P43,cart,2025-10-26 18:13:51
E4238,U90,P49,wishlist,2025-05-26 18:28:16
E4239,U160,P31,view,2025-08-25 11:27:36
E4240,U595,P48,purchase,2025-03-21 06:27:34
E4241,U218,P49,purchase,2025-12-02 09:31:35
E4242,U671,P49,cart,2025-10-08 03:39:29
E4243,U991,P13,cart,2025-08-23 04:06:41
E4244,U734,P6,cart,2025-10-09 21:41:56
E4245,U169,P11,view,2025-04-24 06:33:20
E4246,U894,P15,purchase,2025-08-08 00:52:42
E4247,U678,P6,purchase,2025-08-22 02:38:19
E4248,U504,P47,view,2025-09-08 05:17:00
E4249,U890,P16,cart,2025-07-23 03:09:45
E4250,U149,P37,view,2025-07-20 06:51:29
E4251,U933,P17,cart,2025-06-13 21:42:31
E4252,U2,P40,cart,2026-02-04 00:33:46
E4253,U610,P24,purchase,2025-09-12 07:10:45
E4254,U269,P35,view,2025-11-06 22:04:57
E4255,U217,P33,view,2026-02-27 00:51:12
E4256,U14,P37,cart,2025-04-20 13:47:13
E4257,U478,P43,purchase,2025-07-24 21:30:53
E4258,U725,P22,purchase,2025-12-13 19:17:15
E4259,U157,P8,view,2025-08-03 21:32:49
E4260,U269,P49,purchase,2025-07-21 17:54:17
E4261,U579,P23,purchase,2026-01-20 07:17:05
E4262,U325,P33,view,2025-11-11 04:56:09
E4263,U805,P4,view,2026-03-09 07:09:16
E4264,U155,P28,cart,2025-09-18 23:49:14
E4265,U288,P20,view,2026-02-13 12:22:18
E4266,U139,P35,cart,2025-04-11 12:55:48
E4267,U724,P20,purchase,2025-06-06 20:23:01
E4268,U555,P43,cart,2025-12-16 13:28:24
E4269,U717,P0,wishlist,2025-09-13 08:25:23
E4270,U643,P23,wishlist,2025-09-05 10:07:36
E4271,U434,P41,purchase,2025-10-17 11:19:13
E4272,U391,P28,view,2025-03-24 02:02:10
E4273,U332,P0,purchase,2025-07-31 19:12:02
E4274,U530,P17,view,2025-05-05 23:15:07
E4275,U761,P43,cart,2025-07-21 02:36:39
E4276,U59,P3,view,2025-07-05 18:17:43
E4277,U531,P9,view,2025-08-09 03:06:43
E4278,U968,P40,purchase,2026-03-03 08:25:41
E4279,U806,P46,cart,2025-10-03 13:03:29
E4280,U935,P15,cart,2026-01-23 22:30:54
E4281,U335,P33,view,2025-11-30 14:14:58
E4282,U328,P23,purchase,2026-01-17 01:08:20
E4283,U849,P8,view,2026-02-03 11:56:36
E4284,U391,P25,wishlist,2026-02-11 13:31:50
E4285,U886,P41,purchase,2025-09-21 03:24:33
E4286,U119,P17,wishlist,2026-03-01 08:18:52
E4287,U175,P1,view,2026-02-23 15:41:22
E4288,U690,P38,purchase,2025-08-25 18:17:40
E4289,U812,P15,purchase,2026-02-02 06:10:55
E4290,U529,P10,wishlist,2026-02-15 11:37:58
E4291,U21,P30,purchase,2025-05-22 11:32:15
E4292,U848,P28,cart,2026-02-09 08:57:34
E4293,U419,P39,cart,2025-04-06 17:29:55
E4294,U711,P4,view,2025-11-18 10:04:03
E4295,U443,P37,view,2025-05-24 22:14:37
E4296,U726,P29,purchase,2025-03-16 22:32:42
E4297,U99,P2,cart,2025-06-22 05:38:57
E4298,U309,P33,cart,2025-05-01 01:28:00
E4299,U828,P12,wishlist,2025-05-31 09:47:33
E4300,U733,P37,purchase,2025-11-25 19:47:10
E4301,U179,P0,purchase,2026-03-08 03:33:52
E4302,U123,P26,view,2025-03-30 19:18:44
E4303,U88,P36,cart,2025-05-22 20:00:24
E4304,U528,P10,purchase,2026-01-21 06:44:44
E4305,U523,P32,cart,2025-11-24 00:50:12
E4306,U25,P16,wishlist,2025-09-04 17:07:43
E4307,U406,P24,purchase,2025-05-07 16:54:10
E4308,U188,P0,purchase,2025-09-16 16:57:43
E4309,U651,P33,view,2025-06-20 16:11:17
E4310,U790,P44,wishlist,2026-02-20 15:01:15
E4311,U122,P19,view,2025-07-04 20:13:03
E4312,U515,P3,wishlist,2026-01-19 01:27:53
E4313,U762,P14,view,2025-04-28 13:31:45
E4314,U426,P45,wishlist,2026-02-08 05:34:29
E4315,U479,P18,view,2026-02-12 13:54:38
E4316,U404,P30,wishlist,2025-05-21 04:31:00
E4317,U187,P11,view,2025-11-01 13:28:10
E4318,U475,P15,purchase,2026-01-14 16:27:06
E4319,U515,P28,view,2026-03-11 21:25:33
E4320,U869,P8,purchase,2026-02-02 17:17:20
E4321,U474,P36,view,2025-09-16 19:42:52
E4322,U582,P39,wishlist,2025-10-11 12:06:52
E4323,U21,P34,view,2025-03-21 17:25:15
E4324,U399,P38,purchase,2026-02-16 00:37:11
E4325,U483,P3,view,2025-06-01 22:45:10
E4326,U983,P22,cart,2025-05-20 08:38:42
E4327,U436,P19,view,2025-07-27 11:51:14
E4328,U115,P10,purchase,2025-04-06 09:11:27
E4329,U898,P38,wishlist,2025-07-12 17:55:21
E4330,U867,P25,wishlist,2026-02-12 17:26:59
E4331,U344,P38,cart,2026-01-03 08:44:51
E4332,U76,P4,wishlist,2025-05-12 16:33:08
E4333,U495,P13,view,2025-06-22 11:19:38
E4334,U237,P21,cart,2025-12-20 17:40:41
E4335,U200,P36,view,2025-05-17 13:31:07
E4336,U835,P20,wishlist,2026-01-19 10:04:56
E4337,U711,P20,view,2026-03-08 18:31:53
E4338,U334,P15,cart,2025-08-02 05:27:45
E4339,U927,P1,wishlist,2025-09-20 01:27:11
E4340,U848,P44,cart,2026-03-05 11:28:55
E4341,U139,P7,view,2025-06-09 10:24:59
E4342,U522,P41,wishlist,2025-03-22 15:54:23
E4343,U519,P3,wishlist,2025-05-01 06:03:36
E4344,U434,P32,purchase,2025-12-09 10:06:27
E4345,U862,P43,purchase,2026-01-12 10:21:44
E4346,U147,P5,view,2025-11-11 07:15:42
E4347,U782,P8,cart,2026-02-18 15:08:48
E4348,U592,P47,view,2025-08-02 18:52:59
E4349,U595,P11,cart,2025-08-04 04:37:48
E4350,U651,P24,wishlist,2025-06-02 22:08:26
E4351,U633,P46,view,2025-09-14 12:08:48
E4352,U593,P43,view,2025-11-26 07:09:06
E4353,U297,P33,view,2025-07-23 03:42:01
E4354,U662,P26,purchase,2026-02-03 03:26:52
E4355,U761,P1,view,2025-09-21 08:37:08
E4356,U140,P26,cart,2026-01-23 01:36:47
E4357,U555,P3,wishlist,2025-07-20 10:08:55
E4358,U186,P35,wishlist,2026-01-30 08:14:05
E4359,U157,P35,cart,2025-10-25 06:51:59
E4360,U43,P3,view,2025-10-12 03:23:50
E4361,U883,P13,cart,2025-08-19 13:42:48
E4362,U96,P31,wishlist,2026-01-30 18:45:46
E4363,U915,P33,cart,2025-04-13 08:46:48
E4364,U486,P25,wishlist,2025-12-24 01:42:47
E4365,U134,P48,purchase,2025-08-09 16:39:17
E4366,U358,P43,cart,2025-11-16 14:09:56
E4367,U981,P42,view,2025-05-05 00:37:56
E4368,U889,P46,view,2025-12-24 06:59:38
E4369,U207,P8,wishlist,2025-04-09 00:19:38
E4370,U916,P43,cart,2025-09-13 07:17:49
E4371,U617,P32,purchase,2026-01-23 14:14:57
E4372,U816,P33,cart,2025-04-01 11:25:51
E4373,U701,P29,wishlist,2026-03-09 23:56:23
E4374,U309,P16,purchase,2025-10-16 21:46:11
E4375,U686,P4,purchase,2025-09-25 01:30:03
E4376,U193,P15,wishlist,2026-01-09 18:13:36
E4377,U374,P31,wishlist,2025-05-05 02:20:41
E4378,U291,P27,view,2025-11-21 10:57:58
E4379,U752,P7,purchase,2025-06-23 06:10:41
E4380,U524,P9,purchase,2025-08-17 06:14:47
E4381,U759,P30,wishlist,2025-09-04 04:42:28
E4382,U701,P31,view,2025-11-22 03:23:45
E4383,U768,P18,wishlist,2025-06-11 14:44:04
E4384,U857,P9,wishlist,2025-04-05 22:19:16
E4385,U839,P1,wishlist,2025-05-21 21:43:45
E4386,U543,P9,wishlist,2026-02-01 03:45:31
E4387,U64,P11,view,2025-11-14 18:10:42
E4388,U894,P27,cart,2025-10-23 18:10:46
E4389,U171,P31,cart,2025-05-21 10:40:36
E4390,U20,P25,wishlist,2025-09-08 21:56:20
E4391,U578,P0,view,2025-05-04 04:04:09
E4392,U232,P17,cart,2025-08-02 14:09:51
E4393,U156,P28,purchase,2026-02-16 21:50:03
E4394,U873,P30,wishlist,2025-04-14 11:55:40
E4395,U383,P35,cart,2026-01-25 01:12:45
E4396,U655,P25,wishlist,2025-10-20 07:42:55
E4397,U229,P27,view,2026-02-17 04:59:50
E4398,U248,P32,purchase,2025-09-02 09:25:55
E4399,U266,P45,wishlist,2025-04-13 11:36:03
E4400,U675,P42,purchase,2025-06-19 04:02:16
E4401,U731,P42,view,2025-03-25 23:43:10
E4402,U566,P29,view,2026-02-14 08:01:21
E4403,U754,P47,view,2025-07-06 06:58:05
E4404,U544,P48,wishlist,2025-09-06 11:58:14
E4405,U21,P36,view,2025-09-01 01:03:47
E4406,U898,P36,view,2025-06-08 09:37:47
E4407,U285,P19,view,2025-06-30 04:47:19
E4408,U972,P35,wishlist,2026-01-13 21:33:33
E4409,U586,P2,wishlist,2025-09-03 02:24:36
E4410,U728,P30,wishlist,2025-04-03 02:24:49
E4411,U24,P13,cart,2025-08-22 18:27:19
E4412,U439,P33,cart,2026-03-10 23:57:15
E4413,U216,P0,view,2026-02-12 11:58:36
E4414,U360,P49,wishlist,2025-08-26 17:50:32
E4415,U297,P28,cart,2025-11-26 16:21:11
E4416,U123,P2,wishlist,2025-08-27 15:37:19
E4417,U203,P0,view,2026-01-29 07:57:14
E4418,U429,P5,cart,2026-02-07 19:41:26
E4419,U315,P9,cart,2025-08-12 12:34:05
E4420,U839,P8,cart,2025-11-20 16:14:05
E4421,U858,P22,purchase,2026-02-27 12:04:41
E4422,U195,P3,cart,2026-01-27 16:25:03
E4423,U405,P20,purchase,2025-10-19 10:56:09
E4424,U167,P36,view,2025-07-19 08:53:51
E4425,U564,P33,view,2026-03-03 18:10:28
E4426,U929,P37,purchase,2025-05-11 18:06:40
E4427,U302,P19,view,2025-06-21 10:55:46
E4428,U605,P11,purchase,2025-10-18 08:54:23
E4429,U130,P22,purchase,2025-04-29 16:02:03
E4430,U558,P22,cart,2025-06-04 12:02:36
E4431,U619,P26,purchase,2025-03-26 22:37:05
E4432,U712,P20,wishlist,2025-06-20 02:04:29
E4433,U971,P35,cart,2025-12-12 13:50:23
E4434,U143,P3,purchase,2025-10-03 02:36:09
E4435,U997,P13,wishlist,2025-08-23 23:48:58
E4436,U43,P35,cart,2025-09-15 22:35:32
E4437,U661,P49,wishlist,2025-11-29 09:18:30
E4438,U151,P13,cart,2025-03-28 15:27:58
E4439,U839,P11,wishlist,2026-02-22 15:28:54
E4440,U401,P11,view,2025-06-18 02:53:17
E4441,U590,P47,purchase,2025-05-05 00:24:14
E4442,U828,P20,view,2025-09-29 14:42:12
E4443,U122,P6,purchase,2025-10-15 11:38:31
E4444,U159,P21,wishlist,2025-03-22 21:39:26
E4445,U507,P20,purchase,2025-07-18 08:19:37
E4446,U71,P34,wishlist,2026-01-12 09:44:24
E4447,U455,P45,view,2026-02-04 22:12:20
E4448,U250,P38,wishlist,2026-01-13 18:48:25
E4449,U199,P11,wishlist,2026-03-01 15:28:56
E4450,U444,P2,view,2025-07-31 03:43:08
E4451,U79,P0,purchase,2025-05-22 17:12:52
E4452,U481,P1,cart,2025-09-27 20:24:07
E4453,U927,P40,wishlist,2025-03-18 07:23:57
E4454,U193,P8,cart,2025-07-26 04:25:43
E4455,U588,P5,cart,2025-10-15 14:21:55
E4456,U834,P24,purchase,2025-04-29 09:26:45
E4457,U428,P42,purchase,2025-09-07 06:45:42
E4458,U536,P32,wishlist,2025-07-21 08:55:42
E4459,U453,P33,view,2026-01-05 06:40:36
E4460,U629,P24,purchase,2025-10-03 18:51:56
E4461,U913,P23,purchase,2026-01-18 05:59:02
E4462,U785,P45,cart,2025-12-07 16:31:16
E4463,U780,P37,purchase,2025-07-03 15:08:20
E4464,U789,P27,view,2026-03-13 05:39:54
E4465,U94,P47,cart,2026-03-02 15:31:19
E4466,U679,P47,cart,2025-11-20 06:44:32
E4467,U371,P49,view,2025-10-22 11:39:32
E4468,U75,P42,view,2025-06-12 20:32:14
E4469,U182,P49,cart,2025-10-12 10:25:04
E4470,U427,P38,wishlist,2025-08-27 10:47:13
E4471,U54,P6,purchase,2025-12-30 19:31:44
E4472,U450,P44,purchase,2025-09-23 21:36:26
E4473,U90,P7,view,2025-10-30 10:40:24
E4474,U274,P37,wishlist,2025-06-12 00:23:36
E4475,U272,P19,purchase,2026-01-09 06:00:25
E4476,U328,P2,view,2026-01-19 06:20:14
E4477,U865,P7,view,2025-10-02 20:48:37
E4478,U486,P25,wishlist,2025-07-07 12:53:41
E4479,U705,P3,purchase,2026-02-13 21:09:40
E4480,U645,P36,purchase,2025-11-29 09:50:28
E4481,U681,P44,view,2025-06-21 00:54:46
E4482,U284,P22,purchase,2025-09-27 09:27:40
E4483,U269,P10,cart,2026-01-30 18:33:33
E4484,U673,P14,cart,2025-12-19 11:22:42
E4485,U762,P40,view,2025-07-11 16:17:54
E4486,U508,P36,view,2025-12-20 04:45:33
E4487,U994,P42,cart,2025-10-09 14:48:08
E4488,U276,P17,purchase,2025-08-03 04:36:25
E4489,U960,P27,wishlist,2025-08-01 21:12:08
E4490,U736,P40,cart,2025-12-28 04:35:19
E4491,U842,P13,purchase,2025-06-08 08:32:20
E4492,U616,P35,purchase,2025-08-18 07:43:49
E4493,U611,P41,purchase,2025-04-06 14:18:38
E4494,U172,P8,wishlist,2025-05-03 10:03:37
E4495,U18,P13,purchase,2025-08-14 04:15:04
E4496,U755,P28,cart,2025-10-15 06:42:02
E4497,U205,P8,purchase,2026-01-10 11:24:25
E4498,U565,P17,wishlist,2026-03-07 04:11:51
E4499,U263,P31,purchase,2026-02-09 13:52:47
E4500,U765,P35,purchase,2025-07-09 15:10:35
E4501,U649,P5,wishlist,2025-09-27 13:23:39
E4502,U179,P44,wishlist,2025-04-04 17:07:08
E4503,U335,P32,view,2025-09-30 01:46:59
E4504,U780,P28,wishlist,2025-10-04 11:26:20
E4505,U608,P35,view,2025-08-05 19:46:53
E4506,U839,P27,wishlist,2025-11-21 16:01:15
E4507,U283,P2,view,2026-03-01 04:24:35
E4508,U910,P1,purchase,2025-12-26 01:06:57
E4509,U209,P43,purchase,2026-02-04 04:46:13
E4510,U840,P29,purchase,2025-07-30 12:36:14
E4511,U243,P11,view,2025-07-26 06:47:25
E4512,U49,P6,cart,2025-10-08 17:05:53
E4513,U932,P9,wishlist,2026-02-27 23:47:51
E4514,U508,P43,cart,2026-02-02 17:04:49
E4515,U915,P11,cart,2025-10-06 16:03:23
E4516,U393,P15,cart,2025-09-18 22:08:16
E4517,U790,P29,wishlist,2025-04-24 14:38:00
E4518,U614,P12,wishlist,2025-05-25 16:29:27
E4519,U561,P5,wishlist,2025-04-21 10:22:14
E4520,U666,P23,cart,2025-07-07 21:07:51
E4521,U19,P11,wishlist,2026-01-19 22:59:53
E4522,U786,P41,purchase,2026-03-01 22:27:06
E4523,U713,P40,purchase,2025-09-21 18:19:01
E4524,U82,P45,purchase,2025-04-05 15:01:53
E4525,U687,P40,view,2025-11-20 12:07:08
E4526,U252,P12,cart,2025-10-15 12:42:13
E4527,U427,P12,wishlist,2025-12-06 08:31:35
E4528,U517,P1,purchase,2025-06-10 17:10:38
E4529,U241,P31,view,2025-09-05 04:57:31
E4530,U245,P48,purchase,2025-12-19 09:03:43
E4531,U457,P34,view,2025-11-17 10:46:15
E4532,U345,P49,cart,2025-08-09 22:31:03
E4533,U672,P14,view,2025-10-26 09:18:20
E4534,U893,P27,purchase,2025-10-13 16:32:29
E4535,U144,P8,purchase,2025-09-12 15:23:03
E4536,U968,P17,view,2026-03-03 04:17:19
E4537,U263,P35,view,2025-07-21 14:07:04
E4538,U299,P10,wishlist,2025-07-20 06:25:07
E4539,U480,P21,view,2026-02-08 06:11:01
E4540,U386,P49,view,2025-07-01 05:03:56
E4541,U365,P15,purchase,2025-11-30 06:06:50
E4542,U341,P24,view,2026-01-24 22:13:14
E4543,U664,P33,wishlist,2025-10-14 00:42:07
E4544,U995,P42,view,2025-11-01 20:23:53
E4545,U257,P36,purchase,2025-10-24 07:04:08
E4546,U4,P11,view,2025-06-08 12:36:14
E4547,U532,P41,purchase,2025-07-06 22:25:37
E4548,U381,P48,view,2025-05-10 06:53:58
E4549,U155,P30,view,2025-03-18 09:07:41
E4550,U785,P31,purchase,2025-06-19 06:36:09
E4551,U829,P2,purchase,2025-11-23 06:07:15
E4552,U999,P21,view,2025-09-18 18:25:08
E4553,U71,P10,cart,2025-05-02 15:01:48
E4554,U296,P28,wishlist,2025-10-12 19:14:17
E4555,U730,P5,view,2025-09-06 19:14:52
E4556,U755,P43,cart,2026-01-26 17:22:56
E4557,U636,P24,wishlist,2025-04-23 18:57:35
E4558,U92,P36,cart,2025-11-07 14:44:51
E4559,U297,P10,purchase,2025-03-15 16:33:22
E4560,U169,P19,view,2025-11-16 14:08:26
E4561,U568,P10,cart,2026-03-13 23:19:48
E4562,U834,P41,cart,2025-04-27 01:44:19
E4563,U20,P43,wishlist,2025-11-29 21:36:50
E4564,U299,P21,cart,2025-05-05 23:16:12
E4565,U426,P39,purchase,2026-02-03 05:42:19
E4566,U254,P35,wishlist,2025-08-23 11:35:35
E4567,U650,P10,purchase,2025-06-11 23:15:17
E4568,U358,P21,wishlist,2025-12-10 08:05:08
E4569,U846,P11,view,2026-01-30 15:17:13
E4570,U962,P7,cart,2025-03-16 21:10:48
E4571,U512,P14,wishlist,2025-06-01 22:57:27
E4572,U291,P31,purchase,2026-02-22 21:58:11
E4573,U337,P43,view,2025-08-03 05:46:45
E4574,U378,P13,cart,2025-12-30 23:57:19
E4575,U613,P45,wishlist,2025-04-02 13:03:13
E4576,U668,P25,cart,2025-11-23 14:30:48
E4577,U424,P42,wishlist,2025-09-17 01:58:53
E4578,U498,P8,view,2025-03-31 17:34:54
E4579,U768,P29,cart,2026-02-27 13:12:38
E4580,U401,P40,purchase,2025-10-15 04:03:45
E4581,U328,P9,purchase,2025-10-15 19:37:50
E4582,U33,P34,purchase,2026-03-02 14:55:51
E4583,U675,P11,view,2025-07-05 15:46:26
E4584,U591,P21,wishlist,2026-01-23 17:59:55
E4585,U366,P32,purchase,2026-02-01 19:53:23
E4586,U768,P40,wishlist,2026-02-08 08:43:11
E4587,U761,P34,cart,2025-06-07 14:28:19
E4588,U646,P19,purchase,2025-12-28 16:38:39
E4589,U866,P29,purchase,2025-08-21 07:36:57
E4590,U816,P38,purchase,2025-08-30 13:58:24
E4591,U602,P27,purchase,2025-12-20 17:17:16
E4592,U444,P5,view,2026-01-14 16:31:05
E4593,U231,P34,view,2025-07-17 09:22:05
E4594,U521,P17,view,2025-09-15 00:01:51
E4595,U571,P0,wishlist,2025-08-16 07:39:33
E4596,U105,P34,cart,2026-02-03 06:07:31
E4597,U556,P2,purchase,2025-12-09 09:16:17
E4598,U302,P37,cart,2025-04-25 17:45:34
E4599,U663,P27,cart,2026-02-28 04:22:35
E4600,U763,P22,wishlist,2026-03-08 05:21:38
E4601,U13,P17,view,2025-12-12 04:08:56
E4602,U907,P9,purchase,2025-08-24 15:19:06
E4603,U66,P9,purchase,2025-07-19 17:37:18
E4604,U585,P41,cart,2025-12-04 22:26:32
E4605,U854,P8,purchase,2025-05-11 07:02:21
E4606,U77,P45,purchase,2026-03-14 08:03:30
E4607,U103,P18,cart,2025-11-02 14:15:09
E4608,U639,P29,purchase,2025-10-22 05:12:35
E4609,U445,P28,cart,2025-03-18 10:31:14
E4610,U746,P22,wishlist,2026-01-14 14:01:37
E4611,U766,P23,view,2025-10-14 11:04:48
E4612,U973,P36,purchase,2025-10-31 05:58:09
E4613,U955,P48,cart,2025-12-16 11:15:15
E4614,U242,P13,view,2025-05-29 16:10:31
E4615,U990,P14,view,2025-08-17 09:22:07
E4616,U247,P14,cart,2026-01-09 16:33:52
E4617,U443,P18,cart,2025-05-22 19:46:30
E4618,U706,P40,view,2025-04-12 21:18:24
E4619,U86,P2,cart,2026-03-11 15:45:58
E4620,U855,P44,purchase,2025-11-27 12:23:55
E4621,U948,P10,view,2026-02-22 06:36:57
E4622,U847,P7,wishlist,2025-10-13 14:15:33
E4623,U201,P34,view,2025-06-26 07:58:44
E4624,U493,P46,purchase,2025-09-25 00:58:38
E4625,U833,P18,cart,2025-04-06 17:46:31
E4626,U98,P13,view,2025-11-29 12:08:42
E4627,U142,P2,purchase,2025-08-12 03:01:53
E4628,U519,P8,view,2026-03-06 23:07:51
E4629,U186,P42,view,2025-09-27 17:33:30
E4630,U733,P0,wishlist,2025-09-16 02:39:12
E4631,U658,P4,view,2026-02-08 01:03:23
E4632,U230,P29,cart,2025-09-11 11:51:18
E4633,U188,P0,cart,2025-07-29 17:32:15
E4634,U568,P48,view,2025-06-27 16:28:43
E4635,U388,P5,view,2025-12-10 23:15:07
E4636,U523,P23,cart,2025-07-05 16:56:31
E4637,U920,P48,wishlist,2025-06-18 06:55:55
E4638,U869,P0,purchase,2025-12-17 19:58:24
E4639,U20,P42,purchase,2025-11-27 10:44:41
E4640,U865,P35,wishlist,2025-12-15 16:49:25
E4641,U409,P29,wishlist,2025-12-05 08:05:15
E4642,U98,P2,purchase,2026-02-05 03:00:24
E4643,U128,P42,wishlist,2025-10-30 02:34:01
E4644,U983,P16,cart,2025-11-07 05:52:45
E4645,U588,P6,purchase,2025-07-06 00:10:38
E4646,U855,P12,wishlist,2025-05-01 04:10:16
E4647,U468,P10,cart,2026-01-06 06:43:05
E4648,U700,P44,view,2025-05-15 00:03:08
E4649,U845,P24,cart,2026-01-08 02:04:23
E4650,U509,P11,view,2025-06-03 14:58:03
E4651,U234,P7,cart,2025-10-04 05:44:30
E4652,U496,P3,purchase,2025-10-24 23:08:05
E4653,U183,P12,cart,2025-07-18 02:44:55
E4654,U528,P28,wishlist,2026-01-17 06:55:14
E4655,U702,P2,view,2025-09-16 05:56:20
E4656,U344,P30,cart,2025-11-28 17:29:41
E4657,U215,P16,cart,2025-09-15 08:59:13
E4658,U668,P39,cart,2025-09-19 18:42:08
E4659,U580,P38,purchase,2025-09-26 20:24:44
E4660,U916,P4,cart,2025-09-12 02:05:40
E4661,U803,P21,wishlist,2025-07-23 21:31:30
E4662,U702,P28,view,2025-04-15 07:10:29
E4663,U164,P23,purchase,2025-06-13 03:32:32
E4664,U169,P25,wishlist,2025-07-11 06:04:49
E4665,U42,P8,purchase,2025-08-02 05:22:23
E4666,U239,P40,wishlist,2025-03-30 17:54:33
E4667,U530,P31,cart,2025-04-27 01:49:24
E4668,U434,P45,purchase,2025-04-09 12:14:44
E4669,U352,P37,cart,2026-03-09 19:29:45
E4670,U573,P30,wishlist,2025-10-31 02:23:05
E4671,U526,P13,view,2025-11-06 03:43:17
E4672,U701,P11,wishlist,2026-03-07 15:23:14
E4673,U639,P12,purchase,2025-10-25 20:37:17
E4674,U282,P33,purchase,2025-06-29 00:27:41
E4675,U687,P36,cart,2025-11-13 14:35:42
E4676,U414,P4,wishlist,2025-03-22 05:14:10
E4677,U297,P30,purchase,2025-08-07 10:12:50
E4678,U320,P5,wishlist,2025-04-26 14:17:00
E4679,U457,P35,purchase,2026-01-11 13:48:02
E4680,U416,P49,view,2025-11-10 23:46:30
E4681,U222,P5,wishlist,2025-11-04 22:05:08
E4682,U701,P35,wishlist,2026-03-13 18:00:37
E4683,U108,P4,purchase,2025-10-31 18:54:50
E4684,U716,P9,cart,2025-03-24 17:03:25
E4685,U380,P8,cart,2025-12-04 14:26:34
E4686,U492,P31,cart,2026-01-18 00:51:59
E4687,U63,P15,purchase,2025-08-01 00:05:38
E4688,U96,P35,purchase,2025-04-29 20:35:47
E4689,U746,P17,purchase,2025-07-03 00:48:16
E4690,U951,P43,wishlist,2025-07-06 03:09:55
E4691,U815,P48,purchase,2025-09-19 01:44:26
E4692,U349,P40,purchase,2025-08-02 15:26:47
E4693,U838,P41,wishlist,2025-07-03 11:49:39
E4694,U551,P8,wishlist,2025-11-24 23:06:37
E4695,U472,P25,wishlist,2025-03-24 23:43:00
E4696,U684,P47,view,2025-05-31 09:13:13
E4697,U623,P11,wishlist,2026-01-06 05:07:19
E4698,U195,P27,wishlist,2025-07-24 21:49:09
E4699,U868,P37,purchase,2025-03-25 00:24:41
E4700,U998,P42,wishlist,2025-04-08 08:26:29
E4701,U750,P49,wishlist,2025-05-23 19:30:30
E4702,U957,P43,view,2026-02-03 06:05:51
E4703,U763,P45,cart,2025-10-07 22:48:29
E4704,U979,P9,purchase,2025-05-07 23:01:48
E4705,U141,P16,purchase,2026-02-08 00:13:24
E4706,U911,P11,purchase,2025-09-07 00:58:49
E4707,U747,P12,wishlist,2025-04-24 18:30:37
E4708,U959,P14,view,2025-07-31 01:41:02
E4709,U33,P23,cart,2025-05-20 16:05:58
E4710,U616,P28,view,2025-05-26 23:22:04
E4711,U946,P11,view,2025-09-12 08:03:17
E4712,U182,P10,wishlist,2025-07-09 22:38:33
E4713,U953,P21,view,2025-04-25 11:23:01
E4714,U186,P31,cart,2025-09-09 14:08:15
E4715,U505,P17,view,2025-03-24 19:32:54
E4716,U897,P33,view,2025-05-25 11:47:00
E4717,U984,P12,cart,2025-06-27 09:02:43
E4718,U863,P38,purchase,2025-03-17 12:01:47
E4719,U500,P26,cart,2025-11-15 08:50:44
E4720,U676,P40,wishlist,2025-03-17 19:25:14
E4721,U614,P30,wishlist,2026-01-13 07:40:06
E4722,U183,P43,view,2025-05-01 14:55:53
E4723,U448,P12,purchase,2026-02-18 15:20:08
E4724,U593,P41,purchase,2025-07-21 05:31:07
E4725,U450,P18,purchase,2025-06-09 16:19:02
E4726,U611,P6,view,2025-10-18 05:36:30
E4727,U897,P36,wishlist,2025-08-14 23:17:22
E4728,U592,P1,wishlist,2026-02-18 06:49:10
E4729,U672,P26,cart,2026-02-27 18:18:46
E4730,U72,P9,cart,2025-06-02 09:11:40
E4731,U137,P31,purchase,2025-08-14 10:42:04
E4732,U518,P19,wishlist,2026-02-10 06:31:47
E4733,U36,P26,wishlist,2025-07-04 06:25:12
E4734,U778,P9,wishlist,2026-01-21 17:43:45
E4735,U446,P21,cart,2026-01-28 10:56:33
E4736,U594,P49,purchase,2025-09-20 00:23:47
E4737,U808,P45,wishlist,2025-06-12 23:51:06
E4738,U125,P47,cart,2025-11-08 10:27:28
E4739,U849,P5,view,2025-06-05 22:51:02
E4740,U782,P4,cart,2025-11-15 06:19:15
E4741,U894,P34,wishlist,2025-11-28 00:01:58
E4742,U818,P44,cart,2025-06-22 04:05:50
E4743,U335,P32,cart,2025-09-11 00:41:10
E4744,U675,P37,wishlist,2025-05-26 15:03:23
E4745,U453,P46,wishlist,2026-03-09 05:34:38
E4746,U699,P28,purchase,2025-04-06 03:28:48
E4747,U69,P9,wishlist,2025-04-10 15:14:19
E4748,U881,P23,purchase,2025-10-19 23:27:04
E4749,U399,P21,cart,2025-08-10 08:34:58
E4750,U172,P25,view,2025-08-28 02:13:06
E4751,U207,P39,view,2025-08-22 04:52:26
E4752,U967,P29,wishlist,2025-03-19 15:28:41
E4753,U332,P44,wishlist,2025-12-10 00:47:17
E4754,U386,P7,cart,2025-11-08 03:22:24
E4755,U568,P16,view,2025-11-19 05:13:42
E4756,U136,P35,wishlist,2025-10-10 06:58:05
E4757,U842,P42,cart,2025-06-05 00:51:55
E4758,U774,P20,cart,2026-01-19 17:22:37
E4759,U747,P23,wishlist,2025-07-08 12:30:44
E4760,U960,P28,cart,2025-10-24 18:43:12
E4761,U868,P32,cart,2025-09-20 04:48:39
E4762,U286,P12,wishlist,2025-12-30 07:27:47
E4763,U182,P30,view,2025-10-20 15:16:25
E4764,U726,P36,wishlist,2025-12-29 17:01:04
E4765,U273,P8,wishlist,2025-03-28 20:14:52
E4766,U368,P21,purchase,2025-07-15 14:38:29
E4767,U288,P21,cart,2025-12-04 14:53:08
E4768,U492,P47,purchase,2026-01-26 12:12:26
E4769,U695,P3,cart,2025-09-11 12:19:37
E4770,U564,P45,view,2025-05-26 17:50:03
E4771,U349,P21,purchase,2025-11-25 23:58:12
E4772,U464,P9,wishlist,2025-05-25 03:34:01
E4773,U894,P19,cart,2025-04-14 15:41:09
E4774,U429,P45,cart,2025-09-10 04:43:00
E4775,U277,P44,wishlist,2025-05-06 03:07:26
E4776,U102,P28,view,2026-02-09 07:36:31
E4777,U471,P15,purchase,2025-06-07 07:32:23
E4778,U743,P45,purchase,2025-08-25 00:59:02
E4779,U989,P47,purchase,2025-11-19 16:12:32
E4780,U409,P46,wishlist,2025-10-20 02:13:06
E4781,U218,P34,cart,2025-04-22 15:14:33
E4782,U119,P38,view,2025-04-12 13:28:41
E4783,U431,P30,purchase,2025-09-01 20:12:15
E4784,U89,P44,view,2026-01-16 17:46:46
E4785,U801,P17,purchase,2026-01-26 22:36:05
E4786,U97,P11,view,2025-09-21 11:58:00
E4787,U39,P8,view,2025-08-19 17:06:10
E4788,U943,P2,view,2026-01-25 09:49:47
E4789,U465,P16,cart,2025-09-04 19:05:42
E4790,U717,P4,purchase,2025-06-12 02:59:25
E4791,U726,P27,purchase,2025-11-19 12:59:12
E4792,U509,P27,purchase,2025-06-07 10:29:31
E4793,U584,P21,wishlist,2026-01-04 10:56:09
E4794,U184,P24,view,2025-05-26 03:30:28
E4795,U487,P36,view,2025-08-03 04:30:34
E4796,U961,P31,view,2025-04-06 17:04:26
E4797,U111,P45,cart,2026-01-31 07:54:09
E4798,U851,P7,cart,2025-05-15 16:50:48
E4799,U564,P10,wishlist,2025-04-02 21:31:59
E4800,U659,P37,cart,2026-03-07 13:34:37
E4801,U851,P39,wishlist,2025-04-12 14:21:00
E4802,U635,P44,view,2025-05-22 21:31:07
E4803,U216,P33,cart,2025-09-17 08:12:20
E4804,U576,P16,wishlist,2025-09-14 06:58:57
E4805,U898,P30,purchase,2026-02-20 04:21:08
E4806,U788,P13,wishlist,2026-01-27 13:45:11
E4807,U322,P17,wishlist,2025-10-14 12:30:30
E4808,U457,P12,wishlist,2025-12-24 14:43:42
E4809,U563,P17,cart,2025-09-25 02:38:18
E4810,U264,P6,purchase,2025-11-12 08:28:23
E4811,U113,P22,cart,2025-03-16 01:25:05
E4812,U978,P27,cart,2026-01-13 08:46:48
E4813,U993,P49,purchase,2025-11-30 14:14:35
E4814,U158,P21,wishlist,2025-12-04 21:06:49
E4815,U603,P21,wishlist,2025-12-16 19:57:00
E4816,U663,P32,wishlist,2025-10-24 10:53:01
E4817,U691,P43,wishlist,2025-11-28 23:20:55
E4818,U906,P27,view,2026-01-05 18:17:32
E4819,U434,P31,cart,2026-03-03 00:48:17
E4820,U546,P27,cart,2025-04-02 00:40:42
E4821,U965,P38,cart,2025-07-03 13:10:22
E4822,U933,P41,view,2025-04-05 20:14:49
E4823,U795,P33,purchase,2025-06-24 18:18:55
E4824,U714,P35,cart,2025-04-30 04:12:34
E4825,U200,P17,wishlist,2025-08-07 23:00:46
E4826,U709,P15,cart,2025-12-12 04:29:53
E4827,U215,P3,wishlist,2025-08-23 14:20:29
E4828,U47,P27,cart,2025-06-12 05:36:00
E4829,U477,P22,cart,2026-01-29 23:44:02
E4830,U349,P35,wishlist,2025-06-04 15:57:44
E4831,U536,P32,purchase,2025-08-26 08:56:36
E4832,U797,P23,purchase,2025-11-01 01:04:53
E4833,U743,P34,wishlist,2025-11-04 06:20:42
E4834,U773,P7,view,2025-08-21 19:36:52
E4835,U715,P33,wishlist,2025-05-12 17:52:29
E4836,U951,P31,cart,2026-03-14 14:49:15
E4837,U318,P49,wishlist,2025-05-10 21:01:16
E4838,U617,P16,cart,2026-03-03 21:48:30
E4839,U758,P17,wishlist,2026-01-14 09:23:02
E4840,U693,P8,purchase,2025-07-13 08:49:27
E4841,U980,P28,view,2025-07-19 14:31:21
E4842,U666,P1,wishlist,2025-03-25 10:11:18
E4843,U758,P42,purchase,2025-12-07 02:05:36
E4844,U667,P45,purchase,2026-02-15 13:01:58
E4845,U368,P0,wishlist,2025-10-08 18:24:30
E4846,U68,P14,cart,2025-04-17 21:44:39
E4847,U320,P42,wishlist,2025-06-23 15:57:56
E4848,U901,P33,wishlist,2025-10-16 04:20:35
E4849,U913,P15,purchase,2025-12-12 01:33:16
E4850,U14,P38,view,2025-04-04 21:27:39
E4851,U752,P23,cart,2025-11-13 04:43:39
E4852,U537,P33,wishlist,2025-08-03 21:51:11
E4853,U453,P45,view,2025-05-06 10:06:26
E4854,U830,P2,cart,2025-07-15 21:25:25
E4855,U86,P34,cart,2025-09-28 09:36:21
E4856,U960,P41,purchase,2025-12-30 10:21:36
E4857,U591,P48,wishlist,2025-03-22 17:25:55
E4858,U542,P7,purchase,2025-11-22 08:17:00
E4859,U620,P6,purchase,2025-06-09 01:24:58
E4860,U440,P14,cart,2025-11-02 20:24:21
E4861,U598,P40,purchase,2025-05-07 01:55:34
E4862,U244,P40,purchase,2025-06-27 00:21:27
E4863,U55,P27,view,2025-09-07 20:42:02
E4864,U334,P33,wishlist,2026-02-03 01:46:35
E4865,U532,P42,purchase,2025-07-21 23:37:05
E4866,U310,P25,cart,2025-07-18 23:40:46
E4867,U267,P44,view,2025-09-04 19:18:56
E4868,U359,P37,cart,2026-02-01 16:51:40
E4869,U288,P13,purchase,2025-04-26 22:59:35
E4870,U186,P42,view,2026-02-22 20:48:37
E4871,U121,P1,view,2025-10-23 06:33:23
E4872,U407,P24,wishlist,2025-03-18 19:09:51
E4873,U875,P13,view,2025-03-18 15:23:21
E4874,U560,P36,wishlist,2025-06-04 00:50:28
E4875,U589,P0,wishlist,2025-12-10 05:04:37
E4876,U532,P32,view,2025-11-10 16:09:37
E4877,U174,P12,wishlist,2025-03-19 01:09:19
E4878,U265,P7,purchase,2025-11-07 23:33:34
E4879,U811,P20,cart,2025-04-21 11:29:42
E4880,U951,P41,wishlist,2025-09-08 01:52:52
E4881,U295,P34,cart,2025-07-12 07:32:38
E4882,U911,P10,cart,2025-05-23 10:50:42
E4883,U490,P42,purchase,2025-05-03 19:49:47
E4884,U986,P9,wishlist,2026-01-30 14:57:16
E4885,U602,P17,view,2025-03-15 17:29:20
E4886,U112,P16,purchase,2025-10-22 12:04:16
E4887,U28,P48,view,2026-03-13 18:34:27
E4888,U885,P5,purchase,2025-10-03 01:35:32
E4889,U903,P20,wishlist,2025-10-27 00:36:05
E4890,U117,P13,purchase,2025-10-16 01:46:04
E4891,U479,P30,purchase,2026-02-26 08:15:00
E4892,U15,P22,cart,2025-06-20 00:21:05
E4893,U834,P45,purchase,2025-09-25 01:33:47
E4894,U467,P9,purchase,2025-09-18 05:12:02
E4895,U660,P35,purchase,2025-08-11 01:56:05
E4896,U725,P36,purchase,2026-01-15 19:39:49
E4897,U507,P8,cart,2025-04-23 22:17:48
E4898,U590,P27,wishlist,2025-10-31 13:14:12
E4899,U49,P41,purchase,2025-07-01 05:34:32
E4900,U159,P23,wishlist,2025-04-10 08:18:59
E4901,U707,P45,view,2025-06-24 15:31:50
E4902,U543,P10,wishlist,2025-11-29 08:04:53
E4903,U325,P13,view,2025-06-20 04:57:01
E4904,U758,P34,cart,2026-02-17 19:14:26
E4905,U674,P36,cart,2025-04-26 17:26:40
E4906,U480,P9,cart,2025-04-29 10:50:21
E4907,U804,P22,view,2025-10-11 04:59:00
E4908,U672,P24,view,2025-08-26 02:46:57
E4909,U672,P21,purchase,2025-11-13 14:16:35
E4910,U43,P41,view,2025-06-06 22:40:04
E4911,U25,P28,view,2025-10-01 23:14:44
E4912,U35,P19,view,2025-12-29 11:34:03
E4913,U182,P1,wishlist,2025-06-04 09:07:03
E4914,U525,P26,purchase,2025-12-15 15:25:54
E4915,U367,P18,view,2025-06-06 08:22:22
E4916,U115,P25,purchase,2025-11-15 16:48:48
E4917,U937,P11,wishlist,2025-12-10 20:00:49
E4918,U594,P49,purchase,2025-10-16 01:52:42
E4919,U828,P1,purchase,2026-03-14 11:03:11
E4920,U106,P38,cart,2025-09-10 20:33:08
E4921,U12,P16,cart,2026-03-02 04:53:42
E4922,U242,P46,wishlist,2025-08-22 02:31:49
E4923,U64,P0,view,2025-05-22 09:23:29
E4924,U950,P49,wishlist,2025-05-14 01:25:47
E4925,U406,P7,view,2025-04-30 20:24:39
E4926,U111,P38,purchase,2025-07-19 06:46:33
E4927,U586,P38,purchase,2025-04-21 17:38:27
E4928,U473,P44,cart,2026-01-03 08:00:08
E4929,U241,P46,purchase,2025-07-02 01:03:02
E4930,U17,P40,cart,2025-11-24 12:22:48
E4931,U860,P25,purchase,2025-11-16 15:45:55
E4932,U264,P41,wishlist,2025-05-30 19:24:01
E4933,U168,P44,wishlist,2025-11-14 13:29:18
E4934,U445,P36,view,2025-07-15 03:57:56
E4935,U394,P21,view,2025-09-25 22:04:52
E4936,U453,P28,purchase,2025-05-10 15:15:09
E4937,U903,P18,purchase,2025-09-28 10:14:59
E4938,U117,P30,cart,2025-12-06 13:11:35
E4939,U586,P31,cart,2025-06-28 20:26:59
E4940,U71,P9,cart,2025-05-13 07:34:42
E4941,U444,P31,purchase,2025-07-23 18:34:10
E4942,U192,P7,purchase,2025-08-20 05:01:22
E4943,U30,P45,cart,2026-02-20 20:17:47
E4944,U74,P1,cart,2025-06-13 04:02:02
E4945,U433,P30,purchase,2026-02-27 17:05:46
E4946,U708,P24,wishlist,2025-05-27 21:25:46
E4947,U953,P3,wishlist,2025-11-24 00:06:10
E4948,U501,P18,view,2025-10-05 15:59:13
E4949,U704,P45,cart,2025-08-26 11:51:02
E4950,U652,P18,purchase,2026-03-14 17:20:22
E4951,U876,P34,purchase,2025-04-14 01:10:28
E4952,U188,P21,cart,2025-11-24 20:02:48
E4953,U668,P10,purchase,2025-04-07 19:27:10
E4954,U899,P20,view,2026-03-08 06:02:07
E4955,U729,P29,cart,2025-09-02 07:03:28
E4956,U44,P40,cart,2025-09-12 14:03:29
E4957,U495,P34,view,2025-07-23 13:20:19
E4958,U78,P27,purchase,2025-07-27 11:36:50
E4959,U785,P7,cart,2026-02-02 04:29:26
E4960,U764,P21,purchase,2025-10-28 20:08:54
E4961,U502,P39,purchase,2025-10-17 17:29:39
E4962,U922,P22,cart,2025-05-15 20:45:58
E4963,U636,P28,cart,2025-12-14 11:44:12
E4964,U140,P20,wishlist,2025-06-16 11:36:16
E4965,U635,P39,wishlist,2025-12-01 06:29:23
E4966,U77,P5,wishlist,2025-04-28 22:21:09
E4967,U384,P16,view,2025-06-07 18:22:04
E4968,U740,P49,purchase,2026-02-03 00:21:36
E4969,U188,P17,cart,2025-05-18 11:32:00
E4970,U707,P8,view,2025-11-29 08:06:49
E4971,U139,P29,view,2025-09-22 14:06:32
E4972,U897,P22,view,2026-01-13 13:24:48
E4973,U901,P27,cart,2025-09-21 16:48:00
E4974,U776,P0,view,2025-05-15 22:13:22
E4975,U446,P16,purchase,2026-02-05 21:32:18
E4976,U76,P30,view,2025-10-10 09:38:52
E4977,U636,P38,wishlist,2025-03-29 03:21:29
E4978,U223,P8,wishlist,2025-12-06 10:45:27
E4979,U675,P13,view,2025-12-02 01:13:04
E4980,U727,P1,purchase,2025-06-02 04:33:14
E4981,U68,P41,cart,2025-12-01 05:01:43
E4982,U357,P37,purchase,2026-01-27 06:46:34
E4983,U117,P27,cart,2025-06-11 10:36:30
E4984,U32,P46,purchase,2025-10-07 16:20:23
E4985,U388,P15,purchase,2025-08-17 06:14:10
E4986,U6,P47,wishlist,2025-11-24 01:25:44
E4987,U25,P49,purchase,2026-02-21 04:21:28
E4988,U940,P46,wishlist,2025-07-16 16:48:08
E4989,U338,P26,purchase,2025-08-31 22:47:31
E4990,U972,P7,purchase,2025-10-06 03:05:17
E4991,U75,P7,view,2025-06-29 14:12:42
E4992,U546,P22,cart,2025-10-12 20:13:14
E4993,U772,P8,purchase,2025-09-21 03:42:17
E4994,U425,P28,purchase,2025-05-30 22:33:08
E4995,U962,P34,purchase,2025-05-02 05:54:09
E4996,U492,P37,purchase,2026-02-28 08:24:49
E4997,U358,P27,view,2025-08-09 03:49:46
E4998,U73,P31,cart,2025-12-14 07:01:20
E4999,U724,P16,view,2026-01-09 15:00:58
E5000,U862,P14,cart,2025-07-01 12:30:58
E5001,U810,P37,view,2025-12-19 08:49:16
E5002,U51,P10,purchase,2025-06-11 22:18:36
E5003,U794,P32,cart,2026-02-23 07:40:28
E5004,U250,P47,cart,2026-02-16 01:04:38
E5005,U82,P46,view,2025-05-03 13:29:20
E5006,U508,P48,purchase,2025-06-09 00:15:36
E5007,U578,P37,cart,2025-09-24 09:27:21
E5008,U487,P49,view,2025-06-16 19:36:49
E5009,U110,P33,cart,2025-08-19 00:43:29
E5010,U152,P9,cart,2025-08-01 06:18:54
E5011,U869,P21,purchase,2025-10-26 22:46:01
E5012,U750,P17,wishlist,2025-09-21 08:05:34
E5013,U323,P6,wishlist,2025-06-10 13:30:09
E5014,U484,P11,wishlist,2025-12-03 08:06:53
E5015,U397,P24,purchase,2025-11-15 11:48:55
E5016,U391,P12,view,2026-02-18 13:09:20
E5017,U545,P5,purchase,2026-01-17 12:41:50
E5018,U700,P31,cart,2026-03-05 01:30:21
E5019,U222,P9,view,2025-12-21 18:58:32
E5020,U296,P9,cart,2025-11-20 12:28:41
E5021,U212,P13,cart,2026-01-15 16:11:26
E5022,U798,P11,wishlist,2025-06-13 00:53:18
E5023,U790,P33,purchase,2025-07-30 09:25:06
E5024,U161,P42,cart,2026-02-02 09:46:05
E5025,U886,P31,view,2025-06-01 17:14:12
E5026,U456,P7,wishlist,2025-06-05 21:43:25
E5027,U795,P12,cart,2026-03-07 23:38:00
E5028,U889,P47,purchase,2025-06-19 02:40:34
E5029,U865,P11,view,2025-07-28 10:33:56
E5030,U209,P25,wishlist,2026-02-14 19:39:07
E5031,U905,P32,purchase,2025-07-10 08:43:06
E5032,U446,P48,wishlist,2025-09-20 15:41:52
E5033,U406,P14,wishlist,2026-02-13 05:49:05
E5034,U435,P6,cart,2026-03-07 23:30:36
E5035,U130,P48,view,2025-09-26 00:29:23
E5036,U982,P16,cart,2025-11-26 00:29:07
E5037,U61,P4,wishlist,2026-02-01 08:23:32
E5038,U609,P47,cart,2025-12-13 21:33:16
E5039,U53,P0,wishlist,2025-06-15 10:45:47
E5040,U687,P21,cart,2025-12-10 07:06:30
E5041,U112,P10,purchase,2026-02-13 22:18:41
E5042,U570,P12,cart,2025-09-11 09:59:01
E5043,U508,P31,cart,2026-03-08 21:56:02
E5044,U769,P35,wishlist,2025-09-30 07:53:02
E5045,U485,P34,purchase,2025-06-09 22:24:02
E5046,U204,P40,cart,2025-08-15 04:51:10
E5047,U967,P1,view,2025-09-23 06:03:07
E5048,U17,P31,view,2025-10-15 06:23:48
E5049,U455,P27,view,2025-05-12 23:44:09
E5050,U779,P13,view,2025-09-25 01:36:24
E5051,U363,P15,view,2025-07-04 04:58:56
E5052,U962,P43,view,2025-05-11 11:17:40
E5053,U460,P28,purchase,2025-09-22 01:12:21
E5054,U144,P44,purchase,2025-11-11 02:39:22
E5055,U26,P20,purchase,2025-07-06 11:33:46
E5056,U650,P26,purchase,2025-03-22 01:59:02
E5057,U213,P49,view,2026-01-15 00:59:49
E5058,U681,P6,view,2025-06-07 10:47:45
E5059,U552,P29,wishlist,2025-08-28 14:51:14
E5060,U376,P33,purchase,2025-10-17 09:15:54
E5061,U470,P14,purchase,2026-01-30 21:31:37
E5062,U588,P11,view,2025-12-13 00:22:08
E5063,U327,P27,purchase,2025-08-20 12:41:51
E5064,U549,P3,view,2025-11-03 05:18:19
E5065,U891,P26,view,2025-08-19 16:38:37
E5066,U409,P37,cart,2025-11-19 11:10:37
E5067,U66,P3,view,2026-01-16 01:29:24
E5068,U805,P9,cart,2025-06-22 11:32:00
E5069,U360,P49,cart,2025-08-19 06:16:39
E5070,U8,P20,view,2025-07-22 19:35:07
E5071,U601,P27,cart,2025-03-28 19:42:30
E5072,U845,P9,view,2026-02-27 18:17:00
E5073,U216,P6,wishlist,2025-07-13 03:41:29
E5074,U807,P25,purchase,2025-10-08 07:23:37
E5075,U659,P39,wishlist,2025-11-13 20:00:55
E5076,U818,P24,wishlist,2025-03-16 01:46:21
E5077,U287,P0,cart,2026-01-23 11:24:45
E5078,U906,P48,purchase,2025-11-08 17:05:48
E5079,U78,P6,cart,2026-03-08 04:22:36
E5080,U747,P20,purchase,2025-09-01 21:42:37
E5081,U680,P20,view,2025-05-12 02:47:23
E5082,U398,P35,wishlist,2025-05-02 05:20:51
E5083,U428,P1,purchase,2025-09-10 01:10:34
E5084,U45,P37,cart,2025-03-22 08:54:36
E5085,U817,P5,cart,2025-11-15 21:08:11
E5086,U378,P1,cart,2025-07-31 05:38:35
E5087,U513,P49,wishlist,2025-11-06 01:35:48
E5088,U865,P47,cart,2026-01-09 20:30:57
E5089,U18,P10,purchase,2025-05-31 15:52:58
E5090,U626,P42,purchase,2025-09-14 03:59:59
E5091,U31,P42,cart,2025-08-12 23:09:31
E5092,U338,P23,view,2025-05-17 05:27:57
E5093,U728,P13,wishlist,2026-03-08 23:58:20
E5094,U451,P18,purchase,2025-06-10 23:57:09
E5095,U170,P39,purchase,2025-04-25 15:14:28
E5096,U171,P21,purchase,2026-02-21 16:20:43
E5097,U945,P14,view,2025-03-28 11:07:07
E5098,U805,P28,view,2025-11-20 17:21:40
E5099,U115,P41,cart,2025-06-16 18:20:30
E5100,U947,P16,purchase,2025-12-24 21:19:21
E5101,U393,P14,wishlist,2025-05-08 15:29:42
E5102,U850,P25,cart,2025-10-01 15:29:41
E5103,U536,P43,wishlist,2025-04-03 05:45:39
E5104,U248,P25,cart,2025-12-08 23:26:22
E5105,U94,P13,cart,2025-07-27 13:04:23
E5106,U766,P44,wishlist,2025-07-30 20:51:21
E5107,U378,P40,view,2025-10-10 08:25:37
E5108,U464,P3,cart,2025-05-05 21:35:40
E5109,U349,P14,view,2025-10-09 15:26:51
E5110,U410,P3,view,2026-02-24 03:54:52
E5111,U518,P24,cart,2026-01-27 23:11:17
E5112,U638,P10,purchase,2025-03-26 02:38:07
E5113,U919,P41,wishlist,2025-12-05 10:33:49
E5114,U23,P13,wishlist,2025-11-28 15:44:18
E5115,U663,P2,view,2026-01-28 09:39:11
E5116,U516,P13,cart,2025-09-28 05:25:26
E5117,U787,P31,wishlist,2025-11-20 00:16:45
E5118,U632,P17,wishlist,2025-11-11 12:31:10
E5119,U53,P5,cart,2025-12-26 19:12:48
E5120,U895,P41,purchase,2026-01-11 04:54:09
E5121,U406,P11,view,2025-09-17 13:34:02
E5122,U932,P39,purchase,2025-07-01 00:54:34
E5123,U130,P14,view,2025-10-07 14:25:37
E5124,U895,P35,wishlist,2026-03-11 06:03:24
E5125,U696,P16,wishlist,2026-02-21 09:11:15
E5126,U819,P19,cart,2026-01-14 02:47:53
E5127,U328,P28,cart,2025-11-10 00:25:06
E5128,U854,P36,wishlist,2025-05-29 05:59:25
E5129,U876,P4,purchase,2025-03-26 21:43:56
E5130,U997,P43,view,2026-02-09 18:22:38
E5131,U432,P24,wishlist,2025-10-04 20:06:11
E5132,U97,P32,wishlist,2025-10-02 19:50:22
E5133,U143,P13,view,2025-12-20 05:11:47
E5134,U700,P4,cart,2025-12-29 03:13:17
E5135,U149,P37,view,2026-02-03 18:25:17
E5136,U841,P3,view,2025-11-17 06:18:57
E5137,U958,P21,cart,2026-02-13 02:24:27
E5138,U140,P7,wishlist,2026-03-06 03:40:43
E5139,U0,P22,cart,2025-10-14 09:12:23
E5140,U290,P17,cart,2025-12-02 10:03:18
E5141,U38,P44,purchase,2025-05-28 11:24:44
E5142,U808,P5,purchase,2025-08-16 21:44:19
E5143,U249,P6,purchase,2026-01-10 13:20:55
E5144,U179,P21,wishlist,2025-08-27 02:38:35
E5145,U780,P23,wishlist,2025-09-02 18:41:03
E5146,U764,P47,cart,2026-02-25 17:25:33
E5147,U717,P16,cart,2025-12-18 00:17:07
E5148,U260,P32,purchase,2025-10-29 00:45:25
E5149,U730,P26,cart,2025-03-20 09:47:50
E5150,U682,P21,wishlist,2025-10-04 01:06:56
E5151,U212,P7,cart,2025-05-16 01:30:34
E5152,U460,P10,purchase,2025-03-22 11:44:20
E5153,U800,P14,cart,2026-01-31 01:26:03
E5154,U64,P4,wishlist,2025-10-31 08:40:27
E5155,U448,P48,view,2026-01-08 18:03:13
E5156,U755,P43,cart,2025-08-09 18:22:22
E5157,U687,P1,wishlist,2025-11-18 22:35:48
E5158,U724,P33,cart,2026-02-20 07:51:05
E5159,U894,P5,view,2025-04-01 07:59:17
E5160,U622,P43,view,2025-08-11 22:19:07
E5161,U375,P7,cart,2025-05-29 14:33:52
E5162,U65,P33,wishlist,2025-05-25 20:35:43
E5163,U33,P43,cart,2026-02-13 07:58:48
E5164,U776,P8,wishlist,2025-04-04 02:51:37
E5165,U100,P24,view,2025-06-10 13:20:17
E5166,U746,P17,purchase,2025-11-12 16:28:52
E5167,U516,P9,view,2025-12-30 06:43:23
E5168,U269,P44,cart,2026-02-09 14:44:14
E5169,U494,P28,wishlist,2025-08-23 03:57:43
E5170,U582,P46,purchase,2025-12-22 06:42:27
E5171,U72,P37,cart,2025-09-08 10:56:04
E5172,U79,P19,view,2026-02-15 02:35:54
E5173,U147,P34,purchase,2025-03-16 19:33:42
E5174,U954,P3,view,2025-08-13 18:54:05
E5175,U755,P11,view,2025-05-11 23:19:51
E5176,U623,P42,wishlist,2026-01-02 01:13:08
E5177,U526,P43,view,2026-02-17 00:05:56
E5178,U836,P32,purchase,2026-01-22 22:17:05
E5179,U384,P18,purchase,2025-03-30 04:14:52
E5180,U185,P42,cart,2025-04-09 08:25:10
E5181,U62,P39,wishlist,2025-08-16 17:10:36
E5182,U627,P24,wishlist,2025-04-08 16:36:12
E5183,U991,P3,view,2025-10-16 17:50:10
E5184,U441,P44,view,2025-09-26 16:56:43
E5185,U469,P38,cart,2025-05-27 02:42:00
E5186,U257,P30,purchase,2025-11-09 04:19:31
E5187,U65,P26,cart,2025-11-14 02:02:11
E5188,U691,P46,wishlist,2025-10-21 05:01:19
E5189,U945,P1,view,2025-09-13 16:04:59
E5190,U136,P19,view,2026-01-19 05:45:06
E5191,U207,P14,purchase,2025-04-10 11:38:19
E5192,U738,P2,purchase,2025-04-06 16:06:07
E5193,U911,P15,wishlist,2025-10-22 04:56:15
E5194,U423,P29,purchase,2025-06-28 07:28:36
E5195,U464,P34,view,2025-08-04 16:21:52
E5196,U965,P34,wishlist,2026-02-02 11:51:20
E5197,U224,P24,cart,2025-09-05 23:47:45
E5198,U204,P6,view,2025-07-22 23:48:17
E5199,U603,P39,cart,2025-03-29 07:47:22
E5200,U191,P49,view,2025-11-30 22:59:20
E5201,U689,P42,view,2025-12-17 22:00:22
E5202,U565,P2,purchase,2025-09-19 20:36:06
E5203,U794,P3,wishlist,2025-09-05 14:33:11
E5204,U637,P33,view,2025-04-03 19:58:51
E5205,U995,P28,purchase,2025-09-01 20:39:16
E5206,U523,P3,view,2025-11-26 23:43:21
E5207,U376,P22,wishlist,2025-11-19 17:57:04
E5208,U591,P3,wishlist,2026-03-06 04:35:16
E5209,U347,P48,wishlist,2025-11-10 18:24:34
E5210,U379,P30,purchase,2025-07-23 16:48:53
E5211,U75,P17,wishlist,2025-09-20 07:33:27
E5212,U466,P16,view,2025-06-08 02:25:23
E5213,U393,P18,cart,2025-04-30 23:05:21
E5214,U776,P10,cart,2026-02-21 18:19:10
E5215,U42,P32,view,2026-02-13 16:58:18
E5216,U929,P8,wishlist,2025-11-12 00:26:52
E5217,U578,P35,purchase,2025-03-31 12:37:54
E5218,U596,P38,wishlist,2025-10-06 22:04:48
E5219,U323,P16,purchase,2025-07-31 02:48:48
E5220,U836,P22,wishlist,2025-10-14 22:51:43
E5221,U939,P38,purchase,2025-04-08 17:23:35
E5222,U757,P37,purchase,2025-10-28 21:45:47
E5223,U884,P25,view,2025-06-06 00:01:05
E5224,U848,P30,purchase,2025-07-25 20:00:20
E5225,U255,P20,view,2025-12-20 09:44:25
E5226,U768,P32,view,2025-06-10 19:58:01
E5227,U531,P33,wishlist,2025-12-24 12:05:53
E5228,U979,P11,wishlist,2025-07-15 00:23:54
E5229,U667,P41,purchase,2025-10-04 01:06:42
E5230,U416,P0,wishlist,2025-08-03 13:07:06
E5231,U118,P3,view,2025-06-15 06:06:48
E5232,U166,P32,view,2025-10-16 03:58:06
E5233,U98,P35,view,2025-09-02 15:08:53
E5234,U769,P4,purchase,2025-12-11 18:28:38
E5235,U87,P45,purchase,2025-09-02 03:37:00
E5236,U324,P31,purchase,2026-03-09 19:06:16
E5237,U763,P28,cart,2026-02-05 07:21:12
E5238,U319,P41,wishlist,2026-02-10 07:50:37
E5239,U968,P14,cart,2025-05-09 04:14:30
E5240,U116,P49,cart,2026-02-21 11:56:29
E5241,U60,P26,view,2025-04-22 10:05:25
E5242,U19,P9,cart,2025-05-09 09:58:32
E5243,U205,P6,view,2025-05-28 06:07:24
E5244,U338,P35,purchase,2025-10-20 20:38:37
E5245,U428,P6,wishlist,2025-04-25 23:30:35
E5246,U151,P25,wishlist,2026-01-16 08:04:39
E5247,U460,P0,wishlist,2025-08-19 09:10:33
E5248,U302,P42,view,2025-11-18 22:14:23
E5249,U369,P34,wishlist,2025-09-10 01:43:46
E5250,U114,P21,cart,2025-12-31 04:13:37
E5251,U125,P44,purchase,2025-06-07 08:34:10
E5252,U961,P42,cart,2025-10-20 14:56:30
E5253,U700,P47,wishlist,2025-07-31 18:57:10
E5254,U536,P48,purchase,2025-11-06 01:17:54
E5255,U913,P23,cart,2025-08-18 02:06:26
E5256,U435,P24,cart,2026-01-09 12:17:53
E5257,U153,P13,view,2025-10-16 04:21:34
E5258,U315,P2,view,2026-02-24 11:31:40
E5259,U926,P44,purchase,2026-02-11 18:12:27
E5260,U129,P31,view,2026-02-10 04:05:03
E5261,U221,P9,wishlist,2025-11-06 11:57:27
E5262,U590,P11,wishlist,2025-08-18 13:46:06
E5263,U815,P32,wishlist,2026-01-31 05:29:20
E5264,U675,P23,view,2025-12-18 08:39:21
E5265,U803,P45,cart,2025-10-04 11:42:58
E5266,U367,P2,wishlist,2026-02-05 09:27:18
E5267,U138,P15,wishlist,2025-06-07 01:03:02
E5268,U933,P28,wishlist,2025-04-23 23:02:25
E5269,U122,P38,wishlist,2025-07-15 18:09:48
E5270,U399,P1,purchase,2025-03-27 01:02:42
E5271,U348,P36,cart,2025-09-23 07:15:31
E5272,U62,P41,cart,2025-05-07 20:56:06
E5273,U151,P36,view,2025-12-02 17:22:45
E5274,U538,P45,view,2025-11-10 19:37:24
E5275,U337,P29,view,2025-10-19 21:55:59
E5276,U729,P10,view,2025-09-20 16:25:47
E5277,U222,P23,cart,2025-07-16 02:51:25
E5278,U454,P26,view,2025-09-19 08:49:00
E5279,U27,P25,view,2025-03-30 13:56:22
E5280,U664,P12,wishlist,2025-09-02 18:27:18
E5281,U180,P9,cart,2025-10-04 17:55:38
E5282,U588,P9,cart,2025-10-28 02:16:26
E5283,U871,P22,view,2025-11-07 11:58:41
E5284,U468,P11,cart,2025-03-17 19:36:38
E5285,U325,P10,purchase,2025-10-27 19:30:14
E5286,U177,P32,cart,2025-06-16 07:04:41
E5287,U824,P26,purchase,2025-08-30 02:25:17
E5288,U215,P18,wishlist,2026-01-05 16:04:00
E5289,U746,P48,cart,2025-06-29 03:20:21
E5290,U55,P42,view,2026-01-17 16:48:57
E5291,U945,P16,cart,2025-06-01 06:45:30
E5292,U789,P12,wishlist,2026-03-05 22:52:41
E5293,U105,P1,wishlist,2025-10-18 08:54:32
E5294,U141,P44,view,2025-10-04 18:39:40
E5295,U576,P22,wishlist,2025-04-17 08:34:31
E5296,U60,P39,wishlist,2026-03-05 08:17:54
E5297,U28,P21,purchase,2025-06-28 15:44:19
E5298,U645,P6,view,2026-02-04 12:59:00
E5299,U650,P39,view,2025-09-08 20:55:59
E5300,U525,P0,cart,2026-01-16 05:23:54
E5301,U337,P20,view,2025-08-14 13:33:52
E5302,U843,P45,wishlist,2025-06-08 21:05:47
E5303,U370,P49,purchase,2025-04-02 12:31:42
E5304,U568,P7,view,2025-04-13 08:23:09
E5305,U119,P7,purchase,2025-04-01 13:31:25
E5306,U874,P3,view,2025-06-02 19:53:48
E5307,U806,P10,wishlist,2025-09-04 06:29:10
E5308,U608,P20,wishlist,2025-12-19 18:43:45
E5309,U761,P5,cart,2026-02-26 14:00:12
E5310,U167,P36,view,2025-03-25 08:28:30
E5311,U809,P34,cart,2025-10-21 08:49:41
E5312,U739,P1,purchase,2025-11-28 01:35:33
E5313,U297,P39,wishlist,2025-11-08 12:54:25
E5314,U2,P44,purchase,2026-03-06 06:54:30
E5315,U509,P46,cart,2025-06-28 02:49:41
E5316,U338,P25,cart,2025-03-16 22:14:51
E5317,U602,P1,wishlist,2026-02-24 13:23:36
E5318,U398,P33,view,2025-12-08 23:41:26
E5319,U505,P21,cart,2025-04-27 22:18:27
E5320,U422,P9,view,2025-08-15 21:29:15
E5321,U296,P21,cart,2025-06-24 07:57:10
E5322,U1,P36,purchase,2025-04-10 18:49:53
E5323,U557,P34,wishlist,2025-03-31 20:21:48
E5324,U181,P18,wishlist,2025-05-15 15:37:14
E5325,U761,P39,view,2025-09-25 05:40:58
E5326,U233,P29,view,2025-09-26 14:23:18
E5327,U153,P37,cart,2025-07-04 07:58:23
E5328,U333,P46,wishlist,2025-06-14 23:30:03
E5329,U852,P25,view,2025-07-12 07:15:37
E5330,U390,P13,cart,2025-03-16 04:54:42
E5331,U562,P18,wishlist,2025-06-08 18:21:12
E5332,U232,P27,cart,2025-08-28 02:43:45
E5333,U896,P14,cart,2025-05-23 11:00:48
E5334,U436,P40,cart,2025-08-23 06:44:55
E5335,U409,P5,wishlist,2025-10-01 09:16:15
E5336,U111,P31,view,2025-09-02 04:53:22
E5337,U24,P4,cart,2025-07-18 16:30:52
E5338,U141,P33,purchase,2025-06-04 00:53:24
E5339,U635,P8,cart,2025-11-27 05:47:06
E5340,U362,P39,wishlist,2025-09-16 03:09:40
E5341,U768,P4,view,2025-04-12 20:30:57
E5342,U478,P4,purchase,2026-01-30 15:51:00
E5343,U536,P29,cart,2026-02-01 05:58:20
E5344,U159,P32,cart,2025-03-22 09:00:47
E5345,U426,P39,wishlist,2025-08-26 19:32:17
E5346,U544,P10,purchase,2026-01-21 03:09:54
E5347,U146,P4,view,2025-10-01 20:26:47
E5348,U595,P20,cart,2025-09-24 05:36:42
E5349,U932,P3,cart,2025-10-13 01:30:01
E5350,U225,P23,purchase,2025-06-21 04:49:28
E5351,U766,P0,view,2025-10-14 23:39:42
E5352,U707,P8,cart,2025-06-22 13:20:16
E5353,U453,P45,cart,2025-07-26 09:39:12
E5354,U412,P24,view,2025-06-17 23:53:24
E5355,U803,P13,cart,2025-09-15 18:42:21
E5356,U404,P2,view,2025-10-23 05:39:33
E5357,U304,P18,view,2025-06-27 16:52:28
E5358,U279,P37,cart,2025-07-05 18:02:53
E5359,U839,P35,view,2025-05-05 18:29:29
E5360,U520,P1,cart,2025-11-24 00:52:59
E5361,U396,P38,purchase,2025-06-20 16:29:39
E5362,U879,P17,purchase,2025-05-09 06:43:08
E5363,U562,P13,cart,2025-12-01 23:44:01
E5364,U891,P1,purchase,2026-02-28 12:11:18
E5365,U296,P6,cart,2025-04-04 17:05:33
E5366,U590,P38,cart,2026-01-29 02:07:00
E5367,U693,P23,purchase,2025-03-22 08:59:20
E5368,U365,P36,cart,2025-10-28 06:32:26
E5369,U719,P46,wishlist,2025-09-01 11:06:40
E5370,U341,P10,purchase,2026-02-10 13:17:08
E5371,U317,P38,cart,2025-12-31 04:13:36
E5372,U545,P5,purchase,2026-01-01 04:36:15
E5373,U87,P33,wishlist,2025-08-11 02:30:36
E5374,U622,P12,cart,2025-07-21 14:30:25
E5375,U194,P39,wishlist,2025-12-02 01:20:24
E5376,U919,P16,cart,2025-06-01 12:41:23
E5377,U187,P17,view,2025-11-12 04:30:59
E5378,U647,P7,view,2025-09-22 08:08:09
E5379,U244,P43,purchase,2025-06-13 21:51:23
E5380,U765,P26,view,2026-03-10 15:26:35
E5381,U970,P8,purchase,2025-05-28 10:48:02
E5382,U921,P42,cart,2025-12-08 08:27:46
E5383,U188,P48,purchase,2026-02-06 11:09:35
E5384,U369,P15,purchase,2025-03-25 18:50:24
E5385,U170,P45,wishlist,2026-02-09 12:33:46
E5386,U433,P26,cart,2025-08-05 20:52:57
E5387,U20,P0,cart,2025-06-24 15:10:18
E5388,U149,P19,view,2025-09-23 11:45:15
E5389,U284,P36,wishlist,2025-04-21 12:23:04
E5390,U342,P48,cart,2025-05-21 01:21:19
E5391,U459,P14,wishlist,2025-04-24 07:51:54
E5392,U584,P15,view,2025-05-06 20:43:51
E5393,U797,P9,purchase,2025-06-04 05:28:19
E5394,U30,P11,purchase,2025-10-13 10:23:39
E5395,U810,P26,view,2025-06-23 04:19:26
E5396,U981,P37,purchase,2025-12-09 17:56:17
E5397,U865,P28,purchase,2025-12-21 00:30:47
E5398,U733,P44,purchase,2025-05-10 08:49:17
E5399,U386,P12,cart,2025-12-06 03:14:20
E5400,U766,P13,wishlist,2025-11-12 08:01:19
E5401,U209,P42,purchase,2025-07-04 11:09:08
E5402,U399,P26,purchase,2025-04-27 02:36:50
E5403,U920,P32,purchase,2025-07-03 13:36:25
E5404,U251,P40,wishlist,2025-10-04 20:26:58
E5405,U330,P10,purchase,2025-11-27 23:31:08
E5406,U81,P18,wishlist,2025-08-23 11:21:15
E5407,U429,P9,view,2025-05-19 21:49:00
E5408,U962,P49,cart,2025-05-09 00:24:25
E5409,U170,P12,wishlist,2025-03-22 22:51:48
E5410,U508,P29,wishlist,2025-05-05 21:27:29
E5411,U812,P37,cart,2026-02-16 20:28:00
E5412,U514,P38,view,2025-12-12 19:05:45
E5413,U727,P4,wishlist,2025-03-19 11:43:08
E5414,U73,P18,wishlist,2025-03-22 07:35:13
E5415,U922,P34,view,2025-06-21 12:11:46
E5416,U732,P48,purchase,2025-05-20 04:28:53
E5417,U229,P34,purchase,2025-04-09 20:50:02
E5418,U958,P28,cart,2025-09-02 11:48:07
E5419,U686,P12,cart,2025-08-02 10:37:57
E5420,U728,P44,view,2025-12-11 12:18:58
E5421,U396,P42,purchase,2025-09-28 18:15:48
E5422,U570,P39,view,2025-11-12 18:02:02
E5423,U683,P1,purchase,2025-08-29 02:39:05
E5424,U630,P2,cart,2025-08-09 17:45:33
E5425,U146,P20,wishlist,2025-06-03 08:07:48
E5426,U174,P6,cart,2025-03-25 03:12:59
E5427,U540,P30,view,2026-01-05 02:02:26
E5428,U349,P42,wishlist,2026-03-01 02:05:52
E5429,U676,P4,cart,2025-11-06 14:30:28
E5430,U370,P32,cart,2025-12-03 23:00:01
E5431,U715,P48,view,2025-06-03 23:01:09
E5432,U209,P39,purchase,2026-03-02 04:47:54
E5433,U356,P11,purchase,2025-10-19 14:50:02
E5434,U364,P6,purchase,2025-10-06 01:45:06
E5435,U661,P37,wishlist,2026-01-27 23:13:41
E5436,U895,P11,wishlist,2025-08-06 16:29:41
E5437,U344,P45,purchase,2025-10-10 01:11:32
E5438,U706,P13,cart,2025-03-16 14:38:00
E5439,U752,P38,view,2026-02-19 13:36:26
E5440,U461,P23,purchase,2025-09-30 20:54:07
E5441,U930,P23,wishlist,2025-06-21 13:30:37
E5442,U378,P42,purchase,2026-02-16 06:17:44
E5443,U6,P26,purchase,2025-11-22 17:45:57
E5444,U93,P24,view,2025-10-10 04:06:37
E5445,U115,P24,view,2025-08-04 11:13:01
E5446,U761,P40,purchase,2026-01-13 14:01:05
E5447,U694,P8,purchase,2025-07-16 07:43:20
E5448,U338,P24,view,2025-05-21 22:46:40
E5449,U25,P21,view,2025-07-24 05:15:10
E5450,U649,P42,view,2025-09-14 00:29:09
E5451,U815,P43,view,2025-10-12 19:36:53
E5452,U636,P12,cart,2025-09-14 18:31:59
E5453,U132,P34,wishlist,2026-02-08 03:57:59
E5454,U560,P0,view,2025-06-03 19:05:06
E5455,U579,P7,cart,2025-07-17 09:33:45
E5456,U467,P18,cart,2026-02-02 12:37:43
E5457,U862,P8,purchase,2025-05-28 00:44:45
E5458,U528,P47,view,2026-01-08 02:42:38
E5459,U174,P40,cart,2025-07-11 09:51:36
E5460,U968,P45,view,2025-05-23 05:24:33
E5461,U711,P43,view,2025-10-11 08:22:43
E5462,U671,P6,view,2025-04-03 16:08:41
E5463,U429,P28,purchase,2026-02-26 05:00:11
E5464,U539,P38,view,2025-07-03 12:01:19
E5465,U636,P26,view,2025-07-07 20:01:20
E5466,U919,P0,view,2025-10-18 07:17:03
E5467,U301,P36,view,2025-11-01 12:15:36
E5468,U938,P20,view,2025-05-26 04:04:48
E5469,U101,P13,view,2026-02-17 09:00:04
E5470,U709,P46,wishlist,2025-06-09 09:10:11
E5471,U871,P30,cart,2025-12-13 02:56:41
E5472,U155,P27,purchase,2025-07-15 11:08:19
E5473,U632,P19,wishlist,2025-05-03 06:37:19
E5474,U988,P22,wishlist,2025-08-12 05:13:38
E5475,U768,P32,purchase,2025-08-08 13:01:20
E5476,U233,P28,wishlist,2025-06-17 23:17:15
E5477,U919,P42,purchase,2025-06-06 23:08:07
E5478,U759,P41,purchase,2026-03-12 09:46:52
E5479,U968,P28,purchase,2025-06-08 13:11:15
E5480,U725,P40,wishlist,2025-06-15 17:12:13
E5481,U403,P15,wishlist,2025-11-15 16:55:12
E5482,U750,P22,purchase,2025-05-31 19:03:57
E5483,U115,P32,wishlist,2025-09-09 17:32:08
E5484,U437,P21,view,2025-08-01 23:52:29
E5485,U568,P15,view,2025-10-22 19:15:17
E5486,U669,P23,cart,2026-02-24 13:46:36
E5487,U542,P21,purchase,2025-04-16 04:35:41
E5488,U403,P6,cart,2025-05-05 16:13:05
E5489,U330,P43,cart,2025-07-17 19:43:49
E5490,U661,P0,wishlist,2026-01-11 21:29:44
E5491,U784,P12,cart,2025-08-17 05:12:58
E5492,U84,P37,purchase,2025-05-18 02:27:27
E5493,U594,P24,cart,2025-12-05 18:44:34
E5494,U76,P35,view,2025-06-28 17:49:05
E5495,U248,P26,cart,2026-02-08 09:48:09
E5496,U381,P17,purchase,2025-04-28 13:14:36
E5497,U24,P30,cart,2025-08-21 18:15:48
E5498,U786,P15,wishlist,2025-05-21 08:46:20
E5499,U959,P31,view,2025-03-26 00:21:18
E5500,U615,P15,cart,2025-04-20 10:10:34
E5501,U634,P0,view,2025-06-24 14:12:57
E5502,U38,P2,view,2025-08-11 16:53:01
E5503,U175,P12,wishlist,2025-11-27 09:57:04
E5504,U971,P19,cart,2025-08-13 00:17:15
E5505,U51,P23,cart,2025-08-29 05:56:29
E5506,U238,P13,cart,2025-12-11 11:23:55
E5507,U718,P13,wishlist,2025-04-05 19:10:45
E5508,U101,P27,view,2026-02-05 07:23:58
E5509,U886,P9,purchase,2025-09-17 02:32:10
E5510,U526,P41,purchase,2025-12-20 22:53:02
E5511,U510,P33,cart,2025-06-06 10:56:32
E5512,U851,P28,view,2025-08-12 17:19:22
E5513,U115,P2,cart,2025-06-22 08:48:16
E5514,U886,P18,wishlist,2025-04-15 05:46:24
E5515,U699,P1,cart,2026-02-26 16:38:37
E5516,U670,P18,view,2025-11-21 12:48:14
E5517,U417,P28,view,2025-05-11 22:19:31
E5518,U394,P5,view,2025-08-07 21:47:07
E5519,U69,P24,cart,2025-09-28 10:54:52
E5520,U314,P37,cart,2025-11-08 05:45:41
E5521,U532,P43,wishlist,2025-08-10 05:54:08
E5522,U819,P47,view,2025-10-19 04:05:25
E5523,U648,P24,cart,2025-04-01 11:58:54
E5524,U988,P2,wishlist,2026-01-04 00:29:47
E5525,U935,P19,cart,2026-02-20 18:45:21
E5526,U576,P46,cart,2026-02-21 07:40:52
E5527,U977,P45,purchase,2025-11-03 11:41:28
E5528,U552,P10,purchase,2025-09-04 16:57:01
E5529,U306,P26,view,2025-08-23 16:38:16
E5530,U206,P33,cart,2025-12-26 04:29:34
E5531,U26,P33,cart,2025-06-19 22:09:48
E5532,U368,P37,view,2025-10-27 17:25:07
E5533,U72,P26,purchase,2025-07-11 00:13:12
E5534,U595,P8,purchase,2025-11-09 23:16:39
E5535,U788,P36,view,2025-10-27 01:48:48
E5536,U245,P7,purchase,2025-03-24 16:44:32
E5537,U363,P18,purchase,2025-06-03 14:13:43
E5538,U467,P45,purchase,2025-12-15 18:28:13
E5539,U203,P33,cart,2026-02-01 06:28:42
E5540,U159,P22,view,2025-12-19 12:53:59
E5541,U813,P21,view,2025-10-12 04:45:47
E5542,U945,P25,view,2025-10-01 03:12:18
E5543,U438,P28,wishlist,2026-02-02 10:18:30
E5544,U884,P43,wishlist,2025-08-28 07:48:02
E5545,U421,P29,cart,2025-08-31 19:13:58
E5546,U269,P33,purchase,2025-11-07 22:33:27
E5547,U562,P26,purchase,2025-09-19 09:14:04
E5548,U188,P11,cart,2025-09-10 15:18:56
E5549,U912,P5,view,2025-09-27 22:57:02
E5550,U864,P20,purchase,2025-09-17 21:50:06
E5551,U7,P46,cart,2025-07-24 08:38:06
E5552,U674,P27,view,2026-02-13 15:08:24
E5553,U401,P0,view,2025-07-10 11:42:57
E5554,U653,P40,purchase,2025-12-08 06:04:28
E5555,U554,P23,view,2025-06-15 05:31:49
E5556,U614,P5,view,2025-07-07 18:41:36
E5557,U410,P40,cart,2025-04-19 12:06:42
E5558,U918,P2,purchase,2025-08-11 22:41:35
E5559,U555,P24,wishlist,2025-04-19 16:43:59
E5560,U707,P42,cart,2025-08-13 15:00:34
E5561,U208,P10,wishlist,2025-08-01 19:11:34
E5562,U301,P10,purchase,2025-12-28 03:03:14
E5563,U473,P25,purchase,2026-01-12 05:10:51
E5564,U593,P36,purchase,2025-12-12 21:44:11
E5565,U456,P4,view,2026-01-14 18:41:45
E5566,U794,P19,purchase,2026-01-30 09:34:11
E5567,U834,P18,view,2025-05-19 09:47:37
E5568,U705,P14,view,2025-07-29 21:23:52
E5569,U384,P19,purchase,2026-02-05 17:51:47
E5570,U279,P39,cart,2025-08-20 23:31:15
E5571,U308,P17,cart,2026-03-07 23:02:04
E5572,U550,P46,view,2025-09-09 20:58:48
E5573,U879,P20,wishlist,2026-02-19 05:17:00
E5574,U210,P39,purchase,2025-06-11 01:47:14
E5575,U244,P47,cart,2025-10-30 15:17:40
E5576,U365,P11,wishlist,2025-12-20 00:20:02
E5577,U560,P45,cart,2026-03-05 20:54:50
E5578,U396,P22,wishlist,2026-02-06 20:36:28
E5579,U185,P12,purchase,2025-03-27 19:16:09
E5580,U499,P11,wishlist,2025-05-03 11:40:25
E5581,U700,P0,view,2026-01-30 19:29:09
E5582,U485,P28,view,2026-02-21 09:26:15
E5583,U55,P43,view,2025-07-24 21:31:25
E5584,U658,P20,wishlist,2025-10-08 15:32:07
E5585,U314,P25,purchase,2025-12-31 04:38:48
E5586,U585,P43,wishlist,2025-11-05 01:52:21
E5587,U774,P20,cart,2025-11-18 14:51:51
E5588,U379,P40,cart,2026-02-15 18:50:28
E5589,U697,P15,purchase,2025-07-26 23:52:40
E5590,U694,P3,purchase,2025-04-24 01:38:12
E5591,U177,P47,wishlist,2025-04-16 08:06:08
E5592,U75,P33,purchase,2025-11-13 10:38:56
E5593,U106,P13,purchase,2025-07-01 19:19:27
E5594,U379,P41,view,2025-10-06 23:12:53
E5595,U373,P35,purchase,2025-12-12 19:43:53
E5596,U558,P4,cart,2026-02-05 01:12:07
E5597,U540,P43,purchase,2025-05-13 18:40:49
E5598,U330,P8,cart,2025-07-22 15:33:07
E5599,U33,P28,wishlist,2025-09-01 22:34:27
E5600,U54,P42,view,2026-02-17 12:29:56
E5601,U502,P46,view,2025-07-19 10:16:10
E5602,U799,P44,wishlist,2025-11-09 06:07:26
E5603,U363,P22,purchase,2025-08-12 07:38:27
E5604,U321,P22,wishlist,2025-04-02 13:07:25
E5605,U113,P8,cart,2025-10-20 20:54:35
E5606,U547,P29,cart,2025-11-02 23:36:34
E5607,U221,P18,wishlist,2026-03-04 01:56:59
E5608,U730,P12,wishlist,2025-08-02 17:48:42
E5609,U784,P45,cart,2026-03-09 21:06:07
E5610,U830,P2,cart,2025-06-17 08:31:11
E5611,U670,P44,purchase,2025-05-21 22:46:44
E5612,U328,P11,wishlist,2025-06-03 12:25:38
E5613,U755,P8,cart,2025-11-06 15:58:29
E5614,U745,P44,purchase,2025-05-02 05:00:28
E5615,U6,P5,wishlist,2025-08-16 17:33:21
E5616,U975,P36,cart,2026-03-15 08:24:56
E5617,U965,P5,view,2025-10-24 13:22:15
E5618,U687,P2,cart,2025-05-12 21:55:21
E5619,U148,P29,purchase,2025-10-13 03:26:43
E5620,U262,P23,view,2025-04-20 01:42:24
E5621,U451,P5,purchase,2025-07-26 02:21:19
E5622,U725,P14,wishlist,2026-02-11 21:26:53
E5623,U221,P42,cart,2026-03-12 14:21:17
E5624,U204,P49,purchase,2025-05-07 10:49:06
E5625,U586,P39,cart,2025-03-25 18:17:42
E5626,U152,P15,wishlist,2025-12-16 11:17:29
E5627,U515,P24,cart,2025-04-11 15:47:25
E5628,U766,P46,wishlist,2025-10-16 09:20:34
E5629,U199,P29,cart,2026-02-17 05:26:55
E5630,U437,P2,purchase,2025-04-07 12:17:17
E5631,U910,P14,view,2026-01-01 22:08:04
E5632,U688,P0,wishlist,2025-05-22 13:05:32
E5633,U535,P19,wishlist,2026-02-03 13:58:52
E5634,U217,P25,view,2025-11-07 06:22:27
E5635,U882,P28,wishlist,2025-03-30 18:08:36
E5636,U194,P16,purchase,2025-11-13 23:11:47
E5637,U16,P45,wishlist,2025-05-22 23:08:31
E5638,U785,P36,wishlist,2025-10-23 02:04:21
E5639,U10,P30,purchase,2025-10-18 09:54:42
E5640,U633,P36,purchase,2025-05-23 03:34:39
E5641,U322,P5,cart,2026-02-10 04:02:01
E5642,U135,P12,wishlist,2026-02-28 06:19:03
E5643,U594,P17,cart,2025-06-19 14:31:45
E5644,U629,P44,view,2025-08-23 04:06:36
E5645,U580,P4,purchase,2025-07-31 07:06:00
E5646,U703,P8,purchase,2025-07-18 20:34:44
E5647,U321,P7,cart,2026-02-03 15:01:33
E5648,U399,P29,view,2025-04-04 05:03:58
E5649,U873,P34,view,2025-05-08 08:21:48
E5650,U675,P36,cart,2026-02-05 20:50:51
E5651,U454,P7,view,2025-10-24 03:21:48
E5652,U40,P4,cart,2025-05-31 06:53:23
E5653,U844,P21,cart,2025-07-30 02:51:04
E5654,U860,P36,cart,2026-03-06 07:40:36
E5655,U414,P2,cart,2025-03-23 18:27:24
E5656,U999,P39,cart,2025-11-17 22:17:52
E5657,U262,P32,view,2025-04-13 16:10:13
E5658,U613,P8,purchase,2026-02-18 14:16:45
E5659,U31,P3,cart,2025-10-29 12:07:31
E5660,U848,P31,view,2025-11-01 05:22:29
E5661,U273,P1,purchase,2025-04-22 09:44:13
E5662,U894,P34,view,2025-05-16 10:20:28
E5663,U812,P45,cart,2025-06-24 16:05:19
E5664,U956,P22,cart,2025-11-10 15:41:00
E5665,U762,P27,wishlist,2025-10-29 09:05:45
E5666,U565,P41,view,2025-12-23 09:55:01
E5667,U915,P36,view,2025-03-30 06:29:52
E5668,U579,P34,cart,2026-02-10 09:17:38
E5669,U256,P31,purchase,2025-12-28 07:25:39
E5670,U524,P32,view,2026-01-18 17:54:53
E5671,U705,P11,view,2026-01-15 22:09:02
E5672,U999,P32,wishlist,2025-09-03 07:30:33
E5673,U987,P44,view,2026-01-14 14:54:10
E5674,U333,P42,purchase,2025-06-22 23:20:30
E5675,U472,P44,wishlist,2025-12-08 03:15:37
E5676,U935,P46,view,2025-08-23 05:22:03
E5677,U289,P7,wishlist,2026-02-20 12:33:16
E5678,U542,P17,cart,2025-08-10 15:16:34
E5679,U806,P25,cart,2025-05-29 06:10:08
E5680,U879,P29,view,2025-04-20 21:32:25
E5681,U518,P32,cart,2025-06-17 16:54:49
E5682,U43,P22,view,2025-12-22 06:36:05
E5683,U768,P27,purchase,2025-10-25 22:19:56
E5684,U595,P44,wishlist,2025-12-05 10:16:44
E5685,U42,P10,view,2026-02-20 12:46:50
E5686,U406,P4,view,2025-11-11 02:49:42
E5687,U695,P47,wishlist,2025-09-29 16:52:25
E5688,U196,P28,purchase,2025-03-17 03:40:58
E5689,U546,P31,purchase,2026-01-12 22:48:09
E5690,U201,P5,wishlist,2025-06-18 18:31:14
E5691,U69,P23,wishlist,2025-05-25 18:50:35
E5692,U13,P6,cart,2026-03-05 18:59:38
E5693,U152,P43,view,2025-07-03 13:31:57
E5694,U525,P8,purchase,2025-05-28 07:28:28
E5695,U103,P31,wishlist,2025-05-19 18:41:04
E5696,U883,P48,wishlist,2026-01-16 19:29:41
E5697,U751,P11,cart,2025-11-16 06:35:12
E5698,U647,P42,view,2025-05-16 08:20:21
E5699,U185,P38,purchase,2025-04-04 05:52:24
E5700,U927,P26,purchase,2025-11-05 20:22:21
E5701,U42,P41,cart,2025-09-26 17:38:12
E5702,U675,P37,wishlist,2025-05-26 01:41:10
E5703,U161,P36,wishlist,2026-01-07 12:42:51
E5704,U377,P2,view,2026-01-08 01:05:43
E5705,U672,P18,wishlist,2025-07-01 13:28:17
E5706,U564,P39,cart,2025-07-16 05:09:18
E5707,U714,P37,wishlist,2025-11-23 15:45:37
E5708,U988,P21,wishlist,2025-04-14 03:23:16
E5709,U79,P26,wishlist,2025-10-15 19:36:32
E5710,U599,P36,purchase,2025-11-25 15:56:20
E5711,U791,P42,cart,2026-01-16 11:45:31
E5712,U823,P43,purchase,2026-02-17 05:40:46
E5713,U371,P8,cart,2025-12-09 19:41:05
E5714,U235,P49,view,2025-12-16 12:26:14
E5715,U850,P31,wishlist,2025-04-01 05:51:09
E5716,U897,P30,view,2025-04-19 11:15:33
E5717,U881,P46,wishlist,2026-02-23 15:13:11
E5718,U285,P6,cart,2025-05-11 21:36:39
E5719,U30,P38,view,2025-11-17 18:53:52
E5720,U601,P37,wishlist,2025-12-11 03:18:45
E5721,U145,P48,wishlist,2025-03-15 04:23:23
E5722,U182,P18,view,2025-07-14 08:04:36
E5723,U69,P0,view,2025-12-12 10:17:42
E5724,U572,P6,cart,2025-10-18 21:27:31
E5725,U186,P41,cart,2025-09-17 04:58:46
E5726,U579,P15,purchase,2025-12-08 17:23:35
E5727,U191,P27,view,2025-04-18 15:28:51
E5728,U737,P44,cart,2025-07-16 01:44:16
E5729,U955,P14,wishlist,2025-12-24 02:38:37
E5730,U64,P10,cart,2025-04-22 06:09:51
E5731,U888,P20,wishlist,2025-07-19 07:43:45
E5732,U56,P22,wishlist,2025-10-01 08:10:22
E5733,U127,P39,purchase,2025-04-27 04:14:43
E5734,U685,P27,cart,2025-08-27 01:54:56
E5735,U924,P36,view,2026-01-07 09:39:04
E5736,U309,P18,purchase,2025-07-01 15:57:05
E5737,U706,P32,view,2025-08-10 10:38:36
E5738,U565,P40,view,2025-08-25 04:32:02
E5739,U617,P47,purchase,2026-01-31 01:35:01
E5740,U384,P45,view,2025-06-11 08:25:51
E5741,U801,P41,cart,2025-07-29 20:03:13
E5742,U133,P46,view,2026-02-23 17:46:14
E5743,U599,P33,cart,2026-02-23 09:31:03
E5744,U62,P37,view,2025-05-23 06:50:04
E5745,U338,P43,cart,2025-11-03 21:26:36
E5746,U968,P13,wishlist,2025-06-27 16:58:47
E5747,U783,P38,wishlist,2025-12-17 07:45:07
E5748,U840,P2,cart,2026-02-05 03:08:16
E5749,U20,P45,view,2025-07-09 03:47:31
E5750,U780,P12,wishlist,2025-05-23 08:17:43
E5751,U771,P39,purchase,2025-08-18 17:29:49
E5752,U75,P43,view,2025-09-27 21:52:56
E5753,U747,P43,cart,2025-06-24 09:48:46
E5754,U416,P3,purchase,2025-07-09 17:13:04
E5755,U643,P33,cart,2025-07-25 21:08:00
E5756,U536,P5,purchase,2025-07-24 14:56:42
E5757,U669,P3,cart,2025-06-17 13:50:04
E5758,U935,P8,cart,2026-01-16 20:34:50
E5759,U673,P17,cart,2026-01-05 23:47:53
E5760,U316,P34,purchase,2025-08-30 15:02:16
E5761,U661,P45,cart,2026-01-05 01:52:23
E5762,U74,P22,wishlist,2025-05-20 11:10:28
E5763,U337,P31,purchase,2025-07-02 14:01:05
E5764,U11,P14,cart,2025-11-08 23:44:29
E5765,U528,P14,wishlist,2025-07-15 22:56:47
E5766,U772,P3,cart,2026-03-03 20:30:54
E5767,U800,P15,view,2026-01-12 07:27:48
E5768,U655,P19,cart,2025-08-28 14:04:49
E5769,U972,P25,wishlist,2025-07-21 07:02:47
E5770,U366,P16,cart,2025-11-03 06:49:06
E5771,U253,P45,view,2025-11-29 22:13:14
E5772,U295,P31,cart,2025-05-20 05:22:07
E5773,U328,P7,wishlist,2025-12-12 08:28:30
E5774,U774,P28,purchase,2025-03-27 23:11:20
E5775,U764,P1,purchase,2025-08-06 13:11:44
E5776,U841,P39,purchase,2025-05-09 05:49:10
E5777,U580,P1,wishlist,2025-08-09 08:59:20
E5778,U297,P32,wishlist,2025-09-06 03:11:45
E5779,U945,P36,purchase,2025-03-19 17:10:18
E5780,U167,P17,wishlist,2025-07-27 18:55:56
E5781,U853,P11,wishlist,2025-10-19 06:45:04
E5782,U280,P27,cart,2025-07-14 15:47:08
E5783,U95,P44,cart,2026-01-08 06:44:56
E5784,U195,P42,wishlist,2025-10-28 21:18:18
E5785,U993,P39,cart,2025-08-20 14:43:23
E5786,U668,P36,cart,2026-01-02 12:54:04
E5787,U115,P10,view,2025-10-25 02:26:55
E5788,U276,P36,wishlist,2026-03-14 18:21:32
E5789,U793,P29,purchase,2025-07-28 12:34:25
E5790,U43,P1,cart,2025-05-14 10:36:57
E5791,U675,P44,view,2025-11-07 10:11:56
E5792,U953,P0,view,2025-09-22 22:24:25
E5793,U136,P49,purchase,2025-11-03 08:06:15
E5794,U200,P6,cart,2025-06-10 04:43:26
E5795,U286,P34,wishlist,2025-08-12 05:42:06
E5796,U696,P49,cart,2025-08-26 14:42:19
E5797,U220,P8,view,2025-11-11 13:06:43
E5798,U436,P31,purchase,2025-08-01 02:19:59
E5799,U896,P27,view,2025-03-31 18:34:02
E5800,U305,P3,cart,2025-10-19 17:05:43
E5801,U242,P42,wishlist,2026-01-08 02:05:27
E5802,U63,P1,wishlist,2025-06-22 09:32:34
E5803,U397,P24,view,2025-09-29 14:18:17
E5804,U396,P15,wishlist,2025-06-20 06:54:05
E5805,U259,P47,wishlist,2026-01-07 13:14:39
E5806,U737,P40,wishlist,2026-02-16 16:22:18
E5807,U516,P3,view,2025-11-24 20:20:55
E5808,U925,P38,cart,2025-07-28 21:07:05
E5809,U917,P34,purchase,2025-12-13 20:48:50
E5810,U278,P6,cart,2025-05-24 23:27:06
E5811,U460,P13,view,2025-10-10 08:01:59
E5812,U445,P7,wishlist,2025-06-25 01:23:44
E5813,U230,P7,cart,2025-12-12 13:36:22
E5814,U356,P46,view,2025-04-15 00:35:11
E5815,U849,P31,wishlist,2025-11-14 17:53:33
E5816,U300,P39,cart,2025-10-15 15:39:54
E5817,U987,P35,view,2025-08-19 12:30:28
E5818,U815,P29,wishlist,2025-12-30 01:11:30
E5819,U215,P23,view,2025-05-14 12:19:24
E5820,U68,P48,purchase,2025-09-22 02:12:37
E5821,U351,P5,purchase,2025-08-07 09:05:07
E5822,U936,P16,purchase,2025-11-16 14:20:29
E5823,U872,P27,wishlist,2026-01-24 19:30:24
E5824,U221,P17,purchase,2025-03-25 15:26:46
E5825,U15,P42,cart,2026-01-18 22:51:49
E5826,U31,P44,view,2025-05-20 14:33:36
E5827,U728,P39,cart,2025-05-20 11:53:29
E5828,U183,P34,wishlist,2025-03-20 17:26:57
E5829,U382,P11,cart,2025-04-10 03:41:20
E5830,U978,P40,cart,2026-03-09 06:55:45
E5831,U214,P8,cart,2025-08-04 03:24:39
E5832,U361,P13,purchase,2025-11-23 12:36:19
E5833,U393,P6,view,2025-04-16 11:08:42
E5834,U89,P48,wishlist,2025-10-21 18:00:18
E5835,U845,P0,cart,2025-04-04 09:58:43
E5836,U192,P16,view,2025-10-06 21:45:04
E5837,U33,P38,cart,2025-09-11 13:15:50
E5838,U575,P7,cart,2025-12-03 10:57:30
E5839,U964,P13,wishlist,2025-10-20 02:58:23
E5840,U471,P6,wishlist,2025-04-16 01:09:26
E5841,U523,P6,wishlist,2025-11-13 01:37:25
E5842,U997,P27,wishlist,2025-10-11 12:00:34
E5843,U655,P24,cart,2025-09-14 07:13:02
E5844,U211,P12,purchase,2025-11-06 03:36:55
E5845,U142,P5,view,2025-06-01 03:56:30
E5846,U72,P31,purchase,2025-08-21 14:34:51
E5847,U996,P40,view,2025-04-17 06:55:48
E5848,U927,P16,purchase,2025-07-08 06:36:16
E5849,U71,P32,purchase,2025-10-05 12:03:20
E5850,U840,P4,view,2025-08-25 05:00:27
E5851,U983,P16,purchase,2025-09-30 08:59:09
E5852,U453,P13,purchase,2025-11-24 13:08:38
E5853,U805,P27,purchase,2025-10-30 01:55:23
E5854,U67,P24,wishlist,2026-03-05 12:49:08
E5855,U393,P34,purchase,2026-02-28 22:37:15
E5856,U682,P14,wishlist,2026-01-05 00:00:13
E5857,U966,P4,view,2025-05-10 16:54:04
E5858,U22,P36,cart,2025-09-30 07:56:02
E5859,U104,P39,purchase,2025-07-05 07:52:30
E5860,U818,P24,view,2026-02-09 14:24:51
E5861,U556,P42,view,2025-10-21 08:05:29
E5862,U830,P26,wishlist,2025-03-23 17:43:28
E5863,U488,P21,view,2025-08-24 20:11:37
E5864,U748,P46,view,2025-08-05 13:49:39
E5865,U702,P13,cart,2026-02-01 21:02:48
E5866,U281,P38,view,2025-12-28 12:14:35
E5867,U459,P9,purchase,2025-09-15 14:10:40
E5868,U888,P30,view,2026-03-02 18:48:56
E5869,U446,P8,view,2025-06-20 02:59:53
E5870,U504,P41,wishlist,2025-12-08 01:22:22
E5871,U33,P24,cart,2025-12-18 09:11:02
E5872,U607,P16,cart,2025-03-17 11:59:12
E5873,U868,P17,cart,2025-05-21 22:27:16
E5874,U984,P48,cart,2025-12-03 10:22:26
E5875,U928,P40,purchase,2025-06-26 08:52:58
E5876,U628,P23,view,2025-12-14 07:50:59
E5877,U583,P21,view,2025-04-25 01:57:41
E5878,U172,P48,cart,2025-08-09 15:52:44
E5879,U995,P38,view,2026-03-14 18:22:45
E5880,U276,P15,purchase,2025-06-24 17:32:22
E5881,U578,P21,wishlist,2025-05-10 13:18:23
E5882,U32,P9,wishlist,2025-11-03 16:52:47
E5883,U461,P11,cart,2026-01-14 22:21:57
E5884,U820,P8,cart,2025-04-08 05:30:42
E5885,U837,P12,view,2025-09-02 21:37:25
E5886,U426,P15,wishlist,2025-11-25 22:12:18
E5887,U345,P37,wishlist,2025-11-22 15:15:38
E5888,U203,P28,purchase,2025-08-23 13:38:41
E5889,U153,P44,wishlist,2025-08-14 22:03:31
E5890,U622,P2,wishlist,2025-12-25 00:52:03
E5891,U29,P7,purchase,2025-08-12 02:42:07
E5892,U375,P12,cart,2026-02-02 10:34:53
E5893,U456,P30,purchase,2025-06-09 20:21:49
E5894,U793,P13,wishlist,2026-01-29 08:05:04
E5895,U556,P33,wishlist,2025-09-16 18:12:09
E5896,U909,P20,wishlist,2025-07-27 11:38:46
E5897,U915,P14,wishlist,2025-12-22 21:54:05
E5898,U517,P46,view,2025-08-29 02:29:19
E5899,U598,P32,view,2025-09-30 02:22:16
E5900,U249,P25,wishlist,2025-10-14 22:47:15
E5901,U311,P17,view,2025-07-02 11:56:39
E5902,U557,P25,cart,2025-06-07 17:56:57
E5903,U972,P4,wishlist,2025-12-01 12:04:20
E5904,U641,P43,view,2025-12-19 15:22:22
E5905,U47,P21,wishlist,2025-05-04 21:28:55
E5906,U428,P9,purchase,2026-03-12 06:08:59
E5907,U392,P37,wishlist,2025-09-23 23:29:12
E5908,U836,P26,purchase,2025-09-05 06:24:12
E5909,U902,P37,view,2025-06-03 05:09:39
E5910,U705,P44,wishlist,2026-02-20 07:35:47
E5911,U9,P11,cart,2026-02-12 23:10:54
E5912,U806,P26,view,2026-03-14 02:37:48
E5913,U910,P36,view,2026-02-17 23:09:52
E5914,U143,P4,purchase,2026-02-09 16:01:26
E5915,U618,P12,purchase,2026-01-27 00:51:26
E5916,U286,P22,cart,2025-06-08 02:04:45
E5917,U398,P14,wishlist,2025-10-12 21:32:09
E5918,U928,P46,purchase,2025-03-26 15:38:02
E5919,U886,P48,purchase,2025-10-19 05:27:28
E5920,U20,P10,view,2025-06-11 14:03:53
E5921,U812,P5,purchase,2025-07-20 03:35:57
E5922,U963,P45,purchase,2025-10-15 00:09:20
E5923,U510,P21,view,2026-02-11 15:17:22
E5924,U325,P1,cart,2025-10-12 03:57:35
E5925,U571,P38,purchase,2025-10-06 14:52:47
E5926,U334,P4,wishlist,2025-06-27 14:12:59
E5927,U675,P41,purchase,2025-12-24 03:41:14
E5928,U149,P24,purchase,2025-11-25 11:12:09
E5929,U80,P46,purchase,2025-07-19 22:30:04
E5930,U937,P12,wishlist,2025-08-01 16:58:13
E5931,U886,P16,cart,2025-12-28 16:42:29
E5932,U534,P15,purchase,2025-11-09 03:18:17
E5933,U803,P29,wishlist,2025-07-09 21:50:29
E5934,U759,P1,cart,2025-04-14 19:42:30
E5935,U169,P5,purchase,2026-02-09 14:14:36
E5936,U81,P30,cart,2025-12-22 04:54:16
E5937,U538,P35,view,2025-11-25 19:36:16
E5938,U316,P23,view,2026-01-20 15:39:04
E5939,U369,P38,wishlist,2025-10-05 18:49:58
E5940,U555,P32,purchase,2025-12-10 17:53:21
E5941,U905,P47,purchase,2025-07-03 08:45:13
E5942,U574,P11,view,2025-10-08 15:57:37
E5943,U684,P42,view,2025-05-13 12:52:37
E5944,U311,P2,cart,2026-01-14 21:34:24
E5945,U825,P36,wishlist,2025-04-08 14:45:16
E5946,U259,P22,view,2025-04-08 21:32:41
E5947,U283,P32,cart,2026-01-05 23:09:02
E5948,U982,P45,purchase,2025-07-18 20:28:08
E5949,U431,P21,wishlist,2025-07-29 18:01:40
E5950,U443,P21,cart,2026-01-04 23:46:11
E5951,U607,P14,view,2025-09-01 21:59:24
E5952,U840,P22,view,2026-02-28 12:55:23
E5953,U555,P8,purchase,2025-05-05 19:39:35
E5954,U623,P48,wishlist,2025-05-15 16:37:42
E5955,U860,P36,wishlist,2026-03-13 13:24:29
E5956,U991,P34,view,2025-07-01 07:57:52
E5957,U333,P35,view,2025-12-19 09:01:46
E5958,U514,P1,cart,2025-06-26 05:17:13
E5959,U135,P35,cart,2025-10-31 00:04:23
E5960,U428,P47,cart,2025-04-25 11:14:28
E5961,U95,P4,purchase,2025-04-30 08:57:38
E5962,U147,P40,purchase,2025-10-21 09:02:16
E5963,U382,P22,view,2025-03-29 10:33:20
E5964,U261,P30,purchase,2025-08-05 10:42:46
E5965,U627,P39,purchase,2026-01-26 15:34:59
E5966,U955,P16,wishlist,2025-05-21 15:56:33
E5967,U666,P34,view,2025-10-02 09:05:38
E5968,U983,P49,wishlist,2025-10-27 07:29:58
E5969,U485,P25,cart,2025-06-17 19:00:13
E5970,U188,P34,purchase,2025-10-11 18:50:43
E5971,U129,P22,view,2026-01-04 14:18:38
E5972,U934,P15,view,2025-08-07 20:16:19
E5973,U635,P27,wishlist,2025-11-16 04:03:20
E5974,U204,P0,cart,2025-06-01 23:23:11
E5975,U936,P41,wishlist,2025-11-01 02:57:13
E5976,U386,P39,wishlist,2025-07-21 05:32:34
E5977,U831,P25,cart,2025-05-02 05:24:06
E5978,U85,P48,wishlist,2025-04-12 21:01:07
E5979,U157,P39,purchase,2025-04-04 00:28:31
E5980,U20,P22,view,2026-01-12 14:48:14
E5981,U698,P18,cart,2026-01-02 10:56:29
E5982,U30,P18,purchase,2026-03-04 14:16:40
E5983,U779,P37,purchase,2025-10-22 11:27:02
E5984,U849,P40,cart,2025-10-24 10:28:57
E5985,U898,P41,view,2025-11-30 00:15:27
E5986,U750,P10,purchase,2026-02-18 02:19:05
E5987,U761,P3,purchase,2025-10-11 02:48:10
E5988,U681,P26,cart,2025-05-12 21:37:55
E5989,U826,P47,view,2026-02-01 09:44:54
E5990,U696,P32,view,2025-07-20 08:39:08
E5991,U213,P30,cart,2025-11-27 19:14:15
E5992,U985,P14,purchase,2026-01-05 01:52:34
E5993,U93,P44,purchase,2025-05-17 08:09:23
E5994,U691,P37,view,2025-07-20 04:57:14
E5995,U863,P36,purchase,2025-10-22 03:15:15
E5996,U694,P11,wishlist,2026-03-13 11:15:18
E5997,U227,P3,cart,2026-01-04 21:24:45
E5998,U832,P8,view,2025-08-11 08:22:23
E5999,U890,P17,cart,2025-03-29 11:07:39
E6000,U293,P27,purchase,2025-05-09 16:52:45
E6001,U743,P12,purchase,2025-06-11 00:25:17
E6002,U625,P16,cart,2026-01-20 02:35:39
E6003,U411,P22,wishlist,2025-08-29 22:44:31
E6004,U957,P12,cart,2025-07-16 07:57:55
E6005,U635,P31,purchase,2025-07-27 16:38:06
E6006,U576,P14,wishlist,2025-04-24 15:17:35
E6007,U685,P47,purchase,2025-06-01 06:05:53
E6008,U752,P38,cart,2025-08-02 00:30:14
E6009,U473,P18,wishlist,2025-12-22 06:19:12
E6010,U698,P42,purchase,2026-01-01 19:15:23
E6011,U527,P32,purchase,2025-07-15 17:38:28
E6012,U865,P16,purchase,2025-06-02 21:41:21
E6013,U813,P3,wishlist,2025-08-30 04:21:15
E6014,U38,P30,purchase,2025-08-05 18:56:28
E6015,U403,P46,cart,2026-03-13 15:39:09
E6016,U706,P20,cart,2026-02-09 15:02:36
E6017,U261,P40,cart,2025-09-10 15:07:52
E6018,U637,P20,view,2026-01-02 10:55:41
E6019,U528,P9,view,2025-12-23 04:21:18
E6020,U499,P20,view,2025-10-05 09:57:06
E6021,U660,P1,purchase,2025-11-24 08:17:23
E6022,U24,P3,purchase,2025-08-15 13:35:33
E6023,U936,P23,purchase,2026-03-01 11:42:03
E6024,U365,P45,cart,2026-02-13 20:49:29
E6025,U258,P47,wishlist,2026-02-13 19:40:11
E6026,U480,P22,purchase,2025-07-13 00:43:39
E6027,U492,P15,cart,2025-06-15 08:19:58
E6028,U201,P10,cart,2025-12-02 23:04:19
E6029,U518,P6,purchase,2025-08-13 09:39:23
E6030,U399,P36,cart,2025-04-30 12:25:06
E6031,U621,P44,wishlist,2025-03-22 12:55:12
E6032,U378,P40,view,2025-11-19 19:56:08
E6033,U576,P19,view,2025-10-20 06:54:43
E6034,U868,P12,view,2025-05-28 01:10:22
E6035,U119,P26,wishlist,2025-03-29 09:01:27
E6036,U476,P0,cart,2025-06-07 02:47:41
E6037,U219,P49,wishlist,2025-12-12 00:04:04
E6038,U70,P17,wishlist,2025-09-05 11:49:33
E6039,U542,P41,wishlist,2025-03-22 21:57:28
E6040,U34,P40,purchase,2026-01-09 13:40:44
E6041,U773,P6,view,2026-02-06 12:38:13
E6042,U481,P38,cart,2025-07-23 15:24:33
E6043,U321,P0,cart,2026-01-21 07:36:26
E6044,U190,P38,view,2025-11-08 09:20:43
E6045,U391,P18,view,2025-03-31 15:17:04
E6046,U119,P26,wishlist,2025-08-17 14:26:02
E6047,U948,P41,cart,2025-06-01 21:31:34
E6048,U784,P20,purchase,2025-10-13 12:29:11
E6049,U48,P7,purchase,2025-07-03 23:28:51
E6050,U8,P20,wishlist,2025-12-23 10:10:05
E6051,U653,P7,wishlist,2026-02-13 03:55:26
E6052,U443,P36,wishlist,2025-04-05 04:52:19
E6053,U456,P22,purchase,2026-02-16 08:58:44
E6054,U822,P1,cart,2025-07-14 15:00:57
E6055,U168,P43,purchase,2025-07-06 17:45:34
E6056,U560,P25,purchase,2025-11-17 05:05:05
E6057,U681,P38,purchase,2025-06-11 03:14:55
E6058,U795,P43,wishlist,2025-10-11 20:25:30
E6059,U947,P32,purchase,2025-09-15 16:43:24
E6060,U524,P48,wishlist,2025-07-24 06:34:04
E6061,U934,P30,cart,2025-04-05 10:00:47
E6062,U730,P16,view,2025-03-26 06:35:10
E6063,U172,P20,purchase,2025-05-19 10:14:59
E6064,U214,P4,purchase,2025-08-12 07:19:31
E6065,U5,P41,view,2025-11-30 02:13:16
E6066,U75,P43,cart,2026-02-16 18:54:12
E6067,U343,P18,cart,2025-10-09 08:32:55
E6068,U533,P4,wishlist,2025-04-30 09:01:17
E6069,U414,P30,cart,2025-07-31 12:53:46
E6070,U718,P35,cart,2026-02-06 03:14:37
E6071,U516,P2,view,2025-10-10 06:25:11
E6072,U78,P29,wishlist,2025-07-21 09:20:59
E6073,U123,P28,cart,2026-01-05 16:20:19
E6074,U199,P18,wishlist,2025-09-07 13:40:52
E6075,U212,P24,wishlist,2025-11-20 12:40:12
E6076,U289,P1,wishlist,2025-08-24 10:12:54
E6077,U91,P49,cart,2025-11-11 20:15:17
E6078,U25,P28,wishlist,2025-10-11 23:20:00
E6079,U25,P26,cart,2025-06-01 22:16:57
E6080,U382,P25,wishlist,2025-12-16 18:10:11
E6081,U208,P30,wishlist,2025-04-05 03:46:37
E6082,U25,P39,view,2025-10-14 19:29:56
E6083,U783,P25,view,2025-06-26 22:51:01
E6084,U412,P36,purchase,2025-04-07 23:05:48
E6085,U270,P0,wishlist,2025-10-09 18:14:12
E6086,U307,P36,wishlist,2025-09-20 02:48:23
E6087,U849,P24,purchase,2025-05-08 22:30:51
E6088,U493,P8,cart,2025-04-12 06:22:07
E6089,U220,P27,view,2025-05-19 14:44:15
E6090,U670,P41,view,2025-12-05 06:02:12
E6091,U49,P32,view,2026-02-14 03:31:23
E6092,U270,P16,cart,2025-08-26 09:53:15
E6093,U201,P29,purchase,2025-09-15 12:52:41
E6094,U955,P8,purchase,2025-06-01 09:15:49
E6095,U530,P33,wishlist,2025-06-29 07:21:46
E6096,U554,P27,cart,2025-03-28 04:00:01
E6097,U1,P8,purchase,2025-12-09 13:38:36
E6098,U423,P6,cart,2025-05-10 04:09:23
E6099,U667,P5,cart,2025-04-09 22:02:05
E6100,U523,P18,purchase,2026-01-07 09:03:43
E6101,U169,P2,wishlist,2025-06-03 22:48:19
E6102,U38,P35,purchase,2025-03-20 21:23:09
E6103,U989,P27,cart,2026-02-18 11:05:07
E6104,U231,P8,view,2025-10-29 08:32:28
E6105,U318,P9,purchase,2025-05-02 04:01:52
E6106,U858,P20,cart,2025-06-28 13:27:43
E6107,U783,P25,wishlist,2025-09-15 01:05:33
E6108,U683,P44,wishlist,2025-03-18 20:50:51
E6109,U207,P42,view,2026-02-07 13:23:15
E6110,U500,P19,wishlist,2025-10-12 06:26:55
E6111,U537,P2,view,2026-01-03 20:38:57
E6112,U720,P32,cart,2025-08-08 05:04:53
E6113,U576,P27,cart,2026-03-07 10:37:15
E6114,U107,P23,cart,2025-06-04 14:41:12
E6115,U248,P46,purchase,2025-12-19 06:36:20
E6116,U227,P12,view,2026-02-27 14:27:43
E6117,U832,P12,wishlist,2025-11-25 06:09:30
E6118,U251,P45,view,2026-02-28 00:01:22
E6119,U4,P46,view,2025-11-14 08:21:25
E6120,U980,P14,wishlist,2025-12-22 01:46:45
E6121,U63,P45,purchase,2025-11-20 11:29:25
E6122,U775,P2,view,2025-12-05 14:16:49
E6123,U471,P31,cart,2026-01-06 12:31:57
E6124,U710,P48,view,2025-10-25 20:12:36
E6125,U325,P34,view,2025-10-20 19:45:15
E6126,U600,P30,view,2025-04-01 19:08:24
E6127,U585,P27,view,2025-07-15 06:20:57
E6128,U101,P10,cart,2025-08-01 20:26:35
E6129,U420,P30,view,2025-12-09 05:48:27
E6130,U726,P8,wishlist,2025-06-28 05:33:28
E6131,U810,P16,view,2025-08-23 06:09:02
E6132,U377,P44,wishlist,2025-11-30 10:37:00
E6133,U383,P35,purchase,2025-06-11 21:23:25
E6134,U710,P48,purchase,2025-05-25 20:04:11
E6135,U602,P5,cart,2025-03-23 00:54:55
E6136,U306,P47,cart,2025-12-27 21:21:08
E6137,U549,P29,view,2025-12-22 23:07:07
E6138,U510,P16,wishlist,2025-10-09 08:45:40
E6139,U447,P46,purchase,2025-10-20 22:35:24
E6140,U378,P30,purchase,2025-12-31 11:47:07
E6141,U893,P26,cart,2025-12-13 15:40:42
E6142,U667,P16,view,2026-02-12 12:24:04
E6143,U644,P11,cart,2025-04-05 00:09:31
E6144,U312,P38,wishlist,2025-08-16 05:14:11
E6145,U903,P3,cart,2025-05-08 14:59:14
E6146,U528,P29,cart,2025-11-22 15:33:51
E6147,U594,P40,cart,2025-07-29 02:38:11
E6148,U685,P13,purchase,2025-10-26 12:53:57
E6149,U947,P1,purchase,2025-06-23 06:26:30
E6150,U940,P39,wishlist,2025-11-30 20:25:38
E6151,U257,P49,cart,2025-05-16 02:10:33
E6152,U356,P1,cart,2026-01-19 05:22:27
E6153,U666,P19,cart,2025-11-18 09:57:57
E6154,U80,P36,cart,2026-01-10 22:38:37
E6155,U509,P14,wishlist,2025-10-05 06:02:06
E6156,U39,P3,wishlist,2025-03-28 17:00:51
E6157,U969,P33,view,2026-02-28 17:27:53
E6158,U34,P5,view,2025-08-19 11:01:46
E6159,U60,P41,purchase,2025-05-26 03:50:09
E6160,U554,P3,wishlist,2025-07-19 13:59:56
E6161,U395,P13,view,2025-06-11 10:03:17
E6162,U789,P3,wishlist,2025-09-26 01:29:26
E6163,U109,P12,purchase,2025-07-18 14:39:51
E6164,U794,P40,wishlist,2025-06-24 18:29:40
E6165,U553,P20,purchase,2026-01-17 02:17:00
E6166,U989,P36,purchase,2025-03-28 00:09:53
E6167,U972,P49,cart,2025-10-09 03:16:24
E6168,U522,P49,cart,2025-06-12 21:25:24
E6169,U530,P14,view,2025-12-26 13:44:15
E6170,U469,P44,wishlist,2025-12-04 22:33:07
E6171,U328,P10,purchase,2026-03-13 21:13:39
E6172,U363,P49,purchase,2025-03-22 19:16:02
E6173,U230,P6,purchase,2026-02-25 16:51:11
E6174,U868,P5,view,2025-03-22 05:37:06
E6175,U752,P12,wishlist,2026-03-02 17:59:26
E6176,U99,P41,cart,2025-05-20 20:16:49
E6177,U597,P9,cart,2025-04-22 11:40:48
E6178,U980,P39,purchase,2025-10-13 02:45:32
E6179,U741,P29,purchase,2025-04-18 13:58:21
E6180,U282,P46,wishlist,2025-07-25 11:42:40
E6181,U348,P41,wishlist,2025-03-22 05:54:32
E6182,U591,P29,cart,2025-12-20 16:10:11
E6183,U574,P20,view,2025-07-21 04:32:18
E6184,U757,P16,wishlist,2026-01-27 21:55:04
E6185,U142,P12,view,2026-02-20 04:49:53
E6186,U836,P37,view,2025-07-09 12:44:25
E6187,U509,P25,purchase,2026-02-19 05:21:27
E6188,U363,P6,purchase,2025-04-14 07:01:10
E6189,U61,P3,purchase,2025-06-20 14:33:52
E6190,U482,P11,purchase,2025-08-11 07:56:09
E6191,U664,P22,cart,2025-08-26 06:45:03
E6192,U364,P0,view,2025-11-28 09:13:58
E6193,U649,P11,cart,2025-06-25 07:09:30
E6194,U339,P20,view,2025-11-17 21:43:04
E6195,U589,P9,wishlist,2025-11-29 19:23:52
E6196,U20,P32,purchase,2026-02-20 09:49:32
E6197,U144,P33,view,2026-01-28 10:37:49
E6198,U580,P36,wishlist,2026-02-27 10:08:26
E6199,U486,P1,view,2025-08-16 18:21:26
E6200,U635,P22,cart,2025-09-04 16:13:53
E6201,U593,P11,wishlist,2025-04-29 10:54:48
E6202,U243,P43,purchase,2025-10-08 00:37:13
E6203,U989,P26,purchase,2025-08-21 18:49:09
E6204,U398,P37,wishlist,2025-03-15 10:11:05
E6205,U132,P31,view,2025-11-17 18:10:48
E6206,U940,P26,cart,2026-01-18 04:51:18
E6207,U778,P17,view,2025-08-10 14:29:35
E6208,U72,P12,view,2025-06-27 09:44:55
E6209,U674,P43,purchase,2026-01-13 17:12:26
E6210,U727,P31,cart,2025-06-15 09:50:59
E6211,U177,P38,cart,2025-04-19 01:12:37
E6212,U833,P5,cart,2025-07-05 23:04:25
E6213,U896,P38,wishlist,2025-12-26 05:58:31
E6214,U205,P46,cart,2025-05-09 20:22:06
E6215,U357,P11,purchase,2026-01-02 01:27:29
E6216,U728,P2,view,2025-12-04 15:25:43
E6217,U825,P16,view,2025-08-26 14:31:53
E6218,U984,P27,purchase,2025-11-17 21:24:53
E6219,U490,P35,wishlist,2025-04-27 00:15:39
E6220,U119,P9,view,2026-01-03 11:21:22
E6221,U872,P34,view,2026-02-19 05:41:08
E6222,U243,P47,purchase,2025-08-04 13:23:42
E6223,U238,P47,purchase,2025-04-25 10:26:35
E6224,U790,P15,view,2025-03-19 06:44:43
E6225,U668,P23,cart,2026-01-18 16:54:20
E6226,U882,P4,purchase,2025-09-26 11:13:59
E6227,U617,P42,purchase,2025-08-03 14:12:42
E6228,U757,P22,cart,2025-12-21 17:59:03
E6229,U865,P44,view,2025-07-01 05:37:16
E6230,U59,P25,purchase,2025-11-19 17:34:51
E6231,U950,P36,wishlist,2025-05-22 08:13:04
E6232,U521,P8,wishlist,2025-11-28 22:12:03
E6233,U721,P26,purchase,2025-05-14 07:14:50
E6234,U994,P24,cart,2026-02-02 22:42:09
E6235,U721,P18,cart,2025-04-10 07:38:12
E6236,U968,P47,wishlist,2025-10-21 03:51:12
E6237,U223,P30,purchase,2026-01-09 02:53:32
E6238,U128,P16,view,2026-01-25 21:10:58
E6239,U312,P46,view,2025-07-19 14:39:24
E6240,U255,P20,purchase,2026-02-04 02:35:12
E6241,U945,P1,purchase,2025-03-20 16:09:42
E6242,U558,P17,cart,2025-10-01 01:48:39
E6243,U826,P0,purchase,2026-01-12 06:57:34
E6244,U984,P35,cart,2025-08-31 20:50:36
E6245,U684,P40,cart,2025-04-23 00:27:00
E6246,U125,P2,view,2025-05-07 20:25:57
E6247,U578,P47,cart,2025-06-26 07:47:10
E6248,U343,P28,purchase,2025-08-25 07:03:34
E6249,U116,P26,purchase,2025-12-27 09:07:44
E6250,U771,P42,view,2025-06-28 02:33:34
E6251,U671,P12,cart,2025-08-20 11:58:54
E6252,U890,P47,wishlist,2025-11-19 06:40:40
E6253,U910,P0,purchase,2025-07-13 21:58:45
E6254,U84,P34,wishlist,2025-04-30 21:33:35
E6255,U421,P27,wishlist,2026-01-08 12:55:20
E6256,U922,P23,view,2026-01-31 10:23:53
E6257,U768,P25,cart,2026-01-29 12:25:50
E6258,U557,P25,wishlist,2025-10-31 08:24:44
E6259,U820,P4,purchase,2026-01-19 18:42:57
E6260,U233,P12,wishlist,2026-02-11 16:21:42
E6261,U448,P27,view,2025-09-10 05:50:54
E6262,U288,P38,view,2025-12-05 05:09:48
E6263,U911,P5,view,2026-01-21 04:49:37
E6264,U962,P43,purchase,2025-09-10 08:10:51
E6265,U402,P23,view,2025-03-20 19:40:05
E6266,U557,P37,view,2025-12-19 04:55:24
E6267,U25,P36,cart,2025-03-28 17:18:58
E6268,U283,P15,purchase,2025-10-24 00:27:33
E6269,U273,P42,cart,2025-10-17 10:11:36
E6270,U737,P39,view,2025-12-24 01:24:13
E6271,U927,P5,view,2026-02-06 05:57:54
E6272,U129,P10,cart,2026-01-12 09:44:39
E6273,U940,P5,wishlist,2026-02-15 13:10:25
E6274,U561,P10,purchase,2026-01-09 10:16:04
E6275,U690,P42,cart,2025-07-23 04:20:13
E6276,U413,P16,purchase,2025-07-22 03:50:14
E6277,U150,P22,cart,2025-10-14 13:14:58
E6278,U851,P29,purchase,2025-10-28 10:34:24
E6279,U482,P1,view,2025-09-01 19:48:25
E6280,U798,P24,purchase,2025-12-09 20:26:16
E6281,U341,P16,purchase,2025-05-27 23:07:07
E6282,U25,P15,view,2025-10-26 16:36:35
E6283,U270,P24,purchase,2026-01-23 03:15:25
E6284,U206,P43,purchase,2026-02-07 00:57:54
E6285,U487,P34,wishlist,2025-09-19 12:29:32
E6286,U662,P41,view,2025-05-17 15:49:28
E6287,U275,P35,purchase,2025-09-16 04:09:35
E6288,U716,P11,view,2025-03-18 21:36:31
E6289,U93,P45,purchase,2025-04-07 17:05:55
E6290,U957,P30,purchase,2026-02-26 22:23:13
E6291,U819,P44,view,2025-04-03 20:30:37
E6292,U43,P15,cart,2025-03-21 04:04:36
E6293,U10,P29,purchase,2025-05-17 19:00:29
E6294,U141,P46,cart,2025-03-16 19:21:31
E6295,U145,P45,cart,2026-02-13 16:27:41
E6296,U812,P32,cart,2025-04-19 18:07:21
E6297,U443,P39,cart,2025-11-30 10:31:08
E6298,U643,P7,view,2026-03-05 15:44:54
E6299,U618,P2,purchase,2025-05-02 10:27:28
E6300,U987,P36,purchase,2025-06-04 03:42:31
E6301,U867,P13,cart,2025-06-17 15:33:36
E6302,U664,P45,purchase,2025-06-27 08:03:27
E6303,U931,P39,view,2025-09-25 10:59:37
E6304,U790,P31,wishlist,2025-10-07 01:56:01
E6305,U541,P29,view,2025-05-11 09:44:02
E6306,U935,P38,view,2025-11-24 21:21:43
E6307,U620,P3,view,2025-04-08 00:53:32
E6308,U837,P37,cart,2025-05-01 05:27:34
E6309,U555,P29,cart,2025-07-30 07:34:47
E6310,U498,P34,view,2025-04-24 03:32:17
E6311,U392,P29,wishlist,2025-05-27 02:56:32
E6312,U358,P12,purchase,2025-05-17 14:10:32
E6313,U241,P35,cart,2025-06-16 02:18:58
E6314,U45,P18,wishlist,2025-05-11 22:11:05
E6315,U434,P8,wishlist,2026-02-16 16:13:09
E6316,U987,P29,cart,2025-10-17 07:36:48
E6317,U294,P4,purchase,2025-04-30 20:22:13
E6318,U899,P16,wishlist,2025-12-20 02:00:35
E6319,U451,P39,wishlist,2025-03-30 18:18:12
E6320,U886,P16,purchase,2025-04-15 07:03:48
E6321,U567,P35,view,2025-09-13 09:24:24
E6322,U159,P26,view,2025-07-13 21:12:36
E6323,U980,P7,cart,2025-07-10 18:54:44
E6324,U839,P5,cart,2025-03-15 08:43:01
E6325,U934,P36,view,2026-03-14 16:33:25
E6326,U257,P0,view,2025-08-20 20:16:47
E6327,U705,P46,wishlist,2026-01-01 21:54:25
E6328,U382,P35,cart,2026-01-13 15:02:02
E6329,U729,P15,wishlist,2025-03-16 11:35:33
E6330,U30,P8,cart,2026-01-16 04:24:28
E6331,U809,P37,wishlist,2025-10-03 17:17:23
E6332,U139,P20,wishlist,2025-11-07 20:45:18
E6333,U980,P40,view,2025-10-24 10:43:57
E6334,U897,P39,purchase,2026-02-11 23:13:34
E6335,U237,P41,cart,2025-12-11 21:51:25
E6336,U319,P43,wishlist,2025-07-21 13:29:53
E6337,U993,P27,view,2025-07-16 00:04:52
E6338,U357,P19,view,2025-06-23 03:40:40
E6339,U878,P19,cart,2025-05-26 00:16:01
E6340,U90,P39,wishlist,2025-09-10 21:49:30
E6341,U359,P6,purchase,2025-06-12 18:19:02
E6342,U544,P26,view,2025-08-22 10:57:51
E6343,U26,P12,view,2025-09-18 14:09:05
E6344,U366,P45,purchase,2025-06-14 02:13:40
E6345,U110,P10,wishlist,2025-09-27 11:16:44
E6346,U364,P22,cart,2026-01-03 13:55:18
E6347,U271,P48,cart,2025-06-04 01:31:48
E6348,U565,P27,wishlist,2025-11-01 00:27:41
E6349,U809,P13,purchase,2025-08-25 05:49:32
E6350,U250,P9,cart,2025-11-25 02:02:26
E6351,U416,P35,purchase,2026-01-16 15:01:14
E6352,U28,P48,view,2025-11-20 16:34:38
E6353,U385,P6,view,2025-06-29 22:43:30
E6354,U825,P26,cart,2025-10-29 17:27:45
E6355,U579,P33,wishlist,2025-04-20 20:17:21
E6356,U290,P43,cart,2025-12-25 18:32:19
E6357,U583,P22,cart,2025-04-19 04:45:30
E6358,U898,P9,cart,2026-02-20 04:10:04
E6359,U424,P20,purchase,2025-12-03 08:27:46
E6360,U230,P12,wishlist,2025-07-12 07:59:48
E6361,U707,P31,wishlist,2025-07-30 09:07:11
E6362,U906,P32,cart,2025-11-19 22:51:01
E6363,U625,P15,view,2026-02-26 19:12:14
E6364,U178,P38,view,2026-02-02 16:28:33
E6365,U468,P10,view,2025-08-06 01:08:57
E6366,U369,P34,purchase,2026-02-07 02:58:43
E6367,U812,P25,wishlist,2026-02-10 10:21:13
E6368,U654,P19,view,2025-07-04 17:08:51
E6369,U72,P29,view,2025-05-19 22:15:44
E6370,U333,P40,view,2025-12-24 21:21:24
E6371,U177,P38,cart,2025-09-07 00:40:44
E6372,U134,P34,view,2025-08-02 23:05:25
E6373,U557,P41,cart,2025-04-10 14:44:57
E6374,U174,P31,wishlist,2025-04-04 04:46:34
E6375,U119,P34,wishlist,2025-11-24 17:14:34
E6376,U910,P26,purchase,2025-11-02 07:14:04
E6377,U951,P21,view,2025-07-12 11:13:32
E6378,U82,P29,purchase,2025-11-04 03:54:37
E6379,U197,P15,view,2025-07-19 08:20:45
E6380,U501,P38,wishlist,2025-06-18 13:42:20
E6381,U912,P1,purchase,2025-12-03 02:52:09
E6382,U357,P5,cart,2025-09-15 03:39:21
E6383,U521,P30,cart,2025-10-12 19:01:47
E6384,U292,P10,purchase,2025-07-15 02:50:08
E6385,U74,P34,purchase,2025-10-10 00:45:01
E6386,U462,P34,cart,2025-08-28 19:23:36
E6387,U705,P3,wishlist,2025-07-13 20:30:50
E6388,U39,P38,view,2025-12-13 18:01:50
E6389,U749,P20,view,2025-07-02 23:56:38
E6390,U182,P41,view,2025-08-31 21:07:22
E6391,U248,P39,cart,2025-10-16 00:08:14
E6392,U406,P34,purchase,2025-12-21 08:10:14
E6393,U276,P0,view,2025-08-03 13:05:37
E6394,U912,P33,cart,2025-11-19 06:23:27
E6395,U55,P49,view,2025-12-21 11:52:54
E6396,U433,P37,cart,2025-11-23 09:13:43
E6397,U612,P19,purchase,2025-09-27 10:48:26
E6398,U624,P7,purchase,2025-11-19 15:15:04
E6399,U423,P13,cart,2025-03-28 16:11:53
E6400,U192,P1,purchase,2025-09-26 15:50:38
E6401,U588,P45,wishlist,2025-05-19 18:45:59
E6402,U388,P19,wishlist,2025-10-03 03:13:42
E6403,U396,P2,view,2025-06-22 00:37:11
E6404,U749,P30,view,2025-06-04 10:08:57
E6405,U863,P45,wishlist,2025-11-23 05:56:31
E6406,U455,P44,purchase,2026-03-13 17:40:05
E6407,U654,P21,purchase,2026-03-06 06:34:07
E6408,U776,P35,view,2025-06-03 05:35:02
E6409,U399,P35,view,2025-05-16 09:39:48
E6410,U302,P44,cart,2025-12-19 05:42:25
E6411,U348,P40,wishlist,2026-01-06 07:51:30
E6412,U258,P33,cart,2026-02-20 12:55:07
E6413,U535,P30,wishlist,2025-12-08 06:35:45
E6414,U109,P9,cart,2025-11-26 12:51:21
E6415,U107,P14,purchase,2026-01-14 21:49:37
E6416,U446,P1,wishlist,2025-04-18 21:52:44
E6417,U876,P30,view,2026-02-08 03:45:08
E6418,U161,P27,wishlist,2026-01-17 06:50:19
E6419,U831,P30,purchase,2026-02-10 12:03:32
E6420,U394,P41,wishlist,2025-07-09 07:25:47
E6421,U581,P26,view,2025-09-08 15:34:35
E6422,U487,P31,cart,2025-11-03 16:26:55
E6423,U689,P23,cart,2026-01-16 09:23:03
E6424,U520,P42,wishlist,2025-06-09 04:51:30
E6425,U512,P19,cart,2025-04-03 21:14:20
E6426,U994,P26,cart,2026-01-23 01:45:15
E6427,U122,P24,purchase,2025-11-09 09:48:14
E6428,U553,P48,view,2026-03-11 11:56:02
E6429,U292,P34,purchase,2025-08-08 07:51:43
E6430,U810,P8,cart,2025-12-16 03:31:46
E6431,U565,P27,wishlist,2025-10-11 19:41:12
E6432,U752,P29,purchase,2025-05-03 13:36:27
E6433,U303,P0,purchase,2026-01-02 21:18:00
E6434,U709,P9,view,2025-05-06 11:26:38
E6435,U905,P20,cart,2026-01-10 10:11:34
E6436,U904,P31,purchase,2026-01-03 19:59:36
E6437,U366,P5,cart,2026-01-14 05:22:36
E6438,U194,P17,cart,2026-02-01 01:20:42
E6439,U108,P21,cart,2025-06-24 18:14:11
E6440,U874,P0,purchase,2025-05-17 20:57:10
E6441,U182,P37,cart,2026-02-19 08:18:43
E6442,U357,P43,purchase,2026-03-11 00:53:09
E6443,U644,P21,wishlist,2025-05-01 11:25:00
E6444,U16,P27,cart,2025-08-18 08:04:07
E6445,U834,P30,purchase,2025-06-22 00:42:04
E6446,U67,P1,purchase,2025-11-11 23:59:53
E6447,U11,P28,purchase,2025-09-22 03:39:28
E6448,U438,P1,purchase,2025-04-22 16:31:02
E6449,U448,P34,cart,2025-10-20 04:05:51
E6450,U110,P36,wishlist,2025-10-02 21:49:34
E6451,U12,P41,wishlist,2025-08-18 08:37:19
E6452,U893,P16,purchase,2025-12-13 15:08:03
E6453,U741,P34,wishlist,2025-09-08 02:19:14
E6454,U497,P23,wishlist,2026-01-14 22:34:00
E6455,U871,P29,purchase,2025-07-17 23:38:56
E6456,U169,P47,purchase,2025-10-10 06:07:01
E6457,U154,P34,view,2025-08-25 16:57:27
E6458,U752,P12,wishlist,2025-12-30 09:17:34
E6459,U605,P22,wishlist,2025-03-19 08:29:53
E6460,U970,P7,wishlist,2025-09-08 22:54:38
E6461,U206,P12,wishlist,2025-07-24 12:48:12
E6462,U240,P19,cart,2025-12-09 19:56:51
E6463,U638,P43,purchase,2025-12-26 14:44:25
E6464,U471,P31,purchase,2025-09-14 05:51:04
E6465,U614,P13,view,2025-06-08 07:51:40
E6466,U301,P36,view,2025-12-27 14:08:44
E6467,U779,P1,cart,2025-03-27 18:50:15
E6468,U232,P38,purchase,2025-10-23 04:38:46
E6469,U438,P35,purchase,2025-11-07 07:29:22
E6470,U210,P26,view,2025-10-10 17:56:51
E6471,U751,P41,purchase,2025-09-10 20:03:14
E6472,U453,P24,cart,2025-10-22 06:56:28
E6473,U200,P43,wishlist,2025-05-08 21:28:04
E6474,U672,P33,purchase,2026-01-13 17:03:43
E6475,U507,P41,wishlist,2025-12-28 04:02:49
E6476,U137,P27,view,2025-10-26 16:53:45
E6477,U859,P7,wishlist,2025-06-17 15:10:29
E6478,U490,P1,cart,2025-07-19 04:21:12
E6479,U687,P3,purchase,2026-01-11 08:42:52
E6480,U390,P47,cart,2025-05-12 23:16:22
E6481,U761,P23,purchase,2025-05-20 01:54:46
E6482,U424,P15,view,2025-07-14 16:18:31
E6483,U289,P6,purchase,2025-11-25 01:33:45
E6484,U315,P16,wishlist,2025-06-30 20:31:11
E6485,U959,P38,cart,2025-04-27 21:01:39
E6486,U30,P48,cart,2025-06-15 12:54:06
E6487,U334,P9,cart,2025-10-28 03:47:03
E6488,U616,P5,purchase,2026-02-11 02:07:11
E6489,U954,P48,view,2025-10-09 10:29:54
E6490,U816,P32,cart,2025-06-07 15:54:25
E6491,U375,P48,wishlist,2025-03-16 21:35:35
E6492,U70,P15,cart,2026-02-01 05:15:05
E6493,U72,P38,view,2025-03-18 22:51:22
E6494,U17,P4,view,2025-06-26 17:17:36
E6495,U879,P49,purchase,2025-08-07 15:31:50
E6496,U928,P30,purchase,2025-05-29 11:55:22
E6497,U438,P3,view,2025-05-23 18:46:41
E6498,U748,P47,view,2026-02-12 19:25:08
E6499,U13,P24,purchase,2025-09-14 06:42:56
E6500,U446,P17,wishlist,2026-02-07 12:30:16
E6501,U86,P34,wishlist,2026-02-03 21:16:23
E6502,U610,P16,purchase,2025-05-27 21:12:30
E6503,U720,P18,wishlist,2025-07-14 06:54:03
E6504,U525,P14,view,2025-07-08 09:15:02
E6505,U782,P14,cart,2025-12-17 02:00:43
E6506,U516,P4,cart,2025-12-11 03:24:40
E6507,U153,P45,wishlist,2025-06-30 02:22:35
E6508,U93,P37,cart,2025-11-13 04:16:56
E6509,U641,P3,purchase,2025-05-27 16:25:20
E6510,U231,P2,purchase,2025-11-08 16:26:11
E6511,U285,P33,view,2025-10-13 13:39:13
E6512,U981,P5,cart,2025-10-26 23:45:07
E6513,U19,P47,purchase,2025-06-11 16:07:05
E6514,U418,P10,view,2025-04-08 15:31:54
E6515,U27,P47,wishlist,2025-07-18 20:42:49
E6516,U41,P25,view,2025-06-06 04:27:31
E6517,U65,P46,wishlist,2025-04-05 22:17:55
E6518,U390,P32,cart,2025-10-06 12:10:27
E6519,U954,P1,wishlist,2025-12-20 19:45:49
E6520,U826,P17,view,2025-08-08 09:43:57
E6521,U815,P15,wishlist,2025-05-31 17:42:43
E6522,U786,P10,view,2025-11-24 15:29:18
E6523,U683,P11,wishlist,2025-05-10 11:45:03
E6524,U426,P22,wishlist,2025-06-22 18:29:29
E6525,U549,P32,wishlist,2025-06-20 15:07:01
E6526,U120,P34,cart,2025-11-18 13:14:52
E6527,U799,P39,wishlist,2025-12-16 21:23:38
E6528,U255,P8,view,2025-10-05 18:22:26
E6529,U134,P21,purchase,2025-06-28 15:11:31
E6530,U855,P2,view,2025-03-16 03:07:34
E6531,U998,P5,cart,2025-07-12 20:18:46
E6532,U678,P42,cart,2025-12-04 11:35:41
E6533,U442,P45,wishlist,2025-12-14 18:13:37
E6534,U256,P1,view,2025-11-23 03:02:58
E6535,U277,P41,purchase,2025-11-13 06:19:01
E6536,U412,P12,purchase,2025-07-18 05:00:14
E6537,U687,P43,cart,2025-05-02 06:11:49
E6538,U60,P46,wishlist,2026-03-05 18:08:47
E6539,U358,P23,view,2025-11-12 10:02:08
E6540,U556,P7,cart,2025-03-15 21:30:44
E6541,U718,P7,view,2025-09-09 14:50:47
E6542,U298,P28,purchase,2025-10-09 23:16:12
E6543,U899,P4,cart,2026-03-13 21:33:03
E6544,U560,P31,purchase,2025-06-02 13:27:04
E6545,U725,P17,purchase,2025-11-26 07:06:11
E6546,U448,P46,view,2026-01-21 03:49:41
E6547,U141,P23,purchase,2025-04-17 07:46:06
E6548,U304,P16,cart,2025-07-25 02:52:53
E6549,U187,P27,cart,2025-10-10 17:49:13
E6550,U48,P11,view,2025-11-08 07:54:54
E6551,U677,P22,cart,2025-06-27 02:33:33
E6552,U990,P23,purchase,2025-08-18 05:27:12
E6553,U670,P23,view,2025-10-10 02:10:47
E6554,U335,P6,view,2025-07-14 14:54:22
E6555,U851,P32,view,2025-10-15 17:14:48
E6556,U778,P48,view,2025-07-30 04:54:22
E6557,U656,P24,wishlist,2025-04-03 18:37:08
E6558,U791,P32,purchase,2025-12-22 16:00:40
E6559,U236,P17,wishlist,2025-06-24 10:33:13
E6560,U309,P30,cart,2025-11-02 18:57:29
E6561,U760,P41,wishlist,2026-02-08 01:26:36
E6562,U737,P21,cart,2026-02-24 16:22:29
E6563,U332,P20,cart,2025-06-11 08:17:17
E6564,U739,P13,cart,2025-05-20 18:40:56
E6565,U118,P42,wishlist,2025-09-08 17:58:52
E6566,U672,P6,wishlist,2025-06-29 01:18:20
E6567,U59,P14,view,2025-08-08 15:59:04
E6568,U497,P39,wishlist,2025-05-29 22:43:20
E6569,U502,P33,cart,2025-12-09 20:28:20
E6570,U760,P27,view,2025-10-19 13:28:10
E6571,U282,P28,wishlist,2025-08-23 04:35:16
E6572,U204,P9,wishlist,2025-05-10 00:40:14
E6573,U738,P21,wishlist,2025-09-27 10:26:07
E6574,U807,P1,cart,2025-07-02 17:41:45
E6575,U507,P18,view,2025-09-15 10:51:05
E6576,U341,P40,purchase,2025-07-20 15:45:35
E6577,U48,P22,cart,2025-03-24 19:40:49
E6578,U826,P12,view,2025-07-22 04:10:23
E6579,U133,P39,view,2025-08-11 19:34:05
E6580,U294,P24,wishlist,2025-11-02 15:45:20
E6581,U756,P16,wishlist,2025-06-16 06:28:22
E6582,U671,P3,view,2026-01-07 03:02:37
E6583,U555,P11,wishlist,2026-01-10 09:35:48
E6584,U530,P23,purchase,2025-06-20 00:20:56
E6585,U898,P15,wishlist,2025-10-15 19:24:21
E6586,U285,P28,purchase,2026-03-10 21:00:10
E6587,U833,P33,purchase,2025-07-14 07:02:29
E6588,U56,P36,view,2025-10-10 23:29:25
E6589,U41,P36,wishlist,2025-08-02 07:23:05
E6590,U452,P24,cart,2025-12-29 11:24:05
E6591,U573,P11,purchase,2025-05-17 12:51:16
E6592,U219,P0,cart,2025-10-23 11:32:16
E6593,U559,P1,cart,2026-03-09 02:37:32
E6594,U992,P11,purchase,2026-02-28 00:02:33
E6595,U968,P16,wishlist,2026-02-19 08:31:51
E6596,U752,P8,view,2025-05-26 16:21:54
E6597,U966,P1,cart,2025-04-08 11:09:27
E6598,U717,P37,purchase,2025-12-03 01:47:01
E6599,U204,P44,wishlist,2025-12-25 07:29:39
E6600,U625,P9,cart,2025-04-19 19:58:43
E6601,U303,P49,view,2026-02-10 06:30:01
E6602,U3,P13,purchase,2025-11-06 12:38:46
E6603,U286,P28,view,2025-04-23 08:42:35
E6604,U79,P12,purchase,2025-08-18 08:03:19
E6605,U556,P11,wishlist,2026-01-31 01:33:27
E6606,U602,P20,view,2025-04-09 22:13:18
E6607,U296,P18,wishlist,2025-05-15 16:32:14
E6608,U771,P20,wishlist,2026-02-16 22:11:51
E6609,U597,P4,view,2025-05-07 09:57:23
E6610,U408,P34,wishlist,2025-12-05 22:14:51
E6611,U811,P3,wishlist,2025-08-21 10:49:25
E6612,U999,P27,cart,2025-08-09 19:09:48
E6613,U244,P1,view,2025-12-09 21:45:21
E6614,U617,P27,view,2025-05-06 09:17:09
E6615,U507,P18,purchase,2025-12-03 00:35:15
E6616,U886,P32,wishlist,2025-12-02 20:43:06
E6617,U616,P6,purchase,2025-06-24 14:56:31
E6618,U900,P16,wishlist,2025-03-29 06:18:35
E6619,U494,P23,wishlist,2026-03-07 19:54:43
E6620,U312,P20,cart,2025-10-12 12:39:17
E6621,U893,P27,view,2025-09-13 03:08:01
E6622,U937,P16,cart,2026-01-24 21:47:59
E6623,U261,P30,purchase,2025-06-03 17:40:15
E6624,U821,P47,view,2025-12-05 01:18:59
E6625,U509,P48,purchase,2025-06-11 09:13:50
E6626,U480,P48,cart,2025-08-29 13:12:18
E6627,U803,P9,wishlist,2025-03-21 15:27:50
E6628,U265,P47,view,2025-09-18 06:55:16
E6629,U289,P10,view,2025-05-19 12:43:56
E6630,U462,P42,view,2025-11-16 08:23:57
E6631,U23,P6,purchase,2025-11-26 03:32:30
E6632,U671,P45,purchase,2025-05-23 10:50:33
E6633,U339,P7,cart,2026-01-22 01:14:14
E6634,U543,P22,purchase,2025-07-26 23:55:24
E6635,U761,P22,purchase,2026-02-01 05:49:30
E6636,U390,P14,wishlist,2025-10-05 18:31:31
E6637,U773,P48,wishlist,2025-07-29 04:35:44
E6638,U225,P14,view,2025-08-26 07:18:39
E6639,U467,P12,cart,2026-01-16 15:23:02
E6640,U57,P28,wishlist,2025-04-10 16:19:25
E6641,U392,P41,purchase,2025-10-13 01:10:05
E6642,U713,P32,purchase,2026-02-04 22:24:43
E6643,U718,P11,cart,2025-08-09 09:27:28
E6644,U568,P18,purchase,2025-10-29 09:54:27
E6645,U392,P14,wishlist,2025-09-27 02:20:44
E6646,U30,P20,purchase,2025-04-23 14:09:07
E6647,U147,P24,purchase,2025-09-13 07:31:23
E6648,U550,P35,wishlist,2025-07-04 06:44:00
E6649,U370,P45,view,2025-05-20 00:22:54
E6650,U864,P29,purchase,2025-12-18 06:22:41
E6651,U299,P35,cart,2025-07-11 01:53:47
E6652,U869,P34,wishlist,2026-01-27 02:44:51
E6653,U736,P14,cart,2025-11-01 09:08:08
E6654,U543,P9,wishlist,2025-09-19 07:29:51
E6655,U603,P30,view,2025-07-16 22:10:18
E6656,U380,P0,purchase,2025-12-30 06:31:51
E6657,U581,P28,view,2025-07-07 19:58:43
E6658,U908,P22,wishlist,2026-01-17 10:22:27
E6659,U472,P0,purchase,2026-01-20 08:54:14
E6660,U821,P15,purchase,2025-09-13 23:48:44
E6661,U508,P22,view,2025-03-25 04:34:44
E6662,U236,P49,purchase,2025-10-05 05:10:11
E6663,U484,P28,wishlist,2025-08-26 08:48:20
E6664,U448,P39,view,2026-01-07 22:13:31
E6665,U988,P38,wishlist,2025-11-28 11:23:49
E6666,U809,P31,view,2025-05-01 00:46:25
E6667,U932,P13,purchase,2025-11-25 11:41:17
E6668,U901,P1,wishlist,2026-01-11 12:20:04
E6669,U446,P34,cart,2026-01-02 09:27:02
E6670,U114,P26,purchase,2025-10-29 22:18:22
E6671,U232,P35,wishlist,2025-08-04 14:50:14
E6672,U165,P4,view,2025-11-14 16:52:30
E6673,U648,P24,view,2026-01-28 19:35:01
E6674,U943,P10,purchase,2025-12-04 06:39:26
E6675,U756,P37,purchase,2025-12-29 16:19:35
E6676,U422,P46,cart,2025-08-17 07:32:20
E6677,U600,P24,purchase,2025-10-07 23:36:52
E6678,U354,P22,purchase,2025-05-09 20:06:19
E6679,U192,P16,wishlist,2025-05-05 21:16:23
E6680,U929,P7,cart,2025-08-15 20:32:21
E6681,U506,P24,wishlist,2025-04-03 15:10:30
E6682,U135,P1,cart,2025-06-01 04:26:04
E6683,U712,P5,purchase,2025-12-29 13:12:24
E6684,U359,P39,cart,2026-03-15 08:47:02
E6685,U494,P41,view,2026-02-20 16:39:07
E6686,U744,P28,wishlist,2025-03-22 08:54:23
E6687,U233,P41,view,2025-07-27 06:32:39
E6688,U329,P24,view,2025-06-29 02:16:51
E6689,U630,P23,purchase,2025-05-07 12:00:15
E6690,U315,P19,purchase,2026-02-07 14:22:08
E6691,U819,P20,cart,2025-12-17 01:39:53
E6692,U343,P37,wishlist,2026-02-24 00:00:40
E6693,U298,P19,purchase,2025-09-17 19:10:04
E6694,U334,P9,view,2025-11-01 04:26:18
E6695,U672,P15,cart,2025-06-02 18:13:40
E6696,U609,P26,wishlist,2025-12-16 07:53:22
E6697,U832,P29,cart,2025-12-31 06:14:16
E6698,U309,P21,cart,2026-01-25 23:55:49
E6699,U460,P0,wishlist,2025-04-06 06:27:38
E6700,U539,P26,cart,2025-11-29 12:09:49
E6701,U487,P28,wishlist,2025-03-21 06:14:06
E6702,U714,P35,wishlist,2025-10-29 23:50:50
E6703,U662,P16,view,2026-03-06 04:00:27
E6704,U205,P49,view,2026-02-20 01:38:16
E6705,U198,P39,cart,2025-04-04 13:54:48
E6706,U81,P32,view,2025-04-15 01:26:34
E6707,U183,P26,cart,2025-09-14 08:32:43
E6708,U586,P10,view,2025-05-28 13:34:25
E6709,U920,P35,wishlist,2025-05-08 06:51:08
E6710,U524,P9,wishlist,2025-04-29 15:09:44
E6711,U515,P48,wishlist,2025-04-23 17:01:57
E6712,U109,P2,view,2025-05-26 03:19:14
E6713,U296,P18,cart,2025-12-18 02:01:50
E6714,U693,P17,purchase,2025-11-11 04:37:20
E6715,U622,P15,wishlist,2025-10-22 18:44:36
E6716,U752,P15,purchase,2025-09-21 04:03:40
E6717,U391,P3,cart,2025-05-31 02:32:11
E6718,U480,P18,cart,2025-08-12 05:29:14
E6719,U188,P43,view,2026-02-15 07:16:03
E6720,U344,P25,cart,2026-01-05 10:36:30
E6721,U657,P38,view,2026-02-27 14:15:54
E6722,U714,P45,view,2025-09-04 04:58:44
E6723,U809,P22,cart,2025-08-12 19:02:55
E6724,U557,P40,purchase,2026-02-20 11:40:11
E6725,U601,P31,view,2025-04-04 23:04:06
E6726,U333,P43,cart,2025-08-04 10:54:36
E6727,U329,P0,purchase,2025-05-16 10:28:02
E6728,U415,P34,purchase,2025-03-23 19:02:27
E6729,U822,P43,wishlist,2025-12-30 03:34:14
E6730,U653,P12,wishlist,2025-12-19 05:12:20
E6731,U531,P32,purchase,2026-01-07 21:41:59
E6732,U777,P23,cart,2026-01-29 23:06:15
E6733,U701,P18,view,2025-06-18 18:11:43
E6734,U715,P3,purchase,2025-05-30 00:44:24
E6735,U576,P25,purchase,2025-10-04 12:33:25
E6736,U756,P14,wishlist,2025-12-08 15:41:41
E6737,U266,P4,cart,2025-08-09 23:16:36
E6738,U617,P47,cart,2025-04-16 14:32:47
E6739,U289,P15,purchase,2025-09-04 14:47:18
E6740,U427,P12,cart,2025-05-15 13:48:16
E6741,U728,P16,cart,2025-05-12 07:52:06
E6742,U119,P22,purchase,2025-04-29 00:56:37
E6743,U234,P32,cart,2025-10-23 21:47:39
E6744,U168,P41,view,2025-10-06 15:43:33
E6745,U340,P1,cart,2025-05-01 22:45:42
E6746,U447,P23,cart,2025-12-15 20:48:55
E6747,U729,P12,cart,2026-01-15 02:41:34
E6748,U121,P3,cart,2025-12-21 20:43:42
E6749,U881,P49,cart,2026-01-16 17:20:52
E6750,U109,P3,view,2025-12-24 21:41:36
E6751,U240,P22,view,2025-05-30 08:09:43
E6752,U61,P39,view,2026-01-18 18:19:58
E6753,U185,P0,purchase,2025-08-07 14:28:41
E6754,U639,P35,view,2025-12-16 12:55:03
E6755,U225,P42,cart,2025-05-06 18:31:14
E6756,U723,P29,wishlist,2025-07-28 21:09:48
E6757,U137,P35,cart,2025-05-21 02:33:12
E6758,U819,P39,cart,2025-07-27 02:53:56
E6759,U434,P1,purchase,2025-10-18 04:13:20
E6760,U269,P22,wishlist,2025-03-18 01:32:11
E6761,U933,P31,view,2025-06-09 03:27:55
E6762,U875,P2,cart,2025-05-23 01:07:48
E6763,U639,P7,purchase,2026-02-24 19:25:50
E6764,U632,P14,wishlist,2025-11-25 03:57:30
E6765,U486,P15,purchase,2026-02-13 05:23:42
E6766,U338,P18,purchase,2026-01-18 02:03:30
E6767,U567,P4,wishlist,2026-02-18 23:50:01
E6768,U18,P10,wishlist,2025-10-22 13:41:42
E6769,U891,P44,wishlist,2025-12-17 03:28:46
E6770,U112,P16,purchase,2026-02-18 07:20:24
E6771,U952,P47,cart,2025-10-02 07:18:49
E6772,U207,P25,wishlist,2025-06-20 06:47:51
E6773,U398,P10,purchase,2026-01-03 00:53:50
E6774,U750,P7,purchase,2025-12-09 15:45:42
E6775,U540,P10,view,2025-05-24 18:42:45
E6776,U354,P20,purchase,2025-06-12 16:33:41
E6777,U135,P31,purchase,2025-07-03 06:58:57
E6778,U466,P1,wishlist,2026-01-13 17:33:40
E6779,U251,P35,purchase,2025-11-14 10:24:38
E6780,U974,P19,cart,2025-09-29 16:24:23
E6781,U700,P20,cart,2026-02-16 03:19:06
E6782,U85,P19,purchase,2025-07-14 15:06:45
E6783,U275,P35,view,2025-07-24 18:04:15
E6784,U85,P37,wishlist,2026-01-15 17:10:56
E6785,U635,P31,wishlist,2025-08-12 18:03:32
E6786,U651,P38,wishlist,2026-01-06 09:51:44
E6787,U893,P26,view,2026-02-28 10:53:52
E6788,U4,P34,view,2025-11-03 18:08:32
E6789,U904,P32,cart,2026-01-02 03:23:21
E6790,U783,P5,purchase,2025-10-18 12:43:56
E6791,U42,P24,view,2025-09-23 01:04:36
E6792,U346,P17,view,2025-12-04 18:28:36
E6793,U86,P19,view,2025-10-31 06:34:28
E6794,U610,P2,wishlist,2025-08-25 03:27:56
E6795,U524,P6,cart,2025-04-15 00:24:25
E6796,U718,P16,purchase,2025-03-21 18:50:05
E6797,U562,P13,view,2025-10-06 09:56:17
E6798,U231,P23,wishlist,2025-09-06 00:58:17
E6799,U813,P47,view,2025-08-23 07:00:01
E6800,U445,P45,purchase,2026-01-01 23:02:21
E6801,U937,P35,cart,2025-09-26 00:59:53
E6802,U724,P39,cart,2026-02-12 10:41:23
E6803,U662,P31,cart,2025-06-17 23:20:22
E6804,U858,P42,wishlist,2025-07-05 09:42:06
E6805,U262,P6,wishlist,2025-08-12 10:18:58
E6806,U779,P0,cart,2025-10-20 04:29:00
E6807,U43,P5,wishlist,2025-11-04 10:25:58
E6808,U467,P5,purchase,2025-03-19 08:45:01
E6809,U806,P30,wishlist,2025-11-16 16:17:31
E6810,U973,P28,purchase,2025-10-19 06:55:36
E6811,U479,P40,cart,2025-10-06 15:40:25
E6812,U123,P12,cart,2025-09-02 14:48:34
E6813,U14,P42,purchase,2025-09-14 10:23:06
E6814,U273,P25,cart,2025-08-14 23:39:35
E6815,U866,P35,purchase,2025-05-02 21:42:13
E6816,U298,P40,view,2025-04-01 06:08:32
E6817,U845,P49,cart,2026-01-17 20:41:24
E6818,U407,P40,cart,2025-11-03 09:23:27
E6819,U892,P27,wishlist,2025-11-14 11:12:23
E6820,U903,P5,wishlist,2025-11-24 02:56:35
E6821,U501,P26,view,2025-06-16 04:02:17
E6822,U108,P49,wishlist,2025-06-05 10:30:02
E6823,U246,P28,purchase,2025-09-09 05:10:43
E6824,U233,P45,wishlist,2026-01-29 23:09:26
E6825,U907,P22,wishlist,2025-05-14 00:31:00
E6826,U393,P36,wishlist,2025-11-06 00:08:24
E6827,U984,P4,purchase,2025-04-06 07:46:43
E6828,U101,P14,wishlist,2025-09-30 09:36:18
E6829,U512,P0,cart,2025-09-05 22:30:14
E6830,U669,P35,view,2025-04-02 06:00:37
E6831,U78,P39,view,2025-11-08 00:58:53
E6832,U99,P31,purchase,2025-05-20 17:18:41
E6833,U386,P26,purchase,2025-10-26 12:49:09
E6834,U902,P32,purchase,2025-04-11 18:45:30
E6835,U15,P32,purchase,2025-09-02 11:01:50
E6836,U549,P41,view,2025-11-14 10:56:00
E6837,U860,P33,wishlist,2025-09-06 05:12:22
E6838,U805,P34,wishlist,2026-01-02 14:39:52
E6839,U275,P36,cart,2025-06-30 17:22:42
E6840,U940,P39,wishlist,2025-11-30 11:24:07
E6841,U242,P17,cart,2026-02-01 15:33:53
E6842,U643,P30,wishlist,2025-11-22 21:41:55
E6843,U380,P15,cart,2025-05-27 19:02:39
E6844,U270,P24,purchase,2025-09-18 21:00:51
E6845,U518,P26,purchase,2025-12-28 17:19:03
E6846,U461,P44,cart,2025-11-21 07:45:27
E6847,U766,P48,purchase,2025-06-18 22:28:41
E6848,U230,P14,purchase,2025-05-28 13:46:23
E6849,U170,P48,cart,2026-02-09 07:41:13
E6850,U33,P17,wishlist,2026-02-03 18:28:35
E6851,U260,P21,cart,2025-12-14 21:18:49
E6852,U362,P41,cart,2025-08-02 09:26:01
E6853,U71,P42,purchase,2025-08-19 21:04:25
E6854,U685,P4,wishlist,2026-03-13 14:11:57
E6855,U216,P5,wishlist,2025-12-09 19:48:16
E6856,U759,P11,wishlist,2025-05-29 11:32:13
E6857,U257,P35,wishlist,2025-10-25 15:33:01
E6858,U204,P16,cart,2025-04-28 03:04:16
E6859,U399,P34,wishlist,2025-05-08 03:56:28
E6860,U669,P31,view,2025-10-22 05:23:31
E6861,U504,P22,view,2025-11-13 14:41:47
E6862,U112,P9,cart,2025-05-31 17:04:47
E6863,U244,P9,purchase,2026-01-06 09:06:32
E6864,U62,P21,purchase,2025-06-02 01:43:13
E6865,U157,P35,view,2025-04-04 17:26:56
E6866,U632,P26,cart,2025-11-29 08:18:26
E6867,U767,P23,cart,2025-11-22 20:47:03
E6868,U367,P32,cart,2025-06-26 23:37:54
E6869,U441,P19,cart,2025-07-29 05:37:01
E6870,U320,P11,cart,2025-12-30 07:58:19
E6871,U166,P22,view,2025-12-30 04:33:59
E6872,U814,P41,view,2026-01-05 11:03:29
E6873,U494,P4,wishlist,2025-11-13 14:57:55
E6874,U134,P49,purchase,2026-02-18 12:54:09
E6875,U28,P0,purchase,2025-12-15 04:33:57
E6876,U185,P3,view,2025-05-06 10:23:51
E6877,U853,P42,purchase,2026-03-13 10:26:29
E6878,U628,P30,view,2025-08-19 06:25:32
E6879,U586,P33,cart,2025-04-20 15:07:46
E6880,U4,P35,purchase,2025-06-06 11:04:43
E6881,U976,P48,wishlist,2026-03-09 16:40:17
E6882,U688,P47,purchase,2025-10-05 16:31:00
E6883,U353,P29,wishlist,2026-02-16 23:23:46
E6884,U675,P18,view,2025-09-10 07:03:30
E6885,U577,P3,cart,2025-09-21 15:51:02
E6886,U570,P24,view,2025-08-01 04:49:37
E6887,U425,P32,cart,2026-03-02 02:16:04
E6888,U235,P9,cart,2025-12-26 00:52:23
E6889,U805,P13,wishlist,2025-05-04 17:50:33
E6890,U658,P0,view,2025-10-05 10:17:57
E6891,U34,P17,view,2025-04-27 19:56:31
E6892,U261,P45,purchase,2025-04-03 04:29:33
E6893,U536,P30,purchase,2025-11-19 09:09:50
E6894,U231,P43,purchase,2025-09-18 05:47:35
E6895,U847,P13,wishlist,2025-06-18 13:52:06
E6896,U846,P0,wishlist,2025-11-18 10:35:18
E6897,U78,P2,purchase,2025-05-19 20:20:07
E6898,U912,P42,purchase,2025-12-03 23:39:22
E6899,U884,P10,view,2025-09-30 14:02:53
E6900,U35,P7,view,2025-10-28 07:23:43
E6901,U725,P36,cart,2025-09-20 03:03:21
E6902,U522,P31,wishlist,2025-09-02 05:48:14
E6903,U7,P15,view,2025-07-23 16:57:03
E6904,U999,P27,purchase,2025-12-28 14:11:24
E6905,U542,P41,wishlist,2025-09-22 06:36:04
E6906,U581,P46,view,2025-10-26 20:44:36
E6907,U789,P14,view,2025-07-15 03:22:59
E6908,U344,P15,view,2025-10-02 23:26:29
E6909,U980,P30,purchase,2026-01-28 02:02:01
E6910,U973,P2,wishlist,2026-01-12 07:04:07
E6911,U302,P16,view,2026-02-25 06:18:26
E6912,U430,P36,purchase,2026-02-18 11:09:20
E6913,U10,P6,wishlist,2025-12-16 15:52:57
E6914,U65,P30,cart,2025-07-10 04:24:32
E6915,U734,P19,wishlist,2026-01-18 06:18:16
E6916,U537,P21,view,2025-11-11 06:24:52
E6917,U960,P33,view,2026-01-07 00:39:18
E6918,U81,P19,cart,2025-04-24 10:46:54
E6919,U669,P42,view,2025-11-05 07:25:01
E6920,U963,P5,wishlist,2026-01-28 01:47:22
E6921,U746,P32,purchase,2025-11-12 17:57:33
E6922,U445,P6,view,2026-03-03 19:02:12
E6923,U580,P1,purchase,2026-03-03 17:04:58
E6924,U311,P45,cart,2025-06-01 05:08:12
E6925,U570,P6,cart,2025-11-03 01:00:28
E6926,U753,P17,wishlist,2025-12-24 05:55:03
E6927,U508,P4,view,2025-10-16 02:29:08
E6928,U598,P37,view,2026-03-09 19:05:38
E6929,U84,P47,wishlist,2025-08-04 05:46:09
E6930,U817,P23,cart,2025-06-24 19:46:08
E6931,U613,P31,wishlist,2025-07-01 07:42:11
E6932,U511,P4,purchase,2025-09-10 03:01:39
E6933,U957,P19,purchase,2025-12-13 22:26:02
E6934,U469,P16,purchase,2025-10-08 22:04:05
E6935,U523,P41,view,2025-07-10 11:49:38
E6936,U796,P48,wishlist,2025-09-12 00:41:32
E6937,U686,P22,purchase,2025-09-21 02:19:56
E6938,U863,P26,cart,2025-09-22 09:05:42
E6939,U924,P35,cart,2025-11-21 11:03:57
E6940,U92,P30,cart,2025-04-07 14:46:34
E6941,U970,P18,cart,2025-06-09 21:33:56
E6942,U259,P3,cart,2025-08-17 08:17:53
E6943,U686,P23,purchase,2026-02-03 01:16:49
E6944,U64,P47,view,2025-08-27 22:48:45
E6945,U487,P37,purchase,2025-05-04 07:40:40
E6946,U22,P11,view,2026-02-23 11:55:56
E6947,U922,P46,purchase,2025-07-10 11:28:28
E6948,U889,P29,wishlist,2026-02-22 18:54:27
E6949,U512,P20,purchase,2025-12-25 13:53:17
E6950,U355,P21,cart,2025-06-27 05:08:58
E6951,U619,P18,purchase,2025-10-27 01:13:44
E6952,U438,P22,wishlist,2025-09-16 12:19:07
E6953,U248,P31,cart,2025-08-28 06:34:04
E6954,U332,P14,wishlist,2026-02-22 16:57:23
E6955,U384,P27,cart,2025-09-04 17:05:32
E6956,U400,P1,cart,2025-06-10 06:56:44
E6957,U334,P49,purchase,2025-11-18 03:08:29
E6958,U371,P6,wishlist,2025-10-04 07:20:30
E6959,U734,P9,view,2026-01-25 20:34:21
E6960,U306,P6,purchase,2025-04-27 15:37:38
E6961,U521,P11,purchase,2025-10-17 06:24:16
E6962,U164,P18,wishlist,2026-02-17 10:20:45
E6963,U452,P22,view,2025-11-03 03:56:52
E6964,U417,P14,view,2025-08-23 23:37:45
E6965,U557,P49,purchase,2026-02-16 03:33:00
E6966,U437,P3,wishlist,2026-02-25 01:39:57
E6967,U677,P42,purchase,2025-06-09 18:12:06
E6968,U610,P42,view,2025-08-16 01:58:17
E6969,U368,P7,view,2025-10-18 14:56:42
E6970,U373,P16,purchase,2025-03-19 00:57:16
E6971,U855,P35,view,2025-06-25 20:34:25
E6972,U902,P38,purchase,2026-02-09 00:06:11
E6973,U668,P39,cart,2025-05-31 09:12:31
E6974,U793,P47,view,2025-05-27 09:28:24
E6975,U635,P33,cart,2025-09-15 17:35:11
E6976,U376,P37,wishlist,2025-11-14 08:23:02
E6977,U857,P6,wishlist,2025-05-18 10:34:52
E6978,U492,P7,purchase,2025-05-06 03:56:43
E6979,U857,P28,purchase,2025-07-19 22:21:16
E6980,U597,P28,view,2026-01-14 18:17:18
E6981,U675,P43,view,2025-06-08 18:51:36
E6982,U124,P49,view,2025-04-28 10:43:51
E6983,U848,P22,view,2025-12-23 08:31:58
E6984,U878,P15,wishlist,2025-10-08 09:17:00
E6985,U257,P38,purchase,2025-05-01 06:46:21
E6986,U906,P47,wishlist,2025-10-21 15:31:09
E6987,U956,P43,view,2025-12-26 22:56:09
E6988,U556,P25,wishlist,2026-03-09 01:23:14
E6989,U681,P36,cart,2026-03-14 08:36:05
E6990,U288,P37,wishlist,2025-11-24 00:40:17
E6991,U353,P47,purchase,2025-08-14 03:41:43
E6992,U693,P5,wishlist,2025-07-30 22:13:09
E6993,U867,P17,purchase,2025-09-15 14:51:30
E6994,U274,P7,purchase,2025-08-01 12:58:08
E6995,U934,P37,purchase,2025-06-09 00:58:56
E6996,U412,P19,cart,2025-08-05 08:53:45
E6997,U900,P6,purchase,2025-10-04 02:29:51
E6998,U886,P46,purchase,2025-08-09 09:29:59
E6999,U47,P16,purchase,2025-11-03 21:20:46
E7000,U224,P25,purchase,2025-09-04 22:14:18
E7001,U384,P34,view,2025-08-22 05:44:14
E7002,U183,P16,view,2025-05-27 00:12:13
E7003,U114,P9,cart,2025-04-14 23:37:47
E7004,U547,P3,wishlist,2025-11-09 15:11:47
E7005,U723,P2,wishlist,2025-08-28 00:59:06
E7006,U359,P27,cart,2025-06-14 01:08:02
E7007,U991,P19,view,2025-05-09 22:38:28
E7008,U679,P3,wishlist,2026-01-22 00:29:33
E7009,U694,P33,wishlist,2025-07-20 23:48:43
E7010,U417,P14,wishlist,2025-04-26 13:29:54
E7011,U977,P24,wishlist,2026-03-01 09:23:58
E7012,U151,P6,wishlist,2025-10-03 17:18:05
E7013,U56,P34,purchase,2025-05-16 01:42:39
E7014,U324,P39,view,2025-06-06 15:45:44
E7015,U676,P25,view,2025-07-30 16:28:03
E7016,U526,P24,cart,2025-07-16 00:28:06
E7017,U114,P11,cart,2026-01-29 13:45:39
E7018,U169,P22,purchase,2025-05-13 15:29:24
E7019,U310,P23,view,2025-10-30 13:37:32
E7020,U696,P13,cart,2025-11-26 06:42:24
E7021,U116,P44,wishlist,2025-08-02 14:02:06
E7022,U254,P14,view,2025-11-26 02:32:44
E7023,U981,P39,cart,2025-07-29 20:31:33
E7024,U601,P43,purchase,2025-03-23 14:30:39
E7025,U617,P11,cart,2026-03-01 03:57:46
E7026,U138,P32,cart,2025-10-19 07:57:03
E7027,U435,P33,view,2025-12-01 16:27:42
E7028,U789,P1,purchase,2025-10-12 10:54:12
E7029,U466,P25,cart,2025-06-03 13:13:28
E7030,U411,P35,cart,2025-06-28 03:21:08
E7031,U618,P29,cart,2025-08-20 02:43:25
E7032,U590,P4,purchase,2025-09-02 08:44:51
E7033,U278,P44,cart,2025-08-07 08:15:28
E7034,U290,P26,view,2025-07-23 07:55:21
E7035,U920,P10,view,2025-09-15 04:36:24
E7036,U644,P37,purchase,2025-08-22 01:34:21
E7037,U84,P38,cart,2025-09-11 22:51:23
E7038,U847,P34,wishlist,2025-04-21 17:33:07
E7039,U587,P38,view,2025-05-27 06:03:02
E7040,U40,P12,wishlist,2026-02-26 19:17:55
E7041,U71,P27,view,2025-09-15 17:08:05
E7042,U579,P46,wishlist,2026-01-23 10:26:06
E7043,U278,P48,cart,2026-01-02 01:48:32
E7044,U555,P17,view,2025-07-01 12:50:02
E7045,U942,P18,wishlist,2025-08-30 16:13:40
E7046,U221,P10,wishlist,2025-05-11 18:09:57
E7047,U714,P32,purchase,2025-09-23 15:57:38
E7048,U985,P7,wishlist,2025-09-02 01:07:49
E7049,U192,P7,cart,2025-05-20 15:41:56
E7050,U833,P6,wishlist,2025-06-20 00:24:12
E7051,U357,P30,wishlist,2025-03-24 04:16:31
E7052,U786,P42,view,2025-12-14 08:08:55
E7053,U516,P33,view,2025-12-14 18:05:41
E7054,U473,P19,cart,2026-01-29 10:05:16
E7055,U207,P49,cart,2025-04-29 17:24:22
E7056,U654,P42,purchase,2025-05-30 02:53:09
E7057,U370,P38,cart,2025-09-24 23:39:04
E7058,U270,P15,cart,2025-03-26 12:38:43
E7059,U854,P12,wishlist,2025-07-10 23:31:58
E7060,U231,P49,wishlist,2025-07-02 16:56:04
E7061,U387,P29,view,2025-10-19 09:40:03
E7062,U327,P45,wishlist,2025-08-01 19:29:00
E7063,U806,P16,cart,2025-08-07 05:31:49
E7064,U120,P38,wishlist,2025-11-25 03:37:14
E7065,U380,P36,purchase,2025-09-30 16:09:06
E7066,U46,P32,view,2025-04-12 23:33:42
E7067,U724,P1,wishlist,2025-09-03 21:02:31
E7068,U230,P11,wishlist,2025-10-27 08:41:50
E7069,U181,P34,wishlist,2025-09-30 14:25:25
E7070,U346,P29,purchase,2025-04-25 20:11:46
E7071,U795,P35,purchase,2026-02-01 09:05:38
E7072,U379,P30,view,2025-04-30 20:21:29
E7073,U34,P46,purchase,2025-05-03 21:46:56
E7074,U41,P7,purchase,2025-05-15 16:32:40
E7075,U409,P7,cart,2025-07-24 20:07:22
E7076,U160,P44,wishlist,2025-10-22 01:09:49
E7077,U246,P16,purchase,2025-07-30 00:53:21
E7078,U916,P10,cart,2025-07-12 04:48:12
E7079,U44,P1,view,2025-11-08 14:45:30
E7080,U135,P14,cart,2025-08-02 00:04:25
E7081,U895,P35,view,2025-06-13 14:30:15
E7082,U591,P24,purchase,2025-10-07 12:30:39
E7083,U297,P30,cart,2026-03-07 14:41:03
E7084,U75,P5,wishlist,2025-10-19 01:21:48
E7085,U543,P1,wishlist,2025-10-09 03:26:11
E7086,U482,P41,cart,2025-03-28 15:51:04
E7087,U511,P8,purchase,2025-09-27 19:13:48
E7088,U547,P34,wishlist,2025-08-10 08:38:26
E7089,U532,P1,wishlist,2025-11-19 02:32:12
E7090,U484,P2,cart,2025-10-21 01:22:29
E7091,U604,P5,cart,2025-04-28 18:45:34
E7092,U344,P1,purchase,2025-07-11 03:10:01
E7093,U693,P11,cart,2025-07-27 04:58:57
E7094,U716,P49,purchase,2025-11-30 14:00:36
E7095,U819,P13,view,2026-02-28 17:56:29
E7096,U73,P11,view,2025-12-08 23:44:32
E7097,U234,P6,wishlist,2025-08-16 18:33:44
E7098,U143,P11,purchase,2025-10-29 07:46:22
E7099,U465,P20,purchase,2025-12-13 16:31:15
E7100,U215,P36,wishlist,2025-09-25 21:22:35
E7101,U678,P12,wishlist,2025-12-04 07:42:43
E7102,U398,P28,cart,2026-03-10 19:19:49
E7103,U299,P48,cart,2025-08-29 00:14:23
E7104,U969,P27,cart,2025-04-07 22:01:43
E7105,U261,P35,view,2025-11-17 18:36:11
E7106,U43,P8,wishlist,2025-07-09 20:31:38
E7107,U657,P7,purchase,2025-06-27 23:30:30
E7108,U897,P30,cart,2025-05-20 17:56:05
E7109,U287,P32,wishlist,2025-09-22 07:38:22
E7110,U613,P9,view,2025-04-19 22:51:39
E7111,U561,P10,cart,2025-11-03 05:26:33
E7112,U945,P21,cart,2025-11-25 13:08:42
E7113,U794,P49,view,2025-05-21 08:09:39
E7114,U215,P2,purchase,2025-07-09 22:56:07
E7115,U885,P33,cart,2025-12-29 17:51:28
E7116,U40,P42,view,2025-04-02 16:43:38
E7117,U402,P20,cart,2025-06-12 20:21:56
E7118,U290,P36,wishlist,2025-11-19 11:30:44
E7119,U905,P13,wishlist,2026-03-06 19:54:31
E7120,U512,P8,purchase,2026-01-08 21:40:06
E7121,U942,P14,view,2025-12-14 21:12:15
E7122,U800,P25,cart,2025-06-21 03:57:35
E7123,U977,P6,view,2026-03-03 15:56:31
E7124,U717,P14,purchase,2025-12-20 09:27:47
E7125,U574,P38,wishlist,2025-05-22 13:09:48
E7126,U455,P9,wishlist,2025-11-27 07:53:27
E7127,U26,P25,cart,2025-11-11 17:52:59
E7128,U103,P22,cart,2025-07-27 23:04:28
E7129,U935,P26,cart,2026-03-10 21:09:36
E7130,U565,P41,view,2025-12-23 15:55:15
E7131,U864,P10,cart,2025-08-01 02:31:46
E7132,U669,P46,cart,2025-11-12 18:17:24
E7133,U170,P29,wishlist,2025-04-26 18:46:16
E7134,U810,P46,wishlist,2025-04-21 06:27:34
E7135,U482,P18,view,2025-06-10 16:00:12
E7136,U478,P18,cart,2025-09-14 08:27:19
E7137,U255,P48,cart,2025-04-16 02:37:24
E7138,U767,P11,view,2025-03-17 18:13:51
E7139,U334,P17,purchase,2025-09-06 21:47:53
E7140,U534,P36,cart,2025-08-23 11:09:38
E7141,U558,P4,cart,2025-09-20 17:25:13
E7142,U779,P8,wishlist,2025-11-21 07:11:59
E7143,U450,P43,view,2026-01-17 04:52:49
E7144,U63,P44,purchase,2025-03-24 16:21:31
E7145,U481,P4,wishlist,2025-06-10 08:04:44
E7146,U647,P49,purchase,2025-03-17 07:39:57
E7147,U341,P6,wishlist,2025-06-16 16:23:56
E7148,U411,P33,cart,2025-03-28 17:40:02
E7149,U15,P49,view,2026-01-13 12:48:23
E7150,U882,P5,purchase,2026-03-11 07:29:23
E7151,U761,P34,cart,2025-11-20 00:12:48
E7152,U654,P33,view,2026-01-24 00:55:33
E7153,U662,P36,cart,2025-04-18 10:24:31
E7154,U244,P9,wishlist,2026-01-15 05:53:20
E7155,U257,P19,cart,2025-06-19 16:36:08
E7156,U917,P27,purchase,2025-06-20 09:50:00
E7157,U32,P6,view,2025-04-01 15:19:50
E7158,U621,P20,cart,2025-04-30 15:44:14
E7159,U770,P42,view,2025-03-22 08:44:02
E7160,U293,P36,view,2025-11-21 23:50:49
E7161,U739,P18,view,2025-08-05 05:04:42
E7162,U996,P32,cart,2026-01-22 09:55:59
E7163,U988,P20,cart,2025-11-04 10:52:20
E7164,U516,P34,purchase,2025-12-04 01:57:54
E7165,U320,P35,view,2025-03-21 10:19:19
E7166,U53,P19,wishlist,2025-09-11 06:01:15
E7167,U105,P17,cart,2025-07-04 19:30:08
E7168,U723,P39,wishlist,2026-01-16 23:20:21
E7169,U232,P37,view,2025-09-26 02:05:16
E7170,U727,P7,purchase,2025-10-25 12:12:10
E7171,U729,P15,view,2025-11-23 14:05:04
E7172,U500,P32,cart,2026-01-29 09:23:22
E7173,U229,P42,cart,2025-09-24 20:10:35
E7174,U321,P31,view,2025-07-20 00:59:21
E7175,U539,P7,wishlist,2025-07-03 04:49:00
E7176,U63,P16,cart,2025-10-26 11:47:26
E7177,U980,P37,view,2025-06-17 16:00:32
E7178,U506,P35,purchase,2025-05-14 21:16:30
E7179,U426,P6,purchase,2025-11-20 15:33:09
E7180,U946,P3,cart,2025-10-19 15:34:38
E7181,U268,P23,view,2025-08-03 08:00:29
E7182,U253,P32,wishlist,2026-03-13 21:20:03
E7183,U233,P41,wishlist,2025-04-15 20:45:57
E7184,U856,P2,cart,2025-03-17 04:09:34
E7185,U36,P6,cart,2026-01-01 02:09:33
E7186,U503,P3,wishlist,2026-03-02 22:44:02
E7187,U878,P13,view,2025-04-20 20:57:05
E7188,U490,P40,purchase,2025-07-17 18:33:33
E7189,U661,P10,purchase,2026-03-06 10:47:13
E7190,U446,P22,wishlist,2025-06-28 09:30:17
E7191,U602,P4,cart,2025-04-10 22:32:52
E7192,U90,P31,view,2025-05-06 03:50:00
E7193,U541,P27,purchase,2025-06-13 03:44:40
E7194,U624,P25,cart,2025-12-10 00:13:27
E7195,U216,P6,purchase,2025-04-30 11:25:11
E7196,U973,P7,cart,2025-08-19 04:34:16
E7197,U60,P21,purchase,2026-01-05 19:17:04
E7198,U823,P14,cart,2025-05-17 16:17:23
E7199,U565,P36,purchase,2025-11-12 14:16:04
E7200,U754,P20,view,2025-10-10 23:11:23
E7201,U569,P43,purchase,2025-05-24 18:10:19
E7202,U500,P26,purchase,2025-04-04 17:01:24
E7203,U858,P30,wishlist,2025-07-13 21:50:27
E7204,U468,P20,cart,2025-12-19 15:37:43
E7205,U759,P34,wishlist,2025-04-26 16:18:06
E7206,U138,P10,wishlist,2025-07-22 20:50:40
E7207,U556,P16,view,2025-06-02 16:18:45
E7208,U239,P46,cart,2025-05-04 00:11:16
E7209,U613,P19,view,2025-08-22 08:18:06
E7210,U350,P0,view,2025-10-14 20:37:06
E7211,U642,P5,cart,2026-02-10 20:47:21
E7212,U760,P33,view,2026-01-05 01:22:58
E7213,U927,P43,wishlist,2025-09-13 19:28:59
E7214,U962,P46,purchase,2025-07-23 17:18:04
E7215,U837,P23,purchase,2025-06-02 09:42:32
E7216,U19,P15,wishlist,2026-02-17 22:13:50
E7217,U136,P36,purchase,2026-02-02 04:34:17
E7218,U902,P40,cart,2025-04-16 11:41:45
E7219,U316,P9,wishlist,2025-04-11 22:54:09
E7220,U23,P15,purchase,2025-08-24 20:07:14
E7221,U832,P32,purchase,2025-09-23 08:24:57
E7222,U232,P20,cart,2025-08-01 00:54:26
E7223,U688,P3,wishlist,2026-03-14 15:10:11
E7224,U115,P34,cart,2025-08-27 14:13:33
E7225,U726,P1,purchase,2026-03-03 15:26:35
E7226,U421,P33,cart,2025-06-27 07:25:56
E7227,U297,P44,view,2025-08-15 04:26:57
E7228,U558,P10,wishlist,2025-12-18 02:20:04
E7229,U542,P17,purchase,2025-11-24 01:05:10
E7230,U311,P5,cart,2025-06-10 02:46:03
E7231,U30,P26,view,2026-03-03 11:36:33
E7232,U406,P11,purchase,2025-10-17 16:52:30
E7233,U506,P16,wishlist,2025-12-18 15:42:37
E7234,U747,P21,cart,2025-05-05 18:49:01
E7235,U823,P6,view,2026-02-20 12:37:15
E7236,U615,P32,cart,2025-11-16 18:19:36
E7237,U18,P33,wishlist,2025-12-23 02:22:44
E7238,U571,P10,wishlist,2025-06-12 08:24:19
E7239,U392,P19,wishlist,2026-01-18 20:58:20
E7240,U322,P1,cart,2025-09-18 05:39:18
E7241,U481,P47,view,2026-01-11 06:10:03
E7242,U799,P8,cart,2025-11-07 08:44:16
E7243,U205,P47,view,2025-04-12 13:17:43
E7244,U320,P19,purchase,2025-12-29 20:25:58
E7245,U640,P42,view,2025-10-02 10:20:38
E7246,U1,P28,view,2025-08-15 05:36:44
E7247,U186,P19,view,2026-03-12 00:33:24
E7248,U573,P47,wishlist,2026-01-13 02:26:22
E7249,U570,P10,wishlist,2026-02-27 22:28:38
E7250,U336,P6,view,2025-10-02 12:53:58
E7251,U547,P32,purchase,2025-07-09 00:41:46
E7252,U440,P38,purchase,2026-02-11 18:54:30
E7253,U248,P6,cart,2025-04-20 04:36:22
E7254,U310,P41,wishlist,2026-03-14 12:05:26
E7255,U182,P9,wishlist,2025-10-28 16:06:39
E7256,U710,P40,wishlist,2025-06-03 22:22:38
E7257,U707,P6,purchase,2025-10-07 17:34:01
E7258,U727,P20,wishlist,2025-11-21 07:49:28
E7259,U583,P47,view,2025-12-04 00:41:54
E7260,U803,P45,view,2025-08-12 19:16:08
E7261,U188,P39,wishlist,2025-06-30 01:46:04
E7262,U220,P6,view,2025-03-21 00:41:55
E7263,U439,P29,cart,2025-04-11 16:18:38
E7264,U286,P11,wishlist,2025-10-02 09:00:19
E7265,U319,P45,view,2025-11-12 19:29:54
E7266,U184,P2,cart,2025-07-01 01:57:49
E7267,U606,P45,cart,2025-07-13 15:08:29
E7268,U460,P48,wishlist,2025-06-18 10:42:18
E7269,U26,P10,wishlist,2025-04-25 15:36:57
E7270,U811,P10,cart,2025-11-18 22:29:36
E7271,U437,P2,cart,2026-01-31 22:38:19
E7272,U21,P32,wishlist,2025-07-23 02:57:46
E7273,U952,P16,cart,2025-08-08 20:00:43
E7274,U923,P15,view,2025-03-31 04:39:19
E7275,U420,P40,wishlist,2025-07-10 03:09:24
E7276,U472,P41,view,2026-02-04 05:27:28
E7277,U496,P49,view,2026-01-02 06:50:35
E7278,U541,P24,wishlist,2025-06-01 06:02:02
E7279,U400,P36,cart,2025-12-02 00:12:53
E7280,U16,P33,purchase,2025-11-23 22:59:37
E7281,U249,P20,view,2026-02-17 17:00:27
E7282,U178,P28,view,2025-10-29 23:45:50
E7283,U643,P22,cart,2025-10-21 11:46:11
E7284,U435,P22,wishlist,2025-11-27 14:55:26
E7285,U790,P4,purchase,2025-11-02 18:31:20
E7286,U765,P5,view,2025-04-28 14:23:01
E7287,U412,P37,purchase,2025-05-18 07:48:32
E7288,U426,P26,cart,2025-04-10 11:53:15
E7289,U113,P12,cart,2025-05-08 08:18:18
E7290,U604,P33,purchase,2025-04-12 22:34:45
E7291,U388,P40,view,2025-12-21 03:25:33
E7292,U862,P4,cart,2025-08-03 18:49:23
E7293,U967,P5,wishlist,2025-12-28 13:22:33
E7294,U615,P29,wishlist,2025-03-18 21:21:57
E7295,U134,P45,cart,2026-02-06 12:33:00
E7296,U797,P35,purchase,2025-11-01 18:44:07
E7297,U685,P6,view,2025-08-20 16:12:10
E7298,U663,P31,wishlist,2025-08-17 09:21:59
E7299,U635,P37,view,2026-03-10 16:47:42
E7300,U652,P0,view,2025-05-18 14:10:10
E7301,U396,P2,wishlist,2025-09-04 03:41:27
E7302,U740,P49,cart,2025-08-08 12:35:47
E7303,U31,P30,cart,2025-10-07 23:07:10
E7304,U748,P17,purchase,2025-07-20 11:48:58
E7305,U319,P48,cart,2026-01-26 22:30:08
E7306,U461,P3,view,2025-05-14 23:00:27
E7307,U853,P36,view,2025-07-20 01:54:57
E7308,U304,P46,wishlist,2025-04-26 05:58:26
E7309,U454,P18,cart,2025-12-30 16:15:31
E7310,U250,P26,wishlist,2025-06-14 16:28:57
E7311,U701,P30,view,2025-10-02 00:57:20
E7312,U372,P20,wishlist,2025-05-11 11:01:56
E7313,U126,P12,purchase,2025-12-11 11:42:25
E7314,U958,P11,cart,2025-05-13 13:39:35
E7315,U576,P45,cart,2025-11-23 09:11:58
E7316,U621,P33,view,2026-01-19 17:31:07
E7317,U788,P4,purchase,2025-04-07 16:34:24
E7318,U801,P14,view,2025-12-23 04:02:56
E7319,U383,P46,cart,2025-10-25 17:57:00
E7320,U532,P32,view,2025-09-11 20:28:59
E7321,U935,P48,wishlist,2025-09-04 19:47:39
E7322,U225,P25,cart,2025-04-20 23:29:37
E7323,U162,P33,view,2025-09-02 08:31:28
E7324,U993,P22,wishlist,2025-10-18 01:30:12
E7325,U610,P14,wishlist,2025-10-26 01:35:13
E7326,U676,P10,cart,2025-04-13 22:05:29
E7327,U843,P17,cart,2025-05-12 05:42:49
E7328,U742,P34,wishlist,2026-01-04 14:07:30
E7329,U477,P21,wishlist,2025-10-08 21:18:49
E7330,U747,P1,view,2025-12-27 23:38:34
E7331,U388,P49,cart,2025-10-08 19:53:59
E7332,U652,P0,view,2025-07-20 01:57:21
E7333,U298,P29,purchase,2026-02-09 07:12:48
E7334,U261,P24,purchase,2025-05-05 09:58:50
E7335,U383,P49,purchase,2026-03-11 05:03:13
E7336,U114,P22,wishlist,2025-10-08 21:30:15
E7337,U516,P47,cart,2025-03-15 20:24:20
E7338,U364,P33,purchase,2025-12-14 19:50:35
E7339,U942,P17,view,2026-02-19 15:27:23
E7340,U845,P38,purchase,2026-01-17 01:46:55
E7341,U362,P22,wishlist,2025-04-20 05:10:55
E7342,U756,P32,wishlist,2025-06-25 05:11:39
E7343,U554,P20,purchase,2026-02-12 22:16:03
E7344,U101,P6,cart,2025-06-09 16:53:59
E7345,U263,P8,purchase,2025-12-08 23:06:14
E7346,U961,P42,cart,2026-01-06 13:34:16
E7347,U933,P46,view,2025-03-22 14:30:12
E7348,U668,P40,view,2025-10-19 01:22:23
E7349,U944,P44,wishlist,2025-08-16 04:02:00
E7350,U610,P35,cart,2025-06-23 03:12:13
E7351,U124,P16,view,2025-03-25 12:53:31
E7352,U853,P18,purchase,2025-06-23 18:11:42
E7353,U315,P25,purchase,2026-02-23 07:56:42
E7354,U912,P13,cart,2025-03-23 08:04:50
E7355,U888,P37,view,2025-11-13 04:33:59
E7356,U879,P25,wishlist,2025-04-10 00:30:35
E7357,U789,P10,wishlist,2025-10-07 21:39:05
E7358,U647,P28,purchase,2025-03-15 19:41:49
E7359,U370,P40,wishlist,2025-07-14 22:33:29
E7360,U329,P16,cart,2025-12-26 10:27:11
E7361,U124,P9,wishlist,2025-06-23 07:48:15
E7362,U277,P5,view,2025-09-22 08:28:25
E7363,U483,P12,cart,2026-01-04 07:20:02
E7364,U63,P49,view,2026-02-13 14:11:18
E7365,U686,P21,purchase,2026-03-09 21:17:55
E7366,U262,P12,view,2025-12-25 17:25:08
E7367,U136,P4,purchase,2025-12-08 04:12:43
E7368,U753,P23,cart,2025-10-27 20:23:00
E7369,U291,P23,wishlist,2025-05-28 08:55:22
E7370,U393,P40,wishlist,2025-08-27 19:20:56
E7371,U70,P12,cart,2026-01-19 20:29:11
E7372,U752,P32,view,2025-11-16 02:01:21
E7373,U604,P30,view,2025-07-15 01:54:24
E7374,U969,P22,wishlist,2025-06-27 08:41:35
E7375,U463,P8,wishlist,2025-09-15 20:57:41
E7376,U332,P5,purchase,2025-09-01 05:20:07
E7377,U225,P34,wishlist,2025-08-03 22:15:17
E7378,U897,P42,view,2025-03-15 17:48:48
E7379,U949,P2,wishlist,2025-10-17 09:04:34
E7380,U193,P49,cart,2025-05-05 01:11:49
E7381,U90,P11,cart,2025-11-23 08:31:57
E7382,U52,P12,cart,2025-05-11 00:39:36
E7383,U305,P4,purchase,2025-05-26 22:05:14
E7384,U288,P29,cart,2025-07-23 01:18:16
E7385,U76,P21,cart,2025-12-17 08:29:05
E7386,U282,P14,wishlist,2025-12-09 23:44:43
E7387,U174,P13,wishlist,2026-03-01 14:50:16
E7388,U164,P35,wishlist,2025-11-20 07:26:52
E7389,U545,P40,wishlist,2025-12-20 01:31:46
E7390,U871,P21,view,2025-10-23 08:33:29
E7391,U250,P26,purchase,2025-08-11 05:00:20
E7392,U896,P0,view,2026-01-06 03:41:32
E7393,U729,P44,purchase,2025-12-21 22:48:00
E7394,U983,P47,wishlist,2026-02-16 13:21:02
E7395,U63,P6,wishlist,2025-07-01 08:28:27
E7396,U735,P7,wishlist,2025-08-24 06:12:20
E7397,U841,P42,purchase,2025-12-19 20:50:53
E7398,U51,P37,cart,2026-02-14 23:44:39
E7399,U927,P8,cart,2025-12-12 15:06:02
E7400,U707,P47,cart,2025-04-24 06:50:05
E7401,U718,P20,wishlist,2025-10-27 08:38:45
E7402,U189,P46,purchase,2026-02-10 19:14:18
E7403,U715,P32,view,2025-09-30 23:12:07
E7404,U220,P35,cart,2026-02-25 19:07:45
E7405,U618,P38,cart,2026-01-26 19:26:48
E7406,U203,P17,cart,2025-10-05 01:05:17
E7407,U269,P38,wishlist,2025-11-29 20:26:54
E7408,U186,P18,cart,2025-12-01 03:21:04
E7409,U427,P18,cart,2025-06-27 03:16:03
E7410,U82,P4,wishlist,2025-11-28 11:29:54
E7411,U53,P8,wishlist,2025-05-29 03:26:43
E7412,U936,P25,view,2025-10-09 07:02:38
E7413,U632,P19,view,2025-07-06 06:35:18
E7414,U436,P43,cart,2026-03-04 08:49:01
E7415,U480,P27,cart,2025-07-31 17:17:23
E7416,U752,P15,wishlist,2025-06-15 22:06:16
E7417,U459,P31,wishlist,2025-04-12 11:28:19
E7418,U847,P8,wishlist,2025-04-27 21:43:06
E7419,U824,P2,purchase,2025-10-11 17:07:02
E7420,U355,P29,view,2025-12-06 16:16:16
E7421,U704,P28,wishlist,2025-08-08 16:19:55
E7422,U960,P16,wishlist,2025-09-26 00:35:13
E7423,U985,P29,purchase,2025-06-20 20:02:31
E7424,U905,P6,view,2025-03-29 11:32:40
E7425,U351,P8,purchase,2025-08-05 09:32:18
E7426,U62,P34,view,2025-04-27 09:52:50
E7427,U288,P17,cart,2025-07-11 21:32:46
E7428,U950,P41,purchase,2025-09-01 06:47:46
E7429,U921,P46,purchase,2025-07-28 17:33:35
E7430,U683,P46,cart,2025-09-09 10:22:11
E7431,U260,P21,cart,2025-12-14 15:08:49
E7432,U175,P29,cart,2025-04-26 20:03:01
E7433,U576,P35,view,2025-06-03 00:31:51
E7434,U947,P4,purchase,2025-11-26 07:41:52
E7435,U549,P0,wishlist,2025-03-15 21:01:59
E7436,U867,P33,view,2025-12-12 22:50:27
E7437,U404,P38,view,2025-07-25 04:20:55
E7438,U771,P47,view,2025-03-30 04:52:11
E7439,U642,P9,purchase,2025-06-20 15:52:28
E7440,U810,P14,purchase,2025-11-20 05:02:39
E7441,U686,P5,wishlist,2026-03-07 03:25:41
E7442,U787,P10,purchase,2025-10-05 03:20:04
E7443,U202,P1,wishlist,2026-01-05 21:27:29
E7444,U532,P18,view,2025-06-17 03:18:43
E7445,U787,P2,purchase,2025-07-21 07:07:06
E7446,U88,P43,wishlist,2025-05-19 04:04:47
E7447,U565,P6,cart,2025-09-14 17:20:21
E7448,U928,P38,purchase,2025-11-28 18:33:49
E7449,U429,P19,cart,2025-10-28 04:58:55
E7450,U822,P37,wishlist,2025-05-07 10:37:50
E7451,U926,P29,cart,2025-11-25 07:04:21
E7452,U178,P41,cart,2025-05-22 12:54:55
E7453,U981,P37,cart,2025-03-17 04:26:33
E7454,U643,P34,wishlist,2026-03-01 03:46:28
E7455,U578,P11,wishlist,2025-03-28 13:36:04
E7456,U960,P19,view,2026-02-26 14:30:06
E7457,U281,P4,purchase,2026-03-03 11:29:57
E7458,U366,P8,cart,2026-01-01 00:23:10
E7459,U438,P31,purchase,2025-08-23 07:31:28
E7460,U763,P10,wishlist,2025-07-11 11:55:23
E7461,U304,P1,view,2025-03-15 22:29:50
E7462,U887,P9,purchase,2025-05-30 16:42:16
E7463,U330,P47,purchase,2025-04-17 14:30:40
E7464,U853,P47,view,2025-04-07 11:21:58
E7465,U514,P13,wishlist,2026-01-14 05:31:37
E7466,U342,P31,wishlist,2026-01-05 04:20:53
E7467,U187,P36,view,2025-10-24 00:35:52
E7468,U725,P40,cart,2025-12-31 20:13:06
E7469,U328,P18,cart,2025-04-18 09:57:45
E7470,U427,P14,view,2025-05-16 12:03:24
E7471,U718,P27,purchase,2025-07-20 10:05:01
E7472,U122,P21,view,2025-11-25 02:35:35
E7473,U734,P0,view,2025-08-24 08:03:17
E7474,U486,P47,view,2025-05-15 18:33:07
E7475,U896,P21,cart,2025-06-18 14:14:21
E7476,U541,P32,cart,2025-04-25 13:02:19
E7477,U861,P44,cart,2025-07-28 05:16:30
E7478,U612,P45,wishlist,2026-01-22 00:41:45
E7479,U780,P28,cart,2025-06-06 09:15:30
E7480,U487,P36,purchase,2025-09-29 22:19:50
E7481,U921,P33,cart,2025-09-17 22:55:41
E7482,U691,P37,view,2026-02-27 10:39:57
E7483,U797,P8,view,2025-06-16 15:09:25
E7484,U644,P25,wishlist,2025-10-31 00:49:26
E7485,U144,P8,view,2025-07-09 04:13:13
E7486,U84,P22,cart,2025-09-02 12:47:08
E7487,U123,P8,wishlist,2025-11-22 09:14:01
E7488,U102,P11,cart,2025-08-20 20:15:14
E7489,U461,P45,wishlist,2025-06-08 06:35:13
E7490,U600,P17,view,2025-04-09 19:22:33
E7491,U658,P29,view,2025-04-05 22:55:09
E7492,U733,P28,cart,2025-09-06 03:26:39
E7493,U46,P45,cart,2025-06-25 20:34:58
E7494,U313,P29,view,2026-02-28 03:02:16
E7495,U935,P9,cart,2026-02-10 05:55:36
E7496,U876,P18,cart,2025-11-16 10:50:52
E7497,U935,P20,wishlist,2025-08-06 14:41:55
E7498,U708,P47,view,2026-03-02 05:03:16
E7499,U371,P18,purchase,2026-01-17 13:05:25
E7500,U202,P41,view,2025-09-10 14:13:49
E7501,U930,P29,view,2025-09-03 07:18:58
E7502,U164,P23,wishlist,2025-09-14 11:50:16
E7503,U493,P35,view,2025-10-19 19:02:17
E7504,U568,P17,wishlist,2025-09-07 15:23:53
E7505,U129,P13,purchase,2025-03-16 07:00:41
E7506,U352,P19,wishlist,2025-08-19 02:43:52
E7507,U429,P38,view,2026-02-07 15:15:08
E7508,U52,P28,purchase,2025-09-21 08:42:20
E7509,U375,P17,purchase,2025-09-08 20:54:51
E7510,U658,P47,view,2026-01-10 13:16:59
E7511,U75,P37,view,2026-01-04 22:26:20
E7512,U121,P25,purchase,2025-09-11 02:24:43
E7513,U494,P0,cart,2025-12-16 11:32:45
E7514,U466,P21,cart,2025-10-05 13:22:16
E7515,U260,P16,cart,2025-08-01 11:19:12
E7516,U318,P31,purchase,2025-07-06 14:47:06
E7517,U346,P47,cart,2025-11-21 21:27:26
E7518,U460,P0,cart,2025-08-22 19:28:40
E7519,U142,P21,cart,2026-02-25 18:20:17
E7520,U409,P40,cart,2025-04-20 23:01:07
E7521,U863,P24,cart,2026-02-09 21:42:49
E7522,U859,P19,wishlist,2025-05-20 00:08:42
E7523,U20,P38,purchase,2025-04-24 08:12:15
E7524,U513,P15,purchase,2025-06-12 00:06:26
E7525,U684,P47,purchase,2025-09-09 07:26:02
E7526,U285,P3,view,2025-09-07 17:59:51
E7527,U53,P36,wishlist,2026-02-12 01:26:17
E7528,U418,P25,wishlist,2025-09-28 10:24:43
E7529,U655,P5,purchase,2025-06-27 00:23:15
E7530,U822,P17,wishlist,2025-04-02 10:11:24
E7531,U849,P8,purchase,2026-03-12 13:52:27
E7532,U656,P38,wishlist,2025-07-15 23:56:27
E7533,U201,P6,wishlist,2025-05-31 04:30:06
E7534,U613,P24,cart,2025-09-06 22:47:41
E7535,U53,P15,wishlist,2026-01-30 16:48:08
E7536,U269,P20,purchase,2025-11-02 20:18:15
E7537,U33,P42,view,2025-12-20 14:33:51
E7538,U26,P37,wishlist,2025-10-08 10:29:45
E7539,U657,P26,wishlist,2025-07-23 12:46:05
E7540,U439,P10,cart,2026-02-19 15:18:06
E7541,U454,P9,wishlist,2025-09-05 19:18:01
E7542,U858,P40,purchase,2025-11-02 00:24:24
E7543,U103,P21,purchase,2025-11-27 17:24:19
E7544,U8,P42,view,2025-11-01 09:06:53
E7545,U715,P46,view,2025-03-16 22:15:55
E7546,U539,P45,cart,2025-12-28 16:44:58
E7547,U649,P2,cart,2025-09-02 16:17:34
E7548,U389,P27,cart,2026-02-01 22:17:09
E7549,U459,P30,cart,2025-09-12 03:54:27
E7550,U594,P0,purchase,2025-07-14 05:15:45
E7551,U681,P42,cart,2025-09-21 08:28:52
E7552,U791,P23,wishlist,2025-05-15 06:58:02
E7553,U985,P34,view,2025-03-26 02:34:17
E7554,U305,P15,view,2026-02-26 14:02:03
E7555,U386,P26,cart,2025-12-24 09:21:02
E7556,U171,P46,view,2025-11-23 11:10:10
E7557,U996,P15,purchase,2025-11-16 15:44:26
E7558,U293,P32,view,2026-01-26 17:08:26
E7559,U589,P16,cart,2025-10-29 14:05:54
E7560,U760,P9,cart,2026-03-05 20:32:50
E7561,U632,P29,wishlist,2026-01-13 16:22:00
E7562,U209,P2,cart,2025-10-22 04:20:29
E7563,U985,P10,view,2025-12-17 10:36:36
E7564,U342,P1,purchase,2025-07-30 22:54:33
E7565,U202,P3,cart,2026-02-10 02:11:23
E7566,U666,P30,wishlist,2026-01-14 09:50:06
E7567,U399,P13,cart,2025-04-13 00:50:00
E7568,U369,P25,cart,2025-10-28 03:00:35
E7569,U938,P10,purchase,2025-10-27 03:42:24
E7570,U52,P36,purchase,2025-03-31 05:05:36
E7571,U950,P40,view,2025-05-28 18:20:48
E7572,U649,P25,wishlist,2026-01-02 10:59:56
E7573,U214,P14,cart,2025-04-08 06:36:11
E7574,U101,P18,purchase,2025-03-24 05:21:46
E7575,U770,P26,view,2025-12-01 01:52:50
E7576,U824,P41,wishlist,2025-11-10 06:30:09
E7577,U532,P44,purchase,2025-03-15 15:12:05
E7578,U871,P40,purchase,2025-06-03 22:59:41
E7579,U533,P10,cart,2025-07-05 07:36:44
E7580,U866,P42,purchase,2025-05-15 19:03:00
E7581,U110,P10,cart,2025-07-12 22:00:58
E7582,U206,P41,view,2025-05-30 05:11:01
E7583,U94,P27,wishlist,2026-02-02 14:31:24
E7584,U999,P47,cart,2025-06-05 12:24:48
E7585,U527,P25,purchase,2025-10-13 21:28:07
E7586,U877,P46,view,2025-11-12 18:45:09
E7587,U107,P24,view,2025-05-30 23:35:43
E7588,U677,P32,wishlist,2026-03-05 08:21:59
E7589,U448,P25,view,2025-07-23 03:18:34
E7590,U817,P44,view,2025-06-26 20:01:51
E7591,U893,P10,purchase,2026-02-05 06:00:31
E7592,U490,P9,cart,2025-07-27 20:52:24
E7593,U948,P5,wishlist,2025-07-31 04:06:39
E7594,U349,P18,purchase,2026-03-04 00:46:24
E7595,U233,P2,wishlist,2026-03-10 01:05:49
E7596,U999,P6,view,2025-08-07 05:54:50
E7597,U800,P32,purchase,2025-07-31 05:33:20
E7598,U382,P23,cart,2025-12-04 13:32:36
E7599,U132,P2,view,2025-05-22 08:40:11
E7600,U613,P19,cart,2025-07-14 17:10:49
E7601,U23,P48,purchase,2025-10-12 20:43:58
E7602,U678,P14,purchase,2025-04-03 17:23:21
E7603,U84,P29,cart,2025-05-04 20:02:06
E7604,U854,P30,cart,2025-10-08 12:43:06
E7605,U882,P43,view,2025-04-05 01:17:26
E7606,U307,P0,wishlist,2026-03-04 19:30:20
E7607,U263,P26,purchase,2026-01-07 02:18:15
E7608,U761,P41,view,2025-04-24 17:38:51
E7609,U378,P11,view,2025-05-23 08:53:27
E7610,U653,P3,wishlist,2025-10-10 03:42:17
E7611,U153,P22,wishlist,2025-12-23 23:30:18
E7612,U599,P11,purchase,2025-11-16 18:51:22
E7613,U118,P12,cart,2025-12-30 07:22:20
E7614,U252,P29,purchase,2025-07-11 15:35:12
E7615,U478,P21,wishlist,2025-08-25 07:51:08
E7616,U134,P5,cart,2025-12-01 17:46:10
E7617,U435,P13,view,2025-06-14 19:44:26
E7618,U631,P34,view,2026-02-01 05:46:29
E7619,U219,P40,cart,2026-01-08 02:46:49
E7620,U495,P31,view,2025-09-16 12:15:48
E7621,U781,P0,purchase,2025-11-04 02:24:16
E7622,U978,P46,view,2025-04-25 15:38:51
E7623,U78,P21,wishlist,2025-07-31 04:37:36
E7624,U585,P35,wishlist,2025-08-21 09:06:13
E7625,U648,P7,view,2025-03-24 21:57:48
E7626,U842,P35,cart,2025-05-06 06:02:23
E7627,U551,P32,purchase,2025-08-19 20:08:11
E7628,U494,P29,purchase,2025-04-12 16:44:37
E7629,U34,P44,purchase,2025-06-11 13:38:02
E7630,U613,P34,view,2025-06-21 13:51:59
E7631,U156,P11,cart,2025-09-05 12:44:37
E7632,U565,P25,view,2025-11-11 03:19:46
E7633,U565,P12,cart,2025-07-16 19:18:15
E7634,U864,P33,wishlist,2025-03-21 09:40:17
E7635,U954,P49,wishlist,2025-07-16 23:51:32
E7636,U512,P42,view,2025-05-04 03:30:58
E7637,U985,P23,purchase,2026-03-13 09:38:04
E7638,U993,P24,purchase,2026-02-06 21:07:05
E7639,U261,P47,wishlist,2025-09-06 08:56:23
E7640,U677,P13,wishlist,2025-08-06 03:25:48
E7641,U774,P19,purchase,2025-07-04 13:22:41
E7642,U724,P19,cart,2026-03-09 01:40:08
E7643,U688,P25,purchase,2026-01-25 14:34:13
E7644,U290,P0,cart,2025-11-09 21:36:15
E7645,U837,P36,wishlist,2025-06-19 17:49:44
E7646,U902,P1,view,2025-07-19 03:16:50
E7647,U375,P31,cart,2026-02-03 03:33:15
E7648,U322,P5,purchase,2025-05-22 01:50:39
E7649,U269,P21,cart,2025-04-03 09:02:24
E7650,U850,P32,wishlist,2025-03-22 18:14:49
E7651,U884,P44,purchase,2025-09-19 23:35:23
E7652,U641,P38,wishlist,2025-09-03 09:10:18
E7653,U973,P20,wishlist,2026-02-14 13:26:36
E7654,U452,P41,purchase,2025-11-16 20:09:11
E7655,U441,P39,wishlist,2025-07-07 18:37:39
E7656,U219,P8,wishlist,2025-04-03 14:12:26
E7657,U798,P46,view,2025-04-08 03:34:22
E7658,U103,P10,cart,2025-11-28 13:01:18
E7659,U736,P31,wishlist,2025-07-07 21:24:56
E7660,U111,P34,purchase,2025-11-05 03:27:12
E7661,U207,P25,wishlist,2025-10-03 22:14:12
E7662,U796,P40,cart,2026-02-17 19:44:01
E7663,U366,P4,purchase,2025-12-02 05:37:54
E7664,U749,P9,purchase,2025-04-19 08:21:11
E7665,U896,P12,view,2026-01-12 23:04:16
E7666,U333,P46,purchase,2026-03-09 13:36:31
E7667,U286,P20,cart,2025-09-04 15:25:28
E7668,U377,P26,purchase,2026-02-14 03:43:49
E7669,U459,P13,wishlist,2025-05-27 21:04:14
E7670,U404,P44,cart,2025-05-13 05:08:00
E7671,U432,P13,wishlist,2025-08-31 14:14:32
E7672,U280,P9,purchase,2025-06-02 08:54:23
E7673,U451,P1,wishlist,2025-07-13 14:39:05
E7674,U795,P11,view,2025-04-23 16:24:29
E7675,U961,P1,cart,2025-07-25 09:43:54
E7676,U835,P15,purchase,2025-09-08 13:56:28
E7677,U230,P34,cart,2025-10-02 09:20:37
E7678,U202,P40,purchase,2025-09-07 19:54:48
E7679,U624,P42,purchase,2026-01-23 07:02:22
E7680,U707,P23,view,2025-11-25 03:22:23
E7681,U528,P22,purchase,2025-11-19 22:32:29
E7682,U993,P1,cart,2025-09-07 04:50:29
E7683,U904,P27,cart,2025-11-03 07:39:44
E7684,U865,P15,wishlist,2026-03-05 17:44:41
E7685,U333,P32,view,2026-02-10 01:26:27
E7686,U848,P2,wishlist,2025-05-01 15:26:54
E7687,U775,P22,cart,2025-09-17 10:47:11
E7688,U441,P47,wishlist,2025-03-31 03:05:00
E7689,U322,P0,view,2025-08-02 05:02:11
E7690,U897,P21,view,2025-05-21 15:03:34
E7691,U821,P41,view,2025-03-21 12:39:17
E7692,U851,P31,view,2025-06-03 06:10:33
E7693,U595,P41,wishlist,2025-11-10 22:12:45
E7694,U650,P38,cart,2025-05-10 13:09:39
E7695,U767,P44,purchase,2025-05-18 13:19:09
E7696,U64,P2,purchase,2025-04-26 20:30:03
E7697,U95,P30,view,2025-08-24 02:46:41
E7698,U737,P34,view,2025-10-03 08:24:05
E7699,U936,P11,purchase,2025-07-08 03:39:56
E7700,U56,P44,view,2025-08-07 05:21:40
E7701,U396,P17,cart,2026-03-08 20:35:29
E7702,U698,P6,wishlist,2025-04-10 02:49:45
E7703,U537,P29,view,2025-05-21 09:31:30
E7704,U425,P18,wishlist,2026-02-14 17:19:31
E7705,U111,P38,purchase,2025-03-21 17:44:32
E7706,U299,P29,wishlist,2025-06-01 20:12:48
E7707,U771,P5,view,2025-10-11 14:23:58
E7708,U797,P24,view,2025-10-15 12:36:32
E7709,U769,P21,wishlist,2025-07-07 13:34:33
E7710,U959,P21,wishlist,2025-08-24 18:27:36
E7711,U16,P4,purchase,2025-12-05 17:19:21
E7712,U885,P15,purchase,2025-05-02 05:12:10
E7713,U887,P38,cart,2025-05-02 07:10:10
E7714,U155,P48,cart,2025-11-14 20:44:14
E7715,U552,P48,cart,2025-12-26 05:02:15
E7716,U995,P45,purchase,2025-07-06 15:43:37
E7717,U195,P0,view,2026-02-21 02:56:31
E7718,U329,P26,purchase,2025-03-20 11:48:13
E7719,U752,P33,view,2025-04-07 16:52:21
E7720,U384,P8,view,2026-02-15 23:55:27
E7721,U273,P1,cart,2025-05-19 03:36:48
E7722,U702,P18,view,2025-09-10 15:01:20
E7723,U452,P16,view,2025-03-27 11:15:58
E7724,U204,P30,cart,2026-02-13 16:01:58
E7725,U646,P27,cart,2025-08-01 23:06:01
E7726,U121,P40,cart,2026-02-15 23:51:18
E7727,U451,P20,wishlist,2025-09-23 03:45:36
E7728,U950,P43,wishlist,2025-05-01 15:01:00
E7729,U979,P31,wishlist,2025-05-15 01:20:14
E7730,U130,P9,wishlist,2025-09-26 04:46:32
E7731,U399,P49,purchase,2026-02-15 00:20:47
E7732,U792,P7,cart,2025-11-18 11:00:27
E7733,U386,P28,wishlist,2025-10-20 14:05:50
E7734,U647,P15,view,2025-05-05 11:02:44
E7735,U461,P35,cart,2026-02-22 03:26:46
E7736,U420,P17,view,2025-04-08 11:57:08
E7737,U81,P9,purchase,2026-02-21 15:18:47
E7738,U924,P13,wishlist,2025-12-20 08:45:51
E7739,U527,P45,wishlist,2025-07-22 10:50:39
E7740,U456,P25,cart,2026-02-10 01:49:17
E7741,U98,P23,purchase,2025-12-26 19:13:13
E7742,U97,P24,purchase,2025-09-04 04:26:56
E7743,U935,P35,view,2026-01-13 18:50:31
E7744,U673,P3,cart,2025-12-31 08:20:36
E7745,U173,P40,view,2025-07-13 09:30:20
E7746,U902,P40,cart,2025-05-05 01:14:08
E7747,U534,P42,cart,2025-10-21 09:55:55
E7748,U402,P7,wishlist,2025-05-30 09:15:33
E7749,U929,P30,wishlist,2025-03-28 15:48:37
E7750,U327,P45,view,2025-07-06 11:59:35
E7751,U473,P20,purchase,2025-11-19 09:00:41
E7752,U444,P28,cart,2025-03-29 16:30:31
E7753,U430,P34,purchase,2025-11-20 11:14:21
E7754,U440,P29,purchase,2025-05-28 16:34:36
E7755,U891,P10,purchase,2026-02-22 10:33:45
E7756,U957,P7,wishlist,2025-09-04 08:18:49
E7757,U929,P43,view,2025-04-10 05:16:10
E7758,U443,P48,cart,2025-09-01 06:03:40
E7759,U686,P36,purchase,2025-08-19 16:24:29
E7760,U723,P25,view,2026-01-06 22:15:13
E7761,U432,P19,cart,2025-03-19 11:02:01
E7762,U641,P8,view,2025-04-17 05:23:41
E7763,U84,P15,view,2025-06-12 15:39:01
E7764,U89,P46,view,2025-09-15 09:10:01
E7765,U741,P32,view,2025-03-21 11:54:59
E7766,U658,P40,cart,2025-04-10 05:56:48
E7767,U331,P25,cart,2025-04-06 19:46:12
E7768,U426,P6,wishlist,2025-08-24 21:24:25
E7769,U600,P5,cart,2025-04-25 20:51:10
E7770,U629,P26,view,2025-04-19 07:29:12
E7771,U300,P24,cart,2025-09-09 01:47:23
E7772,U126,P18,wishlist,2025-10-13 01:23:06
E7773,U957,P22,wishlist,2025-12-16 01:36:08
E7774,U540,P29,wishlist,2026-02-27 12:39:24
E7775,U16,P35,cart,2025-05-23 17:13:05
E7776,U64,P7,view,2025-07-24 01:13:40
E7777,U923,P35,cart,2026-03-03 17:11:59
E7778,U667,P32,wishlist,2025-08-08 20:57:22
E7779,U102,P15,wishlist,2025-06-11 14:28:54
E7780,U761,P9,view,2025-03-24 22:44:37
E7781,U279,P45,view,2025-08-21 02:44:48
E7782,U565,P22,view,2025-04-20 23:16:55
E7783,U878,P45,purchase,2025-08-03 16:35:28
E7784,U51,P10,cart,2025-10-26 12:29:17
E7785,U427,P4,view,2025-07-03 13:24:42
E7786,U853,P31,purchase,2025-09-04 23:25:33
E7787,U139,P46,view,2026-01-09 00:50:35
E7788,U162,P32,wishlist,2025-08-05 09:11:35
E7789,U440,P27,view,2025-07-16 12:21:54
E7790,U899,P31,purchase,2025-09-12 09:38:43
E7791,U535,P30,view,2026-01-15 21:10:03
E7792,U322,P34,purchase,2025-09-03 08:24:45
E7793,U22,P42,view,2025-06-30 23:59:48
E7794,U95,P25,cart,2025-09-19 18:30:47
E7795,U58,P31,view,2025-06-27 17:01:00
E7796,U299,P12,view,2025-09-11 10:01:35
E7797,U627,P22,wishlist,2026-02-04 15:51:47
E7798,U967,P33,view,2026-02-13 06:35:40
E7799,U714,P27,cart,2026-01-24 13:24:12
E7800,U552,P40,view,2025-05-29 13:32:25
E7801,U829,P48,cart,2025-03-22 04:03:28
E7802,U669,P49,purchase,2025-06-09 12:29:15
E7803,U574,P20,view,2026-01-24 13:02:12
E7804,U793,P3,view,2025-07-02 14:06:40
E7805,U0,P31,cart,2025-05-04 15:51:48
E7806,U792,P11,wishlist,2025-04-27 14:32:45
E7807,U372,P24,view,2025-03-21 14:22:55
E7808,U81,P18,purchase,2025-10-27 06:46:39
E7809,U76,P40,view,2026-01-23 22:06:04
E7810,U863,P49,cart,2025-09-02 05:33:57
E7811,U401,P22,wishlist,2025-11-13 07:31:59
E7812,U444,P27,cart,2025-12-06 12:55:04
E7813,U278,P3,wishlist,2025-03-20 05:35:06
E7814,U853,P6,purchase,2025-07-27 23:01:50
E7815,U836,P14,view,2025-04-24 21:33:50
E7816,U985,P8,wishlist,2025-05-18 10:07:33
E7817,U534,P45,wishlist,2025-05-26 11:34:53
E7818,U31,P3,wishlist,2026-02-15 07:09:49
E7819,U433,P1,purchase,2025-10-13 20:30:07
E7820,U970,P24,wishlist,2025-09-29 22:13:40
E7821,U147,P39,purchase,2025-05-22 21:25:07
E7822,U747,P48,purchase,2025-06-22 23:46:36
E7823,U711,P4,view,2025-09-22 01:38:35
E7824,U751,P18,view,2025-12-11 17:35:03
E7825,U944,P25,purchase,2025-09-12 19:42:42
E7826,U513,P10,cart,2025-10-05 04:45:23
E7827,U533,P7,wishlist,2025-03-15 13:02:40
E7828,U306,P44,view,2026-02-18 19:35:02
E7829,U918,P15,purchase,2025-05-31 07:11:49
E7830,U135,P0,view,2025-09-17 09:33:37
E7831,U235,P19,view,2025-03-29 04:40:16
E7832,U112,P33,view,2025-08-28 18:45:03
E7833,U463,P16,cart,2025-06-13 20:43:09
E7834,U258,P16,purchase,2025-05-23 13:42:49
E7835,U861,P26,purchase,2026-01-04 02:50:40
E7836,U82,P21,purchase,2026-03-06 19:09:57
E7837,U297,P1,purchase,2025-07-01 00:50:57
E7838,U970,P4,purchase,2026-03-02 04:36:09
E7839,U499,P4,wishlist,2025-05-16 17:01:25
E7840,U586,P6,cart,2026-03-13 01:52:46
E7841,U961,P8,wishlist,2026-01-18 20:49:25
E7842,U548,P3,view,2026-02-13 17:42:46
E7843,U203,P0,wishlist,2025-10-28 02:48:06
E7844,U183,P10,view,2025-06-11 11:36:58
E7845,U889,P10,purchase,2025-06-08 19:21:21
E7846,U764,P49,view,2025-03-21 11:27:28
E7847,U120,P12,cart,2025-09-07 08:22:28
E7848,U159,P28,wishlist,2025-04-10 22:57:17
E7849,U262,P29,view,2025-06-06 17:06:36
E7850,U133,P10,purchase,2025-12-18 21:54:21
E7851,U167,P35,view,2025-12-03 13:37:38
E7852,U356,P36,purchase,2025-06-02 08:19:57
E7853,U163,P17,wishlist,2026-02-08 20:22:44
E7854,U701,P42,wishlist,2026-01-05 18:28:19
E7855,U642,P17,cart,2025-04-01 06:03:20
E7856,U67,P14,view,2025-07-09 00:49:43
E7857,U347,P24,cart,2025-08-27 05:55:45
E7858,U214,P46,view,2025-10-25 07:04:33
E7859,U868,P32,wishlist,2025-12-27 02:57:49
E7860,U949,P3,wishlist,2025-09-19 05:43:27
E7861,U374,P25,view,2025-05-03 16:13:38
E7862,U387,P46,cart,2025-12-07 09:18:29
E7863,U639,P1,wishlist,2026-01-07 20:22:17
E7864,U901,P10,wishlist,2025-10-06 10:57:42
E7865,U25,P1,wishlist,2025-08-26 22:42:13
E7866,U942,P20,purchase,2025-08-23 18:31:23
E7867,U329,P6,purchase,2026-02-03 05:36:16
E7868,U454,P26,wishlist,2025-04-13 21:28:42
E7869,U842,P4,view,2026-02-25 08:24:20
E7870,U933,P16,purchase,2026-01-02 23:28:33
E7871,U977,P36,view,2025-04-01 16:51:52
E7872,U762,P47,view,2025-03-27 03:48:50
E7873,U191,P48,wishlist,2025-04-09 01:14:38
E7874,U139,P21,view,2025-06-03 09:18:32
E7875,U794,P31,wishlist,2025-09-02 18:03:38
E7876,U379,P17,wishlist,2025-07-21 06:40:22
E7877,U136,P0,wishlist,2025-07-04 00:01:01
E7878,U414,P28,view,2025-06-02 08:24:07
E7879,U531,P34,view,2025-11-01 12:29:45
E7880,U574,P40,wishlist,2025-03-19 03:53:49
E7881,U422,P16,view,2025-07-08 06:21:28
E7882,U589,P41,purchase,2025-07-04 23:21:17
E7883,U297,P32,wishlist,2025-08-30 21:58:51
E7884,U217,P27,wishlist,2025-10-27 16:52:37
E7885,U747,P47,cart,2025-09-04 20:48:40
E7886,U583,P0,purchase,2025-12-24 14:55:49
E7887,U121,P0,view,2026-02-06 18:09:05
E7888,U832,P31,view,2026-01-08 12:02:11
E7889,U441,P14,wishlist,2025-05-26 07:24:05
E7890,U160,P30,purchase,2025-03-22 19:24:16
E7891,U826,P20,purchase,2025-04-13 08:30:37
E7892,U657,P40,view,2025-07-23 22:05:37
E7893,U514,P2,cart,2026-01-24 13:54:36
E7894,U839,P47,cart,2025-03-27 01:07:04
E7895,U54,P33,cart,2025-08-28 05:49:09
E7896,U596,P16,view,2025-03-22 01:37:31
E7897,U469,P16,view,2026-01-08 18:24:01
E7898,U246,P2,view,2025-04-24 23:49:57
E7899,U124,P36,view,2025-03-16 02:06:39
E7900,U454,P42,view,2025-11-25 04:19:06
E7901,U473,P25,view,2025-08-05 22:42:19
E7902,U657,P15,purchase,2025-06-09 07:39:20
E7903,U374,P11,wishlist,2025-07-24 19:32:06
E7904,U429,P39,view,2025-08-04 20:48:47
E7905,U707,P46,view,2025-06-23 09:51:21
E7906,U740,P33,view,2025-09-20 06:48:40
E7907,U680,P49,purchase,2025-06-12 09:45:42
E7908,U133,P46,purchase,2026-02-11 22:57:15
E7909,U374,P11,purchase,2025-12-14 08:35:38
E7910,U53,P10,purchase,2025-05-07 10:06:09
E7911,U217,P37,wishlist,2025-04-02 11:33:34
E7912,U791,P47,view,2025-07-07 21:58:17
E7913,U996,P5,purchase,2025-11-30 05:38:48
E7914,U735,P31,purchase,2025-06-08 22:23:41
E7915,U652,P16,view,2025-05-25 17:35:49
E7916,U175,P48,purchase,2025-09-15 11:54:11
E7917,U944,P20,view,2025-06-13 08:03:59
E7918,U614,P11,cart,2025-10-24 03:57:41
E7919,U874,P36,wishlist,2025-08-21 16:45:20
E7920,U877,P17,wishlist,2025-10-31 21:48:23
E7921,U975,P37,cart,2026-03-14 22:28:29
E7922,U43,P13,cart,2025-11-11 13:40:58
E7923,U666,P4,purchase,2025-09-05 02:57:41
E7924,U159,P19,cart,2025-09-13 08:29:42
E7925,U661,P31,view,2025-05-01 06:37:23
E7926,U532,P28,view,2026-01-04 17:32:00
E7927,U561,P37,cart,2026-01-11 05:38:55
E7928,U902,P26,cart,2025-09-18 02:32:38
E7929,U511,P43,view,2025-11-07 14:53:44
E7930,U630,P11,wishlist,2025-05-28 00:34:10
E7931,U182,P38,purchase,2025-11-25 12:13:50
E7932,U256,P40,view,2025-04-07 15:38:18
E7933,U496,P37,wishlist,2025-08-11 04:56:53
E7934,U123,P48,view,2025-05-26 10:27:43
E7935,U972,P25,wishlist,2025-08-12 19:14:49
E7936,U1,P12,cart,2026-02-27 23:05:09
E7937,U852,P13,wishlist,2025-12-25 07:54:05
E7938,U324,P46,view,2025-04-23 23:57:45
E7939,U523,P12,view,2025-04-22 05:51:01
E7940,U610,P37,purchase,2025-06-17 20:34:19
E7941,U244,P8,purchase,2025-08-22 12:49:24
E7942,U826,P4,cart,2025-04-12 14:23:16
E7943,U20,P9,cart,2025-09-19 20:55:11
E7944,U459,P0,purchase,2025-09-14 03:21:34
E7945,U104,P8,view,2025-07-13 00:05:14
E7946,U648,P27,cart,2025-07-26 06:53:41
E7947,U510,P20,purchase,2026-02-19 03:35:55
E7948,U320,P28,purchase,2025-04-12 08:38:28
E7949,U959,P47,purchase,2026-03-13 23:57:53
E7950,U380,P4,wishlist,2025-05-11 02:26:59
E7951,U977,P45,wishlist,2025-10-08 15:03:15
E7952,U754,P28,wishlist,2025-08-06 20:09:36
E7953,U61,P26,view,2025-12-15 03:21:51
E7954,U666,P6,purchase,2025-05-12 21:26:46
E7955,U392,P20,wishlist,2025-12-12 19:12:54
E7956,U207,P25,view,2025-07-23 13:51:26
E7957,U932,P28,view,2025-06-05 09:08:29
E7958,U478,P9,purchase,2025-08-29 13:55:00
E7959,U903,P23,cart,2026-02-08 03:47:38
E7960,U517,P39,cart,2026-01-08 06:52:14
E7961,U74,P22,purchase,2025-04-02 20:47:30
E7962,U129,P46,purchase,2025-04-13 02:43:02
E7963,U615,P39,purchase,2025-09-25 08:24:05
E7964,U594,P27,view,2025-11-24 20:41:26
E7965,U305,P18,view,2025-03-21 01:26:59
E7966,U580,P2,purchase,2025-07-25 08:27:52
E7967,U449,P27,purchase,2026-03-01 12:11:58
E7968,U944,P24,purchase,2025-06-23 18:12:54
E7969,U592,P15,view,2025-11-22 09:03:06
E7970,U407,P42,wishlist,2026-03-09 23:45:58
E7971,U856,P7,wishlist,2025-11-27 14:32:52
E7972,U104,P49,purchase,2026-02-25 23:42:39
E7973,U743,P11,view,2025-09-03 05:57:31
E7974,U541,P3,cart,2026-01-28 19:55:14
E7975,U689,P7,purchase,2025-12-28 11:58:46
E7976,U666,P26,cart,2025-07-05 12:51:44
E7977,U33,P25,wishlist,2025-10-24 19:44:14
E7978,U105,P20,wishlist,2025-03-19 08:25:10
E7979,U737,P37,purchase,2025-12-23 04:05:31
E7980,U288,P42,wishlist,2025-07-04 04:04:52
E7981,U533,P35,wishlist,2025-05-02 21:32:39
E7982,U240,P43,wishlist,2025-10-06 20:31:56
E7983,U148,P5,view,2026-03-09 16:02:47
E7984,U443,P17,view,2025-07-05 14:20:41
E7985,U296,P1,wishlist,2025-09-09 07:29:08
E7986,U885,P28,purchase,2025-06-04 16:04:55
E7987,U497,P31,wishlist,2025-11-12 08:39:32
E7988,U825,P7,wishlist,2025-12-21 20:01:51
E7989,U2,P39,purchase,2025-10-23 10:16:22
E7990,U718,P19,view,2025-06-13 05:33:45
E7991,U529,P49,purchase,2026-02-28 06:30:31
E7992,U256,P18,purchase,2025-04-10 22:52:00
E7993,U913,P16,view,2025-09-15 21:14:50
E7994,U353,P43,cart,2026-02-27 05:54:43
E7995,U140,P45,view,2025-11-25 13:04:49
E7996,U502,P1,purchase,2026-03-06 08:27:50
E7997,U726,P38,cart,2025-08-20 17:36:31
E7998,U955,P17,view,2025-11-06 20:45:24
E7999,U359,P24,purchase,2025-10-19 16:20:42
E8000,U212,P22,purchase,2025-12-21 14:09:17
E8001,U430,P15,purchase,2025-07-30 18:35:16
E8002,U254,P6,view,2025-04-23 20:15:33
E8003,U36,P32,cart,2025-06-20 23:07:27
E8004,U410,P37,view,2025-12-04 05:27:21
E8005,U433,P1,wishlist,2025-10-19 11:11:02
E8006,U797,P3,wishlist,2025-04-28 21:39:35
E8007,U882,P43,wishlist,2025-07-20 16:45:07
E8008,U824,P25,purchase,2025-05-21 03:30:30
E8009,U372,P11,cart,2025-12-16 20:23:33
E8010,U666,P32,view,2026-02-01 00:51:04
E8011,U311,P39,cart,2025-03-17 18:26:39
E8012,U372,P37,purchase,2025-04-21 00:11:38
E8013,U14,P5,view,2025-08-16 05:23:54
E8014,U524,P27,purchase,2025-04-06 21:13:32
E8015,U12,P28,cart,2026-01-02 02:33:31
E8016,U775,P47,cart,2026-03-13 17:24:48
E8017,U6,P12,view,2025-03-22 09:44:53
E8018,U109,P16,view,2025-03-18 00:24:25
E8019,U759,P24,view,2025-12-15 22:59:06
E8020,U502,P33,cart,2026-02-04 16:52:18
E8021,U32,P11,cart,2025-11-29 18:35:37
E8022,U15,P36,cart,2025-10-24 09:08:27
E8023,U472,P47,cart,2025-11-19 04:35:55
E8024,U891,P42,cart,2025-04-29 12:27:00
E8025,U952,P7,wishlist,2025-10-03 03:46:57
E8026,U123,P33,purchase,2025-03-26 13:18:12
E8027,U627,P12,view,2025-12-13 07:34:22
E8028,U71,P4,view,2025-06-24 06:14:39
E8029,U833,P22,purchase,2026-02-17 03:15:25
E8030,U358,P10,purchase,2026-01-21 08:42:01
E8031,U274,P24,purchase,2025-05-28 15:48:22
E8032,U798,P3,cart,2025-04-07 02:45:14
E8033,U923,P5,wishlist,2025-06-08 08:03:07
E8034,U819,P20,cart,2025-06-08 18:32:21
E8035,U922,P14,view,2025-04-25 17:44:06
E8036,U83,P36,wishlist,2025-06-09 06:54:35
E8037,U743,P46,view,2026-02-12 02:19:55
E8038,U639,P11,cart,2025-05-03 08:31:27
E8039,U254,P34,wishlist,2025-08-05 19:47:25
E8040,U62,P4,wishlist,2025-03-23 15:32:23
E8041,U218,P35,view,2025-08-06 20:30:41
E8042,U280,P46,wishlist,2025-04-09 05:01:09
E8043,U618,P23,wishlist,2025-03-31 14:07:18
E8044,U523,P29,purchase,2025-11-01 05:08:45
E8045,U681,P8,cart,2025-07-28 22:00:34
E8046,U352,P27,purchase,2025-08-16 23:44:40
E8047,U243,P34,wishlist,2026-01-19 22:50:06
E8048,U492,P23,wishlist,2025-05-23 10:41:30
E8049,U775,P38,purchase,2026-02-14 19:32:51
E8050,U893,P6,view,2025-07-07 05:26:08
E8051,U398,P22,view,2026-03-05 06:58:13
E8052,U464,P5,view,2025-03-22 11:07:08
E8053,U647,P37,purchase,2026-02-08 04:36:09
E8054,U340,P45,wishlist,2025-08-23 04:21:03
E8055,U211,P23,cart,2026-01-08 10:01:00
E8056,U587,P9,wishlist,2026-01-17 10:59:54
E8057,U109,P4,wishlist,2025-03-24 08:55:19
E8058,U408,P3,cart,2025-03-26 22:52:52
E8059,U233,P47,purchase,2026-01-30 20:49:28
E8060,U487,P32,purchase,2025-09-13 07:08:57
E8061,U596,P27,view,2025-05-09 01:42:53
E8062,U321,P44,cart,2025-07-17 21:41:13
E8063,U33,P44,wishlist,2025-04-11 16:49:43
E8064,U386,P45,purchase,2026-01-27 01:35:33
E8065,U984,P5,cart,2026-02-11 16:39:44
E8066,U153,P25,view,2025-03-27 13:10:52
E8067,U686,P26,wishlist,2025-04-25 13:45:45
E8068,U671,P30,wishlist,2025-08-12 04:01:55
E8069,U796,P17,wishlist,2026-02-04 18:02:14
E8070,U378,P4,purchase,2025-03-31 13:03:07
E8071,U818,P20,wishlist,2025-07-29 19:06:34
E8072,U999,P46,purchase,2025-09-14 01:40:45
E8073,U511,P25,view,2025-03-21 21:44:58
E8074,U171,P7,view,2025-05-07 19:37:43
E8075,U556,P32,wishlist,2025-04-04 14:29:11
E8076,U275,P30,cart,2025-12-19 17:31:04
E8077,U127,P45,purchase,2025-10-19 23:52:17
E8078,U297,P19,purchase,2026-01-08 11:14:43
E8079,U690,P21,view,2026-01-09 10:54:00
E8080,U426,P14,purchase,2025-07-25 16:06:35
E8081,U760,P39,cart,2026-01-10 08:51:51
E8082,U924,P7,view,2026-01-12 20:21:19
E8083,U842,P28,cart,2026-03-01 06:00:50
E8084,U322,P46,cart,2026-03-04 11:39:34
E8085,U738,P20,view,2025-11-22 04:00:36
E8086,U570,P20,wishlist,2025-11-01 05:39:44
E8087,U769,P4,cart,2025-09-05 14:49:10
E8088,U988,P2,view,2025-12-22 05:59:10
E8089,U61,P15,view,2026-01-16 03:23:50
E8090,U802,P5,view,2026-02-18 21:10:09
E8091,U843,P34,cart,2025-06-29 00:21:53
E8092,U577,P22,view,2025-07-04 15:26:29
E8093,U871,P13,view,2025-03-28 02:45:46
E8094,U888,P23,purchase,2025-12-13 22:05:42
E8095,U194,P13,purchase,2025-06-11 04:49:06
E8096,U839,P47,cart,2026-01-26 00:19:03
E8097,U889,P34,view,2025-03-21 02:11:37
E8098,U343,P9,cart,2025-08-11 19:04:12
E8099,U118,P20,view,2026-01-03 02:34:43
E8100,U931,P6,cart,2025-06-09 20:15:47
E8101,U882,P24,view,2025-12-24 12:14:35
E8102,U572,P8,wishlist,2025-09-11 19:58:20
E8103,U867,P30,cart,2025-06-21 07:16:02
E8104,U973,P14,view,2026-03-06 21:21:00
E8105,U719,P49,purchase,2026-01-17 19:02:11
E8106,U744,P24,wishlist,2026-01-03 18:55:18
E8107,U332,P14,view,2025-03-17 03:43:12
E8108,U477,P34,view,2025-10-06 06:08:16
E8109,U334,P16,purchase,2026-01-12 15:02:24
E8110,U554,P47,wishlist,2025-09-08 13:36:58
E8111,U785,P18,wishlist,2025-06-25 14:53:59
E8112,U467,P46,cart,2025-03-23 04:34:05
E8113,U139,P47,wishlist,2025-08-01 16:20:41
E8114,U654,P49,wishlist,2025-05-27 09:10:38
E8115,U556,P21,wishlist,2025-09-28 07:02:28
E8116,U915,P2,view,2026-01-23 13:22:51
E8117,U877,P28,cart,2025-10-08 00:40:28
E8118,U892,P14,purchase,2025-09-12 23:33:08
E8119,U989,P22,wishlist,2025-12-18 22:48:40
E8120,U681,P44,purchase,2026-02-03 01:13:15
E8121,U228,P40,view,2025-07-25 15:53:12
E8122,U521,P25,wishlist,2025-07-02 22:25:53
E8123,U752,P31,wishlist,2026-01-23 11:01:07
E8124,U293,P6,view,2025-08-26 21:44:51
E8125,U654,P49,wishlist,2025-04-16 21:38:12
E8126,U5,P9,cart,2025-08-15 06:26:01
E8127,U697,P18,cart,2026-02-19 08:28:13
E8128,U945,P44,purchase,2025-10-26 12:01:59
E8129,U107,P38,cart,2025-10-25 03:02:10
E8130,U92,P5,purchase,2025-07-12 12:02:39
E8131,U164,P37,cart,2025-08-13 03:33:10
E8132,U996,P31,cart,2025-05-13 14:21:41
E8133,U874,P12,purchase,2025-09-20 22:43:03
E8134,U636,P37,purchase,2025-07-17 05:16:14
E8135,U675,P43,purchase,2025-03-30 07:16:51
E8136,U885,P27,wishlist,2025-10-22 19:59:53
E8137,U717,P15,cart,2025-10-27 13:34:18
E8138,U550,P45,view,2026-02-28 07:44:10
E8139,U784,P21,wishlist,2026-02-03 04:40:46
E8140,U149,P21,view,2025-04-10 01:34:08
E8141,U818,P42,view,2025-05-02 02:03:53
E8142,U951,P34,purchase,2025-09-26 05:18:10
E8143,U599,P20,cart,2025-12-22 22:27:26
E8144,U909,P47,purchase,2025-09-19 04:50:55
E8145,U908,P18,cart,2025-08-19 02:04:50
E8146,U321,P2,purchase,2026-03-09 09:05:46
E8147,U45,P6,view,2026-02-06 04:06:12
E8148,U172,P48,purchase,2025-09-06 23:01:33
E8149,U791,P4,wishlist,2025-05-04 08:08:52
E8150,U525,P46,purchase,2025-07-16 20:50:30
E8151,U779,P18,purchase,2025-09-04 12:53:25
E8152,U358,P48,cart,2025-06-24 09:45:04
E8153,U684,P25,cart,2025-06-09 05:34:39
E8154,U403,P17,cart,2025-07-15 18:11:56
E8155,U871,P31,cart,2025-05-18 13:59:07
E8156,U289,P19,purchase,2025-07-05 22:19:00
E8157,U943,P22,view,2025-05-28 04:02:44
E8158,U693,P28,wishlist,2026-01-06 05:03:13
E8159,U1,P40,purchase,2025-07-15 21:31:53
E8160,U679,P12,purchase,2026-01-31 18:29:43
E8161,U19,P28,purchase,2025-08-14 08:48:24
E8162,U655,P7,purchase,2025-11-23 18:59:58
E8163,U505,P7,wishlist,2026-01-01 21:18:35
E8164,U121,P31,view,2025-05-07 15:24:03
E8165,U896,P6,wishlist,2025-08-18 21:20:13
E8166,U195,P15,view,2025-04-29 17:49:54
E8167,U599,P5,purchase,2025-09-13 21:10:48
E8168,U418,P14,view,2025-11-23 13:43:00
E8169,U553,P38,cart,2025-10-29 17:56:07
E8170,U630,P17,purchase,2025-07-12 19:33:56
E8171,U485,P35,purchase,2025-04-05 14:05:01
E8172,U865,P5,wishlist,2025-09-30 05:16:06
E8173,U639,P40,wishlist,2025-12-22 06:16:19
E8174,U39,P40,wishlist,2025-07-29 02:42:03
E8175,U715,P30,cart,2025-09-04 22:31:46
E8176,U504,P7,cart,2026-02-26 11:40:53
E8177,U648,P27,cart,2025-12-24 12:42:28
E8178,U324,P11,purchase,2026-02-23 05:52:25
E8179,U229,P30,cart,2025-10-22 02:32:14
E8180,U146,P33,purchase,2025-11-19 03:01:19
E8181,U793,P34,view,2025-07-04 04:59:53
E8182,U558,P0,view,2025-09-18 21:53:06
E8183,U970,P23,purchase,2026-01-13 18:27:16
E8184,U583,P19,purchase,2025-07-08 18:20:30
E8185,U488,P23,purchase,2025-04-05 11:56:23
E8186,U98,P17,wishlist,2025-09-04 11:39:12
E8187,U564,P49,purchase,2025-10-19 19:16:46
E8188,U179,P40,wishlist,2025-07-01 02:13:51
E8189,U536,P17,wishlist,2025-10-30 13:00:30
E8190,U192,P24,purchase,2025-11-02 11:17:40
E8191,U55,P9,purchase,2025-11-07 18:29:11
E8192,U233,P26,view,2025-10-25 03:40:56
E8193,U483,P10,wishlist,2025-11-14 06:06:14
E8194,U792,P20,purchase,2025-10-17 20:27:49
E8195,U59,P36,purchase,2025-08-08 12:00:19
E8196,U416,P7,wishlist,2026-03-12 20:43:19
E8197,U253,P23,view,2026-01-05 07:58:10
E8198,U675,P11,view,2025-09-23 15:27:24
E8199,U79,P42,wishlist,2025-12-05 14:23:19
E8200,U830,P39,cart,2025-12-20 21:50:51
E8201,U495,P3,wishlist,2025-04-08 11:05:29
E8202,U327,P18,wishlist,2025-09-02 03:04:31
E8203,U207,P31,purchase,2025-09-30 05:40:25
E8204,U289,P27,view,2026-01-13 01:56:09
E8205,U884,P40,purchase,2025-11-02 00:46:55
E8206,U807,P18,view,2026-01-10 21:18:59
E8207,U339,P13,purchase,2025-06-13 00:22:30
E8208,U723,P36,purchase,2025-06-12 03:13:19
E8209,U709,P3,cart,2025-07-20 09:34:49
E8210,U359,P32,cart,2025-11-05 04:10:35
E8211,U540,P39,view,2025-06-21 20:08:39
E8212,U136,P4,purchase,2026-02-08 09:28:39
E8213,U701,P29,wishlist,2025-12-14 10:09:39
E8214,U729,P12,cart,2025-08-03 03:02:57
E8215,U825,P41,purchase,2025-08-04 21:32:27
E8216,U817,P23,purchase,2025-04-11 10:27:52
E8217,U518,P22,view,2026-03-02 22:32:14
E8218,U496,P36,wishlist,2025-10-27 19:33:45
E8219,U780,P3,purchase,2025-10-09 21:39:37
E8220,U40,P27,view,2025-08-31 15:13:43
E8221,U594,P29,purchase,2025-11-15 09:16:56
E8222,U198,P11,view,2025-11-09 15:57:14
E8223,U669,P15,wishlist,2026-01-13 16:20:46
E8224,U923,P49,wishlist,2025-06-12 01:51:00
E8225,U805,P41,purchase,2025-04-18 22:50:34
E8226,U466,P31,cart,2026-01-10 23:39:43
E8227,U852,P32,view,2025-09-03 06:45:08
E8228,U323,P37,wishlist,2025-12-08 01:59:01
E8229,U413,P16,wishlist,2025-11-28 11:22:48
E8230,U199,P15,purchase,2025-08-04 00:00:29
E8231,U733,P17,view,2026-03-07 21:43:43
E8232,U148,P4,cart,2025-05-18 18:15:09
E8233,U144,P22,view,2025-07-06 05:25:32
E8234,U573,P8,wishlist,2025-04-08 04:22:26
E8235,U551,P5,purchase,2026-03-02 15:41:21
E8236,U221,P28,wishlist,2025-05-10 19:38:18
E8237,U214,P40,cart,2025-11-30 13:50:11
E8238,U920,P17,wishlist,2026-02-24 00:17:25
E8239,U32,P45,wishlist,2025-04-12 03:03:02
E8240,U800,P13,view,2025-06-16 21:51:27
E8241,U824,P23,purchase,2026-02-12 02:26:37
E8242,U950,P29,view,2025-07-23 02:16:31
E8243,U937,P12,wishlist,2025-10-25 05:04:01
E8244,U845,P49,wishlist,2025-09-18 23:35:47
E8245,U845,P27,view,2026-02-06 18:08:36
E8246,U42,P27,view,2025-11-01 12:19:42
E8247,U20,P26,view,2025-11-27 08:39:50
E8248,U841,P0,view,2026-01-02 19:26:29
E8249,U975,P41,cart,2025-06-06 13:04:04
E8250,U447,P7,cart,2025-11-30 08:53:49
E8251,U34,P32,view,2025-09-17 09:34:06
E8252,U851,P15,wishlist,2025-10-16 01:35:53
E8253,U57,P43,wishlist,2025-07-09 21:49:36
E8254,U14,P44,view,2025-04-02 21:48:00
E8255,U513,P39,cart,2026-01-14 01:37:21
E8256,U841,P39,purchase,2025-11-10 18:04:58
E8257,U364,P36,view,2026-02-20 09:06:26
E8258,U554,P38,purchase,2025-03-21 07:22:22
E8259,U468,P39,cart,2025-07-04 04:17:22
E8260,U532,P5,wishlist,2026-02-01 02:38:41
E8261,U143,P6,cart,2025-11-12 07:21:06
E8262,U36,P21,cart,2025-06-06 00:27:47
E8263,U478,P14,cart,2025-08-18 17:40:57
E8264,U30,P33,purchase,2025-08-31 08:26:27
E8265,U360,P3,cart,2025-12-21 16:04:28
E8266,U831,P33,cart,2025-07-06 23:19:38
E8267,U533,P19,purchase,2026-03-13 21:12:42
E8268,U688,P0,view,2026-01-08 18:02:33
E8269,U202,P27,cart,2025-11-12 00:24:47
E8270,U199,P43,cart,2026-02-06 12:09:21
E8271,U530,P28,cart,2025-10-02 23:20:29
E8272,U39,P3,wishlist,2025-12-29 01:58:32
E8273,U592,P32,cart,2025-10-26 10:24:20
E8274,U604,P21,wishlist,2026-01-28 15:13:59
E8275,U663,P46,wishlist,2025-04-10 23:32:08
E8276,U442,P36,wishlist,2025-10-24 20:44:59
E8277,U831,P35,purchase,2025-09-05 13:07:30
E8278,U377,P3,wishlist,2025-08-15 04:44:22
E8279,U66,P12,view,2026-02-14 15:09:56
E8280,U848,P38,cart,2025-10-03 09:32:51
E8281,U42,P16,view,2026-01-23 14:02:39
E8282,U785,P9,cart,2026-01-17 22:59:11
E8283,U814,P1,wishlist,2025-08-10 11:54:33
E8284,U150,P15,cart,2025-06-06 06:51:13
E8285,U992,P46,wishlist,2025-04-29 12:33:02
E8286,U370,P12,wishlist,2025-06-11 04:20:03
E8287,U658,P8,wishlist,2026-01-09 16:08:54
E8288,U448,P37,cart,2025-05-30 08:51:18
E8289,U424,P8,wishlist,2025-09-04 14:57:47
E8290,U146,P21,wishlist,2025-09-20 19:25:35
E8291,U550,P13,wishlist,2025-07-07 07:16:32
E8292,U453,P16,view,2025-05-25 15:00:17
E8293,U653,P17,cart,2025-10-04 10:15:33
E8294,U284,P10,view,2025-08-28 08:38:12
E8295,U357,P2,cart,2025-04-13 01:40:17
E8296,U301,P38,purchase,2025-03-23 19:29:48
E8297,U663,P8,view,2025-05-03 05:29:53
E8298,U360,P45,view,2025-07-04 02:26:49
E8299,U618,P14,purchase,2025-12-10 06:28:01
E8300,U604,P27,purchase,2026-01-18 15:58:29
E8301,U521,P36,cart,2025-10-26 14:50:46
E8302,U206,P32,cart,2025-08-16 08:03:10
E8303,U966,P27,wishlist,2025-11-24 02:09:15
E8304,U957,P33,wishlist,2025-07-31 23:50:23
E8305,U514,P13,view,2025-11-17 05:43:57
E8306,U693,P21,purchase,2026-02-01 21:27:59
E8307,U536,P32,purchase,2025-10-30 07:02:05
E8308,U71,P12,view,2026-03-12 11:50:47
E8309,U562,P38,cart,2025-07-18 23:01:42
E8310,U148,P8,purchase,2026-02-09 15:04:01
E8311,U24,P35,cart,2026-02-08 23:03:55
E8312,U475,P1,wishlist,2025-08-25 16:57:59
E8313,U762,P0,purchase,2025-10-31 19:52:52
E8314,U880,P38,cart,2026-02-15 16:54:49
E8315,U954,P35,wishlist,2025-09-02 04:38:48
E8316,U854,P26,wishlist,2025-08-04 02:45:29
E8317,U831,P5,view,2025-12-17 18:31:19
E8318,U562,P39,view,2025-06-27 09:46:23
E8319,U648,P36,purchase,2025-09-12 02:02:40
E8320,U309,P8,cart,2025-04-21 15:31:49
E8321,U17,P12,view,2025-06-05 07:21:54
E8322,U877,P18,view,2025-05-01 23:07:27
E8323,U570,P5,cart,2025-06-06 16:26:16
E8324,U684,P45,wishlist,2026-01-20 14:13:47
E8325,U702,P25,cart,2025-05-24 15:11:47
E8326,U45,P37,purchase,2025-10-29 05:39:42
E8327,U857,P35,wishlist,2025-05-25 06:13:13
E8328,U336,P15,purchase,2025-12-25 04:36:03
E8329,U457,P41,wishlist,2025-12-09 05:40:48
E8330,U499,P45,wishlist,2025-10-26 16:15:39
E8331,U308,P35,wishlist,2026-01-03 16:59:19
E8332,U379,P10,wishlist,2025-04-14 03:35:28
E8333,U475,P26,view,2026-01-30 05:04:18
E8334,U33,P25,cart,2026-03-03 00:09:20
E8335,U186,P44,cart,2025-12-14 03:09:31
E8336,U972,P24,purchase,2026-01-09 15:01:20
E8337,U740,P1,purchase,2025-08-12 11:08:40
E8338,U694,P3,cart,2025-09-30 06:45:52
E8339,U828,P26,cart,2026-03-11 06:23:04
E8340,U855,P7,purchase,2026-02-03 03:45:20
E8341,U987,P14,cart,2025-08-10 02:52:05
E8342,U12,P30,view,2025-05-30 05:57:11
E8343,U556,P47,view,2026-03-01 20:16:50
E8344,U857,P35,cart,2025-06-24 20:21:55
E8345,U450,P6,view,2026-03-13 23:29:00
E8346,U999,P44,cart,2025-09-15 19:12:12
E8347,U970,P9,cart,2025-12-08 08:33:35
E8348,U25,P32,purchase,2025-09-29 21:53:44
E8349,U46,P11,cart,2026-01-29 20:12:06
E8350,U961,P25,view,2025-11-13 04:50:46
E8351,U585,P23,purchase,2025-07-16 04:00:29
E8352,U310,P21,view,2025-07-21 18:14:52
E8353,U829,P20,purchase,2025-03-28 23:31:24
E8354,U587,P8,wishlist,2025-03-31 21:46:31
E8355,U869,P14,view,2025-05-21 05:27:00
E8356,U139,P17,cart,2026-03-13 20:14:38
E8357,U71,P43,cart,2026-01-21 06:50:32
E8358,U835,P43,view,2025-12-17 03:42:23
E8359,U492,P47,view,2026-02-24 12:57:18
E8360,U903,P47,cart,2025-04-16 02:51:49
E8361,U226,P11,view,2025-09-02 05:43:04
E8362,U78,P46,purchase,2026-01-17 19:58:47
E8363,U313,P37,purchase,2025-06-29 15:44:52
E8364,U900,P48,wishlist,2025-11-29 23:05:13
E8365,U152,P27,view,2025-09-20 12:09:38
E8366,U430,P17,purchase,2025-12-04 18:40:10
E8367,U37,P13,cart,2025-10-20 10:38:31
E8368,U878,P47,purchase,2025-07-05 16:52:41
E8369,U560,P18,wishlist,2025-07-20 07:47:24
E8370,U968,P48,cart,2026-01-13 02:44:23
E8371,U291,P3,cart,2025-07-22 17:07:16
E8372,U713,P8,cart,2026-01-27 15:11:14
E8373,U792,P49,wishlist,2025-10-06 04:24:06
E8374,U614,P27,cart,2025-12-31 12:15:41
E8375,U582,P42,wishlist,2025-05-18 04:24:00
E8376,U477,P25,cart,2025-10-15 08:38:22
E8377,U634,P7,view,2025-10-29 21:10:49
E8378,U890,P27,view,2025-10-06 00:41:54
E8379,U914,P49,view,2025-08-10 16:49:21
E8380,U0,P21,wishlist,2025-12-12 18:51:39
E8381,U274,P37,purchase,2025-04-02 21:53:23
E8382,U447,P32,purchase,2025-10-24 15:52:33
E8383,U248,P47,wishlist,2025-12-03 19:55:42
E8384,U570,P2,purchase,2026-01-07 00:50:41
E8385,U841,P30,purchase,2025-05-16 00:39:12
E8386,U184,P14,wishlist,2025-04-03 03:53:33
E8387,U883,P3,view,2025-07-15 20:47:51
E8388,U136,P7,cart,2025-05-11 16:53:47
E8389,U892,P41,cart,2025-08-07 17:17:43
E8390,U713,P33,wishlist,2025-08-25 16:34:29
E8391,U481,P5,cart,2025-11-20 18:52:34
E8392,U299,P6,cart,2025-11-05 21:22:17
E8393,U593,P11,cart,2025-10-19 22:27:43
E8394,U870,P41,wishlist,2025-07-18 22:58:38
E8395,U383,P32,cart,2025-06-09 15:33:26
E8396,U383,P33,wishlist,2025-11-05 13:28:26
E8397,U197,P24,cart,2025-12-03 11:58:03
E8398,U901,P18,view,2025-12-31 09:43:12
E8399,U502,P5,wishlist,2025-07-11 15:55:07
E8400,U813,P45,view,2025-07-09 01:46:42
E8401,U391,P26,view,2025-05-07 18:15:28
E8402,U60,P20,wishlist,2025-09-09 00:12:38
E8403,U237,P37,purchase,2025-09-16 11:40:59
E8404,U836,P43,purchase,2026-01-27 09:20:57
E8405,U260,P44,wishlist,2025-09-10 05:13:35
E8406,U288,P5,cart,2025-09-05 03:24:36
E8407,U97,P47,cart,2025-05-12 22:25:38
E8408,U642,P32,purchase,2025-12-31 14:11:41
E8409,U529,P45,view,2026-02-19 08:57:20
E8410,U866,P19,wishlist,2026-02-03 23:52:11
E8411,U829,P46,wishlist,2026-01-29 10:28:25
E8412,U137,P4,view,2025-10-20 03:16:13
E8413,U781,P45,cart,2025-11-01 00:03:08
E8414,U701,P33,view,2025-08-17 04:47:49
E8415,U606,P19,cart,2025-06-19 16:57:21
E8416,U504,P30,view,2025-12-24 04:10:20
E8417,U576,P39,purchase,2025-04-25 22:54:30
E8418,U993,P42,wishlist,2025-09-14 17:19:10
E8419,U179,P1,wishlist,2025-10-14 00:18:14
E8420,U68,P28,wishlist,2025-08-19 03:46:16
E8421,U185,P5,purchase,2025-10-19 15:52:18
E8422,U237,P36,cart,2026-02-04 07:02:22
E8423,U786,P48,cart,2025-06-21 02:08:55
E8424,U249,P47,view,2025-11-12 10:35:38
E8425,U666,P31,cart,2025-07-28 06:14:28
E8426,U109,P16,purchase,2025-12-24 21:39:39
E8427,U339,P24,cart,2025-12-02 12:45:30
E8428,U759,P23,purchase,2025-10-05 05:59:45
E8429,U524,P43,wishlist,2026-03-14 09:21:54
E8430,U401,P27,purchase,2025-04-23 18:54:42
E8431,U981,P10,purchase,2025-08-06 12:29:31
E8432,U89,P0,view,2025-08-12 03:02:58
E8433,U615,P11,view,2025-08-23 19:06:27
E8434,U591,P2,wishlist,2026-03-04 04:14:49
E8435,U452,P46,cart,2025-12-03 23:23:47
E8436,U995,P14,wishlist,2025-05-02 04:58:14
E8437,U958,P6,wishlist,2025-06-20 07:12:46
E8438,U317,P4,wishlist,2025-06-24 07:07:29
E8439,U768,P48,purchase,2025-07-12 02:21:17
E8440,U205,P30,cart,2026-03-07 01:11:57
E8441,U472,P0,purchase,2025-10-15 19:07:53
E8442,U208,P7,purchase,2025-07-01 07:02:03
E8443,U164,P34,cart,2025-04-19 02:25:48
E8444,U484,P40,purchase,2025-07-01 14:50:11
E8445,U139,P29,purchase,2025-11-17 06:55:46
E8446,U205,P13,purchase,2025-12-12 12:03:00
E8447,U223,P18,purchase,2026-01-23 07:21:16
E8448,U667,P46,purchase,2025-12-21 04:06:00
E8449,U101,P5,purchase,2025-07-07 13:30:44
E8450,U875,P9,wishlist,2025-04-19 04:40:13
E8451,U523,P7,view,2025-07-01 04:56:45
E8452,U612,P25,purchase,2025-07-13 12:58:45
E8453,U474,P12,purchase,2025-05-02 03:47:31
E8454,U602,P40,purchase,2025-06-16 20:13:51
E8455,U370,P20,cart,2025-12-07 13:35:12
E8456,U864,P25,cart,2026-02-24 11:15:13
E8457,U223,P32,view,2025-12-01 20:16:15
E8458,U407,P2,cart,2026-03-06 12:16:10
E8459,U538,P36,cart,2025-09-02 04:49:19
E8460,U248,P4,wishlist,2025-05-29 02:10:11
E8461,U611,P32,view,2026-02-20 09:48:48
E8462,U103,P5,wishlist,2025-06-24 10:23:50
E8463,U670,P27,purchase,2025-09-07 15:17:05
E8464,U959,P33,purchase,2025-03-27 07:38:24
E8465,U270,P22,wishlist,2026-03-13 01:56:34
E8466,U553,P22,purchase,2025-10-15 22:19:02
E8467,U532,P13,cart,2025-09-30 15:21:32
E8468,U662,P40,view,2026-01-29 08:04:53
E8469,U691,P18,wishlist,2026-02-06 22:12:10
E8470,U463,P36,purchase,2026-02-28 04:08:32
E8471,U969,P24,cart,2025-07-02 07:16:27
E8472,U936,P21,wishlist,2025-10-21 12:12:18
E8473,U378,P21,view,2025-11-25 15:15:11
E8474,U632,P47,cart,2025-06-27 23:11:55
E8475,U710,P44,cart,2025-12-03 19:18:26
E8476,U37,P30,wishlist,2025-05-30 04:34:28
E8477,U474,P16,purchase,2025-05-22 09:56:57
E8478,U132,P10,purchase,2025-05-12 07:56:57
E8479,U624,P43,wishlist,2026-03-10 00:17:57
E8480,U127,P9,purchase,2025-06-04 05:28:20
E8481,U959,P23,wishlist,2025-10-21 10:07:53
E8482,U549,P12,view,2025-09-20 16:47:12
E8483,U311,P45,view,2025-08-22 22:10:25
E8484,U668,P20,view,2026-01-18 21:12:51
E8485,U898,P7,cart,2025-11-16 01:29:42
E8486,U596,P29,purchase,2025-07-10 20:44:40
E8487,U463,P28,cart,2025-06-28 21:41:19
E8488,U498,P37,purchase,2026-01-08 00:01:21
E8489,U318,P17,purchase,2025-06-08 03:14:12
E8490,U839,P10,cart,2025-07-05 13:49:58
E8491,U286,P5,purchase,2026-01-11 22:52:43
E8492,U533,P22,cart,2026-03-06 16:55:16
E8493,U272,P1,wishlist,2025-09-04 23:28:05
E8494,U818,P38,wishlist,2025-07-22 09:05:48
E8495,U457,P12,purchase,2025-12-14 15:44:55
E8496,U948,P18,view,2025-08-07 23:55:13
E8497,U765,P47,view,2025-08-11 19:12:09
E8498,U621,P35,wishlist,2026-01-01 22:22:36
E8499,U96,P35,wishlist,2026-01-01 08:04:04
E8500,U208,P1,view,2025-07-03 18:50:37
E8501,U585,P16,purchase,2026-02-24 21:19:42
E8502,U596,P44,purchase,2025-11-22 06:10:45
E8503,U99,P0,wishlist,2026-03-03 04:46:05
E8504,U226,P26,wishlist,2025-11-28 12:06:24
E8505,U279,P5,view,2025-10-11 08:00:01
E8506,U780,P42,purchase,2026-03-08 07:09:08
E8507,U507,P22,view,2026-01-29 20:52:31
E8508,U968,P28,view,2025-06-11 02:19:21
E8509,U999,P33,purchase,2025-04-01 10:50:16
E8510,U382,P17,cart,2025-07-25 07:40:43
E8511,U723,P34,wishlist,2025-07-31 14:12:43
E8512,U144,P13,wishlist,2025-06-24 06:02:14
E8513,U28,P26,cart,2026-01-04 23:58:52
E8514,U48,P49,wishlist,2026-03-14 04:58:21
E8515,U730,P0,purchase,2025-06-06 09:22:41
E8516,U716,P29,purchase,2025-06-17 18:26:21
E8517,U761,P35,purchase,2025-06-17 07:16:48
E8518,U425,P40,cart,2025-04-24 20:35:00
E8519,U535,P31,view,2025-07-16 17:54:42
E8520,U937,P0,view,2025-12-08 15:57:45
E8521,U838,P0,cart,2026-02-24 01:07:06
E8522,U956,P39,cart,2025-05-19 21:44:14
E8523,U421,P31,cart,2025-06-16 02:57:40
E8524,U511,P3,wishlist,2025-03-28 20:13:44
E8525,U760,P17,purchase,2026-02-26 03:29:22
E8526,U349,P2,purchase,2026-01-23 01:02:58
E8527,U163,P30,cart,2025-09-03 22:49:34
E8528,U242,P23,view,2025-07-26 13:20:52
E8529,U93,P25,wishlist,2025-07-22 11:19:54
E8530,U811,P28,cart,2026-01-10 11:16:22
E8531,U656,P13,wishlist,2025-08-12 04:57:30
E8532,U513,P31,view,2025-06-16 08:20:52
E8533,U727,P8,wishlist,2025-10-31 08:56:08
E8534,U618,P17,cart,2025-04-16 08:22:27
E8535,U310,P16,view,2025-06-25 17:45:56
E8536,U492,P30,cart,2025-09-22 00:38:26
E8537,U757,P23,cart,2026-01-07 19:14:20
E8538,U287,P5,purchase,2025-10-07 16:18:16
E8539,U918,P19,purchase,2026-01-19 05:56:44
E8540,U317,P3,cart,2025-08-28 11:49:35
E8541,U759,P30,view,2026-01-07 11:24:47
E8542,U829,P17,purchase,2025-12-21 11:38:26
E8543,U111,P27,purchase,2025-08-28 23:08:24
E8544,U847,P33,view,2025-09-03 22:19:47
E8545,U561,P7,wishlist,2025-10-18 01:02:12
E8546,U823,P9,purchase,2026-03-13 10:14:06
E8547,U470,P34,cart,2025-07-29 15:58:15
E8548,U781,P24,view,2025-04-24 07:11:11
E8549,U71,P15,wishlist,2025-06-15 19:38:44
E8550,U714,P48,purchase,2025-12-26 08:43:15
E8551,U192,P41,cart,2026-03-02 11:05:23
E8552,U709,P48,wishlist,2025-03-17 13:00:04
E8553,U19,P40,wishlist,2025-05-18 17:53:41
E8554,U285,P45,wishlist,2026-01-22 01:33:59
E8555,U603,P23,view,2025-04-15 22:01:40
E8556,U48,P17,view,2025-08-04 15:26:59
E8557,U214,P13,cart,2025-10-26 00:51:36
E8558,U407,P44,cart,2025-03-30 01:44:24
E8559,U531,P20,wishlist,2025-09-24 20:33:06
E8560,U237,P9,cart,2026-01-18 11:54:08
E8561,U220,P9,cart,2025-12-23 22:29:17
E8562,U72,P49,wishlist,2025-05-29 20:00:26
E8563,U40,P44,cart,2025-11-25 08:23:00
E8564,U395,P39,cart,2025-08-13 05:12:40
E8565,U7,P25,purchase,2025-12-02 21:25:00
E8566,U679,P29,purchase,2025-04-05 18:06:30
E8567,U205,P30,cart,2025-10-03 03:47:26
E8568,U93,P1,wishlist,2025-05-25 01:57:45
E8569,U995,P20,purchase,2025-06-18 05:05:10
E8570,U30,P2,wishlist,2025-04-23 05:18:50
E8571,U283,P48,view,2025-07-03 07:15:17
E8572,U597,P26,view,2025-06-01 23:57:17
E8573,U131,P0,wishlist,2025-12-08 20:15:53
E8574,U897,P44,cart,2025-07-13 08:54:49
E8575,U876,P10,purchase,2026-01-09 23:38:49
E8576,U113,P39,view,2025-03-31 01:15:16
E8577,U648,P29,wishlist,2025-09-29 20:35:53
E8578,U309,P47,view,2025-05-15 00:30:50
E8579,U527,P9,view,2025-07-23 10:52:04
E8580,U429,P16,view,2026-02-28 00:44:12
E8581,U590,P45,view,2025-12-03 17:30:54
E8582,U558,P42,cart,2025-04-19 12:20:56
E8583,U516,P48,wishlist,2025-04-14 16:45:32
E8584,U297,P47,view,2025-10-19 20:24:36
E8585,U218,P2,wishlist,2025-10-10 12:57:39
E8586,U398,P45,purchase,2025-03-26 13:44:41
E8587,U9,P25,purchase,2025-12-09 02:18:44
E8588,U750,P47,cart,2025-08-07 02:28:16
E8589,U853,P22,view,2026-03-01 01:55:56
E8590,U637,P29,purchase,2025-05-18 15:02:48
E8591,U439,P6,wishlist,2025-09-15 18:01:10
E8592,U262,P23,cart,2025-09-09 20:55:12
E8593,U601,P0,purchase,2025-10-16 06:00:32
E8594,U879,P48,view,2026-02-13 14:06:37
E8595,U677,P40,purchase,2025-07-18 17:42:13
E8596,U939,P42,purchase,2025-05-06 17:10:26
E8597,U784,P17,purchase,2025-04-06 08:54:50
E8598,U935,P7,cart,2025-07-26 23:47:31
E8599,U424,P37,view,2025-08-09 17:00:11
E8600,U399,P22,view,2025-09-14 14:05:49
E8601,U46,P16,purchase,2026-01-05 00:30:03
E8602,U179,P28,purchase,2025-11-29 09:27:33
E8603,U79,P30,view,2026-02-14 17:02:21
E8604,U53,P5,view,2025-12-25 07:00:54
E8605,U270,P1,purchase,2025-09-22 10:52:42
E8606,U446,P2,cart,2025-11-22 00:35:16
E8607,U689,P42,purchase,2025-05-30 14:43:30
E8608,U2,P33,view,2026-02-03 00:22:05
E8609,U447,P38,wishlist,2025-10-06 17:18:09
E8610,U469,P34,cart,2025-11-15 22:16:01
E8611,U724,P3,purchase,2025-07-24 10:48:51
E8612,U212,P4,view,2025-09-03 02:37:48
E8613,U343,P4,wishlist,2026-03-01 07:25:48
E8614,U716,P2,wishlist,2026-01-07 08:11:10
E8615,U166,P39,wishlist,2026-03-14 09:56:50
E8616,U798,P26,purchase,2025-04-21 15:03:53
E8617,U970,P44,view,2025-07-08 09:59:31
E8618,U772,P40,view,2025-06-14 08:32:24
E8619,U473,P43,cart,2025-07-03 01:20:52
E8620,U426,P11,cart,2025-09-03 16:01:57
E8621,U171,P3,view,2025-11-18 12:38:38
E8622,U529,P33,view,2026-03-11 09:57:17
E8623,U675,P18,view,2026-02-23 14:08:08
E8624,U159,P35,wishlist,2025-04-14 11:37:46
E8625,U811,P16,purchase,2025-08-24 02:37:04
E8626,U855,P40,wishlist,2025-03-29 06:17:50
E8627,U753,P15,purchase,2025-12-16 15:23:28
E8628,U803,P38,cart,2025-11-24 05:42:22
E8629,U596,P18,purchase,2025-04-17 16:13:25
E8630,U646,P3,view,2025-04-05 23:27:13
E8631,U311,P3,purchase,2025-12-10 03:58:58
E8632,U980,P31,view,2025-08-03 23:41:56
E8633,U603,P15,purchase,2026-01-18 15:11:33
E8634,U870,P43,wishlist,2025-12-13 19:20:38
E8635,U370,P21,view,2025-05-03 12:41:19
E8636,U500,P42,view,2025-06-25 20:45:43
E8637,U981,P18,purchase,2025-11-08 13:52:12
E8638,U217,P3,purchase,2026-02-26 14:34:26
E8639,U182,P32,cart,2025-06-15 18:17:29
E8640,U896,P41,purchase,2025-03-30 05:48:22
E8641,U160,P36,wishlist,2025-06-21 14:44:46
E8642,U709,P18,purchase,2025-10-23 06:12:36
E8643,U678,P34,purchase,2025-12-30 07:44:22
E8644,U185,P42,wishlist,2025-06-06 15:50:17
E8645,U108,P2,cart,2026-02-03 00:39:05
E8646,U455,P23,view,2025-11-25 23:09:56
E8647,U940,P18,cart,2026-03-01 05:40:09
E8648,U400,P31,wishlist,2025-09-22 02:40:47
E8649,U591,P14,view,2025-09-12 01:02:18
E8650,U325,P22,wishlist,2025-05-30 11:09:35
E8651,U121,P41,purchase,2025-10-28 20:20:44
E8652,U897,P11,wishlist,2025-06-02 03:42:34
E8653,U381,P37,wishlist,2025-03-19 12:03:00
E8654,U434,P35,purchase,2025-10-05 14:35:34
E8655,U271,P7,view,2025-10-20 08:18:57
E8656,U827,P31,wishlist,2025-08-15 00:42:45
E8657,U65,P49,purchase,2025-12-12 22:19:07
E8658,U243,P37,cart,2025-09-01 17:18:26
E8659,U204,P35,cart,2025-12-23 04:44:45
E8660,U321,P49,cart,2025-06-11 09:39:22
E8661,U115,P12,cart,2025-05-19 09:43:24
E8662,U458,P35,purchase,2025-06-16 02:18:57
E8663,U331,P36,wishlist,2025-04-21 18:01:41
E8664,U711,P9,cart,2025-04-12 05:40:07
E8665,U275,P14,purchase,2025-11-20 06:55:33
E8666,U589,P49,purchase,2026-02-11 11:44:50
E8667,U639,P33,view,2025-12-10 06:39:20
E8668,U817,P27,cart,2026-02-23 10:46:15
E8669,U139,P45,wishlist,2025-04-30 04:42:22
E8670,U5,P32,view,2025-04-21 01:10:30
E8671,U501,P1,purchase,2025-12-15 05:08:37
E8672,U54,P17,view,2025-07-23 01:49:43
E8673,U795,P9,wishlist,2025-07-31 08:04:13
E8674,U328,P33,cart,2025-09-13 01:41:46
E8675,U574,P35,purchase,2025-11-15 16:16:42
E8676,U490,P47,wishlist,2025-12-10 00:21:07
E8677,U533,P31,purchase,2025-03-20 16:46:15
E8678,U180,P4,purchase,2025-12-12 02:01:37
E8679,U139,P9,cart,2025-10-16 03:53:06
E8680,U8,P25,wishlist,2025-06-23 03:08:38
E8681,U422,P5,view,2025-10-02 11:49:06
E8682,U231,P45,purchase,2025-10-22 03:31:54
E8683,U505,P22,wishlist,2025-06-24 15:56:29
E8684,U493,P9,cart,2025-10-10 17:03:54
E8685,U975,P26,purchase,2025-07-30 21:29:23
E8686,U439,P9,view,2025-06-16 01:27:51
E8687,U628,P48,purchase,2026-02-05 19:07:01
E8688,U893,P44,wishlist,2025-12-29 06:42:15
E8689,U226,P18,view,2026-02-15 07:09:01
E8690,U616,P48,cart,2025-08-24 18:21:52
E8691,U985,P19,view,2025-11-12 01:05:41
E8692,U669,P40,purchase,2025-06-15 15:31:55
E8693,U768,P38,purchase,2025-04-15 06:14:00
E8694,U218,P35,purchase,2025-05-09 17:07:18
E8695,U832,P5,purchase,2025-10-13 04:23:45
E8696,U596,P29,cart,2026-01-18 02:55:13
E8697,U349,P42,wishlist,2026-01-17 11:28:07
E8698,U762,P35,view,2025-03-15 12:46:34
E8699,U315,P11,purchase,2025-05-14 07:17:05
E8700,U388,P1,view,2025-11-19 12:01:54
E8701,U358,P39,view,2025-11-15 00:29:13
E8702,U781,P1,wishlist,2025-03-31 03:05:46
E8703,U681,P37,cart,2025-08-13 03:00:33
E8704,U640,P41,purchase,2025-04-22 10:32:11
E8705,U326,P12,cart,2026-02-17 06:15:42
E8706,U713,P15,purchase,2026-01-17 06:37:07
E8707,U664,P2,cart,2025-05-11 20:11:01
E8708,U800,P34,view,2026-01-11 13:27:44
E8709,U349,P16,wishlist,2026-02-03 16:16:57
E8710,U33,P15,purchase,2025-06-12 06:28:33
E8711,U552,P2,cart,2026-03-01 00:08:53
E8712,U845,P46,cart,2025-11-14 20:13:44
E8713,U369,P35,wishlist,2025-10-23 15:01:48
E8714,U840,P22,purchase,2026-01-02 22:59:36
E8715,U671,P45,view,2026-01-22 18:16:06
E8716,U236,P5,wishlist,2025-10-07 21:05:07
E8717,U717,P20,view,2025-10-19 21:42:35
E8718,U949,P12,cart,2026-02-15 04:13:09
E8719,U196,P22,wishlist,2025-10-15 22:38:41
E8720,U994,P0,purchase,2025-10-02 23:31:21
E8721,U932,P9,purchase,2025-07-01 15:11:11
E8722,U701,P26,cart,2025-11-04 02:43:55
E8723,U578,P33,wishlist,2025-05-03 11:58:48
E8724,U594,P32,view,2025-03-16 19:13:23
E8725,U101,P37,view,2025-04-20 05:27:35
E8726,U610,P23,cart,2025-04-28 10:04:06
E8727,U752,P20,purchase,2025-06-26 14:50:12
E8728,U461,P7,wishlist,2025-11-10 09:30:03
E8729,U828,P7,purchase,2025-09-22 01:27:15
E8730,U988,P9,purchase,2026-03-11 09:51:18
E8731,U984,P44,view,2025-11-08 00:04:25
E8732,U421,P43,wishlist,2026-02-19 03:37:13
E8733,U600,P15,purchase,2026-02-13 21:24:50
E8734,U600,P42,view,2025-12-16 11:03:33
E8735,U118,P18,wishlist,2025-12-06 00:29:04
E8736,U744,P36,view,2025-08-15 05:09:05
E8737,U274,P40,view,2025-12-13 10:41:11
E8738,U573,P10,wishlist,2025-07-02 02:32:53
E8739,U611,P21,wishlist,2025-09-27 00:37:22
E8740,U549,P16,purchase,2026-01-23 22:29:21
E8741,U979,P28,purchase,2025-05-03 06:17:30
E8742,U456,P41,purchase,2025-05-31 18:35:05
E8743,U846,P5,wishlist,2025-09-25 07:56:40
E8744,U785,P38,purchase,2025-10-26 21:54:03
E8745,U68,P30,purchase,2025-04-04 18:28:40
E8746,U906,P30,cart,2025-07-25 08:09:35
E8747,U93,P9,view,2026-03-13 04:30:21
E8748,U182,P45,wishlist,2025-12-17 00:31:54
E8749,U759,P8,cart,2025-07-17 01:32:57
E8750,U521,P45,view,2025-06-22 13:39:01
E8751,U732,P27,wishlist,2025-09-07 00:06:26
E8752,U529,P24,wishlist,2025-09-30 08:54:12
E8753,U183,P42,view,2025-06-13 02:58:40
E8754,U736,P11,cart,2025-08-08 16:58:25
E8755,U752,P9,purchase,2025-07-07 13:15:54
E8756,U400,P1,wishlist,2025-06-27 23:35:35
E8757,U923,P37,wishlist,2025-06-14 19:15:08
E8758,U811,P48,purchase,2025-10-12 01:16:43
E8759,U801,P0,wishlist,2025-07-31 10:12:07
E8760,U797,P43,view,2025-08-31 11:56:55
E8761,U144,P26,wishlist,2025-08-27 21:32:10
E8762,U529,P43,purchase,2025-11-29 10:03:56
E8763,U2,P35,cart,2026-02-09 10:27:51
E8764,U253,P26,wishlist,2026-01-10 15:12:45
E8765,U516,P12,cart,2025-04-13 16:29:37
E8766,U256,P1,purchase,2025-06-26 04:31:24
E8767,U468,P42,purchase,2025-09-03 12:28:03
E8768,U28,P7,wishlist,2025-04-07 03:08:25
E8769,U348,P39,view,2026-01-19 19:46:57
E8770,U109,P39,purchase,2025-09-18 04:39:06
E8771,U556,P8,cart,2026-03-13 14:22:47
E8772,U420,P40,cart,2025-09-03 03:43:02
E8773,U518,P44,purchase,2025-06-14 17:57:31
E8774,U642,P10,wishlist,2025-08-26 00:40:18
E8775,U411,P5,purchase,2025-11-13 20:15:05
E8776,U282,P10,wishlist,2025-08-28 22:51:35
E8777,U397,P3,purchase,2025-05-13 07:54:01
E8778,U715,P33,cart,2025-07-05 13:15:26
E8779,U402,P48,view,2026-02-04 12:16:15
E8780,U781,P13,cart,2025-08-02 09:59:29
E8781,U827,P23,wishlist,2025-11-06 21:38:52
E8782,U803,P18,cart,2026-01-29 12:37:59
E8783,U197,P17,cart,2025-04-19 16:57:56
E8784,U239,P14,view,2025-10-23 23:14:22
E8785,U721,P2,purchase,2025-11-07 04:45:07
E8786,U339,P29,view,2025-11-18 00:46:09
E8787,U39,P17,purchase,2025-03-27 00:30:41
E8788,U350,P49,cart,2026-03-05 10:40:33
E8789,U585,P27,cart,2025-06-27 10:34:35
E8790,U883,P36,wishlist,2025-07-14 20:51:20
E8791,U593,P45,wishlist,2026-01-26 05:21:57
E8792,U837,P17,view,2025-04-16 06:59:07
E8793,U609,P26,purchase,2025-09-09 00:34:32
E8794,U677,P1,purchase,2025-11-11 17:31:48
E8795,U696,P38,purchase,2026-01-30 08:23:51
E8796,U59,P23,purchase,2026-02-12 14:03:08
E8797,U218,P38,cart,2026-03-12 07:29:16
E8798,U972,P31,cart,2025-07-31 07:02:45
E8799,U160,P4,cart,2025-05-23 18:37:48
E8800,U935,P48,purchase,2025-10-16 00:07:31
E8801,U842,P15,cart,2025-07-28 15:23:48
E8802,U662,P38,cart,2025-05-29 17:11:58
E8803,U917,P3,cart,2025-10-10 13:12:46
E8804,U435,P47,wishlist,2025-05-20 12:45:21
E8805,U856,P33,cart,2025-09-06 05:32:43
E8806,U854,P0,purchase,2026-02-14 21:09:38
E8807,U804,P18,cart,2025-09-10 16:04:56
E8808,U725,P17,purchase,2025-12-20 02:20:10
E8809,U185,P11,view,2025-06-17 22:41:21
E8810,U298,P30,wishlist,2025-05-10 14:42:59
E8811,U26,P42,wishlist,2025-09-26 18:06:08
E8812,U550,P6,purchase,2025-06-25 17:47:26
E8813,U410,P4,purchase,2025-05-26 01:38:06
E8814,U362,P29,wishlist,2025-09-06 00:59:26
E8815,U948,P20,cart,2025-10-03 22:04:33
E8816,U602,P48,wishlist,2025-04-26 05:04:06
E8817,U563,P48,wishlist,2025-04-24 14:17:24
E8818,U84,P41,wishlist,2026-01-08 04:20:10
E8819,U777,P17,cart,2026-02-28 02:31:13
E8820,U305,P39,view,2025-08-27 06:47:43
E8821,U214,P17,purchase,2026-02-28 23:12:32
E8822,U209,P19,view,2025-08-30 11:43:04
E8823,U641,P6,wishlist,2025-06-17 00:56:54
E8824,U928,P9,view,2025-08-03 08:24:14
E8825,U259,P40,purchase,2025-06-15 03:52:28
E8826,U198,P24,cart,2025-08-18 17:22:08
E8827,U104,P31,view,2026-01-16 10:05:11
E8828,U261,P28,purchase,2025-11-29 23:41:01
E8829,U132,P37,wishlist,2026-02-17 03:36:02
E8830,U343,P49,cart,2025-09-18 05:58:12
E8831,U684,P24,purchase,2026-01-28 17:48:58
E8832,U854,P21,purchase,2025-05-19 12:13:22
E8833,U796,P3,view,2025-03-19 14:53:11
E8834,U576,P13,view,2025-10-19 18:59:29
E8835,U607,P10,cart,2025-05-16 21:42:19
E8836,U191,P19,wishlist,2025-08-29 06:49:12
E8837,U904,P14,wishlist,2026-02-03 12:11:32
E8838,U224,P32,view,2025-12-24 19:06:44
E8839,U54,P7,cart,2025-05-19 23:02:55
E8840,U218,P16,purchase,2025-08-01 12:44:06
E8841,U377,P9,view,2025-04-08 20:59:02
E8842,U257,P12,wishlist,2025-05-09 09:53:13
E8843,U649,P27,wishlist,2025-09-14 22:35:24
E8844,U190,P1,wishlist,2026-01-15 02:36:29
E8845,U523,P6,cart,2025-06-22 06:35:54
E8846,U704,P8,cart,2026-02-07 01:45:55
E8847,U160,P8,wishlist,2026-01-08 07:04:49
E8848,U38,P47,cart,2025-10-07 05:08:14
E8849,U341,P24,view,2025-08-06 08:17:28
E8850,U230,P41,cart,2025-03-30 16:02:55
E8851,U754,P18,wishlist,2025-07-14 13:34:28
E8852,U166,P20,view,2025-08-18 11:29:46
E8853,U796,P30,cart,2025-06-30 21:52:09
E8854,U934,P3,view,2025-09-28 12:54:29
E8855,U818,P30,wishlist,2025-04-30 00:24:35
E8856,U143,P40,cart,2025-04-08 08:52:04
E8857,U427,P46,purchase,2025-11-11 08:05:09
E8858,U895,P23,cart,2025-12-08 20:02:09
E8859,U895,P1,purchase,2025-09-13 04:59:27
E8860,U728,P36,purchase,2025-05-02 23:43:57
E8861,U222,P28,cart,2026-02-16 01:50:54
E8862,U889,P22,cart,2025-12-12 21:35:10
E8863,U21,P8,cart,2025-07-13 23:24:00
E8864,U352,P43,view,2026-03-12 07:53:00
E8865,U802,P40,cart,2025-07-26 04:30:52
E8866,U588,P27,view,2025-04-08 12:23:38
E8867,U424,P4,purchase,2025-10-25 08:07:15
E8868,U420,P2,cart,2025-03-21 15:22:53
E8869,U821,P21,wishlist,2025-07-26 00:51:33
E8870,U238,P44,wishlist,2025-08-11 12:27:49
E8871,U396,P44,view,2025-06-18 06:55:21
E8872,U203,P17,wishlist,2025-05-20 03:59:12
E8873,U357,P18,cart,2026-02-07 17:48:02
E8874,U569,P19,purchase,2025-10-23 08:14:20
E8875,U438,P12,cart,2025-04-28 13:00:54
E8876,U579,P37,cart,2025-10-14 10:15:40
E8877,U115,P12,wishlist,2025-05-16 13:13:57
E8878,U325,P42,view,2025-05-30 07:45:42
E8879,U404,P32,view,2025-09-06 15:36:52
E8880,U394,P45,cart,2025-06-16 12:41:48
E8881,U81,P8,view,2025-09-21 00:26:22
E8882,U503,P4,purchase,2025-04-17 05:10:02
E8883,U276,P19,purchase,2025-10-07 09:56:54
E8884,U190,P47,cart,2025-11-21 06:54:39
E8885,U768,P21,purchase,2026-02-01 03:02:41
E8886,U158,P2,cart,2025-10-23 15:15:11
E8887,U157,P10,purchase,2025-07-13 20:34:18
E8888,U426,P43,view,2025-09-23 00:02:02
E8889,U512,P18,cart,2025-04-05 00:06:37
E8890,U318,P39,wishlist,2026-02-14 05:43:21
E8891,U383,P25,wishlist,2025-05-11 03:13:41
E8892,U486,P6,cart,2026-03-03 07:56:53
E8893,U238,P13,purchase,2025-06-13 15:08:26
E8894,U331,P2,cart,2025-04-02 10:46:47
E8895,U84,P21,view,2025-07-16 08:41:40
E8896,U576,P21,cart,2026-02-26 14:27:50
E8897,U314,P9,wishlist,2026-01-01 21:30:29
E8898,U500,P20,wishlist,2025-08-18 16:14:45
E8899,U559,P48,cart,2026-01-20 12:53:22
E8900,U622,P41,purchase,2026-02-15 06:09:47
E8901,U207,P27,cart,2025-08-30 19:51:06
E8902,U836,P22,wishlist,2026-02-25 12:34:31
E8903,U384,P23,wishlist,2025-07-31 11:32:47
E8904,U813,P16,view,2026-01-01 01:35:47
E8905,U239,P7,wishlist,2025-07-23 08:35:17
E8906,U729,P48,purchase,2025-08-25 09:09:28
E8907,U413,P46,purchase,2026-01-08 02:17:55
E8908,U264,P45,wishlist,2025-10-14 16:31:34
E8909,U465,P35,cart,2025-10-08 07:54:04
E8910,U809,P16,purchase,2025-06-21 13:50:40
E8911,U438,P26,wishlist,2025-08-02 13:03:14
E8912,U368,P44,wishlist,2025-08-25 22:43:33
E8913,U815,P41,cart,2025-06-25 21:28:24
E8914,U288,P46,purchase,2026-02-13 06:27:43
E8915,U537,P34,view,2026-03-07 04:56:23
E8916,U294,P48,cart,2025-12-25 22:32:27
E8917,U363,P44,wishlist,2025-09-30 06:37:28
E8918,U827,P20,view,2025-07-23 05:59:08
E8919,U405,P17,wishlist,2025-04-18 08:07:18
E8920,U460,P41,purchase,2025-06-21 19:10:27
E8921,U859,P13,purchase,2026-01-29 23:59:56
E8922,U385,P5,cart,2025-03-28 20:44:20
E8923,U588,P16,cart,2025-11-10 04:58:44
E8924,U773,P21,wishlist,2025-05-24 20:01:46
E8925,U163,P4,view,2025-10-04 11:49:56
E8926,U138,P13,view,2025-12-21 09:52:23
E8927,U473,P45,cart,2025-10-11 01:18:14
E8928,U934,P48,wishlist,2026-02-17 07:55:44
E8929,U404,P47,view,2025-03-21 05:41:02
E8930,U791,P34,wishlist,2025-04-10 04:41:41
E8931,U992,P48,cart,2025-04-28 08:38:33
E8932,U932,P20,cart,2025-05-22 04:38:10
E8933,U685,P43,view,2025-05-16 12:47:10
E8934,U592,P45,wishlist,2025-05-11 10:39:26
E8935,U447,P4,wishlist,2025-10-31 11:14:22
E8936,U385,P28,cart,2025-12-21 18:11:23
E8937,U856,P11,purchase,2026-02-01 09:32:23
E8938,U301,P24,view,2025-10-06 19:50:19
E8939,U111,P48,wishlist,2026-02-17 00:39:17
E8940,U829,P3,cart,2026-02-28 04:03:59
E8941,U254,P49,purchase,2025-10-07 04:10:59
E8942,U826,P11,cart,2025-12-12 12:45:01
E8943,U338,P9,view,2026-01-28 21:48:46
E8944,U719,P24,purchase,2025-12-04 07:14:49
E8945,U458,P32,view,2025-08-03 21:52:56
E8946,U391,P43,wishlist,2026-02-28 08:48:52
E8947,U694,P2,view,2026-02-18 03:03:41
E8948,U342,P16,view,2025-08-22 00:30:26
E8949,U11,P35,cart,2025-04-12 10:04:14
E8950,U538,P14,purchase,2025-09-28 02:06:13
E8951,U81,P18,wishlist,2025-06-02 21:47:53
E8952,U138,P27,purchase,2025-07-26 15:01:30
E8953,U331,P49,cart,2025-12-20 07:00:49
E8954,U268,P38,cart,2025-12-26 21:27:28
E8955,U346,P23,cart,2025-07-05 04:04:17
E8956,U607,P17,cart,2025-03-16 15:19:57
E8957,U778,P14,purchase,2025-03-31 04:57:49
E8958,U801,P12,purchase,2025-12-29 18:04:34
E8959,U507,P36,purchase,2026-03-02 05:57:55
E8960,U257,P34,view,2025-11-12 22:15:17
E8961,U388,P37,wishlist,2025-09-15 18:57:55
E8962,U939,P10,purchase,2025-07-04 23:41:58
E8963,U233,P24,wishlist,2025-08-22 17:14:36
E8964,U442,P6,view,2026-01-25 15:10:11
E8965,U694,P42,wishlist,2025-12-31 02:47:17
E8966,U712,P37,cart,2025-05-18 01:56:53
E8967,U818,P14,cart,2025-04-07 05:45:29
E8968,U845,P29,view,2026-01-12 21:59:15
E8969,U435,P26,cart,2026-02-16 22:43:03
E8970,U974,P27,wishlist,2025-05-11 23:27:37
E8971,U877,P47,cart,2026-01-29 21:37:29
E8972,U967,P17,view,2025-06-14 16:42:20
E8973,U678,P8,purchase,2025-09-26 21:02:33
E8974,U958,P23,wishlist,2025-10-07 15:08:22
E8975,U160,P2,cart,2025-11-19 13:51:22
E8976,U540,P5,purchase,2025-08-30 10:40:40
E8977,U504,P30,wishlist,2025-04-06 01:57:15
E8978,U426,P27,wishlist,2026-02-26 20:31:34
E8979,U118,P27,view,2025-10-06 09:40:20
E8980,U293,P49,cart,2025-11-07 02:26:14
E8981,U689,P22,cart,2025-08-28 09:20:29
E8982,U791,P19,view,2025-06-01 06:35:47
E8983,U267,P4,wishlist,2025-06-10 11:28:04
E8984,U617,P24,purchase,2025-11-13 02:58:53
E8985,U590,P42,view,2025-07-26 19:12:07
E8986,U815,P6,cart,2025-07-07 15:40:53
E8987,U341,P5,wishlist,2025-04-15 22:06:05
E8988,U571,P4,view,2025-04-12 09:40:25
E8989,U513,P1,wishlist,2025-10-26 22:42:01
E8990,U701,P22,wishlist,2026-01-16 23:16:24
E8991,U749,P10,wishlist,2025-05-05 03:15:49
E8992,U28,P21,wishlist,2026-03-04 06:58:47
E8993,U146,P37,view,2025-10-05 20:32:53
E8994,U410,P21,wishlist,2025-05-30 08:47:08
E8995,U487,P28,cart,2025-06-16 04:25:19
E8996,U557,P33,purchase,2025-11-05 19:33:41
E8997,U75,P32,purchase,2026-02-28 15:46:44
E8998,U695,P17,cart,2025-04-03 09:39:00
E8999,U909,P21,view,2025-12-30 22:03:08
E9000,U76,P4,purchase,2025-11-15 10:05:27
E9001,U749,P7,view,2025-07-23 02:59:54
E9002,U185,P17,purchase,2025-11-06 02:27:28
E9003,U558,P4,wishlist,2025-06-26 07:20:54
E9004,U65,P21,wishlist,2026-02-01 06:48:10
E9005,U896,P6,purchase,2025-07-02 16:20:49
E9006,U244,P49,wishlist,2026-02-28 18:12:00
E9007,U892,P10,cart,2025-12-02 08:10:41
E9008,U334,P0,cart,2025-12-21 15:03:07
E9009,U307,P44,view,2025-06-27 07:57:27
E9010,U371,P49,cart,2025-08-23 14:49:17
E9011,U294,P37,wishlist,2026-01-07 15:22:52
E9012,U866,P6,cart,2026-01-30 08:08:48
E9013,U471,P5,wishlist,2025-08-25 02:19:48
E9014,U620,P14,purchase,2025-09-19 01:06:34
E9015,U638,P46,purchase,2025-11-05 22:18:31
E9016,U156,P13,cart,2025-04-12 09:02:01
E9017,U219,P33,view,2025-12-12 10:08:44
E9018,U195,P11,view,2025-10-04 18:24:46
E9019,U557,P32,view,2025-04-16 11:04:45
E9020,U852,P19,purchase,2025-09-20 15:14:48
E9021,U708,P47,cart,2025-12-27 02:21:57
E9022,U983,P30,view,2025-04-07 16:46:11
E9023,U209,P21,view,2025-05-12 02:51:46
E9024,U554,P43,wishlist,2025-05-15 15:35:09
E9025,U883,P31,purchase,2025-10-22 14:20:44
E9026,U784,P17,view,2025-05-29 19:46:00
E9027,U555,P29,purchase,2025-06-14 07:11:37
E9028,U621,P21,wishlist,2025-08-22 21:09:24
E9029,U799,P23,wishlist,2025-07-12 18:59:28
E9030,U601,P1,wishlist,2025-07-18 10:10:13
E9031,U488,P12,purchase,2025-06-22 13:37:48
E9032,U209,P37,wishlist,2026-01-22 00:34:24
E9033,U99,P3,purchase,2025-06-29 17:28:56
E9034,U605,P5,view,2025-04-18 12:09:41
E9035,U14,P19,wishlist,2025-06-01 13:06:32
E9036,U112,P13,wishlist,2025-08-07 10:13:45
E9037,U268,P43,cart,2025-09-09 09:03:58
E9038,U405,P19,purchase,2025-04-02 15:12:41
E9039,U32,P42,view,2025-12-23 23:19:02
E9040,U474,P17,purchase,2025-10-16 14:59:05
E9041,U20,P20,purchase,2026-03-14 11:26:48
E9042,U163,P10,cart,2026-02-09 12:44:15
E9043,U437,P29,view,2026-01-24 17:02:46
E9044,U628,P10,wishlist,2025-12-08 10:41:58
E9045,U701,P42,cart,2026-01-27 12:04:13
E9046,U725,P44,view,2025-06-07 15:16:35
E9047,U60,P45,wishlist,2025-03-19 20:49:25
E9048,U117,P21,view,2025-05-04 11:57:35
E9049,U578,P8,cart,2026-02-20 07:23:09
E9050,U459,P0,view,2025-09-02 12:47:02
E9051,U360,P14,wishlist,2025-05-26 07:44:03
E9052,U702,P40,purchase,2025-09-26 15:07:21
E9053,U809,P46,cart,2025-06-23 13:42:28
E9054,U286,P41,purchase,2025-04-15 06:50:03
E9055,U872,P10,view,2025-10-19 16:45:17
E9056,U2,P21,purchase,2025-05-22 06:00:44
E9057,U96,P18,purchase,2025-10-05 21:51:58
E9058,U528,P32,purchase,2025-08-31 18:22:30
E9059,U431,P32,cart,2025-04-12 05:23:51
E9060,U41,P24,cart,2025-08-19 03:12:16
E9061,U547,P38,view,2025-11-09 02:22:20
E9062,U974,P35,purchase,2025-09-24 22:59:58
E9063,U595,P6,view,2026-02-11 10:53:46
E9064,U102,P2,view,2026-03-12 03:50:42
E9065,U218,P10,cart,2025-12-16 19:13:48
E9066,U264,P32,view,2025-04-01 14:18:25
E9067,U802,P42,wishlist,2025-03-17 21:59:14
E9068,U160,P31,purchase,2025-10-09 07:05:18
E9069,U297,P13,cart,2025-12-05 05:19:25
E9070,U260,P39,cart,2025-11-27 13:45:17
E9071,U229,P9,cart,2026-03-06 21:02:09
E9072,U911,P25,cart,2026-03-09 15:29:01
E9073,U997,P42,purchase,2025-03-22 23:07:30
E9074,U844,P15,cart,2025-09-27 13:27:51
E9075,U564,P16,view,2025-12-01 08:11:38
E9076,U655,P44,view,2025-09-20 02:12:04
E9077,U25,P26,wishlist,2025-08-18 03:42:51
E9078,U360,P9,wishlist,2025-06-02 17:45:41
E9079,U440,P34,purchase,2025-09-24 13:06:58
E9080,U820,P39,cart,2026-02-07 22:00:49
E9081,U748,P42,wishlist,2025-06-27 21:19:17
E9082,U255,P38,wishlist,2026-01-29 21:52:25
E9083,U10,P48,wishlist,2025-06-06 17:11:15
E9084,U237,P6,purchase,2025-04-09 11:38:04
E9085,U666,P25,wishlist,2025-10-01 15:07:20
E9086,U571,P0,wishlist,2025-03-31 23:03:59
E9087,U293,P19,wishlist,2025-11-11 15:42:30
E9088,U0,P42,view,2025-11-09 09:28:01
E9089,U654,P44,cart,2025-07-25 03:20:45
E9090,U343,P36,wishlist,2025-04-08 16:14:27
E9091,U969,P4,purchase,2025-08-24 14:47:15
E9092,U27,P34,view,2025-11-09 23:32:27
E9093,U691,P46,cart,2025-04-17 12:24:57
E9094,U740,P4,wishlist,2025-06-06 23:52:28
E9095,U23,P12,view,2025-10-20 17:58:36
E9096,U735,P46,cart,2026-03-11 20:49:06
E9097,U403,P33,purchase,2025-08-08 19:53:03
E9098,U942,P27,cart,2025-10-15 20:22:00
E9099,U739,P35,purchase,2025-10-22 05:01:39
E9100,U349,P14,cart,2025-08-15 11:03:17
E9101,U736,P38,cart,2025-04-07 05:50:58
E9102,U57,P16,purchase,2026-02-16 19:31:17
E9103,U271,P3,view,2025-12-31 21:42:10
E9104,U241,P9,wishlist,2025-09-03 15:39:10
E9105,U499,P28,purchase,2025-05-08 00:16:44
E9106,U310,P40,cart,2025-08-19 02:36:16
E9107,U544,P38,wishlist,2025-10-24 05:53:43
E9108,U229,P0,cart,2025-08-01 18:42:56
E9109,U829,P34,purchase,2025-07-11 18:07:50
E9110,U139,P1,view,2025-06-04 15:15:56
E9111,U228,P16,purchase,2025-04-15 03:21:50
E9112,U537,P26,purchase,2025-05-27 03:11:02
E9113,U818,P11,purchase,2025-08-27 22:42:24
E9114,U596,P34,view,2025-05-12 21:01:11
E9115,U720,P2,cart,2025-06-27 14:20:59
E9116,U824,P35,wishlist,2025-04-23 20:20:31
E9117,U217,P5,wishlist,2025-06-16 07:48:09
E9118,U805,P39,view,2026-03-05 19:47:31
E9119,U198,P39,wishlist,2025-03-17 18:36:55
E9120,U396,P32,wishlist,2026-01-20 23:40:15
E9121,U888,P24,view,2025-08-30 09:01:11
E9122,U173,P13,cart,2025-12-09 07:45:45
E9123,U726,P25,cart,2026-02-16 14:54:39
E9124,U390,P4,cart,2026-01-14 02:17:21
E9125,U973,P17,purchase,2026-01-20 02:08:15
E9126,U962,P24,wishlist,2025-11-19 08:41:48
E9127,U234,P44,purchase,2026-01-21 15:01:22
E9128,U7,P40,cart,2025-12-15 05:30:53
E9129,U603,P30,purchase,2026-02-14 11:48:14
E9130,U895,P29,purchase,2025-03-18 08:06:03
E9131,U866,P21,cart,2025-09-11 14:10:32
E9132,U626,P43,cart,2025-12-26 05:45:11
E9133,U652,P12,cart,2025-07-24 18:24:30
E9134,U927,P8,cart,2025-03-28 16:17:44
E9135,U908,P4,cart,2025-10-11 03:09:10
E9136,U566,P31,wishlist,2025-06-27 10:39:56
E9137,U479,P2,purchase,2025-06-13 15:41:34
E9138,U840,P18,wishlist,2025-03-19 09:39:31
E9139,U779,P40,view,2025-05-25 19:00:58
E9140,U304,P1,cart,2025-07-21 15:16:43
E9141,U425,P22,cart,2025-04-12 15:25:40
E9142,U72,P22,view,2025-04-01 13:12:05
E9143,U237,P4,purchase,2025-06-17 10:52:29
E9144,U79,P7,purchase,2025-04-15 12:33:07
E9145,U566,P29,purchase,2025-10-20 09:49:43
E9146,U274,P42,view,2025-09-19 23:32:53
E9147,U760,P16,purchase,2026-02-23 18:41:04
E9148,U832,P44,view,2025-08-21 22:09:04
E9149,U610,P18,wishlist,2026-01-12 20:00:27
E9150,U31,P23,wishlist,2026-03-07 10:23:04
E9151,U308,P25,wishlist,2025-06-18 05:56:05
E9152,U422,P23,wishlist,2025-06-29 16:49:32
E9153,U68,P18,wishlist,2026-03-06 00:27:11
E9154,U300,P35,cart,2025-12-03 12:01:02
E9155,U919,P36,wishlist,2025-04-13 07:57:53
E9156,U593,P31,purchase,2025-09-14 22:32:49
E9157,U829,P10,view,2025-04-28 08:59:41
E9158,U632,P43,view,2025-07-20 11:41:17
E9159,U695,P23,cart,2025-09-20 15:26:00
E9160,U217,P28,cart,2025-05-21 19:29:11
E9161,U462,P9,purchase,2025-05-22 12:23:32
E9162,U605,P43,wishlist,2025-11-07 08:42:48
E9163,U414,P30,purchase,2025-04-12 02:38:49
E9164,U45,P18,view,2025-04-22 12:42:03
E9165,U12,P45,wishlist,2025-10-28 05:39:11
E9166,U334,P2,cart,2026-03-10 19:15:06
E9167,U67,P23,wishlist,2025-10-01 03:32:42
E9168,U715,P24,wishlist,2025-04-13 16:15:42
E9169,U3,P16,purchase,2025-11-04 19:05:10
E9170,U246,P25,view,2026-03-02 08:03:16
E9171,U798,P15,cart,2025-05-22 01:40:12
E9172,U306,P30,view,2025-08-15 23:46:40
E9173,U987,P12,wishlist,2025-10-28 00:19:59
E9174,U346,P16,view,2025-04-02 07:31:28
E9175,U796,P10,purchase,2025-09-05 03:32:13
E9176,U795,P30,wishlist,2026-02-05 11:29:56
E9177,U313,P41,view,2025-08-11 21:19:18
E9178,U738,P15,view,2025-10-09 15:31:38
E9179,U944,P5,view,2026-01-23 15:24:48
E9180,U11,P13,cart,2025-12-28 05:36:02
E9181,U88,P49,view,2025-04-12 01:29:29
E9182,U705,P33,cart,2025-11-13 23:37:57
E9183,U120,P27,wishlist,2025-05-03 21:36:14
E9184,U733,P25,purchase,2025-12-26 18:15:23
E9185,U314,P10,wishlist,2025-10-09 09:47:24
E9186,U878,P2,purchase,2025-09-03 12:00:45
E9187,U708,P0,purchase,2025-07-14 23:14:09
E9188,U751,P38,wishlist,2025-08-23 12:25:41
E9189,U991,P38,purchase,2025-04-21 01:39:02
E9190,U940,P19,purchase,2025-08-24 03:55:30
E9191,U452,P39,view,2025-08-16 11:11:49
E9192,U58,P5,cart,2025-12-19 22:00:59
E9193,U916,P21,cart,2025-04-14 17:42:10
E9194,U844,P39,wishlist,2025-09-04 12:33:46
E9195,U526,P49,view,2025-03-23 16:14:46
E9196,U66,P35,wishlist,2025-10-30 20:12:05
E9197,U568,P2,cart,2025-04-08 05:14:37
E9198,U493,P41,wishlist,2025-04-04 01:06:39
E9199,U690,P42,view,2025-06-24 14:18:33
E9200,U728,P9,cart,2025-04-15 07:51:11
E9201,U782,P0,view,2025-11-28 18:48:20
E9202,U389,P17,cart,2025-10-20 14:20:27
E9203,U49,P33,cart,2025-05-15 09:36:52
E9204,U58,P46,cart,2025-05-17 02:14:52
E9205,U236,P16,wishlist,2025-11-10 08:44:32
E9206,U494,P43,view,2026-02-06 02:55:24
E9207,U211,P23,purchase,2025-06-06 19:42:10
E9208,U102,P16,purchase,2025-08-23 18:23:44
E9209,U924,P21,wishlist,2025-08-11 20:41:04
E9210,U375,P49,purchase,2026-03-06 03:50:11
E9211,U797,P47,wishlist,2025-06-12 01:35:47
E9212,U526,P26,purchase,2025-05-30 20:38:00
E9213,U668,P43,wishlist,2025-03-17 23:29:34
E9214,U279,P17,cart,2025-04-17 14:36:31
E9215,U22,P38,wishlist,2025-04-22 16:16:58
E9216,U846,P15,purchase,2025-07-10 03:28:41
E9217,U26,P43,purchase,2025-06-06 13:46:30
E9218,U941,P39,purchase,2025-10-19 06:32:46
E9219,U3,P17,view,2025-09-21 03:21:29
E9220,U209,P36,cart,2026-01-10 03:51:00
E9221,U269,P1,purchase,2025-04-10 06:07:00
E9222,U943,P36,view,2025-09-23 10:31:27
E9223,U143,P26,purchase,2025-11-06 02:21:32
E9224,U875,P19,purchase,2025-06-06 23:29:55
E9225,U103,P3,view,2025-08-01 12:11:28
E9226,U348,P2,cart,2026-01-16 04:28:52
E9227,U729,P37,purchase,2025-08-31 21:49:24
E9228,U706,P2,view,2025-06-22 13:53:12
E9229,U155,P21,view,2025-05-10 18:21:12
E9230,U37,P46,wishlist,2025-03-15 04:08:49
E9231,U752,P3,view,2025-04-02 10:26:48
E9232,U341,P32,cart,2025-07-26 05:28:21
E9233,U685,P23,view,2026-02-10 15:57:31
E9234,U774,P35,purchase,2025-06-17 18:27:16
E9235,U756,P5,wishlist,2025-10-15 12:14:50
E9236,U474,P33,wishlist,2025-03-25 18:15:50
E9237,U578,P26,cart,2025-05-28 15:02:51
E9238,U352,P43,wishlist,2025-11-13 04:34:21
E9239,U530,P32,view,2025-04-17 16:01:10
E9240,U698,P11,view,2025-11-05 08:21:20
E9241,U711,P24,view,2025-11-09 09:25:15
E9242,U999,P30,wishlist,2025-08-07 02:54:39
E9243,U358,P9,wishlist,2025-12-17 03:59:48
E9244,U2,P46,view,2026-03-06 01:49:21
E9245,U956,P13,view,2025-06-21 16:08:13
E9246,U613,P27,purchase,2025-07-21 05:17:43
E9247,U364,P14,view,2025-04-25 18:14:39
E9248,U933,P33,cart,2025-12-07 06:02:06
E9249,U12,P38,view,2025-07-21 16:54:45
E9250,U227,P29,wishlist,2025-07-03 12:29:21
E9251,U555,P31,view,2026-02-14 11:31:01
E9252,U339,P22,wishlist,2025-08-24 23:25:50
E9253,U478,P46,cart,2025-03-31 05:23:41
E9254,U387,P33,cart,2025-06-05 13:59:57
E9255,U439,P17,view,2025-05-27 20:23:53
E9256,U780,P8,wishlist,2025-10-05 04:15:07
E9257,U419,P16,wishlist,2025-08-08 01:47:22
E9258,U723,P4,purchase,2025-07-05 01:48:23
E9259,U694,P15,purchase,2025-10-22 19:03:41
E9260,U18,P45,wishlist,2025-05-24 16:19:39
E9261,U605,P1,purchase,2026-02-28 05:29:05
E9262,U485,P29,view,2025-12-09 08:57:07
E9263,U941,P20,purchase,2025-05-20 12:50:39
E9264,U653,P45,cart,2025-07-07 01:55:01
E9265,U902,P15,view,2025-07-24 01:19:34
E9266,U423,P28,view,2025-04-21 07:28:37
E9267,U136,P43,view,2026-02-21 00:59:26
E9268,U821,P13,view,2025-03-25 07:43:13
E9269,U629,P7,purchase,2025-08-04 03:51:46
E9270,U142,P12,purchase,2025-08-09 23:53:14
E9271,U867,P46,wishlist,2025-12-20 09:16:19
E9272,U218,P30,purchase,2025-09-01 00:03:04
E9273,U605,P32,view,2026-01-06 19:47:46
E9274,U283,P25,cart,2025-12-07 07:05:33
E9275,U818,P32,purchase,2025-11-03 06:02:50
E9276,U108,P9,purchase,2025-11-03 00:48:23
E9277,U392,P34,purchase,2025-07-07 05:48:59
E9278,U452,P30,view,2025-11-26 20:09:36
E9279,U370,P48,purchase,2026-02-25 20:06:57
E9280,U365,P8,wishlist,2026-01-14 01:54:33
E9281,U661,P23,purchase,2026-01-10 04:36:04
E9282,U168,P35,wishlist,2026-01-25 08:35:46
E9283,U684,P8,view,2025-11-08 16:49:30
E9284,U786,P11,cart,2025-07-29 11:19:02
E9285,U836,P46,view,2026-01-30 01:30:59
E9286,U863,P2,cart,2025-10-04 23:32:03
E9287,U86,P47,cart,2026-03-02 06:50:15
E9288,U145,P37,cart,2025-06-15 16:29:43
E9289,U155,P26,wishlist,2025-12-07 18:17:29
E9290,U713,P42,cart,2025-10-15 19:11:09
E9291,U153,P43,purchase,2025-10-05 17:40:31
E9292,U917,P32,cart,2025-11-16 08:24:34
E9293,U661,P9,purchase,2025-08-23 03:15:07
E9294,U573,P19,view,2026-01-24 03:55:54
E9295,U603,P49,purchase,2025-10-29 05:43:20
E9296,U139,P49,view,2026-02-23 05:23:41
E9297,U891,P21,cart,2026-01-27 04:55:03
E9298,U609,P31,wishlist,2025-03-29 16:44:33
E9299,U381,P46,view,2025-11-09 02:42:44
E9300,U932,P21,cart,2025-03-26 08:55:21
E9301,U799,P4,wishlist,2026-03-07 04:46:00
E9302,U293,P21,view,2025-05-13 10:16:02
E9303,U139,P19,view,2026-03-03 01:13:59
E9304,U679,P8,wishlist,2025-09-26 18:00:42
E9305,U713,P42,purchase,2025-05-09 14:30:15
E9306,U299,P21,view,2025-07-24 13:06:15
E9307,U620,P34,wishlist,2025-03-21 08:27:18
E9308,U498,P48,view,2025-08-05 21:45:12
E9309,U62,P49,purchase,2025-04-16 15:48:14
E9310,U313,P44,purchase,2026-01-03 23:28:09
E9311,U581,P40,cart,2026-02-11 14:56:34
E9312,U845,P17,wishlist,2025-09-14 06:03:12
E9313,U848,P45,cart,2026-02-21 21:33:25
E9314,U903,P24,cart,2025-08-02 21:28:45
E9315,U463,P46,view,2025-05-12 21:10:31
E9316,U412,P46,wishlist,2025-08-08 02:14:45
E9317,U533,P38,purchase,2025-12-07 22:05:15
E9318,U785,P7,purchase,2026-03-02 18:43:57
E9319,U65,P26,cart,2025-08-29 14:59:02
E9320,U714,P29,view,2025-07-24 20:46:59
E9321,U56,P0,wishlist,2025-03-28 08:03:55
E9322,U622,P49,view,2025-09-26 01:14:44
E9323,U78,P21,purchase,2025-04-22 16:42:17
E9324,U908,P41,purchase,2025-05-23 10:05:52
E9325,U34,P24,view,2025-11-29 10:56:05
E9326,U176,P23,cart,2026-03-07 18:00:45
E9327,U550,P48,cart,2025-03-19 14:37:58
E9328,U666,P17,view,2025-06-17 16:33:07
E9329,U820,P16,cart,2025-04-10 04:54:15
E9330,U140,P47,cart,2025-09-04 02:19:30
E9331,U413,P22,cart,2026-01-19 21:21:21
E9332,U879,P4,cart,2025-12-01 10:06:31
E9333,U562,P41,purchase,2025-09-22 01:45:33
E9334,U480,P1,cart,2025-07-04 10:54:53
E9335,U553,P21,wishlist,2025-05-21 04:45:48
E9336,U408,P36,cart,2025-07-08 14:30:06
E9337,U197,P46,purchase,2025-11-06 04:27:35
E9338,U42,P21,view,2026-02-02 14:07:32
E9339,U915,P21,view,2025-03-28 04:28:04
E9340,U627,P10,cart,2025-09-17 03:01:46
E9341,U940,P46,purchase,2025-07-31 22:39:55
E9342,U325,P34,wishlist,2025-05-22 17:31:01
E9343,U39,P9,purchase,2025-04-08 06:30:24
E9344,U162,P32,wishlist,2026-01-25 10:01:02
E9345,U941,P26,view,2026-02-25 00:13:59
E9346,U421,P41,view,2025-04-02 21:20:46
E9347,U263,P24,wishlist,2025-12-01 09:10:22
E9348,U894,P16,cart,2025-11-05 12:18:47
E9349,U746,P42,view,2025-06-10 06:18:05
E9350,U642,P25,view,2025-06-12 01:55:26
E9351,U771,P0,purchase,2026-03-14 11:48:05
E9352,U611,P47,purchase,2026-02-25 20:55:52
E9353,U163,P16,view,2026-03-10 15:14:49
E9354,U468,P1,wishlist,2025-08-08 13:26:27
E9355,U800,P35,view,2025-11-11 13:39:24
E9356,U300,P31,cart,2025-05-14 02:42:51
E9357,U890,P47,view,2025-08-28 13:28:30
E9358,U751,P40,purchase,2025-12-30 06:44:45
E9359,U957,P25,view,2025-03-18 08:55:20
E9360,U569,P49,view,2026-01-26 13:55:11
E9361,U948,P37,wishlist,2025-08-22 12:51:09
E9362,U170,P30,cart,2025-10-14 04:55:47
E9363,U428,P18,wishlist,2025-05-27 15:19:34
E9364,U391,P36,wishlist,2025-11-07 13:24:31
E9365,U927,P16,cart,2025-12-16 08:21:29
E9366,U13,P47,cart,2025-06-25 23:39:59
E9367,U325,P27,cart,2025-11-14 07:18:47
E9368,U369,P2,purchase,2025-08-19 01:52:00
E9369,U463,P25,wishlist,2025-09-09 01:45:19
E9370,U514,P16,view,2025-11-29 13:20:28
E9371,U818,P37,purchase,2026-01-22 19:05:01
E9372,U955,P24,wishlist,2025-08-16 14:56:17
E9373,U164,P47,view,2025-04-10 23:54:45
E9374,U43,P15,cart,2025-08-02 22:44:27
E9375,U439,P7,purchase,2025-10-21 05:19:11
E9376,U103,P49,cart,2025-09-14 03:56:29
E9377,U714,P44,purchase,2025-04-04 08:43:52
E9378,U884,P32,view,2025-11-11 10:05:14
E9379,U779,P27,purchase,2025-11-09 17:37:45
E9380,U936,P8,cart,2025-06-12 12:08:43
E9381,U773,P17,cart,2025-07-31 15:30:18
E9382,U800,P19,wishlist,2025-12-25 01:15:39
E9383,U547,P6,wishlist,2025-12-04 11:52:08
E9384,U111,P20,purchase,2025-08-08 04:28:01
E9385,U490,P21,wishlist,2025-08-26 18:57:07
E9386,U736,P44,purchase,2025-10-19 03:45:45
E9387,U810,P13,purchase,2025-09-01 05:17:50
E9388,U570,P2,view,2026-02-24 09:26:30
E9389,U723,P30,view,2025-07-09 10:36:58
E9390,U676,P48,view,2025-07-03 22:25:30
E9391,U984,P6,cart,2025-10-17 05:59:15
E9392,U750,P46,wishlist,2025-10-21 03:33:28
E9393,U33,P13,wishlist,2026-01-28 01:53:15
E9394,U798,P17,purchase,2025-06-07 22:00:13
E9395,U481,P34,purchase,2026-02-27 08:37:37
E9396,U476,P2,purchase,2025-12-11 05:07:47
E9397,U706,P25,purchase,2025-06-08 18:50:44
E9398,U362,P41,purchase,2025-09-22 05:12:16
E9399,U344,P1,wishlist,2026-02-04 09:14:14
E9400,U347,P22,cart,2025-11-03 22:46:17
E9401,U925,P47,wishlist,2025-04-25 03:13:09
E9402,U718,P3,cart,2025-07-25 19:03:44
E9403,U942,P8,view,2025-05-29 00:34:57
E9404,U62,P34,wishlist,2025-06-18 21:04:24
E9405,U358,P35,purchase,2025-10-10 22:20:59
E9406,U933,P36,view,2025-06-17 05:06:55
E9407,U770,P23,purchase,2025-12-15 17:48:13
E9408,U586,P45,purchase,2025-10-25 17:54:45
E9409,U918,P1,view,2025-05-28 04:12:51
E9410,U541,P47,view,2025-05-01 04:44:32
E9411,U903,P29,cart,2025-12-30 13:25:04
E9412,U92,P40,wishlist,2025-06-25 18:32:20
E9413,U886,P25,wishlist,2025-12-19 16:18:19
E9414,U440,P9,view,2025-03-24 00:59:00
E9415,U867,P30,purchase,2025-04-11 03:24:46
E9416,U20,P1,view,2026-02-11 00:28:13
E9417,U934,P28,view,2025-12-24 11:50:53
E9418,U618,P7,purchase,2025-04-20 10:00:42
E9419,U245,P23,purchase,2025-04-25 07:29:44
E9420,U835,P21,wishlist,2025-09-17 21:45:24
E9421,U648,P35,purchase,2026-02-14 01:46:30
E9422,U951,P39,purchase,2025-08-27 19:48:44
E9423,U371,P14,view,2025-09-05 02:50:10
E9424,U650,P27,purchase,2025-10-19 12:23:20
E9425,U9,P48,purchase,2026-01-26 08:58:47
E9426,U919,P25,cart,2025-07-17 11:57:01
E9427,U18,P19,view,2025-04-12 05:17:58
E9428,U866,P13,purchase,2025-10-28 23:35:39
E9429,U444,P14,wishlist,2025-11-04 22:31:33
E9430,U455,P36,cart,2025-11-12 05:19:37
E9431,U945,P19,purchase,2025-11-05 09:48:01
E9432,U637,P4,purchase,2025-09-22 16:15:59
E9433,U34,P29,purchase,2025-08-01 17:29:35
E9434,U517,P29,wishlist,2025-12-29 16:56:39
E9435,U286,P14,cart,2026-03-12 04:55:07
E9436,U931,P17,purchase,2025-12-19 17:15:23
E9437,U205,P37,view,2025-07-08 06:21:36
E9438,U327,P12,purchase,2025-11-17 12:02:30
E9439,U4,P48,purchase,2026-01-17 22:07:41
E9440,U15,P3,wishlist,2025-06-13 21:03:39
E9441,U20,P13,wishlist,2025-05-18 14:03:42
E9442,U39,P10,purchase,2025-11-28 17:41:08
E9443,U748,P10,wishlist,2025-05-31 22:14:49
E9444,U526,P4,view,2026-01-15 21:00:58
E9445,U50,P37,cart,2025-12-30 12:25:08
E9446,U578,P18,purchase,2025-04-15 15:02:10
E9447,U197,P33,cart,2025-06-09 09:48:26
E9448,U161,P8,view,2025-07-23 11:00:46
E9449,U267,P9,cart,2025-04-13 08:25:27
E9450,U401,P15,purchase,2025-04-08 08:47:56
E9451,U455,P1,view,2025-07-31 14:55:26
E9452,U323,P37,wishlist,2025-06-26 13:27:34
E9453,U219,P1,view,2025-07-12 09:21:41
E9454,U796,P37,wishlist,2025-10-01 21:53:39
E9455,U536,P13,wishlist,2025-11-09 02:25:29
E9456,U780,P15,view,2025-06-20 05:31:14
E9457,U400,P40,view,2026-02-24 23:41:29
E9458,U131,P14,purchase,2025-11-23 06:31:26
E9459,U486,P49,view,2026-02-10 01:19:09
E9460,U502,P1,cart,2025-08-23 03:22:38
E9461,U761,P37,wishlist,2025-08-16 20:19:01
E9462,U332,P12,purchase,2025-09-14 02:52:22
E9463,U267,P29,purchase,2025-11-25 06:21:26
E9464,U621,P3,view,2026-02-20 00:57:21
E9465,U813,P39,purchase,2025-10-08 03:00:26
E9466,U641,P19,wishlist,2025-04-22 15:55:38
E9467,U373,P18,view,2025-05-07 04:07:40
E9468,U997,P46,wishlist,2025-03-22 03:57:33
E9469,U745,P12,wishlist,2025-08-14 15:57:10
E9470,U332,P42,wishlist,2025-10-24 19:23:02
E9471,U679,P18,wishlist,2025-08-05 16:51:53
E9472,U449,P15,view,2025-09-09 11:17:10
E9473,U786,P1,purchase,2025-08-22 09:17:24
E9474,U381,P33,view,2026-02-25 09:56:01
E9475,U18,P43,purchase,2025-05-09 06:47:03
E9476,U836,P17,cart,2026-02-25 14:29:39
E9477,U458,P32,wishlist,2025-09-07 19:08:05
E9478,U497,P37,wishlist,2025-05-14 23:47:14
E9479,U934,P17,wishlist,2025-10-20 00:31:35
E9480,U295,P9,view,2025-12-19 17:04:39
E9481,U438,P5,purchase,2025-05-13 01:44:37
E9482,U489,P34,wishlist,2025-11-03 18:40:23
E9483,U285,P12,view,2025-09-04 21:54:07
E9484,U884,P6,purchase,2025-12-08 07:08:56
E9485,U211,P38,cart,2025-06-18 02:24:18
E9486,U359,P14,wishlist,2025-03-29 15:19:41
E9487,U887,P19,wishlist,2026-02-25 11:05:08
E9488,U225,P5,view,2025-10-20 01:46:45
E9489,U541,P13,purchase,2026-03-01 12:22:51
E9490,U257,P9,wishlist,2025-05-20 04:57:02
E9491,U632,P49,cart,2026-03-01 08:40:02
E9492,U878,P49,cart,2025-12-27 11:45:34
E9493,U631,P9,cart,2025-06-27 02:44:19
E9494,U222,P21,purchase,2025-08-22 22:33:20
E9495,U33,P20,wishlist,2025-07-16 09:47:08
E9496,U79,P45,purchase,2025-06-22 14:08:57
E9497,U187,P8,view,2025-05-17 16:27:05
E9498,U569,P15,wishlist,2026-02-11 18:48:41
E9499,U477,P4,purchase,2025-05-18 09:43:17
E9500,U882,P43,view,2025-11-18 00:43:51
E9501,U465,P9,cart,2025-10-05 04:18:57
E9502,U798,P25,view,2025-06-11 00:40:45
E9503,U803,P28,view,2025-07-06 15:39:43
E9504,U937,P49,wishlist,2025-04-07 16:14:49
E9505,U83,P48,wishlist,2025-11-04 04:21:53
E9506,U486,P41,wishlist,2025-08-21 06:53:02
E9507,U891,P24,view,2025-12-22 03:18:24
E9508,U904,P28,view,2025-07-16 06:25:48
E9509,U453,P10,cart,2025-12-17 17:02:28
E9510,U802,P44,view,2026-02-08 06:47:45
E9511,U194,P0,wishlist,2025-07-12 14:49:46
E9512,U670,P39,cart,2025-10-09 13:03:37
E9513,U637,P47,purchase,2025-08-19 23:30:19
E9514,U794,P4,purchase,2025-09-12 13:40:58
E9515,U951,P47,view,2025-05-25 23:31:10
E9516,U209,P19,cart,2025-08-09 08:04:56
E9517,U599,P25,purchase,2025-11-15 20:52:24
E9518,U208,P28,purchase,2025-09-22 12:03:00
E9519,U438,P16,view,2025-08-31 23:24:03
E9520,U367,P33,cart,2026-01-02 09:08:06
E9521,U478,P33,purchase,2025-08-22 19:37:56
E9522,U609,P37,view,2025-10-23 09:07:07
E9523,U985,P31,purchase,2025-05-27 13:13:28
E9524,U38,P39,wishlist,2026-02-15 19:32:44
E9525,U236,P19,cart,2025-05-17 12:54:43
E9526,U98,P42,purchase,2025-06-11 22:52:48
E9527,U965,P25,cart,2025-07-20 09:58:55
E9528,U907,P14,wishlist,2025-09-30 23:13:52
E9529,U724,P10,wishlist,2025-11-05 10:46:54
E9530,U694,P19,purchase,2025-05-29 04:55:13
E9531,U845,P4,wishlist,2025-12-05 17:05:02
E9532,U212,P36,wishlist,2026-02-01 03:37:54
E9533,U412,P29,wishlist,2025-09-06 21:05:25
E9534,U475,P45,purchase,2025-07-20 03:37:41
E9535,U103,P36,wishlist,2026-03-04 09:57:45
E9536,U423,P47,purchase,2026-03-13 22:23:55
E9537,U71,P24,purchase,2025-11-21 09:38:26
E9538,U333,P44,wishlist,2025-10-02 18:39:49
E9539,U619,P6,purchase,2025-06-09 13:38:38
E9540,U976,P17,purchase,2025-10-19 09:13:27
E9541,U169,P37,view,2025-09-15 23:16:29
E9542,U530,P25,cart,2025-03-28 04:39:08
E9543,U411,P7,cart,2026-01-29 11:34:28
E9544,U49,P10,cart,2025-12-27 23:40:46
E9545,U670,P24,purchase,2025-04-11 22:35:07
E9546,U63,P30,view,2025-10-22 20:22:00
E9547,U75,P1,view,2025-04-09 18:25:21
E9548,U291,P31,wishlist,2025-12-08 11:58:24
E9549,U649,P49,wishlist,2025-05-17 03:16:02
E9550,U371,P25,view,2025-11-16 05:36:07
E9551,U980,P48,cart,2026-01-28 23:36:06
E9552,U983,P29,wishlist,2025-07-26 17:37:26
E9553,U292,P48,wishlist,2026-02-11 09:36:30
E9554,U180,P38,cart,2025-10-02 03:06:50
E9555,U30,P3,purchase,2025-04-06 08:33:52
E9556,U248,P49,wishlist,2025-05-15 06:10:07
E9557,U706,P41,purchase,2025-08-01 21:51:51
E9558,U366,P40,purchase,2025-06-25 08:32:49
E9559,U416,P24,wishlist,2025-03-21 12:37:45
E9560,U280,P42,wishlist,2025-11-22 21:27:52
E9561,U578,P27,purchase,2025-07-01 07:00:44
E9562,U729,P40,cart,2025-06-25 00:43:07
E9563,U91,P5,view,2025-06-10 10:15:48
E9564,U334,P35,view,2025-07-07 13:18:52
E9565,U539,P28,cart,2025-11-01 08:48:23
E9566,U839,P18,view,2025-07-03 06:25:00
E9567,U621,P34,view,2025-09-10 00:54:22
E9568,U217,P48,cart,2026-02-08 12:24:36
E9569,U513,P9,purchase,2025-11-06 20:06:11
E9570,U40,P29,wishlist,2025-05-08 12:13:12
E9571,U742,P41,cart,2025-11-30 10:24:11
E9572,U849,P34,purchase,2025-09-01 21:45:44
E9573,U287,P14,purchase,2026-02-12 00:04:18
E9574,U984,P32,cart,2025-10-17 22:49:41
E9575,U213,P8,wishlist,2025-09-25 16:40:50
E9576,U138,P28,view,2025-03-19 01:29:39
E9577,U959,P4,cart,2026-02-05 04:53:43
E9578,U65,P33,wishlist,2025-08-15 08:56:17
E9579,U678,P13,cart,2026-02-11 16:21:26
E9580,U691,P42,view,2025-07-22 13:07:22
E9581,U137,P30,purchase,2025-06-26 23:46:17
E9582,U66,P12,cart,2025-07-30 14:50:59
E9583,U102,P0,view,2025-12-28 22:12:33
E9584,U848,P10,purchase,2025-05-23 00:47:58
E9585,U899,P22,purchase,2025-04-04 14:36:09
E9586,U727,P11,purchase,2026-01-28 00:32:40
E9587,U764,P27,cart,2026-02-14 18:27:39
E9588,U926,P28,cart,2025-09-22 22:11:30
E9589,U306,P9,purchase,2025-09-03 15:42:17
E9590,U547,P43,purchase,2026-02-26 12:05:56
E9591,U138,P40,cart,2025-11-04 15:40:06
E9592,U533,P43,wishlist,2025-10-26 14:00:37
E9593,U618,P13,view,2026-01-30 13:38:01
E9594,U931,P48,purchase,2025-12-08 17:09:11
E9595,U401,P35,cart,2025-04-02 23:01:12
E9596,U424,P19,view,2025-04-09 21:44:08
E9597,U875,P2,purchase,2025-06-17 01:19:51
E9598,U480,P39,wishlist,2025-11-30 02:08:05
E9599,U21,P45,wishlist,2025-04-09 08:26:51
E9600,U751,P49,purchase,2026-01-31 08:43:32
E9601,U984,P23,purchase,2025-05-15 22:14:09
E9602,U619,P21,purchase,2025-11-22 08:32:51
E9603,U42,P45,wishlist,2025-10-05 16:13:15
E9604,U854,P39,wishlist,2025-12-28 05:41:32
E9605,U128,P45,view,2025-12-15 23:41:23
E9606,U637,P7,cart,2025-09-11 09:16:45
E9607,U673,P15,cart,2025-05-04 10:58:08
E9608,U192,P21,view,2025-10-16 14:38:40
E9609,U381,P8,wishlist,2025-10-12 06:29:47
E9610,U559,P2,cart,2025-07-06 16:17:11
E9611,U836,P41,cart,2025-11-18 05:37:12
E9612,U580,P35,wishlist,2025-04-30 07:08:43
E9613,U69,P45,view,2025-08-26 18:09:20
E9614,U997,P11,wishlist,2025-08-31 01:07:07
E9615,U487,P33,view,2026-01-18 03:34:58
E9616,U207,P37,wishlist,2025-05-08 01:21:51
E9617,U904,P30,cart,2026-01-19 23:25:52
E9618,U836,P1,view,2025-05-09 08:17:00
E9619,U788,P22,cart,2025-11-20 19:54:57
E9620,U489,P3,view,2025-09-23 09:19:04
E9621,U308,P31,cart,2026-01-07 09:32:38
E9622,U530,P30,cart,2025-06-14 06:49:57
E9623,U202,P6,view,2025-07-22 01:33:59
E9624,U431,P43,purchase,2025-12-08 19:46:46
E9625,U678,P49,cart,2025-11-12 12:06:28
E9626,U235,P12,cart,2025-07-17 22:14:29
E9627,U928,P35,wishlist,2026-03-06 15:05:17
E9628,U878,P40,view,2025-11-28 17:33:51
E9629,U256,P35,view,2025-06-02 06:29:22
E9630,U336,P10,wishlist,2026-01-01 03:40:20
E9631,U678,P22,wishlist,2025-03-17 21:37:58
E9632,U971,P28,wishlist,2025-06-05 11:06:37
E9633,U318,P48,wishlist,2025-09-10 02:26:51
E9634,U300,P35,view,2025-12-14 06:23:12
E9635,U805,P30,cart,2026-03-14 02:44:41
E9636,U176,P18,wishlist,2026-03-13 04:25:38
E9637,U37,P1,view,2025-09-17 09:54:09
E9638,U510,P13,wishlist,2025-05-08 16:45:57
E9639,U290,P29,cart,2025-05-25 06:08:22
E9640,U655,P3,view,2025-03-28 21:22:46
E9641,U629,P30,wishlist,2025-04-26 07:24:18
E9642,U381,P30,cart,2025-09-10 22:44:49
E9643,U574,P3,wishlist,2025-09-02 06:25:31
E9644,U883,P25,cart,2025-07-13 04:23:59
E9645,U126,P18,wishlist,2026-03-02 15:22:01
E9646,U329,P22,wishlist,2025-09-11 13:25:17
E9647,U158,P26,purchase,2025-09-18 07:59:27
E9648,U89,P46,cart,2026-02-23 02:08:10
E9649,U494,P49,wishlist,2025-12-02 17:07:35
E9650,U920,P41,view,2026-03-14 05:23:00
E9651,U590,P21,cart,2026-01-13 05:00:34
E9652,U349,P31,wishlist,2025-10-16 11:50:46
E9653,U831,P14,cart,2025-07-17 00:06:14
E9654,U471,P47,view,2025-04-28 01:38:01
E9655,U295,P43,cart,2025-12-07 07:12:17
E9656,U273,P26,cart,2025-03-21 02:12:42
E9657,U70,P30,purchase,2026-01-15 13:33:53
E9658,U250,P32,view,2025-08-08 18:35:51
E9659,U406,P6,cart,2026-01-25 14:16:27
E9660,U357,P22,view,2025-05-04 00:57:13
E9661,U704,P19,view,2025-03-28 22:27:30
E9662,U92,P21,cart,2025-06-28 12:03:25
E9663,U540,P41,view,2025-10-30 01:54:31
E9664,U809,P2,cart,2025-03-28 20:15:48
E9665,U555,P34,wishlist,2026-03-01 11:48:37
E9666,U776,P17,view,2026-03-01 02:36:14
E9667,U28,P45,wishlist,2025-12-05 20:04:13
E9668,U604,P14,view,2025-05-14 11:02:26
E9669,U365,P44,wishlist,2026-02-24 13:57:16
E9670,U141,P44,view,2026-01-23 14:37:09
E9671,U558,P40,purchase,2025-05-29 23:18:47
E9672,U464,P7,cart,2025-10-08 12:57:50
E9673,U941,P11,purchase,2025-06-20 16:55:57
E9674,U979,P47,wishlist,2025-03-21 16:22:33
E9675,U420,P39,wishlist,2025-10-22 02:41:58
E9676,U36,P26,cart,2025-07-17 09:02:45
E9677,U481,P24,wishlist,2025-08-31 19:14:52
E9678,U939,P18,view,2025-12-09 20:41:48
E9679,U201,P10,cart,2025-12-16 04:21:18
E9680,U590,P8,cart,2026-01-06 21:17:55
E9681,U507,P1,wishlist,2025-03-31 21:11:52
E9682,U641,P39,view,2025-03-23 22:57:04
E9683,U541,P24,purchase,2026-02-03 11:03:09
E9684,U709,P46,purchase,2025-04-20 14:22:47
E9685,U347,P6,purchase,2025-05-30 16:40:35
E9686,U350,P49,wishlist,2026-01-26 16:23:31
E9687,U669,P18,view,2026-01-31 19:09:09
E9688,U803,P31,purchase,2025-10-23 00:08:28
E9689,U117,P30,view,2025-11-26 11:03:33
E9690,U455,P9,wishlist,2026-01-27 17:38:29
E9691,U74,P42,wishlist,2025-10-01 04:25:02
E9692,U305,P6,cart,2025-06-15 03:06:57
E9693,U210,P26,wishlist,2025-09-10 01:38:42
E9694,U357,P28,wishlist,2025-09-05 15:14:12
E9695,U977,P34,purchase,2025-05-06 14:50:26
E9696,U732,P1,cart,2025-09-28 12:10:37
E9697,U0,P29,cart,2026-03-05 03:17:54
E9698,U460,P44,cart,2025-06-17 12:31:44
E9699,U629,P6,wishlist,2025-11-27 08:56:37
E9700,U921,P1,purchase,2025-10-15 06:18:48
E9701,U99,P11,cart,2025-12-28 14:05:26
E9702,U794,P46,view,2026-02-20 01:09:08
E9703,U684,P25,purchase,2025-12-10 05:05:16
E9704,U171,P19,view,2025-05-01 15:34:06
E9705,U277,P23,view,2025-05-17 03:49:36
E9706,U221,P47,view,2026-01-09 16:41:04
E9707,U164,P45,cart,2025-08-15 23:31:58
E9708,U834,P29,purchase,2025-04-02 22:55:44
E9709,U722,P49,view,2026-01-01 14:47:44
E9710,U478,P31,cart,2026-02-23 19:57:38
E9711,U880,P48,cart,2025-11-17 06:08:50
E9712,U139,P23,wishlist,2025-06-24 04:30:51
E9713,U517,P22,wishlist,2025-08-10 06:14:57
E9714,U718,P5,wishlist,2025-12-04 13:46:55
E9715,U151,P26,view,2025-08-08 21:07:27
E9716,U886,P8,wishlist,2025-07-09 21:10:56
E9717,U323,P18,purchase,2025-04-04 08:36:50
E9718,U13,P37,cart,2026-02-08 07:19:50
E9719,U75,P6,view,2025-10-22 14:24:12
E9720,U242,P10,wishlist,2025-04-19 19:14:32
E9721,U460,P28,view,2025-07-10 15:15:50
E9722,U734,P25,purchase,2026-01-09 04:30:39
E9723,U497,P2,wishlist,2025-11-02 16:28:41
E9724,U415,P36,purchase,2025-07-08 21:26:37
E9725,U309,P11,cart,2025-06-24 17:37:24
E9726,U918,P34,cart,2025-05-19 05:06:53
E9727,U192,P43,cart,2025-09-07 02:22:31
E9728,U526,P27,purchase,2026-01-06 05:59:20
E9729,U928,P6,wishlist,2025-10-31 08:27:20
E9730,U467,P10,view,2025-08-15 00:12:59
E9731,U848,P0,view,2025-04-28 15:02:41
E9732,U921,P28,purchase,2026-02-21 21:45:25
E9733,U624,P39,view,2025-10-25 10:26:03
E9734,U395,P20,purchase,2025-06-29 07:23:09
E9735,U454,P36,purchase,2026-02-19 05:41:36
E9736,U53,P15,purchase,2026-02-24 04:18:27
E9737,U490,P15,wishlist,2025-04-15 08:53:49
E9738,U404,P6,view,2025-04-28 12:37:51
E9739,U308,P17,wishlist,2025-03-25 20:39:28
E9740,U549,P29,cart,2025-11-29 01:58:26
E9741,U145,P41,cart,2026-03-02 21:51:07
E9742,U206,P33,cart,2026-01-04 22:47:01
E9743,U631,P25,purchase,2025-09-13 04:33:56
E9744,U48,P28,cart,2025-06-25 23:24:57
E9745,U584,P24,view,2026-01-23 14:53:56
E9746,U467,P14,view,2025-12-26 17:29:52
E9747,U20,P37,cart,2025-03-26 23:34:55
E9748,U577,P0,purchase,2025-09-12 18:41:27
E9749,U788,P0,view,2025-11-18 02:49:26
E9750,U503,P5,purchase,2025-04-01 01:12:53
E9751,U586,P15,wishlist,2025-08-30 13:35:16
E9752,U362,P33,view,2026-02-07 03:07:30
E9753,U70,P41,view,2025-04-25 17:42:11
E9754,U560,P12,cart,2025-08-21 03:59:25
E9755,U836,P47,cart,2025-05-07 06:15:43
E9756,U24,P9,cart,2025-05-11 06:36:45
E9757,U836,P3,view,2025-07-21 08:24:14
E9758,U388,P26,purchase,2025-10-28 15:33:37
E9759,U245,P8,cart,2026-02-15 02:09:04
E9760,U660,P45,view,2025-03-20 02:26:49
E9761,U18,P18,cart,2025-08-03 03:19:54
E9762,U883,P37,purchase,2025-12-05 21:47:35
E9763,U888,P5,wishlist,2025-07-09 08:16:24
E9764,U729,P45,view,2025-10-13 09:29:45
E9765,U880,P8,view,2025-09-04 09:01:40
E9766,U590,P44,cart,2025-06-20 15:15:16
E9767,U832,P18,view,2025-04-21 12:30:13
E9768,U606,P45,purchase,2025-05-11 01:00:46
E9769,U675,P6,view,2025-12-13 12:16:19
E9770,U100,P48,purchase,2025-09-24 21:39:42
E9771,U734,P2,purchase,2026-03-15 01:18:51
E9772,U873,P17,wishlist,2026-01-15 00:44:38
E9773,U596,P5,cart,2025-03-28 17:20:56
E9774,U121,P44,cart,2025-10-05 16:44:59
E9775,U550,P0,wishlist,2025-04-01 02:42:49
E9776,U148,P35,cart,2025-05-06 02:41:57
E9777,U833,P9,cart,2025-05-01 04:39:03
E9778,U391,P39,view,2025-09-21 17:32:50
E9779,U589,P24,view,2026-01-17 17:09:30
E9780,U289,P48,purchase,2025-10-01 05:37:50
E9781,U423,P33,wishlist,2025-12-21 01:35:28
E9782,U801,P25,purchase,2025-04-28 13:20:22
E9783,U389,P36,view,2025-12-18 01:08:35
E9784,U436,P3,view,2025-07-18 04:46:32
E9785,U550,P19,cart,2025-12-10 13:22:00
E9786,U96,P34,wishlist,2025-05-19 01:31:32
E9787,U299,P21,cart,2025-09-23 06:53:43
E9788,U439,P47,view,2025-11-12 16:05:11
E9789,U384,P44,cart,2025-08-28 02:52:08
E9790,U710,P31,cart,2025-03-17 11:56:15
E9791,U219,P47,view,2025-03-23 08:16:39
E9792,U843,P46,wishlist,2025-09-18 08:14:12
E9793,U661,P43,purchase,2025-06-06 22:04:49
E9794,U890,P10,cart,2025-06-10 21:32:35
E9795,U376,P24,purchase,2025-07-15 02:43:13
E9796,U391,P24,purchase,2025-04-29 21:12:50
E9797,U511,P40,cart,2025-05-20 17:27:32
E9798,U38,P31,view,2025-09-28 05:28:25
E9799,U833,P15,cart,2025-12-19 07:54:30
E9800,U210,P23,wishlist,2025-09-21 00:18:58
E9801,U793,P46,view,2025-06-05 10:08:16
E9802,U556,P12,purchase,2026-02-19 07:31:47
E9803,U961,P35,cart,2025-10-01 02:54:26
E9804,U878,P35,view,2025-07-22 04:55:24
E9805,U159,P47,purchase,2025-05-02 14:01:47
E9806,U438,P42,purchase,2025-07-06 05:00:29
E9807,U378,P26,cart,2025-04-08 18:37:12
E9808,U469,P42,wishlist,2025-07-05 03:58:14
E9809,U254,P36,cart,2026-02-01 13:01:49
E9810,U200,P0,view,2025-10-01 00:30:21
E9811,U417,P3,cart,2025-05-23 16:37:57
E9812,U401,P17,cart,2025-07-08 21:06:46
E9813,U907,P22,purchase,2025-04-30 15:29:08
E9814,U894,P17,wishlist,2025-08-18 00:16:18
E9815,U459,P0,view,2026-02-14 05:27:13
E9816,U563,P10,view,2026-01-05 11:15:10
E9817,U198,P12,wishlist,2025-09-01 19:24:50
E9818,U924,P24,view,2026-01-08 00:09:13
E9819,U137,P13,view,2026-02-26 00:28:32
E9820,U659,P41,purchase,2025-06-08 17:13:38
E9821,U179,P28,cart,2025-06-27 13:13:05
E9822,U602,P4,cart,2026-01-02 19:22:11
E9823,U943,P10,purchase,2026-03-09 22:39:10
E9824,U54,P7,cart,2025-08-17 04:49:10
E9825,U801,P22,purchase,2025-07-25 22:34:59
E9826,U159,P43,view,2025-07-25 10:13:34
E9827,U209,P28,purchase,2025-11-10 19:58:41
E9828,U500,P37,purchase,2025-05-22 16:20:53
E9829,U125,P21,view,2025-06-27 23:37:39
E9830,U242,P42,purchase,2026-01-07 23:39:22
E9831,U355,P42,wishlist,2025-05-17 09:36:03
E9832,U171,P30,purchase,2025-10-29 07:47:31
E9833,U255,P29,purchase,2025-04-01 23:40:38
E9834,U59,P2,view,2026-01-28 00:26:54
E9835,U767,P33,wishlist,2025-12-07 06:51:57
E9836,U134,P43,purchase,2025-05-22 19:46:57
E9837,U601,P44,cart,2025-07-27 06:08:37
E9838,U642,P9,view,2025-04-18 13:38:20
E9839,U39,P40,purchase,2025-05-04 23:50:17
E9840,U595,P8,view,2025-08-11 16:50:07
E9841,U586,P26,cart,2025-11-16 03:52:27
E9842,U261,P46,wishlist,2025-06-23 11:31:10
E9843,U281,P40,view,2025-10-08 16:58:01
E9844,U444,P30,view,2025-07-14 05:40:29
E9845,U640,P40,view,2025-09-12 12:55:32
E9846,U792,P44,wishlist,2025-12-07 21:31:43
E9847,U772,P2,purchase,2025-11-30 18:29:10
E9848,U396,P46,cart,2025-05-10 04:03:16
E9849,U119,P47,cart,2025-05-05 09:49:57
E9850,U912,P47,purchase,2025-09-14 21:38:57
E9851,U426,P49,view,2026-03-14 14:26:27
E9852,U443,P18,cart,2025-08-08 20:44:20
E9853,U72,P48,purchase,2025-03-16 20:51:56
E9854,U955,P21,view,2025-06-09 12:55:12
E9855,U943,P3,cart,2025-11-06 13:53:33
E9856,U729,P39,view,2025-11-08 14:29:45
E9857,U678,P42,view,2025-11-07 13:13:01
E9858,U255,P2,wishlist,2025-12-11 05:39:45
E9859,U944,P30,view,2026-02-25 00:41:19
E9860,U327,P40,cart,2025-09-15 17:46:43
E9861,U167,P46,view,2025-05-08 09:08:51
E9862,U155,P19,purchase,2025-05-15 00:56:59
E9863,U339,P32,wishlist,2025-10-01 11:52:49
E9864,U538,P14,view,2025-03-28 09:44:34
E9865,U19,P2,wishlist,2025-10-23 16:57:01
E9866,U275,P34,view,2025-12-30 19:53:48
E9867,U27,P35,cart,2026-03-09 10:11:11
E9868,U887,P6,view,2026-01-07 10:11:14
E9869,U827,P21,purchase,2025-04-01 14:16:13
E9870,U474,P24,cart,2025-06-20 00:41:04
E9871,U708,P49,view,2025-06-27 04:49:20
E9872,U282,P11,cart,2025-04-14 08:16:56
E9873,U478,P0,cart,2026-02-03 19:30:25
E9874,U151,P5,cart,2025-03-27 07:32:56
E9875,U375,P35,wishlist,2025-05-06 03:10:05
E9876,U889,P25,wishlist,2026-02-24 05:46:44
E9877,U769,P12,wishlist,2026-02-18 15:00:03
E9878,U512,P13,view,2025-10-15 14:22:51
E9879,U766,P6,view,2025-10-27 21:12:54
E9880,U848,P40,purchase,2025-06-28 18:02:29
E9881,U181,P2,purchase,2025-07-14 11:25:29
E9882,U234,P15,view,2025-05-04 08:50:34
E9883,U710,P27,view,2025-05-03 11:41:46
E9884,U603,P17,cart,2025-09-03 18:13:39
E9885,U664,P12,wishlist,2026-02-22 19:14:00
E9886,U209,P33,purchase,2025-06-08 11:19:44
E9887,U894,P1,view,2025-11-13 21:09:40
E9888,U383,P14,cart,2025-05-30 03:03:07
E9889,U553,P29,cart,2025-12-24 02:09:22
E9890,U537,P11,wishlist,2025-08-05 06:49:05
E9891,U844,P42,view,2025-10-05 02:30:16
E9892,U463,P42,view,2025-07-29 19:01:26
E9893,U534,P30,cart,2025-09-15 17:49:41
E9894,U85,P18,cart,2025-06-28 14:26:14
E9895,U470,P17,cart,2025-08-19 18:49:52
E9896,U136,P13,wishlist,2026-02-21 03:17:17
E9897,U825,P31,purchase,2025-09-04 12:18:19
E9898,U552,P38,wishlist,2025-06-10 08:54:39
E9899,U567,P20,view,2025-03-20 12:04:23
E9900,U968,P23,view,2025-05-14 01:00:49
E9901,U328,P4,wishlist,2025-07-24 00:09:13
E9902,U936,P35,cart,2026-02-17 11:16:45
E9903,U952,P10,wishlist,2026-02-11 10:07:25
E9904,U994,P12,cart,2025-03-30 10:47:56
E9905,U887,P17,cart,2025-08-01 09:23:57
E9906,U422,P19,wishlist,2026-02-17 08:59:22
E9907,U27,P36,cart,2025-10-07 17:39:30
E9908,U591,P16,purchase,2025-09-17 20:09:14
E9909,U928,P15,view,2025-12-17 23:36:05
E9910,U984,P3,view,2026-01-07 22:54:59
E9911,U782,P2,cart,2025-12-29 17:21:41
E9912,U931,P26,view,2026-01-04 12:37:05
E9913,U217,P47,cart,2026-02-13 06:19:00
E9914,U492,P17,wishlist,2026-01-23 03:44:36
E9915,U27,P24,purchase,2025-12-08 02:42:12
E9916,U253,P14,cart,2025-04-09 15:56:31
E9917,U950,P3,view,2025-10-28 18:19:54
E9918,U830,P36,wishlist,2025-04-23 03:27:09
E9919,U10,P29,wishlist,2025-08-22 12:01:23
E9920,U189,P8,view,2026-02-17 19:53:34
E9921,U645,P40,cart,2025-12-01 11:47:42
E9922,U708,P13,cart,2025-11-14 06:06:23
E9923,U985,P19,view,2025-07-18 03:04:46
E9924,U161,P8,purchase,2025-06-30 20:47:41
E9925,U468,P15,cart,2026-03-15 03:01:00
E9926,U787,P4,cart,2025-10-09 00:11:55
E9927,U245,P31,purchase,2025-08-06 14:21:36
E9928,U856,P39,view,2025-08-17 15:29:57
E9929,U306,P10,wishlist,2025-09-30 14:55:24
E9930,U982,P39,purchase,2025-08-20 15:03:26
E9931,U598,P49,purchase,2026-01-10 15:53:35
E9932,U813,P17,wishlist,2026-01-21 09:42:59
E9933,U437,P20,cart,2025-04-26 16:19:52
E9934,U469,P43,view,2026-02-12 14:22:04
E9935,U110,P7,cart,2025-10-04 04:02:08
E9936,U214,P2,wishlist,2025-11-25 00:35:27
E9937,U562,P11,purchase,2025-04-05 12:17:39
E9938,U116,P21,wishlist,2025-03-20 18:06:15
E9939,U324,P28,view,2025-11-27 04:51:56
E9940,U324,P2,wishlist,2025-09-06 17:13:59
E9941,U809,P8,purchase,2025-07-05 14:46:15
E9942,U816,P6,view,2025-05-31 11:22:57
E9943,U586,P36,view,2025-06-17 10:34:12
E9944,U371,P19,view,2025-10-23 06:23:20
E9945,U377,P43,view,2025-12-03 15:01:44
E9946,U551,P43,view,2025-09-08 05:39:05
E9947,U369,P13,purchase,2025-07-22 22:09:37
E9948,U98,P47,view,2025-12-01 06:21:15
E9949,U418,P19,cart,2025-09-19 07:54:24
E9950,U216,P20,wishlist,2025-11-12 19:42:17
E9951,U568,P43,purchase,2025-10-03 07:32:22
E9952,U464,P19,purchase,2025-07-03 13:00:14
E9953,U404,P28,cart,2025-05-18 05:59:50
E9954,U822,P27,view,2025-12-19 22:50:14
E9955,U326,P47,wishlist,2025-07-05 14:44:23
E9956,U112,P40,view,2025-07-10 08:27:23
E9957,U966,P48,cart,2026-01-02 01:35:26
E9958,U747,P27,cart,2025-08-10 20:58:56
E9959,U536,P6,view,2026-01-05 09:11:37
E9960,U808,P4,purchase,2025-07-29 11:18:17
E9961,U998,P43,view,2025-09-13 11:40:02
E9962,U367,P20,cart,2025-04-11 09:32:32
E9963,U322,P18,view,2026-03-05 23:48:59
E9964,U397,P40,purchase,2026-03-07 22:48:48
E9965,U113,P29,view,2025-06-04 08:03:54
E9966,U148,P3,purchase,2025-08-21 02:46:24
E9967,U276,P41,purchase,2025-04-11 21:13:21
E9968,U56,P22,wishlist,2026-03-14 08:42:14
E9969,U765,P33,view,2025-10-31 17:08:01
E9970,U71,P39,cart,2025-07-04 07:41:21
E9971,U552,P46,cart,2025-08-04 20:55:30
E9972,U365,P38,purchase,2025-04-10 11:47:25
E9973,U273,P29,wishlist,2025-07-17 19:46:39
E9974,U576,P37,view,2025-08-22 21:38:40
E9975,U85,P12,view,2025-09-03 21:56:56
E9976,U832,P22,wishlist,2026-01-27 06:48:07
E9977,U918,P8,cart,2026-02-24 17:44:42
E9978,U365,P45,cart,2025-11-25 01:12:41
E9979,U855,P26,cart,2025-03-18 10:37:06
E9980,U619,P32,cart,2026-03-13 11:26:42
E9981,U318,P12,purchase,2025-09-21 12:21:45
E9982,U335,P34,cart,2025-04-15 02:55:45
E9983,U481,P21,wishlist,2025-12-21 03:35:19
E9984,U757,P8,cart,2026-01-28 10:00:48
E9985,U656,P31,cart,2025-04-22 13:10:00
E9986,U55,P48,wishlist,2025-07-03 18:42:54
E9987,U924,P40,view,2026-01-17 08:30:53
E9988,U946,P10,cart,2025-05-25 10:08:02
E9989,U656,P27,view,2025-09-15 06:54:23
E9990,U618,P19,view,2025-05-13 07:54:10
E9991,U601,P48,view,2026-01-19 12:46:39
E9992,U977,P29,cart,2025-06-28 07:16:21
E9993,U911,P47,purchase,2026-01-17 14:21:26
E9994,U496,P49,cart,2025-03-15 20:23:50
E9995,U896,P45,cart,2025-07-19 18:32:35
E9996,U268,P41,view,2025-09-10 20:33:23
E9997,U990,P39,wishlist,2026-01-08 15:25:42
E9998,U987,P29,wishlist,2025-05-12 22:05:18
E9999,U427,P41,cart,2025-11-19 10:14:06
