order_item_id,order_id,product_id,quantity,item_price
ee105894-37f1-41ba-8bb2-0b5e2880f9f9,O0,P39,3,382.01
be8e6f41-d471-4fed-915a-ee7e544e2c28,O0,P37,3,344.86
d4c5e7aa-bd46-4942-a2fd-cd5134207486,O0,P49,2,16.6
0bf08634-d7b3-46d0-a4c8-ff2556a5c77a,O0,P7,3,40.44
7a1cada1-c7ec-4850-af4e-6e75fd300e06,O1,P49,1,16.6
b0469c54-80df-4958-91fc-d4f43f3ef4cb,O2,P31,1,92.64
121377eb-272a-4097-a498-4322e292e2be,O2,P28,1,45.74
e6f9d3ff-2282-4ec0-8880-03598635c6f9,O3,P17,1,165.71
ddfe8233-5a39-4122-9e70-4f5a128fa600,O3,P44,2,165.78
77e5ffcf-3ebe-4887-a84b-f10d107cecf1,O4,P43,2,451.76
01ed3b79-6934-423c-8b27-d51d14f59b2d,O5,P9,3,114.1
983ae3ec-dba7-4019-8fb6-56e3d80cfe2d,O6,P6,1,288.13
4accccd9-1447-4bac-9af5-091c2b01d8c4,O6,P24,2,327.27
d625f894-5929-49b4-abe8-6f766b2fd63f,O6,P17,2,165.71
f127829e-69e7-406e-8082-9c0af9978b87,O6,P11,1,422.06
2c17a68d-e081-49ad-93ff-392d0c3768e6,O7,P29,3,495.24
e0f0ceda-5fa9-411e-858e-a58db4a67375,O7,P37,1,344.86
31782ca1-3733-4a95-9256-d03a0c354142,O7,P45,1,488.83
1d677725-f8ac-4c73-a914-fc2bf5956404,O7,P15,3,17.14
ff23d245-9370-475f-92f2-f6676d5c17b8,O8,P29,1,495.24
b37f258e-d276-4766-a9ba-9d58f26d08b1,O9,P21,3,243.54
596a0971-d3a0-4715-aa88-0d9ae7bf2919,O9,P14,1,30.25
08e1433f-5d9a-4421-ab24-49e6d84164ea,O9,P35,1,199.25
c3a8ceec-118e-4eaa-9a30-a236a8fc84e7,O9,P18,3,164.27
ede0b665-0220-403f-b1ca-243f2fdcdb2a,O10,P27,3,329.1
c21833fd-eab9-45c3-a72b-c4fef1ee90f8,O10,P36,1,229.21
99a54d54-1de6-4dd8-bad6-b419478d4971,O10,P7,2,40.44
179c4568-bb16-4fdb-9ff6-78c0681fd9d5,O10,P47,2,397.61
6ad89368-f132-41bd-b513-a3ece431f185,O11,P48,1,51.12
87518402-1a42-4db9-b5bc-0ee671214e5c,O11,P33,1,410.57
76faa2d1-da59-49af-b2a4-a51b691794bf,O12,P16,1,150.17
10f0df0f-300e-45d0-bf8f-7e624502efb6,O12,P9,1,114.1
6586927d-569e-43b7-905a-4b2c3e1ef172,O12,P46,1,297.7
d5bcb187-863f-4ce9-9a2e-c12ca96c75dc,O13,P7,2,40.44
680d15bc-a860-4aaf-8917-e20d51e10fb3,O13,P13,3,195.01
25153f28-dda5-4db1-a688-5856af1bf4e2,O13,P16,2,150.17
09f88e9a-d4ec-4c2f-afc5-bbb34329cec4,O13,P44,2,165.78
1d75e08e-fe86-4a3f-b227-7d2f1b84a038,O14,P43,3,451.76
ebb0a453-8003-4ab2-85e5-a30e889ee8ee,O14,P23,1,218.14
537926ef-34c9-4b90-ba1b-4f4084da6ccb,O14,P19,1,318.26
0902e962-f19d-4355-98e8-a3a5ba10cea5,O15,P40,1,61.97
ca58003a-ea43-4f44-9662-743bb1876ad5,O16,P45,3,488.83
6c8eefa1-c7b9-4006-b49a-4d977d52b554,O16,P14,2,30.25
a6d26c08-02f2-40d1-900d-0921dd56d84e,O16,P31,3,92.64
a3053ef6-9e70-41cd-94e3-64ac08d9bb15,O16,P39,2,382.01
216618ba-026f-4096-87da-38190adbfd51,O17,P42,1,364.27
4f4b0b0f-72e7-4d2f-99f5-ba81520b4809,O17,P38,2,28.25
8b7f6bc2-e770-4b75-9cbd-2153987ff1b0,O17,P38,1,28.25
3d02d6db-668c-4b93-8dbe-fb4051693724,O18,P37,3,344.86
fa7385b3-b10e-40e9-816b-fa4994c5a3ef,O18,P43,2,451.76
42f7c9f5-11e8-44c4-803e-deb48a3cd59c,O18,P5,1,428.82
33f7be0b-30fe-4f92-a8ed-f1ab48789eb6,O18,P15,3,17.14
cc27677d-312f-4bf6-84c5-f6016991e675,O19,P48,1,51.12
3785252e-71f7-42d1-82c7-7537efaa5fe4,O20,P23,3,218.14
65263bcd-e02e-4f59-ac33-c2a5348f2efb,O20,P23,3,218.14
a568af7a-2b69-43d5-a25b-26f49052d6e8,O20,P12,3,196.5
e25eae89-1863-462d-a73f-3cef3554b075,O20,P5,2,428.82
407676c8-acbd-436a-a994-6cff327bedff,O21,P22,1,315.67
f853c257-5ae5-4748-9476-db43fe6c64db,O21,P22,2,315.67
47c22418-6c33-4ff1-9cac-d2369e8935e8,O21,P23,2,218.14
db570b74-8c64-479c-b3f4-cfb3a3d3e27f,O21,P2,2,153.08
baa8bf51-98e8-4480-864d-19ba0bcf0afb,O22,P30,2,469.52
e872e5d9-fcc3-470b-b18f-d1fe9f3cf2e8,O23,P48,2,51.12
4d0646fc-4f4b-4d8b-a5f9-9e1b589c4f2c,O23,P45,1,488.83
bc92e0c9-17da-4136-9e04-25b39a4522eb,O23,P9,2,114.1
1c9c402c-80e4-44d8-9c83-6e0b6ece8418,O24,P15,2,17.14
ce9e83ae-57cf-40a3-b773-912d7b9935c9,O24,P1,3,386.89
bccae13a-be3b-4c44-9c78-a5f8f49caad2,O25,P25,2,204.24
301fb13d-927f-49cb-993b-a8e12b6e3c01,O25,P26,1,251.1
20ceea71-316a-4ea7-9c4c-688adc0989f8,O26,P42,3,364.27
a90508a9-5a69-4cab-82d2-0c05c5811419,O26,P43,3,451.76
ab99a701-2a63-4e35-a0b9-d83ab8d98f10,O26,P24,1,327.27
056d8cc1-05d6-45fd-8ed0-302a58bc7a6c,O27,P46,3,297.7
d85ef2c1-0a61-42ba-b780-8a92d94ca1db,O28,P32,2,205.58
71702ff0-1add-46fc-94bc-6a861709c858,O28,P24,2,327.27
7562110b-6d0d-4700-9c27-b3d2622b6633,O29,P21,3,243.54
d08c5b13-2ac9-4fed-a08d-9bec6c82a3f0,O30,P36,3,229.21
5682f617-c523-4824-9e25-6ba8effef557,O30,P18,3,164.27
dc67d5e6-1ac0-4c9a-a7c3-5b9acc7c917c,O30,P3,1,210.16
3e3bd7bf-f172-4290-beb3-c4059b1d76b2,O30,P14,1,30.25
eccd8acc-0370-4e63-b6a3-3dee563e2908,O31,P14,2,30.25
a7816d86-d0f4-4fc8-bc34-51e215459585,O32,P44,2,165.78
9efb9a01-beaa-427c-a183-d6d2b249dfe0,O32,P41,2,227.6
d3c16ff8-1a88-44d2-99c9-c6f4acf6be9d,O32,P12,2,196.5
7f872284-2b23-4083-8a35-55e07c13be2b,O33,P34,3,23.19
29e17656-ebfe-47ed-ad6b-6c12243aa490,O33,P49,3,16.6
668a0a49-a43d-4926-afd2-0b9020bf57c8,O33,P34,3,23.19
f2569097-1fd9-47eb-b044-87e4c947c3fa,O34,P5,3,428.82
9a319a98-1780-4c58-b50a-0696648cfd87,O34,P42,3,364.27
4537e250-a341-411b-a70f-daa4e8b22d7b,O34,P32,3,205.58
7d3e8c44-d8fd-47d5-87ef-2361de59c84e,O35,P25,1,204.24
ac96a472-e718-4116-9499-1ff932fc8d9b,O35,P5,3,428.82
c8171794-19a7-4e8e-9c1e-2f55cde6058c,O35,P0,3,29.14
2f36b779-0564-4bf7-a47c-8b73abb85d2a,O36,P11,1,422.06
f083f0b9-1e5a-4784-9c90-c9d477c553d8,O37,P44,3,165.78
86f9df48-2c55-4712-8ca3-c41c250ae0fa,O37,P33,3,410.57
96df8828-c611-4667-adf1-93b1ffe3bd55,O37,P47,2,397.61
4a593140-3f7b-4e52-928e-2af5b86aa99d,O37,P13,3,195.01
e3a88ce1-1888-4b06-85d7-d7a2b8efc0dd,O38,P5,2,428.82
52d3e006-e59c-46d7-abf8-918bc19b6144,O39,P40,2,61.97
e44df25f-3e25-4728-affc-8490c43a67d2,O39,P21,1,243.54
25f90dd0-a518-4649-a08e-d12dccbb0e3a,O39,P41,1,227.6
01cb1b4b-2142-4f51-b721-c8e98be52c83,O39,P43,2,451.76
2d84b215-dec9-4773-9864-b9bd85507cdd,O40,P25,2,204.24
e3541a21-767d-416b-8dc6-29c8a6d4ab04,O40,P14,2,30.25
ecf15f58-d0bc-4ccc-adbd-9b9b7161a83e,O41,P44,2,165.78
330526fc-b048-4989-a80d-391b493b92ba,O41,P9,3,114.1
03be0da4-4e58-4003-87ab-50f616635d34,O41,P5,2,428.82
16c08519-f15e-4eb3-9e1c-67ce1b1700f8,O42,P45,3,488.83
4a52a367-ce8b-471d-b7d2-14fb15968a78,O42,P41,1,227.6
96d66ef7-bfa1-490b-af9d-0fa75fce0bd5,O42,P13,2,195.01
403a4f04-40ad-4bab-ba12-5e6835bdcc6f,O43,P19,2,318.26
1e7b342c-90af-41c7-864d-1493ec4c10d4,O44,P33,1,410.57
ae5b5d5a-8f59-4ab9-a2fa-46b2e33d2e91,O44,P4,3,428.84
05d52b39-858f-4051-b0f8-c4b9185e2e39,O44,P33,1,410.57
aa0b7cc0-f730-4409-9a76-bd740f3b2744,O44,P10,2,192.31
df008f88-1009-468c-be78-fe2e91215b8e,O45,P0,3,29.14
75fb49bf-f803-4868-bfe5-bed108029b56,O46,P28,3,45.74
fb28e0ff-4e7d-46b1-8e00-b8399c56f2f4,O46,P48,1,51.12
057ec78d-dfe7-494d-a4e6-c6d5fb7d5d85,O46,P9,1,114.1
c9f2dd2c-b5f0-4ed8-8ba4-a3c3e79c5b86,O47,P45,1,488.83
e02a22a9-a114-4837-bcd8-01432af9fdd5,O47,P35,1,199.25
d860a243-a824-4310-b99b-7f3118f08f4a,O47,P46,2,297.7
93f767c8-5f9a-489d-909d-65dabaa0ce42,O48,P34,2,23.19
215923a8-0ad0-4737-9488-19e992042c53,O48,P26,2,251.1
c42353e2-0afc-4383-8b82-4e52d05e273a,O49,P37,3,344.86
3497abce-8d5c-4d12-9adc-a711e8c6fa9c,O49,P24,3,327.27
8c2de4d7-ac16-4264-9bd8-d76c6f6e5797,O49,P10,2,192.31
94656e03-5c2c-4ac9-9732-06176bc9226b,O50,P22,2,315.67
0eb76524-58b9-4437-82da-ec393a153813,O50,P19,2,318.26
a5270fd8-45ee-4773-8985-d7f642468bfc,O51,P31,2,92.64
0078e286-6f9d-47e9-8930-e85a99fcfb14,O51,P37,3,344.86
633f7e87-59ef-4e82-8a75-bd0f615eda96,O51,P15,3,17.14
c9ef3f46-2a0d-4931-acb9-e7b467b508b3,O51,P8,3,13.01
318e8bb3-bfd2-4b7b-947c-10df98194b1e,O52,P32,3,205.58
69f489b5-b559-41dc-a6fa-4f76962c5427,O52,P38,1,28.25
e1407346-a402-471c-9e3a-637f189882a2,O52,P5,2,428.82
d0467aca-3c0f-4971-b3af-bf0bec54b6d7,O53,P21,2,243.54
be9df5d6-3e51-455e-bb78-63de231be69a,O53,P20,2,322.96
9ef5858e-4c7a-4b5a-a0cd-1fd4f912f143,O53,P40,2,61.97
4552220a-3f1f-4252-a64e-7e7d043b4c16,O53,P40,3,61.97
4f0b73eb-b168-418b-be24-4981f2e180b6,O54,P19,1,318.26
190d8ff6-da6e-4035-aa88-4db412a2a26b,O54,P45,2,488.83
3073e373-c3fc-42e3-9170-d8016f8bdf28,O54,P46,3,297.7
a0e05047-9239-4a28-9fa2-ba163999c7f0,O55,P21,2,243.54
b3c08cac-d2e1-48aa-91a2-3385cba15bd9,O55,P12,2,196.5
ab5767e4-bd0d-456b-a2be-b4b62a2a3ef7,O55,P32,2,205.58
2f982bb0-e6c2-4a98-bfc0-bcec75a74a55,O55,P3,2,210.16
07acb947-2ae5-43e2-b8d8-f27ff3460907,O56,P13,1,195.01
9d34e9d6-b7cb-4079-a1e8-6722331aa0dd,O56,P17,3,165.71
7d71ecc4-8c55-4783-99af-945b24bda36d,O57,P14,2,30.25
85142d7a-6531-4d87-90db-e0e13e5a673a,O57,P19,3,318.26
babd9ccf-bda2-43fa-a544-35478351153b,O57,P25,1,204.24
8ea07664-e749-4b23-a62a-f0ebd3477e27,O58,P26,3,251.1
202155d0-cfe7-43d2-8e61-8966eb109769,O58,P18,3,164.27
b4c751bf-d907-4988-b8ad-21ab5d124c91,O58,P24,3,327.27
a95cd99f-9bcf-47c9-b737-15de13dff7db,O59,P17,3,165.71
78c87e61-4c75-45e9-8d03-02d945ebdb01,O60,P1,2,386.89
2debf8a9-a550-453e-b87f-c6d9ebb96097,O61,P23,3,218.14
dc88228e-092b-4b17-ad1e-f8d8cd2890a0,O61,P40,2,61.97
ff6754a3-3fe3-469f-884d-cec7d822faff,O62,P23,3,218.14
ee493330-ecc6-40a7-bb56-121f4df7ac08,O62,P26,1,251.1
bf1c0189-aaae-4bf1-a99e-3b6af87d77a0,O62,P14,2,30.25
02ec8186-39cc-4467-bfb9-e1459dcea5de,O62,P34,3,23.19
7cfd81bc-2777-4a79-a8e2-b6322f67ba6f,O63,P1,3,386.89
cfca77e7-9ed8-4ecd-9c99-f656b449085d,O63,P44,3,165.78
5c24b3f1-72ee-4049-a01f-8cc04f5b697a,O64,P38,2,28.25
720c3581-0c94-475f-bf71-8b0e309f7b60,O64,P25,2,204.24
d354c468-6e26-4336-8d09-badc914a8b2e,O64,P6,1,288.13
10b1654a-c246-40ed-826c-1f08e8906ce2,O65,P22,2,315.67
0320109a-fc98-4608-89fa-b69372c6f961,O65,P30,1,469.52
7268d777-2e4c-471b-8ace-aa07296efdfc,O65,P46,2,297.7
f1ed0613-8a32-463d-bc6e-dded14f7186a,O66,P16,2,150.17
4ac25f16-be46-4f2f-94bb-ed05bb1d61a9,O66,P49,2,16.6
a79be3b0-c342-4466-9449-16565116dfda,O67,P1,1,386.89
269c2d21-12b5-4857-8502-20260a3239d1,O68,P18,3,164.27
f3293e19-dec8-44c1-aea7-056958deffc0,O68,P10,1,192.31
19bd64f9-290a-470e-bd15-305ff9e4f0cf,O69,P29,2,495.24
73072392-041b-4ae6-8baf-b7b36d9ca80c,O70,P10,1,192.31
49cc5afe-da50-4905-87d6-70813948fc91,O71,P29,1,495.24
e039665d-29a7-4fdb-9aff-045f607ca9cd,O72,P28,3,45.74
31fe979b-5196-47af-97b7-8e98a4354315,O72,P26,2,251.1
8b9aa26b-75fe-474b-9695-e989adede6d6,O72,P15,1,17.14
e3f345fd-3d28-4826-a002-6b4a223706bc,O72,P7,1,40.44
c744a542-2f81-481a-999e-18f79fcb393c,O73,P40,3,61.97
5348d9b9-7590-4115-9f20-6a9791cc5e2c,O73,P40,2,61.97
a300f156-bda6-4ade-af04-6f4dabd6ee23,O73,P30,2,469.52
3cfb6526-34ae-4faa-9db0-8c0455f2206b,O73,P25,3,204.24
459bbda4-ef8b-4cbd-835e-c3d14dc38a7b,O74,P0,2,29.14
212fc430-2b66-43ac-90bc-36acc8bb8faf,O74,P0,2,29.14
42b80e6d-7011-4e6f-98df-fd57b88a229c,O74,P43,2,451.76
995c6c35-998a-468d-9a26-436add82b213,O75,P38,3,28.25
0756c27d-9e8c-4e50-a128-0d4ad0e74f19,O75,P36,2,229.21
dd1e1ae8-a231-41fa-833b-8cd41c5f77fc,O75,P49,2,16.6
9bc9b310-8d4e-4a5e-bde0-90d34e286491,O76,P26,2,251.1
c4a57337-4f35-4ce4-b47d-6c041003752a,O77,P41,1,227.6
63c20efb-df11-4daf-a045-0e051963fbf9,O78,P23,2,218.14
15e2ec76-6b4f-49db-b893-345bc518fbf0,O78,P19,3,318.26
ad784b99-ce13-4c25-8d23-73248cdd4127,O79,P48,2,51.12
aa0a8f50-3bc9-4899-92be-a377bc53535a,O79,P15,1,17.14
0f276c6c-1c3b-4bf3-80c8-cd4683ac017c,O79,P11,3,422.06
dcc125cd-872c-4c4c-8797-f605d0acc4e2,O79,P1,2,386.89
2a5b49b5-1aca-4fc0-826f-b1c282d8296c,O80,P49,1,16.6
10c14a7a-f1f8-45c8-a33a-3ebbe6ed2b9c,O80,P47,1,397.61
b371efe5-2b50-47c6-9888-801262fcee74,O80,P17,2,165.71
b7f74be6-78f9-478c-b3a8-bb648d14f38c,O81,P15,3,17.14
7a040fde-d7fd-47c0-a47a-a94ab4b6fca1,O81,P14,3,30.25
97b49709-e357-4fb6-8814-b34c0940fce1,O81,P42,3,364.27
af5d2dbf-389a-4523-931b-ce93ad129542,O81,P40,1,61.97
872b5b99-4e83-412e-bc5d-189adbc6f1a4,O82,P11,1,422.06
f4b4d4fe-1f15-4702-b2ba-99760e3e9b33,O83,P8,1,13.01
bb9263a1-1822-4589-9e9f-07826c8e366c,O83,P11,2,422.06
6e4a604e-2d92-4c2c-8bab-b87984badc3e,O84,P16,1,150.17
96c7926a-a44d-49b8-91ba-48363506cfd6,O84,P38,2,28.25
6dbdd8b3-b99c-459c-b6bc-12aae4c74a07,O84,P1,1,386.89
881b6469-efba-4ac9-90fc-8f6b149b2f67,O85,P36,1,229.21
8a4f6a60-1d89-445e-acbf-a43940023ef1,O85,P4,1,428.84
4b9f7b88-5b7f-4998-aad3-e60e22eea572,O85,P4,3,428.84
e5713ca6-25eb-4f7a-b8c6-5833d4996f2b,O86,P2,2,153.08
7637d4d4-3b22-4718-b332-4bb36753922b,O86,P14,2,30.25
bfc29953-4ca1-49ea-aea9-5bdeb9ffdd4d,O86,P5,3,428.82
a1d6f16d-7e64-4716-9eba-0b73d4694545,O86,P9,3,114.1
4c187f10-5aa2-4fb0-a834-a897ccae1063,O87,P20,2,322.96
e7d4615f-44fb-42c2-b8a4-16f72e72d7a8,O87,P23,3,218.14
6f185747-f97a-4008-bf2c-401bddb08860,O87,P4,3,428.84
d5d35807-be5c-4bc2-9f99-b62e7611e796,O87,P10,3,192.31
685cb39d-ac9c-467c-94c3-915d0aa33723,O88,P16,3,150.17
977ad498-5130-4e64-8c8f-1452ad9b7a81,O89,P29,1,495.24
9c491181-6f1f-472e-a83f-e4c34adbce4d,O89,P16,1,150.17
94d7e816-0407-4c82-b5e5-1c10e1c2cdbf,O90,P36,2,229.21
122aa940-9f43-4aa0-b948-be09494050a6,O90,P8,1,13.01
a9e5794c-786b-43ec-ada6-f13eec9edece,O91,P2,3,153.08
043472e7-4e53-49c3-b2a4-373cad059200,O91,P21,3,243.54
8eaa84ed-34b5-43e5-ae6d-a8173bb78e7d,O92,P32,2,205.58
8788d2ba-ddc4-4c11-a238-485773b36f0a,O92,P11,1,422.06
f42b0503-7db4-4066-808e-20ecc8fbefbb,O92,P42,2,364.27
e3cb744a-2570-41a7-9b87-23ef7446ddc6,O92,P48,1,51.12
a3f23294-69a0-4f88-b3ca-b9fab309cddc,O93,P36,1,229.21
9e06c8fc-1644-4d6a-ab04-9a60a6b84902,O93,P27,3,329.1
89584079-0460-4c11-a68e-eeaf6e381e61,O93,P36,2,229.21
350920c3-b8ab-44d9-a643-7319678e7d16,O94,P23,2,218.14
d5ff6c5a-dfef-44ff-b6a8-7c59f0240c74,O94,P40,1,61.97
8d3a82c4-5fed-4ba5-9b01-bfacacd7ba11,O95,P35,3,199.25
90229f04-46c9-4ea5-a35f-182e172149fe,O95,P3,1,210.16
6bd028dd-465b-45cd-9b48-8c8f548af6a0,O95,P18,1,164.27
2b0ee9e7-a13a-4d0b-9e61-a4e295a78355,O95,P6,2,288.13
2a42daf5-45df-4100-b978-075efdbf8021,O96,P13,2,195.01
86437790-fe04-4329-8cb3-292f5463ab9e,O96,P1,3,386.89
df8dd368-c2f3-4c56-a93d-925ac8709a1f,O97,P21,1,243.54
de281d7c-4e52-4366-a3d2-f09911a09c17,O97,P12,3,196.5
b62b424d-195e-4cbd-9777-9d6b8c75f47f,O97,P5,3,428.82
16e469cc-b36d-4e8b-b3a8-bf6d430411f0,O98,P9,3,114.1
59003cab-e20d-4992-9675-f185608e941e,O98,P44,1,165.78
b333fdc0-229b-4ac6-af3d-e062d352e522,O99,P43,1,451.76
5ac094b1-97d1-4376-b4b7-f4fe3f3a0653,O100,P16,3,150.17
eb7c8db6-1ed5-41ab-80c3-dc497d77a282,O101,P0,1,29.14
b0e9036e-3717-4cb1-905e-eb254eac4f4d,O101,P3,1,210.16
cc105870-5ca2-435a-b4dc-878d7deb0240,O101,P14,2,30.25
32426bce-922d-42e3-a71d-e780fab09ed5,O101,P21,1,243.54
8e14a9f3-6421-4ed8-8f39-37d5b2d17676,O102,P31,1,92.64
f4badd1f-2456-4b25-ba66-091c607f1776,O102,P12,1,196.5
4d83eb9a-7d87-4223-a5f3-2d9643d4aef6,O102,P26,1,251.1
91bba5fd-a762-479d-b906-0cb76fa279ea,O102,P36,3,229.21
bac1ab16-d009-4338-aa4b-b96edc327ad6,O103,P34,3,23.19
046e9dd3-a14b-47eb-9061-53094d8d6f07,O104,P18,2,164.27
a2e2e87e-5627-4291-8012-749eaebe71f4,O104,P26,3,251.1
23d830ca-a09a-4754-8d13-327be49b8c8b,O104,P11,1,422.06
fccb565e-1aec-4524-9b69-7bddb2855546,O105,P38,3,28.25
3f616c67-dc5b-4f0a-947b-b020f02e2be7,O105,P0,3,29.14
60eac73a-2cc6-4a8b-b2c2-9bc694459984,O106,P47,2,397.61
c23d2435-4526-42b4-8d4e-dfe1fc9d0efc,O106,P31,2,92.64
7b68faf8-e460-4165-9388-87f238050cb0,O107,P47,3,397.61
9373c64f-9f2e-48c9-8c70-9fb5b7c4a27d,O107,P26,2,251.1
abca60c2-129d-433d-ae08-438ab1f2e6b7,O108,P19,3,318.26
f7ec5792-e32c-43fe-a6a7-18b0074221bf,O108,P45,2,488.83
7f024806-fa02-4c93-b018-2515c1a995d7,O109,P40,1,61.97
cbeb42bd-7170-46ad-9ff3-36fe54887a48,O109,P28,1,45.74
25766039-e2aa-4ed1-8d7f-45243f459896,O110,P15,1,17.14
e82184fc-5492-42d1-8b40-2293e42535f6,O111,P37,1,344.86
b90ec29e-e46e-49d7-93b1-a6894e4f7cb7,O111,P20,3,322.96
c30eef19-ef90-4e78-9d64-7bedf21dd7b5,O111,P42,3,364.27
ae7c6dd2-307e-4c22-bcbe-b9aed10b794b,O111,P22,3,315.67
76871f0c-9d58-4190-9c76-b063f3ae8470,O112,P12,3,196.5
5251dd7f-f8d8-441b-8635-0826046bb13a,O112,P6,2,288.13
303bbb77-fa16-4ece-8d7c-4f1674fa5f62,O113,P39,2,382.01
c3c52481-57a2-407f-aed0-df58378184ab,O113,P11,1,422.06
504395da-9de8-4d51-9af7-bd73d072ba7e,O113,P38,1,28.25
f9367fcd-4b1a-4a40-8d61-2ce65c300295,O114,P16,2,150.17
f29258ca-0eea-43ab-9132-9986d45db940,O115,P26,3,251.1
753aba1b-2dcb-460f-94be-bf682cb6c275,O115,P0,2,29.14
ec13cc7d-5566-40bf-8c12-ab028d63fa34,O115,P19,2,318.26
2c396080-dd6a-4de6-ab9d-220b44e56a84,O116,P23,3,218.14
10a127d7-67dc-41f5-97ad-3da7c92f3cbc,O116,P18,3,164.27
4cacc552-901e-4b12-bebb-90eca15771e2,O117,P19,2,318.26
6bd27c1b-6492-4234-8445-c45de76cd253,O117,P48,3,51.12
a62c1ba1-4808-40a6-bbea-3323a694be7e,O117,P48,1,51.12
809d9b55-64ab-4263-89ef-39b18748a4a9,O118,P1,3,386.89
2db578b1-b59b-4dfa-8d31-db174b41435d,O118,P13,1,195.01
ee45ad19-d5e1-408e-a819-5bd51fb92016,O118,P41,2,227.6
eea2f6d5-8d7f-49eb-8eb1-06b52d010c0b,O119,P38,1,28.25
885c194d-f88a-4198-8ebe-326bf8512592,O119,P39,1,382.01
3fb05be7-9b82-44ae-ae7d-c54d2238f065,O119,P1,1,386.89
35f154ac-24b4-4598-8e01-e698ee88ea94,O119,P44,2,165.78
4c3dc2e2-79cb-4bbc-bd89-dbc8c322e80f,O120,P20,3,322.96
5903cc8e-de86-44f7-b48f-5cafe262b9b6,O120,P20,1,322.96
fb0bb655-a8de-4878-a3cc-221cfbd7dd4c,O121,P26,1,251.1
b56c3226-d99c-415d-8105-1f7826a114dd,O121,P16,2,150.17
1d5a1019-b5fe-4967-b2a6-b4e67958b402,O121,P17,3,165.71
2f55ca5a-8c92-4e61-bc4a-978b7545b55d,O121,P44,2,165.78
a24e33ba-0be6-46bd-ad3a-e22e14c2fdd8,O122,P6,1,288.13
829b84d8-4f0d-4823-9bb0-5c5996cde3a8,O122,P35,2,199.25
60bec02f-21d7-40fa-b267-50f612db3aa5,O123,P2,3,153.08
1820565a-cbd2-4c79-9f49-d898398e72d3,O123,P46,2,297.7
9431a94a-c8c9-498f-9c18-a808c3731362,O124,P2,3,153.08
13e358bd-d6ae-46bf-9a40-f45784bfbb3f,O125,P5,2,428.82
e988ce52-d5a0-44a9-a23f-cf09b147d619,O125,P1,1,386.89
0eac7b71-d071-4757-b2bc-f3458b8708d9,O126,P12,2,196.5
8c957439-f87b-47b7-9a4d-d1a1daa0fa81,O126,P6,1,288.13
9f5bd88b-2fd1-40e0-9e04-d6ee6732a1a9,O126,P29,1,495.24
6054e094-e6f8-45f3-a18b-de2dd4171d2f,O126,P18,3,164.27
20f8973d-00f5-4a1a-b633-fa6460d8e54f,O127,P23,1,218.14
ad27300d-6706-4243-a6ce-fb3eea11f92d,O127,P44,1,165.78
f38a9665-a273-436f-8321-0860e5dc964e,O127,P34,1,23.19
08877178-4e03-4af4-aebc-4a6054ffc2e9,O127,P5,3,428.82
7090c462-31e3-4543-8e87-8ce8abb2fea4,O128,P40,2,61.97
1aa2bcd5-8568-4bd6-914a-0c39192bf07d,O128,P36,2,229.21
ed6cedda-ed36-48e4-944e-5cf78f2102c1,O128,P34,3,23.19
3036209e-c71a-49ca-ad85-a3915a216e29,O128,P13,3,195.01
ad868f93-1494-4433-b7dd-63921c7ad0f5,O129,P6,1,288.13
44392e83-3b6e-4652-98e8-c4e75ecf67cf,O130,P34,1,23.19
a6cc6132-9f67-480b-bfc1-17b148b25fcf,O130,P26,2,251.1
9f11ab42-c14c-4cb0-bd28-f68202ef4891,O130,P40,1,61.97
82aad052-9ef2-45d3-b702-52aa59f1a00f,O130,P1,1,386.89
d1645722-b4c7-4cf4-a7f9-49e0bca8286c,O131,P44,2,165.78
164eb584-b823-4c05-8f25-e042cc0cf3d4,O132,P12,2,196.5
5d2d5406-5ff4-4c0f-9094-e85859a996da,O133,P16,3,150.17
058e8e14-1254-43a1-b1f6-cfa1d7760ec8,O133,P22,3,315.67
b2eece24-4ffd-4d9e-8514-a0f53608f9cc,O133,P11,3,422.06
222b1b49-3830-4947-9226-54ae5a588a48,O134,P42,3,364.27
bdeaf4f4-166b-4cbe-aae5-96c9b9a7e832,O135,P36,3,229.21
01c49f8b-ca28-40a1-a4f3-fb253e442572,O135,P24,2,327.27
7da7c1c9-8b6a-4e9f-95f0-5f4f5ea3308e,O135,P29,3,495.24
0256f1bc-f70a-40f9-babc-ac2383ec1218,O135,P20,1,322.96
36b46138-82a8-406c-8e27-20a200925317,O136,P24,3,327.27
371dca59-8c29-446b-a59d-eac7d9a0cc9c,O136,P35,2,199.25
e604db06-fde3-41eb-8d61-2ffaae0487ca,O136,P47,3,397.61
31c13e2c-b79b-405b-a20c-1142be6b306d,O137,P2,1,153.08
c404bf2c-e8e7-40f1-9e7a-33cf00f1fa0b,O137,P11,3,422.06
ab6751d2-5912-441e-98d5-69f93f014dac,O137,P11,1,422.06
4790c257-395a-47f7-af1c-67b74e49241a,O137,P36,1,229.21
56bd0e32-2b10-4ecc-8d85-a4fbcc01bb57,O138,P33,2,410.57
d3b715a6-dfdd-4597-b80a-1ac67e3f1e8e,O139,P44,1,165.78
668bd402-0015-49ea-bdca-b023c65a5f0c,O140,P0,3,29.14
baa41f65-a69f-47d2-9d1b-d8c2b1798f6b,O140,P46,1,297.7
8743a98f-53ef-43cd-8797-3ba056316ce1,O141,P5,1,428.82
11b2562c-f103-49e8-816d-fe58ef4db8a5,O141,P42,3,364.27
901f57a5-391d-48e1-a57a-d59dade235db,O141,P23,2,218.14
71bd41a0-d386-4ecc-b9c8-8b82b0627365,O141,P26,3,251.1
cea7424c-0e5d-4ecd-a721-cbbf3bfe64c1,O142,P28,3,45.74
189b600d-b1cb-4207-97b8-6d49cb963cce,O143,P36,3,229.21
eef8c2b4-f4a9-411b-8d15-fc8237e9a648,O144,P42,2,364.27
7d9a2050-c834-4f0e-a92b-7c0cee9da525,O144,P45,2,488.83
f9175028-50cb-4483-8b65-f449b9c39cfc,O145,P41,1,227.6
1ea52637-1130-4e0a-91ef-4030bba0d47c,O145,P44,1,165.78
770ba324-ec6b-4228-8400-59da4c8c5306,O146,P6,2,288.13
c242a926-7b06-46a7-9c8d-8fe812d2abe2,O146,P23,3,218.14
4759b0aa-04dd-4f7e-932d-792cdb6c0c1e,O146,P27,1,329.1
d5afe4b9-a6d1-4a28-a784-03816bf12c52,O146,P38,1,28.25
64d0010f-5ba3-434f-86a6-fa82bceb6795,O147,P30,1,469.52
64521bf8-0d18-4970-a303-fb91139504ca,O148,P9,2,114.1
49602d28-f075-41fc-8be6-9d30c15df99b,O149,P43,1,451.76
3e772ba4-30b0-4fd7-b915-c94b0c11d969,O149,P21,1,243.54
797a32c2-b651-411d-a859-6749ae189b42,O149,P39,1,382.01
20ef4854-9aa0-4305-a79a-61872384e09f,O150,P44,1,165.78
f85c1e4d-5751-4cb5-8899-d5c677690420,O151,P7,3,40.44
df8b7f98-dfe6-4848-9dee-6c878cc76968,O151,P32,3,205.58
8da953fc-0dea-4d23-85ca-18de40c27b45,O152,P5,2,428.82
2ece89be-d1a5-43e6-baac-410bdb56175a,O152,P34,3,23.19
b15ae075-2ce3-46be-8a76-5cda381f640e,O153,P41,2,227.6
ae9b37bf-ab95-41fe-bf8b-d8efac0c0244,O154,P38,2,28.25
f35bc45e-82ae-40bb-b769-a6057b0c14e4,O154,P30,2,469.52
e79215d6-c120-473e-a3c0-e6a142c4e255,O155,P40,2,61.97
f315ecff-bf49-44a3-bc78-ffff6c92d839,O155,P23,1,218.14
a39aa2fa-b8bf-44c4-ab23-293ce30a4b97,O156,P7,3,40.44
25dd20f2-4ae9-44e9-9d80-0c1158115092,O156,P42,1,364.27
a60a4505-3b90-410e-84f2-73623f3f995e,O156,P28,1,45.74
1e6d60cc-fbfe-4717-8749-9be35730bbfc,O156,P16,3,150.17
3657e95f-153b-4915-be32-7e6c39fd5ed5,O157,P4,1,428.84
a929ad38-43fc-4845-870d-88826aca4eb9,O157,P40,3,61.97
9b0734bd-5991-41b6-939a-69ed0a2ded27,O158,P16,1,150.17
5dea782f-219c-46b0-b637-79f8d5d95944,O158,P6,3,288.13
c2c010e2-e0c9-4461-bd93-922c5d8be54e,O158,P26,1,251.1
b78fa3f9-00f1-4c64-8722-9a87179e229d,O159,P32,3,205.58
d6ea0deb-4cfd-497c-be1b-a70b632c04da,O159,P11,2,422.06
d42df2e2-8842-4a71-8db1-05b0239ec147,O160,P36,3,229.21
89d5cb14-abce-41e7-ac9d-9fe137d86f57,O160,P38,2,28.25
7edcc563-a2d3-40f3-ad67-168da37e29ab,O160,P36,2,229.21
87f65200-b727-42a8-a4c9-7ed217dba3d6,O161,P15,1,17.14
e3bc74de-7e75-4431-bbf3-b9168ac4387d,O161,P16,1,150.17
7e888899-9a73-4e7a-9f86-5dd85520c6b1,O161,P4,2,428.84
1fde231d-9e44-4a50-a049-ae39cf2badc6,O161,P21,2,243.54
8fa7d4cc-9f23-48c4-908a-45e88356b301,O162,P40,2,61.97
a1161c38-7f84-4c14-8ed9-28de44d76117,O162,P18,1,164.27
c72c6a74-4aef-4eae-93ab-770325878561,O162,P26,2,251.1
fdae0cf8-e19a-44ce-bbdb-c782ead3ffaf,O162,P34,1,23.19
1b945715-d30c-4733-bcef-19989908f1b1,O163,P19,3,318.26
f6000c46-81e9-40a3-8098-593bfaef4e59,O163,P12,1,196.5
8dc7492e-235f-4d79-911d-702e4e18a41f,O163,P2,2,153.08
51366fac-17ca-4c45-a760-b23981931fe5,O164,P8,3,13.01
a0d41fc7-cca3-470e-83e8-e8255bd8f878,O164,P17,3,165.71
cd4dc111-03fc-4073-b91f-23f3b301a624,O164,P34,3,23.19
0678951b-c4c5-4a9a-be77-936d77c71081,O165,P20,2,322.96
e3d9e448-78c9-4ed8-850d-b151e3b4ddf7,O165,P25,1,204.24
b691cbec-bd9f-4136-8bb8-8af106d541e2,O165,P17,3,165.71
4763334e-f5d6-43dc-9e98-c6bf12257f9a,O166,P23,1,218.14
38ac2abd-3f55-43c2-bace-f948737e9d2c,O166,P29,2,495.24
f2ee3d81-42fd-4f85-90eb-321ebbbdc983,O167,P4,3,428.84
81948f66-4ef7-4a4a-921f-13de721c51b5,O167,P26,2,251.1
bd3ccfae-c18b-4b5d-aab9-cc8692c2bb44,O167,P9,3,114.1
75ea9595-4226-45b7-839b-ff4a19dd6c19,O167,P9,1,114.1
001559cd-ab97-4056-af3b-7a1493d3b777,O168,P24,1,327.27
9b1e1a07-bebb-40ab-b7cc-eb4d1172bf02,O168,P14,2,30.25
5cca1d8d-8ba9-4a42-be12-e9920b4e8a0e,O169,P29,2,495.24
13c095e1-1da7-4ba3-8141-775f094565bc,O169,P46,3,297.7
facead16-49f5-4af9-965b-0f0488cb4204,O169,P6,2,288.13
5fb7dbef-311f-4bfc-b704-6c3bd3b50cb4,O169,P30,2,469.52
887b66ca-efaf-4a93-9926-48c18ff5573c,O170,P28,1,45.74
0c7f2afd-8233-4024-badd-37618006b240,O170,P14,1,30.25
6a3bdfef-978d-411a-b54a-e4e1152fbc51,O170,P25,3,204.24
b3f4ed74-6b09-4f46-b9f4-60f031d88864,O171,P20,2,322.96
6cb89d4a-648c-4171-8529-ec3d8cc26ad4,O172,P25,2,204.24
e846ca34-57a3-4a98-8403-40e135cbbadb,O173,P44,3,165.78
e019e910-3ebf-4e36-b240-3a199a484026,O173,P34,1,23.19
0ab46dd4-f989-4346-91ec-b0968db1953d,O173,P16,3,150.17
73a38873-09c9-4205-8f61-baedef545494,O174,P30,3,469.52
91e3616f-96dd-4ff3-9c4d-8bf337005ebc,O175,P32,3,205.58
210bc4a1-60d2-4f40-89e7-dbe55989277c,O175,P43,2,451.76
de4a48b2-6a6c-4075-8e04-86cfd2befc70,O175,P2,2,153.08
4e98d5e2-0a70-46b8-89dd-87e2c78134c7,O176,P10,1,192.31
6e7589af-646f-4514-b199-fe08329fe51a,O177,P36,3,229.21
efabc919-24a4-4180-b1f3-db3b7608f55b,O177,P24,1,327.27
48e4db19-e5ac-439f-97f5-74a57de16f7f,O177,P16,2,150.17
c80cd2bf-23f3-441e-8db1-0c1a9ccd0c43,O178,P45,1,488.83
f5334b44-3dc1-4dae-97b8-41c53d118263,O178,P18,3,164.27
79b0af82-58c7-494c-98e2-c62be6714e19,O178,P44,2,165.78
64274313-cd9e-47b6-8101-164dcda9f6c8,O178,P36,2,229.21
0c9c9f8b-603d-48c6-8cc3-7f9188e7d7f8,O179,P4,3,428.84
1d64ba87-e19d-4375-a331-eb0cfac2c7b3,O179,P36,2,229.21
31c2ca11-7ffd-4392-9375-240fafd1e6d3,O179,P39,2,382.01
5507c9dd-f762-41f7-b679-7b0c0f0ac2e5,O179,P21,1,243.54
0890d4a9-0a6d-4534-b395-6267ee97f5c7,O180,P40,3,61.97
0b085e1e-4973-4420-84e0-2c4232ea60ca,O180,P29,2,495.24
4b782f65-5362-49c9-a931-8cbc5907b2ab,O180,P20,3,322.96
95a4b9fc-32b4-4fde-8b2c-9a8b5591c85d,O180,P15,1,17.14
cb830e00-f6cc-450a-b1a2-4c7296b19e65,O181,P32,2,205.58
30e4e6ca-ec42-4cdf-9ad2-080b8f28afa5,O181,P7,1,40.44
a6fa064e-0de0-4d6e-88d8-518db9f7e0ef,O182,P32,1,205.58
c46f87d4-add1-4012-9664-18ffd1a684e2,O183,P44,1,165.78
1002dcc8-56e6-4f3d-bdf1-5623a8beed69,O183,P32,3,205.58
59c8462c-6919-4f8d-bea8-1738c7ca2506,O183,P37,2,344.86
1533a882-a566-4e01-8661-39a65bda4990,O184,P41,2,227.6
21472c58-eb73-4d8d-b93c-4a00ef56de16,O184,P31,3,92.64
53642411-86aa-47ed-93ae-4006bd73c223,O184,P43,3,451.76
a99948f9-0574-4afc-a515-1ad9b03810f4,O184,P4,3,428.84
a1ef86c7-54ab-4b3b-80a5-c265a3be1c8a,O185,P44,2,165.78
50da3d75-c914-4939-bd07-409db2d85eae,O186,P6,2,288.13
9b2dc2af-a27c-40d2-9717-8c13d59030e8,O186,P36,3,229.21
23a617c1-973f-4ec4-86cc-b4b853785bd4,O187,P28,2,45.74
2ff012b9-5634-4da1-afaf-ce4633a9273f,O188,P34,2,23.19
7cb3433a-5a3d-48db-b282-64d4dffd44a3,O188,P22,3,315.67
cd34a57a-0a74-4efe-b145-9e8a84561ce0,O188,P25,2,204.24
c1acfdcd-ef9b-4f68-b11e-fa4e1ad9b0a5,O188,P14,2,30.25
84c78809-f89c-425c-b625-30fb66dae138,O189,P44,3,165.78
c036184d-c0b9-4f9a-9842-5dbe0e2667fd,O189,P28,3,45.74
8d9cf54f-1201-4424-a618-f0fbdfebf49d,O189,P32,3,205.58
7308a119-970c-4922-9a53-3f847f0ade44,O189,P22,1,315.67
01cb3a65-6a73-487b-ba88-9206a595a874,O190,P34,2,23.19
663d4c44-c69a-4185-aece-8c411652c901,O191,P34,2,23.19
9efc3109-c38f-4de9-987c-3823e46663f3,O191,P8,1,13.01
c72c2c02-1692-47be-b590-e13fa535967c,O191,P16,2,150.17
e6245a2d-0e6c-4a60-9f27-06170db0eb87,O191,P24,2,327.27
83aa3d3e-7528-4e91-b3cd-5578b4b3fe02,O192,P4,1,428.84
d14821ca-028e-42e8-a114-366a791fcf06,O193,P33,2,410.57
0b7476e0-7011-4f10-bc36-8e3a13f2b20c,O193,P26,1,251.1
4042d97d-b1f7-4e2f-b72c-e868b9af6486,O194,P20,3,322.96
84e40e53-ca93-4c0a-9380-1c1d1ab44e79,O194,P26,3,251.1
8c6fc66a-72a0-4921-accb-089647991642,O194,P37,2,344.86
cb476281-b263-4d3f-8868-f4f991bffdfc,O195,P44,3,165.78
aa551e02-1208-4592-9333-d34bddc7e4ec,O196,P15,3,17.14
66eada40-e8ef-4650-bdea-e2081e7e71d0,O196,P39,3,382.01
6b034c90-de66-452b-9abe-2e84982e3be3,O197,P6,2,288.13
5ebbe951-59a3-475c-b2fa-88f9340cf748,O197,P46,3,297.7
d7fc6f46-3dd3-4018-8e7d-ea083a3b8680,O198,P33,3,410.57
8f5a45af-1a3e-4baa-aba9-4fa704e60134,O198,P37,3,344.86
3f21084b-f7bf-4bee-a5bb-45ac8a495b46,O199,P42,3,364.27
ebd7def9-de39-48c4-b0ce-55858e89440f,O199,P27,1,329.1
37903f2e-3f56-4bd3-a8ac-b2b8264c16b1,O199,P37,3,344.86
01e0a487-95fa-40dd-9e0d-150182da3361,O200,P36,3,229.21
90df9f57-2567-40ad-baff-0616e62deddc,O200,P15,2,17.14
d2c6f9ec-a3f6-4e02-8841-02581ee504d3,O201,P22,2,315.67
f4012c60-b467-4817-a572-853b9ee13f0a,O202,P32,2,205.58
ff7b2847-03eb-4197-abf0-1e0809b7b1e6,O202,P1,3,386.89
bd6fdf08-1755-46a8-867b-5b983cba88ca,O203,P0,3,29.14
fe5b7ea3-2da5-4993-b753-4d3073626611,O203,P36,3,229.21
a5c51f92-dd8a-42b0-9ac0-880f4aefcad4,O203,P3,2,210.16
e6750951-b45e-4e6f-8eda-c34be47af6bd,O203,P2,1,153.08
0887f9ca-b3e9-4da1-bbf2-10d7b470098a,O204,P32,2,205.58
73b6b619-bf04-4c60-9624-ee5f49b692c4,O204,P38,1,28.25
bb8e36d3-ddcf-457f-8a8d-c4a1792ce590,O204,P39,1,382.01
0a821a6f-de8c-46b7-8a92-45cfa83f3a3d,O204,P43,3,451.76
60e5ea82-f265-44aa-9639-bdafe074143f,O205,P28,1,45.74
d833bdf2-5dc2-42b0-9f72-80f88be94868,O205,P13,2,195.01
f1d67550-2994-448e-871a-5993ddbd6771,O205,P39,1,382.01
078e89f7-49c0-47ee-bda0-e528722051cb,O205,P12,3,196.5
0aa7ea3a-428d-47de-9199-452dab062e15,O206,P30,2,469.52
8df75b99-bb18-4892-b73b-f879c5c180f5,O207,P26,2,251.1
7cc6af96-c2c6-4cea-864b-260120e65bc1,O207,P26,3,251.1
b82e338e-3cae-45b7-b13e-dd56422db216,O207,P42,1,364.27
a9ac9f5e-ca47-48ee-b32d-52cbcf8a90e5,O208,P15,1,17.14
f9e0de99-9cd4-47fb-b1ce-4bde5591c36c,O208,P26,1,251.1
d9380000-85c7-451d-9697-8e1d677b02af,O208,P14,1,30.25
db4d48e9-998e-4ccd-8d64-f5b26736ea6d,O208,P36,2,229.21
6919ad1d-fec4-4e05-b2cf-f5e28a75773b,O209,P37,1,344.86
19fee4e2-a4a9-446e-8c11-478738404fbf,O209,P33,3,410.57
86ad76e0-f90f-44ff-9c1f-971f1a75aec3,O209,P49,3,16.6
becf1c40-5268-45a9-ad60-7ea6161da08b,O210,P46,3,297.7
5a75ff1e-ef0d-446d-981d-56e318fb51ee,O210,P36,3,229.21
e35b32ee-4a9b-4acd-ad48-e20c55b625b1,O210,P42,3,364.27
d8f87246-8f31-486d-a481-dbaa19eace55,O211,P2,3,153.08
637b599e-dc79-47d1-88c5-2ddc12623d9a,O212,P18,1,164.27
a891ad66-16cb-4c16-a2bc-aea2cc991e31,O212,P10,2,192.31
807b7c2b-0218-4b5a-814c-ab6f83d75c3f,O212,P18,3,164.27
de4032cf-052e-4412-a9e8-58be6e92ba2b,O213,P5,2,428.82
91d77da4-c41d-4b56-b8e8-f6da07f4d289,O213,P29,3,495.24
14333a85-c5e5-4f2a-91bf-2e4613a178b0,O214,P3,1,210.16
dce0a4da-4f2f-4f31-af0b-6f8562875112,O214,P26,1,251.1
39dba6ef-589c-42e3-9269-4288e4637d6c,O215,P47,2,397.61
0fc8015b-a2bc-44db-9681-12609d7eb8a0,O215,P18,3,164.27
448059c2-685c-435e-b91d-e92dc176ccaf,O215,P47,2,397.61
c308d5b0-babd-4e70-b1a4-36dedcaf18b7,O215,P32,2,205.58
31bc898a-f7b9-4c51-9121-10b5b5e8fdb5,O216,P35,1,199.25
869de722-a223-432f-8875-b73ae0173c40,O216,P36,1,229.21
490f9532-2a9f-43a6-a241-6783b38d300f,O216,P36,1,229.21
2112db12-0384-4775-b4c3-1a54a1e5be64,O217,P17,3,165.71
31d2413f-75bf-4206-a87c-be2c69d47876,O217,P14,1,30.25
ffc4f327-2d5b-4bff-be2b-4cba643cb8cd,O217,P1,3,386.89
ed5ad6a8-530f-409a-8ac9-793b21eb9f3b,O217,P45,3,488.83
d90f8335-22b0-4f1c-8dcb-5660d04257d6,O218,P49,2,16.6
49bbb028-3a0d-46b8-85d5-2a6dfd908f44,O218,P27,1,329.1
31ab00b7-1180-43f8-b940-6994b56cf483,O219,P4,3,428.84
b702b84d-4d54-4e98-a32a-fcd644d3175e,O219,P29,3,495.24
9a2cc9d5-e376-46e7-96d7-f33eb63347e4,O220,P18,1,164.27
0f9e129c-3029-4525-ba24-2969d25d7b82,O220,P19,3,318.26
321cf67f-3c41-4c2d-8a77-e96bc0e05b5b,O220,P6,3,288.13
e3a9d901-6230-462b-bd64-1b65402499fe,O220,P10,2,192.31
c34c28f6-7070-4568-9332-ad8208b213d9,O221,P2,3,153.08
32d728ed-1dd9-40de-92ee-5ce4671dca5a,O221,P8,2,13.01
1893d077-70ec-4ac0-bfda-4137164014db,O221,P31,3,92.64
9444b1bc-d3f2-4152-8b24-d71ef696fce5,O221,P20,2,322.96
a1e7d4fd-0111-4541-8c32-6672201ea3b5,O222,P6,2,288.13
ee37d4db-3f68-43e6-93c2-f05e8d01ca1e,O222,P4,1,428.84
cee57ceb-b9bc-493d-a7bf-0c8c9fc0e797,O222,P6,2,288.13
ac781004-5593-4982-9b21-c4d51e91b697,O222,P13,3,195.01
c84ab872-b33c-4282-9687-7fadfdeb5e6c,O223,P38,1,28.25
701c6452-4100-4a4d-893e-c0f5e896c443,O224,P8,3,13.01
eaa4d6e9-0c98-4c6f-a547-60ce3d2eb0e6,O224,P40,2,61.97
2319fe5c-93cb-40d5-8b5b-aa84a0aa849b,O224,P41,1,227.6
c4476d8e-5d4f-4ba3-bb45-0bf7df0b80d2,O225,P15,2,17.14
9592e091-8707-4ca9-aafe-ff8a16984e0b,O226,P15,3,17.14
c774a5d7-fba6-44e8-abf5-277e20b139b6,O226,P35,2,199.25
07e2cc5c-eaca-466d-a8b9-70a4d35f3712,O227,P34,3,23.19
6c26003a-b11b-4657-afd7-420ac6b5a292,O227,P42,3,364.27
d129d8e2-7cd3-4e84-b110-010d3558b7ba,O227,P19,1,318.26
de4472bf-9476-42fb-8352-bdb4bd4f0a65,O228,P21,3,243.54
063f0e3f-a3a8-4d5f-b094-86e631522659,O228,P22,3,315.67
802faa4b-9b92-4e66-9fa1-b2889463cdce,O229,P38,2,28.25
1b251597-d2c8-48b7-a34e-14cd7b286043,O229,P0,1,29.14
ab16884b-040d-492d-a131-3ae23534f02a,O229,P26,3,251.1
42717ac5-b3cf-4a56-8c40-a5ea44908144,O229,P11,1,422.06
c8671b64-90cd-4fa0-b9f5-d92cd526265f,O230,P42,2,364.27
f6b93d9c-3987-4927-a0c7-8d7e30550c16,O230,P48,3,51.12
fc48e577-831b-4445-9d6c-1afaf3661df5,O230,P20,1,322.96
69d7e18c-6257-4c0c-952b-d0c560516aae,O230,P0,1,29.14
4e506e0c-022f-4030-8513-2bf7119348a2,O231,P44,1,165.78
6bfd4110-9079-419f-9b71-b08b8c3be249,O231,P2,2,153.08
d13f85f6-cb8d-4356-b613-20aee140fcdc,O232,P10,3,192.31
47637a12-5906-4d33-9ace-bb9c713eb8d9,O233,P4,3,428.84
50de76a7-9513-4354-a22b-bfdf200d7ebe,O233,P42,1,364.27
12e99f14-460a-40bc-bdd3-002403d35d85,O234,P31,1,92.64
aec36a6d-ea1c-4424-a07e-cf9dbb80f25b,O235,P31,3,92.64
7734152b-39c2-492c-86b4-c607bef0a3cf,O235,P14,3,30.25
e50eadff-fa0f-4641-8a98-50d78f1c1ad7,O235,P11,1,422.06
fa7cde0d-3f20-47d2-bd54-285cece013f8,O235,P43,3,451.76
e2709979-bd6c-4052-8676-ace7b10a7977,O236,P17,3,165.71
cd39a36b-f6bd-4d24-8332-12e3c5f5747e,O236,P46,2,297.7
9922bcb1-1e41-4fa2-af37-b00afea03875,O236,P21,1,243.54
01514958-b409-4dc9-9f6a-2658a5b491b9,O236,P23,1,218.14
9c77eae0-33fc-458a-8340-b91522583d8e,O237,P24,1,327.27
ce7e8020-9609-4b10-908f-1c3c55759f08,O237,P34,2,23.19
d27b8d48-2c06-4774-a13a-0da0824a901d,O237,P45,3,488.83
51df296c-5604-42e9-b8df-76149c5e7cba,O238,P4,2,428.84
ad40f57b-6c80-4aaf-94c4-f4705172ff60,O238,P49,3,16.6
8dff7d36-ae99-4026-9775-15502df8ee5e,O238,P37,2,344.86
de5e0e4b-3c20-4cd0-b738-25d72fc63cd1,O238,P23,3,218.14
f0635022-8f4e-4dd5-a2fa-9531470dc038,O239,P12,1,196.5
a242dbb0-a2bf-41a7-adf0-39d9ae8da772,O239,P21,2,243.54
de301bde-72fa-4a65-9e70-cf5aace8eb3f,O239,P7,1,40.44
36f75869-7ca9-41c9-98cf-f889ff1c99e6,O239,P3,3,210.16
4abbdf67-97f6-48be-89e6-83c220ccc489,O240,P28,3,45.74
87251247-abdc-45cf-aa80-abbf8d0fbdca,O241,P46,2,297.7
cfcbc5f2-866f-4d13-8221-f3a96b7aeda5,O241,P27,2,329.1
f8183973-eb8d-42b1-9177-05945aea1019,O241,P5,1,428.82
9506ae59-c918-44d2-b3ff-3f00b2bd2db5,O241,P35,2,199.25
fde61c11-6ebe-4019-ae4a-6809659f360b,O242,P2,1,153.08
9dced149-da10-4cb3-bf83-c01033fa4e19,O242,P12,2,196.5
2220d509-cd62-4f13-9836-6186e906cf5f,O243,P25,1,204.24
f1ed224d-5ba5-4d0a-9399-a306bf4df332,O243,P24,2,327.27
db01a891-e60c-4491-b84d-d5c7e3820ae0,O243,P49,2,16.6
d2f3a772-6167-4f6f-909f-2cdfa2d926e3,O243,P0,3,29.14
51328361-75c1-42e5-a11b-f9300301eb5a,O244,P18,2,164.27
8471373f-adbd-4e18-9ef7-32b806ecab91,O244,P17,1,165.71
98402f32-1134-4d30-a62a-fe70b4123d50,O244,P12,1,196.5
ab44e165-320b-4bf0-a21a-dfe0b213fc70,O244,P41,2,227.6
0d6fa1a8-29df-4e30-af9e-da85b0459e06,O245,P29,1,495.24
a1e45a33-5233-40b8-87e9-d555e603af30,O246,P39,3,382.01
c435432d-c48b-4a15-8eb9-81a510bf1d69,O246,P35,2,199.25
844fdd1f-180c-419b-9279-0527a7841486,O247,P49,3,16.6
d78c2e52-4377-422a-a679-7bcfde01d307,O247,P21,3,243.54
63de8d21-d3eb-4755-8a0b-326ee814748a,O247,P27,1,329.1
7e5ba2d3-8f2f-4e0a-b380-778a5d4db304,O248,P19,3,318.26
1281faa7-4ab2-4496-abe0-99054279b400,O249,P45,2,488.83
5b0a8f95-f76a-4d0e-8cb3-f5e06e3b41c5,O249,P14,1,30.25
279e1464-218a-4fa0-80cd-ad4b15f6e74f,O249,P14,2,30.25
247234c7-4443-486b-9dda-feebd7fd1698,O250,P23,3,218.14
fc3c1cb7-2515-4d10-b6bf-4ecdda082e32,O250,P31,2,92.64
2f3ba124-a652-4820-b942-5578eeeed7ac,O250,P39,2,382.01
1ffda7eb-2ec3-4f56-b295-d70b940cea74,O251,P16,2,150.17
ccd65fb0-ccdb-48ee-a04f-12782e5b4adc,O251,P36,1,229.21
eb3c2f0d-77d8-495f-ac03-a32fccbd2859,O251,P3,1,210.16
be600a21-a668-453d-b87a-1e0dfa5a1b0b,O252,P23,3,218.14
8f4ef3fe-fa4d-4bb4-bda7-c73237d51d57,O252,P46,3,297.7
c82ac91d-9acd-4269-b3f3-a7aaba094ca2,O253,P19,2,318.26
21a8d1bc-b4ac-426a-9bc5-b5c0a6c7d449,O253,P36,3,229.21
80ec2f41-d5c3-47db-8059-273e5c3d04d8,O253,P3,2,210.16
4c25449f-7606-45d3-a40b-ab9a016b1d0c,O254,P44,3,165.78
88258846-5a50-4047-9318-f6442ed026dd,O254,P12,2,196.5
b194edf3-07de-4f02-82db-4bcca4f3f26b,O254,P24,3,327.27
aa7d0341-e221-4798-b3b6-0e2b0130a405,O255,P3,1,210.16
ba0a2704-1bc6-4351-807d-0e6bdff1fc86,O255,P43,1,451.76
3d9e46f1-7a5d-4179-8eb4-e465471e3861,O255,P16,1,150.17
6b80a575-cd80-4184-b39c-c5e79f493c49,O256,P18,3,164.27
9bc4663d-0efc-45d5-8f74-793a3f25a1f4,O256,P38,1,28.25
f0ab0d9c-ab0d-4c96-b0ac-8ad39bb010eb,O257,P26,1,251.1
30b43397-be73-4c66-ae8b-8c31118b4168,O257,P5,3,428.82
5ad0909d-62b2-40e1-a15f-c5915f953234,O257,P44,1,165.78
f0d3f92b-722d-4993-b188-99067b3063be,O258,P49,3,16.6
624dda3b-847b-4878-b463-2723d6efbaef,O259,P5,2,428.82
4d2917cd-7759-4a08-ba50-900ae312679d,O259,P27,3,329.1
02fbc8ba-701b-4ec4-9b3f-cbbed222794a,O259,P19,3,318.26
3fcd386d-105f-4784-8498-ba129675ac62,O259,P8,2,13.01
44eaefd0-b34b-43f6-9aa6-de5118175c83,O260,P19,3,318.26
fac085aa-c160-4504-8d4a-35a12e9d265f,O260,P32,1,205.58
5abb9ebf-fd4c-4c0f-9627-e8ecd244c4a8,O260,P39,1,382.01
1e435dd5-377c-49f7-8668-6ed1772dc566,O261,P47,3,397.61
b1176466-d529-45cf-ac68-88b66cf90e05,O262,P28,3,45.74
277789c5-2b8e-4fc4-9995-9eacc9f00dfb,O262,P1,1,386.89
4977a1a6-179c-46bd-b207-8629a2a66de6,O263,P14,1,30.25
e26993b6-9b0d-48bc-803e-0e6727ae1d11,O263,P47,3,397.61
b2ef7bc0-18e7-49d7-8282-020e8d753bfe,O263,P3,2,210.16
d136f902-ecf9-4465-8a85-e37a8e82a036,O263,P46,2,297.7
05840f4d-08f4-4495-8d6a-3b5b2f515d63,O264,P46,2,297.7
03d9a014-3501-4b41-8db9-c7732ac36a5b,O264,P26,3,251.1
c25e3878-ef1d-429c-9158-8fb945607493,O264,P26,2,251.1
d029e300-e3ce-4c0e-9845-7dbca13d7e2a,O265,P8,1,13.01
1b21e399-5c7d-4bdd-ac4f-5bb7615e81ca,O265,P12,3,196.5
b3bde3c4-068c-4f14-a174-768c0a5685b2,O266,P3,3,210.16
e260562b-38ef-43b1-931c-952d17ce5d59,O266,P17,3,165.71
4041c317-a081-4d9e-a291-8904f6828e59,O266,P45,2,488.83
a7d5455f-b52f-4e4d-9573-89fbeb7c8084,O267,P14,2,30.25
ee10483c-05b9-4b9d-b9eb-7be368624fff,O267,P26,3,251.1
432c15fd-8ce6-4fe6-9edf-bbae0d353623,O267,P7,2,40.44
626ede35-25f8-4b44-855b-b93be6349a5d,O268,P31,3,92.64
2375cd9d-5155-4274-847e-4c7f9909c872,O268,P33,3,410.57
68806639-e76c-4ccb-b99b-950b82aa183c,O268,P44,1,165.78
9aef3435-8e7b-435a-815a-ca7881e64ea4,O269,P40,1,61.97
525e438b-8664-41a6-8229-ffcb4b42f48a,O270,P7,2,40.44
2ae7f58b-c273-4ef8-8556-4c0f3c78cb7b,O270,P26,2,251.1
e0bb7362-29ac-427f-b9a1-10bcdc61bc7b,O270,P1,3,386.89
c3a63328-cf7f-4de7-bdce-1402a66ecf35,O271,P31,2,92.64
70a4402b-93cb-41d9-9d8a-69c8532c108a,O272,P45,1,488.83
352228a8-ae5e-4c81-9648-ea49b69f616e,O272,P39,3,382.01
eeddbdd3-ba14-4c4c-9354-527dcd643691,O272,P46,1,297.7
7774c095-bb58-4430-a9b2-15f32cb50ac5,O273,P3,3,210.16
e2b1ee56-63ae-44a2-8725-2b5cdb7acbd9,O273,P15,2,17.14
1f5dee6f-e1f4-4809-a340-baa5aab993f0,O273,P1,2,386.89
8360a9ab-b8cc-45c8-b2c3-7db676296877,O274,P9,1,114.1
30d87abf-9bbf-48e4-a6f1-5804cdcf8c5e,O274,P15,1,17.14
7cfcca69-0b19-40e9-aa20-96f508e47931,O275,P43,1,451.76
e2082b34-7d8e-4ec5-b528-bd50370a8094,O276,P45,3,488.83
619f1a71-4ddc-468a-b4cc-a1f187baa524,O276,P42,2,364.27
febad7d0-4e50-4fc2-96b6-a8f2c51b60b7,O276,P30,2,469.52
029d962e-5717-44f1-93b4-21e249825d60,O276,P7,3,40.44
bc3bb43a-b2d8-48cf-93cc-d9056e463497,O277,P26,1,251.1
77d8e9af-38fe-4892-980d-326710754427,O277,P16,3,150.17
44de17e8-8c49-4a6f-a441-eedd025ad3dc,O278,P25,2,204.24
c0285750-84ef-4eda-968d-428646fc5529,O278,P47,2,397.61
2c5d68f1-159e-4777-a3ec-d8b3449c89e1,O278,P30,3,469.52
4c93aa9a-2d76-43ae-bfe5-4e80fab0e160,O278,P18,1,164.27
621db6b8-4e48-426a-aaa3-5195f1c1e02e,O279,P26,1,251.1
334985aa-2cab-4be0-8018-ca8df3cfc739,O279,P47,1,397.61
21617833-e030-4f83-aeb7-638d9ca372ec,O279,P42,3,364.27
6ea3ca54-d3f2-42ce-b79d-1c10f2b20104,O280,P18,2,164.27
669fee96-81ab-4610-81c9-debe01af59a9,O281,P11,3,422.06
a5e14681-8877-4a15-9eee-ac29f4343016,O281,P2,2,153.08
7cf36ba7-bd9d-4dbf-a169-24d334978490,O281,P3,1,210.16
d815cb9c-7614-4f8a-be05-2bc886fb9bf0,O281,P47,2,397.61
59961510-80b6-40d1-9fe4-a77436b8ed4d,O282,P39,2,382.01
713e50a7-49ce-4fb0-88f1-6231b43ef2cf,O282,P36,2,229.21
7ef3cfc7-d6b2-47bb-b47a-37b14b601d2c,O283,P21,1,243.54
6d027017-e734-4cec-a3e1-edc2126088b2,O283,P14,1,30.25
777acb3a-f442-4e3f-95ef-5d159cace8f4,O283,P24,1,327.27
7cb4affb-2ae8-41f0-a767-d6b8853463ee,O283,P35,3,199.25
278fd324-c320-4a54-baba-a05ac5de5917,O284,P45,2,488.83
f64690b4-feab-47de-950a-6929ea739e6e,O284,P45,1,488.83
1ece3614-4435-459b-8bbb-2f6cb8ec1789,O284,P35,2,199.25
b21baafb-7da2-47df-ad8e-e1cdd91adae9,O284,P8,2,13.01
d0e11399-5bd3-4120-9f7b-232ad6b369b2,O285,P9,3,114.1
4cebc2ee-d149-4b27-95e7-9299c576f863,O285,P11,2,422.06
1a9d693e-e34f-4665-b7e4-0720b1239eb1,O285,P10,1,192.31
5f98a08c-b5ba-4bdf-8af7-71954353b58b,O285,P38,2,28.25
823fadb0-6580-45b2-9e27-f4ee80d2c371,O286,P29,3,495.24
c16f5d31-6b0b-4ffa-987e-2e1ca9b7d079,O286,P9,3,114.1
393f5196-d66a-469e-8c6c-c7a7851c7c19,O286,P4,3,428.84
9ce2c4f1-95ad-4e56-8735-dc996c6aef6e,O286,P19,2,318.26
e422cf58-5de0-405a-9c40-d5f507e5c7a4,O287,P3,2,210.16
2510fc62-4ce6-4324-9b07-cccecead28e4,O287,P46,1,297.7
7498a497-5700-4ae1-bebb-9f7e1d79f1a0,O287,P7,3,40.44
cd780553-08b4-4620-8793-0fbabe43c519,O287,P36,2,229.21
58236fdb-a11b-4f54-a0c8-694d0c1f286d,O288,P12,2,196.5
00c17c8c-c2e4-4a7c-9496-2799658e08d3,O289,P40,1,61.97
a44f0488-220d-40ad-a3f7-7a24a45e4c91,O290,P14,1,30.25
109f40ff-4efc-45ad-92b8-41f06006c173,O290,P32,1,205.58
644b6b69-bb9a-49d6-bebe-0be00a2a3fd5,O291,P47,2,397.61
c891bef6-df2c-4db1-9c46-e67d2e610561,O291,P32,3,205.58
076750a3-7503-4712-b754-b0de7ac6cbcd,O291,P41,1,227.6
abbd811e-d1e5-475f-849c-05c752310cbc,O292,P47,2,397.61
e588f86a-554d-44a2-8c10-0dc8e40791b7,O292,P16,3,150.17
00b1f4cd-29af-4d9c-979b-ce115b9f210d,O293,P1,1,386.89
3a2a9df1-0aaf-4006-9775-aad013ee1997,O293,P44,2,165.78
1cc83874-dada-4705-be53-9fffd76f2079,O293,P40,1,61.97
2ac4e541-fc8b-4dc3-9480-f1ec57f2c2f7,O294,P49,2,16.6
f0e420ae-37d5-4038-a982-ca8d3887f53e,O294,P49,2,16.6
5d7023b4-67d3-4501-b9a8-9534138615a6,O294,P28,1,45.74
06fe5f94-c374-4dea-8ae9-d002a65a5d8c,O294,P12,2,196.5
457910c6-4d91-4764-8573-a0bacbb83f5c,O295,P26,2,251.1
be26cfd5-d67d-4a0b-ad12-8998ead30490,O295,P24,1,327.27
8515482a-8c39-4e1c-84de-bf7efafeebe5,O295,P38,1,28.25
4dd1b3ad-d2ef-4e59-8771-e48dddfcaac0,O295,P40,1,61.97
7abab771-f377-4079-bb41-5a24e4b8406e,O296,P21,3,243.54
9bafd2ec-8e3c-441c-af63-c704ae4ece29,O297,P32,3,205.58
f785e9ca-4337-4e09-b1aa-3c44e9b3310f,O297,P17,3,165.71
96a1207c-c7d0-43f2-9c13-cfb4480f2095,O297,P20,2,322.96
c8bd04f0-16e1-4502-96f1-98b99869f995,O297,P27,3,329.1
c70f719b-4a8b-4eae-8c17-5bedccd2e5e8,O298,P20,1,322.96
5c5bd105-39c3-4423-aae0-b9634f4593fc,O298,P7,2,40.44
239ef450-a561-4a69-ac80-e1446a0991b9,O298,P6,2,288.13
8fa9a8f6-6283-4f91-80a9-3bed69bf8c7d,O298,P42,2,364.27
4fa0ea4d-8def-48a3-a307-baaef43360c1,O299,P47,3,397.61
2c744920-3911-4b7d-95fc-c04e92100c05,O299,P21,2,243.54
8fafc30a-547b-4ed2-8a0b-f4a3598f48eb,O300,P36,3,229.21
b8e99880-1d65-4a74-a400-89d34ea90bc0,O301,P28,2,45.74
c3477caf-f46e-4249-a379-51aa678a5e6e,O301,P4,3,428.84
49f9eb9d-f4a4-422b-8d2b-f13d714676a1,O302,P2,1,153.08
82d29857-7928-4657-bb79-e162cf5afef8,O302,P8,3,13.01
e0aea692-f396-486a-ae3f-3d1ed700fdb1,O302,P39,2,382.01
8874f3a2-0d4c-44b7-8f55-434836029a14,O302,P49,2,16.6
ce20e17d-bf62-475e-a800-b513390308b8,O303,P49,3,16.6
e8277899-4810-48f1-81ff-5aaed9a98c30,O303,P12,1,196.5
0481958b-e78e-44a6-9921-123b6293fdf6,O303,P26,1,251.1
f171aabf-1863-442f-900e-1d7c7c8589e4,O304,P36,3,229.21
66e72861-5a7b-4757-8d07-cc2f953047f9,O304,P14,3,30.25
2e83807c-21cc-48c4-8b8f-362edb0817cc,O304,P12,1,196.5
35e2a2e5-3d8f-4618-b70f-77f15f01ecbb,O305,P36,1,229.21
4e982956-f196-4f15-9d22-296e68438b8c,O305,P25,3,204.24
8ef876ac-52d9-4a09-a7e2-1bd39bccfd2c,O306,P25,3,204.24
ef3a695e-ae94-4e97-aae5-5fe6e0e1b29d,O306,P9,1,114.1
af0d5563-89bb-4bc7-9927-bf65a89d80f8,O306,P39,1,382.01
902776cd-0045-4445-84b0-50946168f412,O306,P38,1,28.25
dfb382c1-d8dd-4015-a399-1bf681369af2,O307,P10,2,192.31
9458f13a-0fe0-460c-aa3a-64be5a1ee3b5,O307,P7,1,40.44
c2e27067-265f-42cb-b285-f5bf43ba2c8b,O307,P22,2,315.67
fec43e85-e36d-437e-b64c-a76ba8739d6d,O308,P33,3,410.57
db1be554-cd54-4630-9d5e-acb9e70e479b,O308,P15,1,17.14
cec5dc4a-ce40-4d23-b95c-edd3cbd1f298,O308,P46,2,297.7
e200912d-7b09-47e7-82c7-23e13961e5d1,O308,P43,1,451.76
ff1c8ea6-90a0-462e-af74-135cc02165be,O309,P3,2,210.16
614ac4c4-c5cf-4c99-80bb-e9b8f7abc7bb,O309,P23,3,218.14
7e74915a-bbb5-4b3d-a51f-2f8445e1c38a,O309,P22,3,315.67
db59d7a2-ab0c-4770-b4b0-d4de0e66cb1f,O310,P32,1,205.58
d513e096-9f73-4e9a-ac04-30ed9b051453,O311,P34,3,23.19
e12b568b-3171-4b8c-9876-2987ad40ca39,O311,P17,3,165.71
d33061de-8606-441c-acf8-838cc4073082,O311,P40,3,61.97
db302957-eaad-4158-8695-70b96727e414,O311,P35,1,199.25
dc19b9d1-2f5e-4ef9-b7cc-52c394a5e64f,O312,P47,1,397.61
cc9a5319-aa4f-4b31-8ddc-9650afaa4227,O312,P29,3,495.24
7ea5c306-4402-4330-bc5d-96844eb05a0c,O312,P44,1,165.78
c1571d00-6a98-4a23-84a4-fda1813069ee,O312,P35,2,199.25
059915f3-7f07-4157-930a-60dfc349d0ad,O313,P36,2,229.21
6c9be864-0ed3-4f31-89c1-3c9e3b5f6c0f,O313,P4,2,428.84
beb49d1f-fe5c-4822-8326-e9415e293bdd,O313,P24,2,327.27
7fe9a538-38ae-4b54-aea6-d3f852128416,O314,P45,3,488.83
bd0b83cc-dafd-4068-8a93-e828159eaf33,O314,P16,1,150.17
73f1924a-5b00-4fc8-b593-bfc3b76afb92,O314,P14,2,30.25
1907cd9f-f5e8-4796-92e0-cfc52b360b02,O314,P2,2,153.08
c2c5d0ce-cf1f-461c-8c85-356b304043b9,O315,P31,1,92.64
e0a65150-cb29-455a-a203-bc64eebd9a88,O315,P0,2,29.14
8dcbc2ed-5187-42da-ba02-e78147be854f,O315,P20,1,322.96
eb095c08-3683-4086-b22d-80a88174d283,O316,P9,2,114.1
1e73e84c-fa4a-4b0e-bbcc-1d1203ab4fa8,O316,P25,2,204.24
0bf2327d-b680-4254-b3d0-731327183eef,O316,P8,2,13.01
40d6ce1b-0946-4ed8-b616-408b953a5d70,O317,P1,3,386.89
fd0c3256-a3d3-4fa2-b742-49998fbf8959,O317,P4,3,428.84
180b73a4-1f7e-4b1c-84eb-df262e111cb4,O317,P27,3,329.1
b2e3f5e4-86be-4625-b042-01debfa3de52,O317,P11,2,422.06
d913efc7-ba13-405c-92d8-9c50a5205eb9,O318,P9,1,114.1
66c534eb-f904-4b1b-8fa4-28f4baea4fa6,O318,P39,2,382.01
b6af483d-34f9-4680-9239-74162bb305c4,O319,P6,3,288.13
0eddf357-3955-401e-b14a-f7762b66b00d,O319,P24,3,327.27
804e0dd8-2f8b-4a2b-bcae-58148b9667a6,O320,P6,1,288.13
9c72e3bc-9495-47c3-b159-e923de32296d,O321,P20,1,322.96
e1d2da56-47f1-4abe-bde3-bccd54ff73d1,O321,P2,3,153.08
d490732c-8c12-42e8-9420-0e55a6b33415,O321,P49,1,16.6
31c60f35-a43a-4328-8a76-6e75e014b5a4,O321,P27,1,329.1
c1fe3681-4c61-49ae-a8e0-a8a83dcfcdf9,O322,P8,2,13.01
50cc571b-5e38-4e82-ab5e-6821ea8db7e1,O322,P13,1,195.01
1a5e5365-263a-4db0-98b3-079948f70d8b,O323,P1,1,386.89
eba1a8fc-33aa-4512-99d7-a7ed3e4029ea,O324,P3,3,210.16
b22d23d4-4719-4ac9-bd44-864c0986c530,O324,P32,1,205.58
c1a3f2d8-ec96-4710-8e46-6876432a42b7,O324,P31,2,92.64
ff078c73-99ac-43ba-9fba-f5546771cf18,O325,P26,1,251.1
830649fa-8716-43f2-a622-739a1d7455ec,O325,P8,2,13.01
b2fcfd68-7fdd-4122-8b9e-99879fd48a3e,O326,P8,1,13.01
4748d335-54b7-44a4-9826-bd09a9902516,O326,P36,3,229.21
2a9ebc38-1f5c-4898-abd5-d71f7ac805f4,O326,P7,3,40.44
592f4bdd-cc5c-4073-a844-6559be5ee29e,O327,P31,2,92.64
707c8a40-8b24-4c2c-b8d8-7241c3b61428,O327,P37,1,344.86
cd387dcf-46e6-4a2c-999d-b8d1d140594d,O327,P14,1,30.25
3a86946d-d63a-4a2a-a57d-6b27410fe209,O328,P17,1,165.71
59c7a223-ea44-4501-973d-cfd0caed3f05,O328,P12,2,196.5
02759c97-5f98-46c0-ad09-e043d874c0b0,O328,P30,3,469.52
e74835e5-84fa-4350-8730-4f0c5cc198ce,O328,P31,1,92.64
e7ea0fd3-a051-4c89-8609-d99aa9e00d62,O329,P38,1,28.25
98c3a1e5-c0df-4f1b-90ad-59e8c320fc95,O329,P19,2,318.26
c91426d5-8ede-4543-b18d-4417979cbf0f,O329,P21,3,243.54
28fc6515-c592-4eb1-883c-d3c51ae774f7,O329,P1,3,386.89
1134c267-ae5b-4e69-8160-a71cf8137c5e,O330,P9,3,114.1
06845201-c226-49ad-a33c-6222aaa00a2b,O330,P4,2,428.84
cfe76479-b065-49dc-ad4f-0919436a894e,O331,P49,3,16.6
95dea17e-161d-4546-9e6e-947ac1c646f1,O331,P1,2,386.89
06e72eb3-a3f0-490b-9cf4-b391e792e3ca,O331,P43,2,451.76
5db1796a-c804-4f30-b1c2-b5e96e6a0345,O332,P39,3,382.01
f0a5086a-5dd2-4066-9082-4a32af0c997f,O333,P18,1,164.27
566b42de-dde2-43a4-9f59-d0ee5b0c323d,O333,P25,2,204.24
f7d62625-9dc9-4b78-a0d5-f009335a0ca2,O334,P13,3,195.01
cde5098d-ffe0-41b2-ab27-d8a39edc8b74,O335,P12,3,196.5
444e33ef-8b19-4938-a3f1-79d5b508a360,O335,P40,2,61.97
d7f1d3ba-af44-4996-bd05-62f3da70be4d,O335,P37,2,344.86
bdab595f-5da2-4d1d-a11c-cfe840050d6b,O335,P1,3,386.89
6e26af8c-cd7f-4d40-97cc-6499c6ebc819,O336,P33,2,410.57
bf6572c5-d137-4147-9e89-faae64a56f8e,O336,P18,3,164.27
e7debaf9-8015-401f-8fa5-d120ae767ee4,O337,P45,2,488.83
71b9d5f8-f946-41eb-9ae3-d6ed61086925,O338,P20,1,322.96
712b970a-5b67-4613-b940-81f7356f15f0,O339,P19,3,318.26
f36c61b6-b8f6-41d6-9f82-277a737b5499,O339,P37,3,344.86
1cf906e9-9b94-44d2-bda8-43cee6fb810a,O339,P33,2,410.57
fa86eeee-1b3d-4974-8267-329c79d756c0,O340,P34,2,23.19
94d87499-2ece-4940-ad68-04f9dcfcd56f,O340,P1,3,386.89
69ca9cf4-5146-42dd-b840-cfbc919813d1,O340,P22,3,315.67
9ff4de34-dc87-43de-945c-820fdf8031d3,O341,P46,1,297.7
313c58e5-e70c-46fe-9733-fd7c52acd442,O342,P49,3,16.6
fbe1e3d7-ecfa-4638-8b66-2fd14265cb16,O342,P48,3,51.12
7bfb0124-313c-4efb-bb8a-8ce889d4c644,O343,P38,1,28.25
68f73c0a-1e0a-4401-bc58-94a668a4864e,O344,P11,3,422.06
a47b56f6-aa5f-42eb-85c5-157c9b5acdbe,O344,P40,1,61.97
d9c2d45c-943a-432b-ae82-22798b96c0ed,O345,P45,3,488.83
fef221bf-88ea-4cc4-add2-1da58dd25896,O345,P28,1,45.74
e60c722e-be92-405b-b323-74c77534bd02,O345,P26,3,251.1
65f5aaa2-e0b7-443a-8dc8-66ac1199465b,O345,P30,3,469.52
ac0b14d0-5d2e-4fa6-ad39-a76984135507,O346,P9,3,114.1
b01038e0-30b8-4b87-99cb-648ae944005a,O346,P11,2,422.06
e0804905-e75b-4000-aa66-8e776646167a,O346,P11,2,422.06
1306dd88-7e3d-4fb4-b8ce-1a71dd36897c,O346,P5,1,428.82
79fbcd00-e38b-48c1-b498-1ec8cded13ef,O347,P10,2,192.31
10dcdb1a-900c-4c51-8956-4da20846cc6f,O347,P46,2,297.7
3aceed5f-c55d-4368-af48-97d40a6df6f9,O347,P7,2,40.44
cabfb728-2573-4dfb-95d7-fd62622fba7b,O348,P35,2,199.25
2d16bc84-80c6-418e-b756-b0da4a62a047,O349,P49,2,16.6
b81ee8a3-7972-4442-8b93-1213da2b2bb7,O349,P40,2,61.97
b68eb9ed-411d-446d-908c-a56ece87566f,O349,P5,2,428.82
9789dc53-fc5e-4f19-92c8-49cf422b6775,O349,P29,1,495.24
eed7a3ed-bd66-48b2-9a84-050e3d9a1980,O350,P26,3,251.1
ad6af644-0060-417f-a178-3660afa58398,O350,P36,1,229.21
f4e06619-7188-4ab9-ac21-6c1c6ae350a9,O351,P46,2,297.7
377ba822-4978-4eef-abfc-d751a918c182,O351,P13,3,195.01
06aaee45-f4f0-47c4-91f4-bbcf8363092f,O351,P24,1,327.27
5465e8f1-66e8-43cb-9b52-b0147be43c13,O352,P31,1,92.64
7d6508e8-d986-44da-a545-1147f4d7401b,O352,P8,3,13.01
f16db76b-9b55-4169-ae2b-4e42fa68316c,O353,P42,2,364.27
e14e1fca-4862-4645-8607-de26202d0575,O353,P40,3,61.97
8536d1fc-a6e1-4cf1-bf9d-aed9a2dda828,O354,P13,3,195.01
760df9df-8a9c-42fb-aa16-a67137edf4fc,O354,P19,3,318.26
d5079c7f-a15a-4252-ac1c-1351d1bf4c82,O354,P39,1,382.01
a5110ad8-e4f5-4260-bf9e-4d58ce2226e1,O354,P21,2,243.54
bab30ed1-9df7-45b8-8724-385568a0fe2d,O355,P5,3,428.82
682d72d6-f8ea-4ddc-a7c2-be2e40caad02,O355,P4,2,428.84
7c993879-3b7f-445c-a86f-5dd30fcfbe35,O356,P31,2,92.64
ab0f5b9e-d7d2-4d62-8ac8-e5278be8b7c1,O356,P44,3,165.78
97633963-564b-4937-9d02-efbbba4d4f52,O356,P7,3,40.44
e4e043a8-c29e-4a4b-99fe-c5b09a5e220e,O357,P46,3,297.7
46c1f892-6970-4934-8a93-0c3776f076f0,O357,P36,3,229.21
09a607f7-9d17-4b5c-b251-ac3eea7e2ac7,O358,P21,2,243.54
863b6025-2a6a-46bc-9964-65cbd4cb7e23,O358,P46,2,297.7
b0458e2f-9d2a-4071-a873-3b734a5162d7,O358,P19,2,318.26
2ab8d68d-67a5-4f74-a8aa-54c89ee04fb4,O358,P34,2,23.19
ab8e5c04-2f94-418e-9ea1-c648aec6fac6,O359,P41,1,227.6
772c2a90-2c69-472f-af76-f46dd4fe6a4c,O359,P33,2,410.57
048dc3d5-2e4d-4152-8631-3e199ec5ae14,O359,P2,3,153.08
7392b1b2-cbaa-4a5b-82c4-838215063e32,O360,P5,2,428.82
36313a30-221f-4520-83d1-1506d40cfce4,O361,P33,2,410.57
c5dd2148-7588-4293-bddc-a6f34664c9a9,O361,P39,1,382.01
73f85fc9-2c22-4030-8fec-b797b5398adc,O361,P3,3,210.16
c675131d-1409-4483-bc03-f7c5daa01a4b,O362,P30,2,469.52
08d9fc82-d78b-4197-afd0-34c599112708,O362,P33,3,410.57
522d8515-9df8-46d0-ab56-fd5515218bc3,O362,P40,2,61.97
fac3e2a1-bac2-4aa3-9402-246eaa13b098,O363,P32,3,205.58
d409c9f1-959b-4a57-9453-cd309784eb86,O364,P14,3,30.25
40a09aa0-62f3-40fa-8d16-a19558dc85f9,O364,P8,2,13.01
54327040-1637-484c-85ce-e4a73800a02e,O364,P5,3,428.82
39183fef-8f8d-4eb7-9e3d-0546a44cd7c9,O365,P48,1,51.12
e9e3e93f-de8d-40ec-816d-0660e59d510d,O365,P20,2,322.96
38ed2021-3fc4-4b59-9964-14bacbec2723,O365,P41,1,227.6
b6444395-5664-4fb4-a434-a9313db5d1db,O365,P19,3,318.26
c3b2f687-a75e-4084-9e1a-20a5d07d7a11,O366,P47,2,397.61
b05aebfd-5f21-414e-9502-60dc82c0d12a,O367,P47,3,397.61
54e05722-9902-4300-b93e-1480720094d6,O368,P47,2,397.61
cb0a2fbb-5f81-4e6d-b0e3-332f9125563f,O369,P38,3,28.25
40cbb821-f00b-4800-8a00-3587e1693ee4,O369,P7,1,40.44
83b860ba-5078-4de8-b4c6-807562c1386b,O369,P0,2,29.14
1dab0b81-e2d8-49ff-b9b6-6da48f2dd6b7,O369,P1,1,386.89
2cec70c1-2fcf-43b0-85e5-fac3d73726e1,O370,P24,2,327.27
b687cbd1-a548-4ea0-8eb3-3e2c492e7d5d,O370,P4,3,428.84
0e5c680f-18e7-406c-9774-4f61bad0aeb2,O370,P8,2,13.01
76d67a93-9342-4fd5-9af1-81279e4566cd,O371,P6,2,288.13
b34ca164-de67-46fb-96bf-5fb1503932a0,O371,P10,1,192.31
e4ee3475-0d18-4d11-b21d-a1c9508d1cad,O372,P2,1,153.08
73a363e3-4e5c-4cf9-bf6f-aed23fb5fa56,O372,P38,1,28.25
ae79fd79-5a31-4d54-88fa-8dd8a99ad91f,O372,P23,3,218.14
033ed659-b313-4a95-86e8-b9df9f3181f3,O373,P5,2,428.82
dbc8c4d0-0e03-40da-afdf-2ee0b42fc6bb,O373,P49,1,16.6
e2e16393-3934-428e-b649-6d177dd113f8,O373,P9,2,114.1
471174e3-b06c-4171-bb8f-1203b463ebe5,O374,P19,2,318.26
5c1e79bc-023c-4dbe-844d-1ef30b942d5e,O374,P39,3,382.01
d6168554-38c6-457a-9bbd-859cde0adf06,O374,P22,1,315.67
f363b642-6d8c-43d8-aeca-a3c26dd2e965,O374,P14,1,30.25
8a6e8c0e-77d8-4fe7-939f-ac599027127f,O375,P5,1,428.82
619f2178-dbd7-41fc-bae6-a137cc1ec064,O375,P21,1,243.54
87124da0-8107-4858-a4f4-ce42f068e54c,O376,P47,1,397.61
f925e8c9-b65b-4e0d-9030-d7b2a7d44147,O376,P15,3,17.14
67505d9a-9337-4261-9e4f-bc5ac014c0c0,O376,P17,1,165.71
86b2aa3d-c65d-4264-b49d-bf452056a71d,O376,P7,1,40.44
a47af834-dbb4-4b6f-9684-b1498b2680f0,O377,P24,2,327.27
45171b9a-edf0-4b5d-81cd-8914f2cda556,O377,P13,3,195.01
5f17ce11-f93e-4956-9f40-22ce26cc52bb,O377,P23,3,218.14
bedd6c1e-677c-4e2e-81ff-52b3dfa40ead,O378,P8,3,13.01
1c55a511-d543-4f4a-92e3-5fd37f536bd6,O378,P8,2,13.01
9e25a813-512e-4392-baf9-e6a85f659a25,O378,P38,3,28.25
7776f55e-e751-4661-b849-8b7eb0dc98ea,O378,P39,3,382.01
e1cfb4fa-133f-429b-9e94-a0de6c7089d2,O379,P2,3,153.08
80d31163-9e48-4023-a71f-f34059a6bff5,O380,P13,3,195.01
2e440425-058b-4af2-9012-ed338836994c,O380,P8,3,13.01
e0b1499c-1b74-43b6-a812-8ff51c02c958,O380,P11,3,422.06
9d3a62e0-efaa-4f20-af4a-3f94726cadb5,O381,P35,2,199.25
f57e09d9-bf09-4a9b-a0f5-711e39d9a0c3,O381,P36,1,229.21
179ab9bd-94eb-47bc-833a-e0a3132f07cc,O381,P28,2,45.74
9c282c94-1457-4e66-b5df-fd62d6c11595,O381,P17,2,165.71
b8f27cfb-2e88-464e-9fab-3ff7df5095dc,O382,P14,3,30.25
aa599ad1-c153-4cb3-b70a-5712553fc518,O382,P42,3,364.27
a637deb7-8ca8-4319-a90d-45c405e3edfa,O382,P9,3,114.1
5536d5c4-1980-410b-a578-6105be053479,O383,P36,1,229.21
f09af1c5-e6d3-49ff-984b-d7f535b44714,O383,P6,3,288.13
d200998e-e0cc-4570-aa78-8bffe914d13e,O383,P7,3,40.44
237f1c4c-4e00-49e8-a812-79884af6f649,O383,P25,2,204.24
d92c6724-a5f4-4984-a0c8-c7ff3e244361,O384,P3,2,210.16
7a8771b8-b0e1-44df-bd3c-7b4e741c4350,O385,P23,1,218.14
09fd26c7-0ef0-4ee1-b8db-18ad3c1eb6e0,O385,P35,3,199.25
468c8998-83d8-414f-b057-0fe92ab3a8f1,O385,P43,2,451.76
a1443bac-95ae-4e71-a06c-9ec67535d7b6,O385,P13,1,195.01
7ea44f6f-e451-4f6c-943d-038d8896e03f,O386,P9,1,114.1
90523639-732e-4f35-90af-be82f41275f1,O387,P26,2,251.1
84d20323-8c30-4be8-bf24-2db426255596,O387,P29,3,495.24
42729be8-3a22-4228-be91-84d9e8323834,O387,P36,2,229.21
6915eeb4-76ab-415f-a83c-14343882fa5d,O388,P4,3,428.84
551efa5c-d033-4b3c-864d-d894a87ad7d2,O389,P1,2,386.89
1e571958-c213-44f1-beb5-857d4a3d75fd,O389,P27,2,329.1
01995245-0428-4abe-b3f3-6b8baa374706,O389,P49,2,16.6
2b9776ff-4bfb-4090-bf6d-8f817618f38f,O389,P30,3,469.52
5805fb53-7280-49c8-82c4-c50ce557ed8f,O390,P45,1,488.83
056fd233-5ee2-429c-98c2-7385a1161880,O390,P21,2,243.54
4a99268e-562f-4df0-9f1b-d7056bc77325,O390,P24,2,327.27
61044301-3dff-4358-9598-081980b7f3c5,O391,P38,3,28.25
f35881f5-4a68-4038-b79e-5366e676a6af,O392,P8,1,13.01
b685c89b-7a04-485a-9757-b1f4381b44a3,O392,P45,3,488.83
952f2ab1-6b56-4147-af43-6c65775d7da1,O392,P26,3,251.1
e0728563-3a2a-43ad-9d9d-fa545002c70a,O392,P45,3,488.83
ad82710e-5b61-420a-a33d-6ebe14c859ae,O393,P16,1,150.17
840b3421-6171-4d7b-9b11-d5ec03bc5eae,O393,P43,1,451.76
416f77b1-2ffd-431e-ad38-3d5564265900,O393,P8,2,13.01
4ef8c6b3-0684-4b2e-92d6-fb9f928fce83,O393,P31,1,92.64
a3bd0818-e12d-491b-a578-cb01984a5b27,O394,P39,3,382.01
64fead8f-7fd4-4385-a640-2c5eaee041d5,O394,P19,2,318.26
b15680fb-ad39-44e7-9206-fb9fefa1422d,O394,P5,2,428.82
2a20a9c3-eef4-4956-9033-ee6249675233,O395,P36,1,229.21
83bffac5-7081-42d5-9b24-8923800245d7,O395,P15,2,17.14
ff73e37f-bbdd-4180-bc71-b77ff22bf9e2,O396,P13,2,195.01
bb376c9b-3b18-464d-a79c-3dfaaf197d04,O396,P24,2,327.27
99e9df8e-99f5-49bd-877c-4576bdafd66d,O397,P3,1,210.16
b7741bde-fd23-4197-8833-55725f577493,O398,P29,3,495.24
6f980696-79e9-4e1b-b85e-0d81d7585c54,O398,P11,3,422.06
2a25112b-2cbf-4119-9883-c6e4182e997f,O398,P45,3,488.83
9bd93ba1-7735-46a6-9497-550997eaf960,O398,P46,1,297.7
170fd8db-a653-4a5f-9b5c-a0b45a085b1c,O399,P46,2,297.7
cab80f33-0560-4ff2-9d0c-130dc849d13b,O399,P45,2,488.83
847dc3d9-ddaf-4caf-ab2a-75e3e72f96cc,O399,P24,3,327.27
bd7b4700-c142-4a10-975b-88259b60ba62,O399,P9,3,114.1
fce0ee90-5d2f-4766-a991-d38f740960bc,O400,P26,2,251.1
9a5731d3-e4b2-4fe7-8cf1-7653c500339f,O400,P5,1,428.82
95c4b571-4d48-4ef8-962d-5118682385bb,O401,P11,1,422.06
4e45d54c-8d25-4cdd-b070-2864903fc87b,O401,P15,3,17.14
10ce8732-749c-4652-9a47-d35a44e7f9ee,O401,P28,1,45.74
0e5c7194-6f7e-4de4-af99-cf815a0edce6,O401,P18,2,164.27
df5d87ca-ce5d-4293-b6c0-a82df24a511a,O402,P34,3,23.19
df2c216d-ca1c-4391-ac42-1fd5330d0eb7,O402,P45,2,488.83
3069855a-5458-4e0e-aba9-f8709cf192e6,O402,P25,3,204.24
a7bd8ae5-8679-48bf-b7d7-02d9ee830e1f,O403,P31,1,92.64
6b62e9ac-87c4-4da2-9d1b-8f0abeeaafee,O403,P11,1,422.06
a9753f11-eb90-4c56-aacc-be4c7a39cba9,O403,P21,3,243.54
c931aa6f-c64c-48eb-9e0e-e3ea83a9aafa,O404,P15,2,17.14
a53d78f1-a429-48e0-bd09-4395b7407b59,O404,P7,2,40.44
f7f00bab-88e8-47df-87a2-8e1891b8cadc,O404,P10,2,192.31
cccd5a9c-4cfe-41cf-930b-a1db509c91d1,O405,P39,3,382.01
e402b8d6-9369-4335-8a1a-debe9df304fe,O406,P13,2,195.01
74d0268f-5f63-4063-a017-7b824c403909,O406,P44,2,165.78
78bf370a-238f-4b78-81d1-f99b8c90c2d6,O407,P32,2,205.58
31abd85e-c65d-4d71-b3d8-b76359403d36,O407,P19,3,318.26
f4f293f6-690a-4123-928f-604ec8ddf01a,O407,P11,1,422.06
1c86bc84-c81f-45fb-ab5f-35e7af5327ca,O407,P31,1,92.64
7bdef4b7-ee17-41be-80d4-4ead84076b6b,O408,P9,3,114.1
b4ea8d46-b238-4cf5-804b-55c15c6296fa,O409,P23,3,218.14
1ffdfed1-88f0-4654-992b-5512a631e93d,O409,P34,1,23.19
aa6b84d3-6d36-4ba8-bb81-bbc8d6670e80,O409,P42,3,364.27
55b55113-c346-4562-90d2-0474c08e64e3,O409,P16,1,150.17
e5a02076-6036-4993-8ce5-ccbc1aca22a5,O410,P16,1,150.17
c9834988-089e-4cec-a3cc-d700758024b1,O410,P11,3,422.06
20d03687-529d-406d-9f17-4c73c4eed32b,O410,P6,3,288.13
c073490e-e3f3-4951-a74e-c399ef85350e,O410,P8,1,13.01
4dbd888d-c396-40d5-ae5f-f908a2b85572,O411,P30,2,469.52
738df3ae-8a3f-4ee1-aa8c-fbaab2047284,O411,P49,2,16.6
0805ef19-0aa3-43dd-8d4e-e5f399408433,O411,P40,1,61.97
e5b3df11-a5af-4dd6-89f6-4101426da825,O412,P30,2,469.52
49c1d3e2-b37c-4b12-828b-be5b11e60a02,O412,P5,1,428.82
8d6305ee-ebcc-43eb-aa8e-2ff7eba9c9b6,O412,P44,1,165.78
773465d1-080c-4b4b-8014-61564ba2af7d,O413,P45,1,488.83
30a779c9-999e-4be3-b9f8-d7db94ff35d4,O414,P11,2,422.06
e1930101-c830-477b-9563-82abd9f09d93,O414,P15,3,17.14
83293959-9b31-4fc0-b458-43eff46f3f5f,O414,P25,1,204.24
3bc4adf9-6baf-460d-8832-afa1ab48964d,O415,P44,1,165.78
9edd4af3-2847-4ca7-a0f9-de025a38f395,O416,P9,1,114.1
ee07f30a-d3b3-4057-abe7-82c329d8b021,O416,P33,3,410.57
8769710b-10f8-4ea3-a33a-08311fd314ed,O416,P22,3,315.67
4ea5c3ba-8181-4c9b-957e-bda48c938b3f,O417,P22,2,315.67
1737d53f-e945-4441-bd55-35d7a3b6ed37,O418,P33,3,410.57
d0c640a5-5c6a-4f68-92b4-1a35b03efe83,O418,P26,2,251.1
b30a2efd-ae75-4bdb-88d1-68d4c3dc5b9d,O418,P43,3,451.76
eb92bb1c-13c5-4490-bfc7-947f122556ae,O418,P32,3,205.58
f922c124-352a-43ad-ba8a-549939c2f39f,O419,P18,2,164.27
8bbd9c75-dc9e-495a-83f2-a43bbce12777,O420,P40,3,61.97
dea5a1cf-8068-4116-af0d-bc7d95dfcb24,O420,P28,1,45.74
69c828fd-bd0d-431b-8047-cb5a7451b31c,O420,P21,1,243.54
836a9d11-2d4c-41dd-9287-30388b6d8004,O421,P39,1,382.01
b451ace9-65a1-43a8-b622-5f1b2709552b,O422,P22,1,315.67
a5a00a25-bb23-4997-9ee7-9b303e9bdb62,O422,P29,1,495.24
413f2af7-a925-4c11-ae44-3864ac033ff9,O423,P6,2,288.13
c0d72458-ea15-4887-8620-3ae00179dd10,O423,P11,2,422.06
efc04920-0e44-4037-987e-785c2d4f682a,O423,P37,1,344.86
9de4b652-69e9-4c33-987b-6f69cb4e9f8f,O424,P8,1,13.01
55cca1fa-4ede-48d5-8f1c-cf9c40a54a3f,O425,P48,1,51.12
aad785e6-8f6c-4255-a294-74cab2dc3428,O426,P9,3,114.1
1c68a3e9-486c-4404-86e3-f1a342ffc03c,O427,P16,1,150.17
20d5a1a2-db8a-4ef8-9fd2-03c27d00b59d,O427,P11,2,422.06
6273a9c1-ef0b-4cfe-9126-98dbd6127d99,O427,P0,1,29.14
21252ca6-300e-4fcd-b048-ef93e634f74f,O427,P25,1,204.24
4df86886-a271-4914-a690-55380a2aa5c4,O428,P32,3,205.58
8b3af93a-ea71-4a50-8b6d-eee8910a07b7,O429,P46,3,297.7
00e3f10f-90f8-4937-a7a8-aca034c6defa,O430,P45,1,488.83
1aaa288e-499d-4825-ae75-9a9327620cab,O430,P11,3,422.06
764b3f26-6a7f-48fc-a55a-251b4c81f8c4,O430,P3,1,210.16
6e6dacd3-463a-4719-b22e-d902c1e873a3,O430,P12,3,196.5
97e02f06-a09d-4d74-8287-d924ae183aa9,O431,P7,3,40.44
47629fb4-def5-435c-9bc6-08c19ab40f6e,O431,P30,3,469.52
e67db73e-875e-43e9-91db-ca9563c69cd8,O431,P44,3,165.78
fd534b64-f81f-4d14-83ae-c6e6992af7b1,O431,P41,1,227.6
f0a5e082-37e9-4c75-a157-05035d88db4b,O432,P34,3,23.19
bc7d4ee3-2b7c-4680-9b19-d0d6b86eca11,O432,P7,2,40.44
a8fb3204-c31b-4104-9dad-d771c40cc7a0,O433,P18,3,164.27
667dab21-a9e1-4edc-8ae5-67efcc79b986,O434,P32,1,205.58
af543bbb-7458-4424-a08f-a7a34ca91c39,O434,P28,3,45.74
42b5ca39-c93d-421c-905a-0ac69af42de5,O434,P16,2,150.17
ba4c5fc6-8ad3-481e-b67e-daf40251226d,O434,P9,3,114.1
cfcd576a-df27-42ff-af28-da7850d8b383,O435,P0,3,29.14
4b307667-0c73-4c70-9181-cf7f8d079c8a,O436,P28,1,45.74
84fdfbe8-2d68-47e3-b565-7cdb230f82aa,O436,P44,3,165.78
31fb4889-df6b-4787-bea8-edc32d710218,O436,P22,3,315.67
c317a350-a738-4857-94bb-95521c40fbf0,O437,P21,2,243.54
3a53c5d5-7288-4de6-8869-b63077462dce,O437,P6,2,288.13
6becb5c1-4c6b-48ec-a93e-ec2509eb617e,O437,P20,1,322.96
a2568efb-6bfb-4842-9d5a-a39b58d084f9,O437,P36,2,229.21
b8c448df-029b-4468-b6ec-4c3723463115,O438,P11,3,422.06
b9d6fe64-0e90-40f4-8724-d0814a8c57cd,O438,P35,2,199.25
63b990ee-b038-4df8-ba80-c56d6c66e00c,O439,P40,3,61.97
9216e0a2-2166-4164-b793-9a9143a6492a,O440,P42,2,364.27
885d4ee4-8807-4e2f-a047-5ceb8e47b45e,O440,P2,3,153.08
0bb42415-bf6d-4505-8522-37e8c653b6e6,O440,P37,3,344.86
e751a428-5cad-40a2-b908-383ed7a0c6ba,O440,P48,2,51.12
3a9c853e-a9b0-412c-b045-ac8dd35010dc,O441,P28,3,45.74
bd7a11a7-9eb3-424c-9434-fb678224a179,O441,P42,1,364.27
66b317d2-caeb-4df8-a583-6a355ed41e11,O441,P25,3,204.24
5e761619-aa4e-4b11-be4b-991cf5fbbb3d,O442,P26,1,251.1
e3dd3061-06d4-4f59-b5d7-6cc9eaaed6c3,O442,P8,1,13.01
d3056aa1-2788-46b5-9e65-e44e541b3a86,O442,P32,3,205.58
6354f3a0-7e31-475e-a6f1-79392272fe43,O443,P36,1,229.21
31d575d7-15f1-44cb-8397-acb4048d5fe7,O443,P7,3,40.44
330c0c2e-4535-43cb-804d-590219c8cd07,O444,P4,2,428.84
7073f1c7-8ee8-44c3-bdf4-76b339d9abd9,O444,P2,3,153.08
906d7bef-774a-4ca9-a6e7-9125af67af2d,O444,P11,2,422.06
8cb1988f-c3c3-427b-a822-a86c42222667,O444,P13,2,195.01
22e55d2d-2c6a-4da9-93cd-fe9816ec6558,O445,P26,2,251.1
0e6d9825-8fa5-405a-9d02-2ea8f9265c2a,O446,P31,2,92.64
f83b3483-c96c-4ad6-a89e-c505b5d83470,O447,P8,3,13.01
6538deeb-2977-44db-876c-36f60833175f,O447,P18,1,164.27
bf149cc6-461a-4627-a71e-ce761929ea2b,O447,P9,1,114.1
e33da4b4-610a-44ce-93ac-79eaf16818dd,O448,P2,1,153.08
cdf6459f-3bd4-4f03-a3a6-2f75ace58eb0,O448,P41,2,227.6
206b7508-15dc-4009-9f70-d8fae3b07fd0,O448,P25,3,204.24
cbd60e05-2073-4be5-8ee7-f8420d6509be,O448,P45,1,488.83
bf550ec7-01d0-44d1-a1a9-474341a9f82c,O449,P33,2,410.57
63875de0-3861-4344-8081-fd48b2c2d1b1,O449,P35,1,199.25
d7476924-beed-465c-a5a8-400622592cfa,O449,P12,3,196.5
540368e1-96bb-4779-a46b-2ca76908fa1e,O450,P36,2,229.21
8740ed1c-5a91-4e11-8d49-fc0bb34a2844,O450,P25,3,204.24
32b8fc29-cfb2-463e-af42-392f20213d53,O450,P34,1,23.19
464443a6-acf0-4e93-b7cb-e021d69c7e96,O451,P24,1,327.27
62e62db0-6828-4bea-9f06-307d1f389724,O452,P6,2,288.13
86c26b4b-52a8-417e-bc1f-a7d066b2df36,O452,P33,1,410.57
97c3207c-7cfd-4c8a-b36d-5c97dc656843,O452,P47,2,397.61
ccf05e42-f9ac-4681-8c54-9ebb4dd22250,O452,P3,2,210.16
e213bfb4-b365-4a5c-ac66-8d62515d6918,O453,P19,2,318.26
3e03a720-5a34-4b34-b82a-7de5b8312aa6,O453,P21,3,243.54
dbe48222-de65-4db4-8369-94647fb513b0,O453,P40,2,61.97
6797d4ea-c5c4-46a7-861b-940916dc1b32,O453,P4,3,428.84
62d83012-c024-47c3-95b2-ee60a5b96d27,O454,P35,2,199.25
91adb193-5876-4fd9-aaff-a59425a8b341,O455,P4,3,428.84
50adce35-bc3f-4aa9-a308-c7351855ead7,O456,P30,3,469.52
319e2f66-fb0b-45d9-a184-55638bd057f0,O456,P22,1,315.67
1d6ca331-c0e0-416a-a78b-707f34cb14f7,O457,P41,2,227.6
bb3c5045-b8f7-42d3-8759-6fd421a7abed,O458,P12,1,196.5
63739ffc-b02e-4eca-bac3-79be91719689,O458,P39,2,382.01
33f3eb69-22d7-4680-8e6a-3e2b1be212a1,O458,P32,1,205.58
cf8d5d8c-ca0a-4c79-aac5-faf451187c3a,O459,P14,3,30.25
98e5606d-d941-427b-849b-ce080460dc04,O459,P37,3,344.86
d63d4b38-6d74-4e59-b616-732e8f6e8a1f,O460,P14,3,30.25
95582e18-b815-41ef-99e9-0ef2232d56e6,O460,P27,2,329.1
6c3dbca8-6c80-40a9-9e1c-6ed80c272a3e,O460,P14,1,30.25
091fba8b-a6bc-4400-a702-549a4c9e69d5,O460,P35,1,199.25
54ab97b7-5891-473b-b467-a9a7ad3e2688,O461,P25,2,204.24
0fca6763-58b6-436d-b08f-32a15373f9bf,O461,P23,1,218.14
cacd283f-2f9d-4dc5-b2e8-2839ca5a704d,O462,P11,1,422.06
874b2fc9-90b8-4fcc-b120-5119674df557,O462,P22,1,315.67
9f3f16fe-e9b9-485a-ba5a-e8240088577f,O463,P11,1,422.06
22d14c72-dac3-40ab-a101-6e7c04355879,O464,P15,1,17.14
c133c71b-bd3b-431d-a1a6-aac07b6b9a9f,O464,P9,2,114.1
7fc98aad-35e4-4634-b101-9b1f9848fff2,O465,P29,2,495.24
a3947711-7507-4cd2-a93a-6c0b5505205c,O465,P36,2,229.21
d5cc8d43-c5ee-424c-a0b2-5472a1e1d5a4,O465,P43,3,451.76
da023b43-1dd6-4596-88f3-2974cde85e81,O466,P37,2,344.86
e1b74b9f-580a-4f54-8cbd-7d39d6bb037e,O466,P32,2,205.58
1b62738a-1d63-40f9-8eeb-4330c95ff73a,O467,P37,3,344.86
520ed67d-52cf-4288-9281-40b9c203bac2,O467,P6,2,288.13
f6ec58a3-77a5-43d1-8b82-de5c21807a5a,O468,P22,2,315.67
357d7fef-101a-404b-832f-33c18a4a4b07,O469,P11,3,422.06
d228301d-89c5-4eaf-9a61-28787794a2bd,O469,P11,2,422.06
77c87d07-fdf6-417a-9269-ea41fa56ae66,O469,P38,1,28.25
28897e80-5895-4369-90e8-bc218f963377,O470,P23,3,218.14
4f218fe6-030f-4186-a452-071b1cfd6a69,O471,P41,3,227.6
36424f4f-0601-4a28-947e-3390f8666113,O471,P4,2,428.84
e5b7c60c-539e-4081-85b6-cf1b38d9d2ec,O471,P29,3,495.24
bf2832ea-ba2d-4439-8494-f2db59c242d8,O471,P12,1,196.5
73c1dc72-0957-4174-8440-f9cf6a327268,O472,P39,2,382.01
307670a4-f333-41aa-9de0-91a04e568e97,O472,P11,3,422.06
385b0519-993a-4d7e-9cdf-7bcc9715a76e,O473,P35,2,199.25
ed2af9fb-a803-4008-803e-1fcb2193cfc8,O473,P15,1,17.14
44c77af8-4fe2-4da4-b964-205087114109,O474,P35,1,199.25
d58ca09e-330a-4c0b-bfe5-88eba280ac11,O475,P40,2,61.97
e2b824b3-58da-4617-948c-49a20b5231b9,O475,P45,3,488.83
fa0c32c7-6408-4d80-9e1a-37d5e9e64875,O476,P28,3,45.74
5b783ecd-7486-45d7-ab4c-17795f6affcb,O476,P28,2,45.74
f751c7a6-fa50-4075-a7b3-486b3da172a5,O476,P19,3,318.26
872c5d31-0437-4e35-ad5a-95d44534e6db,O476,P14,3,30.25
aa41279b-2e4c-45e2-9481-108945a25a39,O477,P2,3,153.08
73ee7a20-a685-495c-9502-864c58be0aaa,O477,P40,1,61.97
8a533630-59c4-4f13-8311-32bcdb735650,O478,P13,2,195.01
baa95460-1e24-4a0c-822a-f7e0e7382c27,O478,P16,2,150.17
9a5c559a-d47c-4d10-89fb-868cff31bba4,O478,P3,1,210.16
a6e144e3-28fe-4be9-8f06-37babb974513,O479,P24,1,327.27
a943029b-7fa8-408f-975f-38dd410530fe,O480,P9,2,114.1
f966ce68-860f-4e6f-8e2f-26b81590082d,O480,P6,3,288.13
e758d131-3133-450a-92d4-bc8cc3478b2b,O480,P2,1,153.08
c3694432-a894-4c5a-94f4-a27b2570b5fa,O481,P20,2,322.96
2655a0ab-4dbf-4ad0-91fd-6c5641261642,O481,P42,3,364.27
0163796b-d3c1-4957-8243-e2f42eefd9de,O481,P8,1,13.01
ebea6654-60c4-4ec2-95e9-04535b6639ab,O481,P41,2,227.6
fe4cc798-1501-4c6a-91ec-dde6cd9169c5,O482,P29,3,495.24
7b966f34-e061-425f-93f3-3fe1e554a588,O482,P41,1,227.6
22e6a142-8a0e-4201-a5f0-b5665515611c,O482,P20,2,322.96
6b6d9f6b-bfbd-49b6-8efa-5316607fe533,O483,P43,2,451.76
88d70fe4-ec92-4c2a-8e71-7d69e0b5c5d7,O483,P16,1,150.17
8ae64859-d044-4bc5-b950-5d8be1e2afeb,O483,P45,3,488.83
812ce369-68fd-4538-95e0-bb747e5121b7,O484,P46,3,297.7
c8937626-6496-4d21-97d6-1aa66b8d3127,O484,P30,1,469.52
ae5a04fe-4cfa-4d0f-825c-f7f4b7c10c96,O484,P22,3,315.67
45043bb1-fbdd-4f8e-ac7e-5ec065a53d3d,O484,P44,1,165.78
2bc7873c-261e-48e5-af70-293975eca818,O485,P46,2,297.7
7ac44aca-514a-4b0e-b74e-7aed0f288ba2,O485,P28,2,45.74
854f1ad3-28fe-4200-b02f-06e601ac5ffe,O485,P28,2,45.74
fbe47842-8451-42c1-a5bf-e5e8cc7e0662,O485,P34,1,23.19
e31c02ce-7e40-4084-88f3-398663bd4051,O486,P5,3,428.82
9230aee2-6b6b-46eb-b709-36b9fae4450c,O487,P37,3,344.86
d5e57aa5-8c6d-41e3-aff0-2c890b5f467a,O487,P8,2,13.01
39c2844a-82e8-44b9-b34a-50b3fb912848,O487,P5,3,428.82
51ca2452-1b66-4a5b-9b55-bec792b7fa15,O487,P7,2,40.44
9de8492f-7608-48da-bf85-bc8570d0b2c2,O488,P31,3,92.64
dc217c1a-a488-44b4-b41a-e481779e029d,O488,P40,2,61.97
975ee935-b9c6-42ce-85af-7d0cb05538ee,O488,P13,3,195.01
4c3ba484-4668-42e8-a09c-4ec16ce26445,O489,P21,1,243.54
7790fab9-24e1-4036-a68c-6957981c8ed3,O489,P31,3,92.64
37cc6528-48c1-4623-a611-2a788c392d60,O489,P32,2,205.58
08c4ea88-f1f1-4322-9802-7cd31f624e1b,O489,P20,3,322.96
9caab5fe-d4d3-4a14-83bc-e11f2cc2e919,O490,P49,3,16.6
b5b67145-9b8d-42a3-89d6-1cb66306d554,O490,P41,2,227.6
06d1808e-c093-447c-ae94-078fcfaf9c60,O490,P43,1,451.76
130b25b1-61bd-411a-8bd6-403dbee61b93,O490,P8,3,13.01
b9927e4c-880b-4b86-9012-e744adb249ad,O491,P3,3,210.16
ba9ddaea-5427-4632-b359-d1413b17329c,O491,P36,2,229.21
a4f8f5c4-42a9-4367-8dfd-5f463113f53e,O491,P6,2,288.13
09f90e14-8ad1-4f80-8ad2-62b51d0f8757,O491,P29,3,495.24
3046e4ee-0d64-41d6-abd6-c0eaa685ac61,O492,P41,1,227.6
c0d2c3a5-0f67-47c6-bacf-6c5545e08232,O492,P6,1,288.13
39ff20e6-6388-4902-8f67-d9d1a5d7b1be,O492,P14,2,30.25
4ad831cb-0358-48c3-93f8-86ec7900cb62,O492,P48,3,51.12
e204787d-3997-4666-875c-4fb80655718f,O493,P8,2,13.01
315b4a5f-260b-4502-a320-15c1662ea187,O493,P5,2,428.82
dc603c40-8167-48c2-b2c1-7360ecaa011b,O494,P9,1,114.1
cfd51f94-aa0c-466e-a1d4-e89ac999a80c,O494,P16,2,150.17
3bafa108-d60c-47bb-a125-c70894bf8289,O494,P49,3,16.6
bd54afd7-b907-4f51-b51b-5ae27685b856,O495,P23,1,218.14
93606231-6b0c-448d-b60a-24e87fced34a,O495,P28,1,45.74
c34ead2b-5d06-4b0f-8a27-0cc245ad3a28,O496,P24,3,327.27
0c8bc369-1672-4993-914e-472daecbe18b,O496,P10,1,192.31
9a8c31f2-c63e-41b7-a824-22e254c16667,O497,P30,1,469.52
1ce15101-4a52-4d13-aad4-a636a80b43ce,O498,P41,2,227.6
91fe210b-6cfd-46cd-a183-301448cd2994,O499,P10,3,192.31
4c6e933d-a3db-4b20-88fd-d0685b385071,O500,P47,3,397.61
8ac021e1-443b-4ec1-ba47-05235794beb9,O500,P26,1,251.1
fc67f888-ad53-4944-9b18-112ef783f41f,O500,P11,3,422.06
e12df3c3-1e26-4f29-99c8-f5a5a156b7b7,O500,P17,1,165.71
db594ddb-2a3c-42f8-8971-b3d13031bdca,O501,P19,1,318.26
88134218-a11e-4fee-9862-47288da0a2bf,O501,P49,3,16.6
eccb2be3-39ba-4879-979b-91cb3d26909d,O501,P34,1,23.19
7af0af48-5535-4773-b377-a851b95a11d2,O501,P25,2,204.24
9b2295dc-58be-4149-ae27-1a4a867a3cbd,O502,P4,2,428.84
62ee0c26-3039-4130-8563-a133f7cf74a7,O502,P23,2,218.14
137341bd-3576-4bd1-b8cb-d7d2ef0de997,O502,P1,3,386.89
85e7450b-09de-4050-aa1d-aaa8dcaa487c,O502,P30,3,469.52
202b8d54-046c-4a39-b0ab-7bbfafaca2f3,O503,P47,1,397.61
3e32d388-0e22-4428-8e2b-a7b2bfa66c3b,O503,P24,3,327.27
4dba89ee-079c-479c-8a1d-74e8d92e487a,O503,P0,3,29.14
6fc0a1c6-0548-4389-b08c-e2fb3d82b448,O504,P27,3,329.1
2cb073fc-9b1b-4d2e-b3ef-15d08d0b9cf5,O505,P48,2,51.12
8412e732-2e60-4f63-a962-06b0bfc71095,O505,P30,1,469.52
5f82b70f-3023-4a5e-bb3a-d66ea040e700,O505,P36,1,229.21
fc8e08e9-0fc9-4fc1-a08f-bc611c5c21fd,O505,P23,2,218.14
472cb48d-3e61-497b-8cdf-bc2ed907aaf4,O506,P23,3,218.14
af288cc7-034b-4511-861e-fc43dee024be,O506,P39,2,382.01
e0f03192-0ace-4dcb-89cd-c35b0f327443,O507,P34,1,23.19
2dc336fc-05cc-4fe0-b1e0-63869bd2e3d9,O507,P43,2,451.76
0f011308-6f4f-4b7b-a21f-370e4aed0c0c,O507,P19,2,318.26
fc9a571a-1fa7-4bc1-98f3-f12e4946bddb,O508,P8,1,13.01
337b5469-a100-44e8-840e-d31dac59feb2,O508,P17,3,165.71
34987743-ef32-432f-8e2f-0b6621e37278,O509,P1,3,386.89
a433cac2-ecb5-4dc6-bdfa-61b7896c702f,O509,P45,3,488.83
d524ad77-51f9-44c5-9972-2ddb3a39e155,O510,P40,2,61.97
846de4fc-69e9-4c67-9897-e170c25a8fb6,O510,P33,1,410.57
61d80fca-0d10-4c16-a8de-758acaf45abc,O511,P12,1,196.5
cd73b45b-3dd0-44f7-8ec4-71dc0852c038,O511,P18,1,164.27
7a56f4cb-698e-4b4e-9353-7f5f48bbf909,O512,P30,3,469.52
8074b4b2-d48a-4b25-8165-884a75c34516,O512,P27,1,329.1
67a6641b-57d4-4d4c-b731-cab44447dccd,O512,P45,1,488.83
c7e1f685-376c-4873-a213-ffafa5e5d998,O512,P29,1,495.24
3115a298-3671-4770-aea8-1f971bb3663b,O513,P48,1,51.12
b6772fca-e50a-44b2-a9c1-d3e8e506e834,O513,P44,2,165.78
b9f82ab1-8ea8-4c96-b35d-2ec96ecd1be5,O513,P48,2,51.12
15ff9a91-0bde-45a2-a955-7394f93ca450,O513,P5,3,428.82
701ff0d1-a1e3-4f1f-a368-7d1e6919bfa4,O514,P21,1,243.54
55123ee1-8049-4fd3-b5dc-46bd852b039b,O514,P24,2,327.27
f24de7b3-ead6-4fc8-b50e-85bc65860cb6,O514,P11,3,422.06
35163a72-08f0-4606-82c7-3ecfe93c035a,O514,P36,3,229.21
3e88c27b-24cc-41d4-9d42-a17fada18cc8,O515,P41,3,227.6
8e5d0a0e-3f06-4a7d-862c-75a09f3a68db,O515,P23,1,218.14
d8ff029e-ddde-41e9-943e-a38e5c858f83,O516,P46,2,297.7
a77953da-c215-486d-a167-5df953d34753,O516,P37,3,344.86
a158e82a-1fe6-47e6-a497-d27d62c0fb36,O516,P48,2,51.12
09ecd7a1-ada8-442d-8e20-0026d3edfcde,O516,P44,3,165.78
d1c8215d-eee6-4389-aabb-5dc0d42d2b2f,O517,P47,2,397.61
aac71cff-5ab5-4896-b255-6fc886b4757e,O517,P48,2,51.12
36c65568-be06-413d-9f06-253ae5059b5d,O517,P8,1,13.01
f3b0a58b-6774-4def-a3de-8a1ae4054ab4,O517,P15,2,17.14
8e589e67-0517-40ae-ad6e-6a174eb24df3,O518,P7,3,40.44
35fcb29b-6519-4815-9195-cee2f3d26d8d,O518,P0,1,29.14
b13d86ea-4739-4bfb-8116-db5e94bc8e17,O519,P35,3,199.25
a56862cf-dfd4-49c2-9eb1-ba3d2f87bf37,O520,P38,3,28.25
959ae1bc-87b7-4272-80e9-922c49feda48,O520,P48,3,51.12
f6776cbf-c4eb-49f3-95fd-777f1575594b,O520,P30,3,469.52
9e92a478-0593-4366-b492-7ec2c2f25ef9,O520,P43,1,451.76
bcf83b4d-a1ff-4ee7-9e18-e55e97f43625,O521,P19,1,318.26
bbc03587-3457-4c55-935b-2edbfa7afd6a,O522,P24,2,327.27
e17ed61e-b3f9-4ee9-b7b0-e81fd0ea16a8,O523,P28,2,45.74
3e768770-b5c1-4546-85fd-bcf0a87472ca,O523,P39,1,382.01
1305fc12-e67f-426d-a967-86c8ac09f84f,O523,P49,2,16.6
42c23141-e896-4dbe-b619-7703c8401cdb,O524,P37,2,344.86
3f26ecec-f727-49a3-9edc-51cb50044ac8,O525,P17,1,165.71
b8d017c7-0e57-45a3-b7f0-ca266e5091a5,O526,P37,2,344.86
5120f18f-139a-48d2-bd7f-1c9dc6b5f257,O527,P27,1,329.1
abf6913d-1e40-4670-8502-29e2f480e38a,O527,P29,1,495.24
c69fbb8d-7695-4e25-bcf3-6a3a7e578a48,O527,P30,1,469.52
435d5e39-814d-4b46-9b78-2363b4a1575d,O528,P24,1,327.27
003b11fb-c788-428c-914b-2e862635d460,O529,P31,1,92.64
d0249313-e6f3-4ed8-9f31-9f3ce1a792f0,O530,P9,3,114.1
35a7685c-6bc8-454b-975e-9a6e35e55a96,O530,P32,3,205.58
f4c9cd1f-679f-4b39-b002-9145a44a3b8f,O530,P44,1,165.78
50d30cbe-b644-4842-9de2-8e10b27b02d4,O531,P36,1,229.21
e36ff252-9abb-4ee6-bbd4-7c59b58c0385,O532,P39,3,382.01
37a4110a-2bb2-4090-adc2-1e505553c558,O532,P46,2,297.7
fbf49c05-8d08-4053-ae27-2af8968fe31c,O533,P22,1,315.67
3d98d4c3-153a-4db3-ba84-33594e84bd1c,O533,P35,2,199.25
b8219d9d-74fe-4794-9df5-f1af65e29c0a,O533,P23,2,218.14
84bb2cc5-a4f1-4257-ba9e-ba95d5bebf3f,O533,P1,2,386.89
788850df-1432-4bda-8089-0e84c556217e,O534,P29,2,495.24
871ed0ff-02f5-4d27-a8a7-18bc0c4dc299,O534,P47,3,397.61
3ecc0744-96a6-47f0-b7fc-8bc668968730,O534,P25,2,204.24
cca71c4a-969b-4954-b9ed-69791e3d9b7b,O534,P31,3,92.64
90374a2b-84e1-4454-b303-d0cb3182b7ad,O535,P33,3,410.57
b7bf4f66-342b-42d4-9f0a-ef14d718ed51,O535,P23,1,218.14
b50f2b9d-7ca2-4a3e-bcb8-8619d4454401,O535,P0,1,29.14
38baaf27-2556-465a-9ac6-f0dd30d949c6,O535,P43,3,451.76
59d8acea-180c-4272-90fb-8fa75d7312e3,O536,P14,1,30.25
51165476-2689-459b-a32e-c7196b880659,O536,P9,2,114.1
62714a7e-b3e7-4dfc-a1b2-81adc14564f5,O536,P7,2,40.44
c984724a-24c6-401b-913e-e1b8e7b020c7,O537,P2,3,153.08
d4355894-34d0-4a1c-9e14-e85e8d7c9c67,O538,P14,1,30.25
7dcca03d-ffb6-441f-9c69-35161ca09158,O538,P40,3,61.97
c35453e6-c551-4e54-82be-019c07b9b421,O539,P27,3,329.1
11d64954-0152-4f2c-9842-3d9ba75aba39,O539,P6,2,288.13
08dd070d-17e9-4f7e-9325-b099220c83e8,O540,P12,1,196.5
01eeb9e2-0814-4da8-846c-3a4abac647f4,O540,P35,2,199.25
845369c4-e018-4880-8eb9-324435471067,O540,P43,1,451.76
8aae3a35-cd1f-42f6-836d-9956ad3190b6,O540,P43,1,451.76
ffadac34-3ef0-4726-95bc-0777da8bbbd6,O541,P38,2,28.25
a840b91b-ed8b-4292-879b-50a5bd76d58b,O542,P11,2,422.06
d03c710e-159b-4c14-b074-8af0efd12ddd,O542,P29,2,495.24
1930e509-e17d-454d-9a96-cb1d242524ea,O542,P3,2,210.16
32112ce5-f865-468f-a1d8-cc68cc88682b,O543,P14,3,30.25
4eafba5e-540b-4f73-ad86-17da8b09b203,O543,P2,2,153.08
965f1950-5efe-46e1-8dee-d8ea709c27ac,O543,P22,1,315.67
f0278992-fbbe-4a0f-a3bd-120ed7bd22a5,O544,P47,2,397.61
438aa7a0-456d-4c3e-90db-7e67d83772aa,O545,P25,3,204.24
1e58346a-1692-40b5-9a55-eab10d58c33c,O545,P40,1,61.97
c078da58-d7dc-471a-8a36-384608e415ce,O545,P47,1,397.61
645ccc7c-adf2-4800-a360-5b764def6416,O546,P28,3,45.74
1a8cd725-c551-468b-92e1-36df9418e450,O546,P48,2,51.12
45566573-8e10-48d1-a89c-a4b3a9b908f7,O546,P47,2,397.61
cec3719b-6fe1-455f-a35d-4facf083cc32,O546,P1,1,386.89
93a776e1-075c-47e4-b278-4754e94b0c4b,O547,P49,3,16.6
43f53675-5892-419b-ab45-77d7446a3594,O548,P31,2,92.64
fa679acb-d134-4b07-add3-5e3ea210fbf1,O549,P49,3,16.6
4295fd32-db02-478e-bd53-b6676bdf5d5f,O549,P37,3,344.86
93a4c592-0a38-4626-8770-a5cf4ddd897b,O549,P4,1,428.84
02c60cf4-ce4a-4794-ab07-10070a37dc43,O550,P15,3,17.14
aa64aa97-1f09-4a71-a164-6d24d2b91b3e,O550,P48,1,51.12
dae97fa7-3cd2-414b-90a6-9b822963ae69,O550,P27,1,329.1
a64edd24-4aa4-4765-b9af-b7fb40b2cf34,O551,P39,2,382.01
44612093-b4e5-44b4-82be-ee2830078934,O551,P48,3,51.12
547ebcd3-89c5-4c32-a949-1f8ee9d22e7e,O552,P48,2,51.12
786eedd6-5d4f-4eba-930f-cd820023ce3c,O552,P42,1,364.27
dc6e9637-3a73-40a5-bf30-1738a17c511e,O552,P24,2,327.27
c6c06161-8479-4776-b736-38547b5796cd,O552,P22,2,315.67
8b5fcb41-bc52-466d-9042-40e2f89560bc,O553,P0,3,29.14
67e5163f-811d-41fd-a88d-460a26a199a4,O553,P34,3,23.19
c9464831-6e3e-4112-a925-67c30f6560d5,O554,P13,3,195.01
c66f8250-4454-43d9-8bf2-b094a5399f65,O554,P18,3,164.27
45ae7adc-cb59-479a-876d-526c9b4070b4,O554,P25,2,204.24
f127de92-a12e-4d5b-ad5d-5830916d21e3,O554,P11,1,422.06
32b94a92-f1d5-465f-80ba-af4b756e7e0f,O555,P4,2,428.84
5877da93-e6d1-4c9e-a5af-a5cf7e101345,O556,P29,3,495.24
80b5c3b6-69d1-4785-af79-78b1ea88e100,O556,P25,2,204.24
597fe28e-956f-489d-bac1-8f2907a093bd,O556,P41,2,227.6
5a16023e-b974-4e9d-98af-58b307864c66,O556,P34,1,23.19
8e41a905-978a-49c5-940c-c7b18267195f,O557,P48,2,51.12
4321c8a3-8401-4e8a-9d8c-aa8283d2fa5e,O557,P22,1,315.67
9d54395f-3cd0-4684-9aa1-a309052e4d63,O558,P28,2,45.74
fed6f57e-a285-4407-9fa0-47e254083bd5,O558,P8,2,13.01
f50252e3-2740-4818-9059-9791f275f56a,O558,P46,2,297.7
6b04e31b-f1cf-4892-8046-078e55ab278f,O558,P32,3,205.58
2a194237-63b0-4f6a-ad4e-bd84afef53cc,O559,P45,3,488.83
2995df25-4143-471e-8aaa-212135570de2,O559,P20,2,322.96
fbd2442a-1141-4eda-8755-9ce364d9053d,O559,P5,2,428.82
d2a576ca-5949-4c97-ae2a-f2a14334b997,O560,P41,1,227.6
a958b106-7029-49b7-9529-f18853b85a91,O560,P25,3,204.24
55205340-0e15-4c6c-b641-4efbe3a5ed31,O560,P24,3,327.27
0f85e4fc-aea2-4361-bb2b-a2dc7d0030db,O560,P39,3,382.01
78289577-ffe5-4802-b56b-679f5706272c,O561,P32,1,205.58
21916978-1672-49c1-9bbd-6d12804ad221,O561,P23,1,218.14
51a4bab8-7f63-4e87-b179-fd23f9977b40,O562,P5,2,428.82
7c8fa8bd-d53a-48de-b500-2765375f258b,O562,P39,1,382.01
b6f77ce0-f9f3-44c2-8657-328d05571d52,O562,P40,3,61.97
e1a19d59-b72d-4b3a-875c-d4b89eb1b5a9,O562,P38,1,28.25
b755f19c-3500-44cb-920d-cfc2dc8749ed,O563,P43,3,451.76
a4338e2f-d475-4c1f-bfa1-34aceddf063a,O563,P5,1,428.82
ac1c04a4-d120-4ed9-a647-f34196a0880f,O563,P8,2,13.01
38fbe070-f717-4fc0-9d2d-95e9ca6612bc,O563,P20,1,322.96
5915812f-2faf-4003-a88a-066d730609da,O564,P30,2,469.52
e82e6df4-021a-4f56-bea0-5dd14904febc,O564,P31,2,92.64
01a400de-f0cd-4631-be68-c84b9703302f,O565,P4,2,428.84
493142e9-32df-4fd0-b9fd-638a6d1d8c0f,O565,P14,2,30.25
2687b87e-9306-46ef-aae3-a5a1928c3f74,O565,P4,3,428.84
270eeb1d-f2a0-4758-8b11-c24c07f4896e,O566,P40,1,61.97
63ef1197-a68c-4192-8dbd-aa1b2afe7488,O566,P20,2,322.96
b410cb45-b176-4657-aa3d-c64adf3b6bfb,O567,P18,3,164.27
0ee5a8ea-4e3c-4287-842e-8154201b11f8,O567,P0,3,29.14
680a448b-9595-40e2-88b6-4b76fbf442d5,O567,P14,3,30.25
8858fab5-2b69-444c-bc43-6b1339043e9a,O567,P42,3,364.27
8ec6e682-f8aa-40f7-95bc-81ac59d3f408,O568,P5,1,428.82
ba3b568e-24ba-4994-a435-6017c561baa6,O568,P18,1,164.27
2a1a579a-0de1-4e54-aac6-dd443362ea8b,O568,P38,1,28.25
09d290e4-ce8c-4e7d-8ad8-40e4f7f57bb4,O568,P11,3,422.06
5e5752d7-632b-4cb6-9dfd-d3344d4f3e51,O569,P9,3,114.1
876f88a7-17ae-49d8-9ee0-ca7298e9beb5,O569,P18,1,164.27
ee80a905-f124-4c28-8bbb-9ef67efdea2c,O570,P45,2,488.83
fa35eb8e-c199-4f97-8d34-ac8e8bc7bfd5,O570,P37,1,344.86
bd2c5c20-45af-4e79-848c-f100a29957e4,O571,P47,3,397.61
f8cadb20-ae26-4a07-b4dd-09dfd86ccf2c,O571,P43,2,451.76
486d2fb0-22ba-492d-9892-d4828c63f6e9,O571,P18,3,164.27
dbae2ed5-3c2c-4904-bfdf-d75cf9652640,O572,P5,3,428.82
9bd48380-5a6a-4d75-8cae-da4e3aeee5f5,O572,P27,3,329.1
8449e7b5-e930-4b74-b29b-77c854fb070b,O572,P18,3,164.27
5688633a-385c-4310-8daa-b0c8e3fb8f63,O572,P38,1,28.25
4ffc0579-4681-4680-9d5f-0f63f383cb0d,O573,P16,2,150.17
6a8c77d4-eca4-4670-9a9d-843c1a193cf7,O573,P16,1,150.17
0f251fa5-ee94-4a40-8144-33abc7cdbe34,O574,P31,2,92.64
ec29b2e3-ce71-464b-87ed-11a28327cc4e,O575,P20,3,322.96
65a69de0-f7ca-48a7-8dd7-21ff32bc1027,O576,P33,2,410.57
d921ddd7-1fa1-41e3-ae0f-e18cbaaec932,O576,P4,2,428.84
11d92768-12be-436c-b2ec-2aa9a865093f,O576,P6,1,288.13
b8755511-d7db-46a8-ab51-87a7abf706b2,O576,P16,2,150.17
fdca0109-2449-430b-8a23-0438ddcd3a5d,O577,P27,3,329.1
66a160da-9e61-48aa-a013-19410413ffe5,O578,P8,2,13.01
192938de-c3fb-42f6-82c8-d57651b27b1d,O579,P15,1,17.14
253fd8a3-dfd8-454a-b5ab-7c038ec22f5f,O579,P23,3,218.14
83214176-4fb8-4220-9cef-e89012af0a32,O580,P49,2,16.6
e5c17fee-70b9-46a3-9432-71f566cafc1a,O581,P38,2,28.25
8df8f7c7-972c-4294-9184-703a1a6964a3,O582,P34,3,23.19
fdeed7ea-2f48-46be-9fef-5aeb73c53ac7,O582,P9,3,114.1
3caabc9f-af79-4473-9738-3c9424ac0962,O582,P10,2,192.31
05d51bf6-b087-4cfa-ab22-00388a937760,O583,P37,2,344.86
7c4a061f-6f22-4323-827e-1c02ab2fcfc3,O583,P10,2,192.31
81813559-6b2a-4599-ac96-549683246aef,O583,P37,2,344.86
8f818d9f-ac06-4c96-b7b8-9ab5f7e2ce2f,O584,P29,3,495.24
8aa77b11-81be-48b6-8edb-b04237ed76fc,O584,P44,2,165.78
63fa8ef0-c1ed-443f-b6ad-95d2a6cc3e07,O584,P13,2,195.01
90997196-1bef-498d-b962-fe8657465996,O585,P23,2,218.14
c2e73044-bea7-4ece-8379-22028997a865,O585,P38,3,28.25
3a30a940-6ad7-4eda-aec7-fce663fe4ae8,O586,P6,2,288.13
50ca5355-692b-4d52-b284-3e9b16d8f6e0,O587,P41,1,227.6
fc6d4ff9-27ed-4884-a697-89b5fdb04b2a,O587,P28,1,45.74
32eaa6b8-9378-4e1d-bb0b-4bf04f9ce2ab,O587,P14,1,30.25
d7c1ffb8-1746-4383-9187-81fd82efa320,O588,P31,2,92.64
2b87a3eb-6656-4a40-884c-52a346c97867,O588,P2,2,153.08
388daaea-661b-4ed5-83d6-d0cf6e3e08ad,O588,P44,1,165.78
2901587a-a4ef-4de7-a2f7-993e23e79be1,O588,P40,1,61.97
c02ceda4-c852-4a0a-9ddd-b5850d13c044,O589,P4,1,428.84
5fd38c59-d10b-4c3b-8c3a-4ce09fca444d,O589,P25,3,204.24
076aebb6-60d5-4254-8b18-9d6bd4e538f7,O589,P44,2,165.78
7f3465bf-5fbe-408b-aa3d-e148da949b0e,O589,P31,1,92.64
472f6a80-a599-4707-9dcb-d0b8b73b6cc2,O590,P29,3,495.24
cf0cf37a-add9-47a4-b68c-dc35801cef5e,O591,P36,3,229.21
740be68f-bba8-44ef-87a1-4146159c92da,O592,P28,3,45.74
37b913c6-380e-4906-9564-7bbef8e57bd6,O592,P33,2,410.57
8a54fca6-aa7d-4738-8e11-8c7fb5886937,O593,P3,2,210.16
c8f3575d-73e9-4a31-954b-3ef8c94a2148,O593,P14,2,30.25
33b065e8-43dd-458b-bc9d-5f1c42257822,O594,P19,1,318.26
437f9de6-2d52-4793-af64-ba820cbaa627,O594,P19,3,318.26
11a1ad0b-edcf-4569-ad01-9b0b9166b9e2,O595,P41,2,227.6
6e92a3fe-9e7f-49a1-a58e-b5234556b387,O595,P21,3,243.54
0e937672-0f83-45eb-8268-4e4287d772ec,O596,P38,1,28.25
5b33a022-91b3-4255-b3af-738eca451283,O596,P40,3,61.97
3598815e-ab34-4675-a8f1-dde880fec0a0,O596,P5,2,428.82
0cb123f4-b9ad-4271-9f14-4a2e85bdc704,O597,P5,2,428.82
1a2f6fb8-909d-4aef-bdd0-6005d9b6f440,O597,P43,1,451.76
00c431e9-1d02-4bef-8450-12f834d8a67b,O597,P2,3,153.08
d8ae039d-e74b-424a-baa0-97acacfcc2cf,O597,P22,2,315.67
2538012d-d6ae-4553-9d9d-278695e35362,O598,P4,3,428.84
7cce7f7a-d825-4da9-8e8d-21aa5268de78,O598,P2,2,153.08
8600553f-5158-4b5e-bf1e-e09c74fb9df5,O598,P8,2,13.01
8d937d40-e6ac-4edc-a6cb-8f502493c8f9,O599,P2,1,153.08
7855824e-e291-484f-8d2d-b2071fd79255,O599,P40,3,61.97
075bba69-749e-468e-ad5b-446e7187e1ff,O599,P47,1,397.61
8029b7a5-e7ac-4e25-9764-b17762475587,O599,P21,1,243.54
b8550cf2-ed48-4282-a840-c8c5f7cbbe68,O600,P12,2,196.5
10191a55-4dd7-4373-a3ae-455c80cc9739,O600,P38,2,28.25
a88896c6-196c-4e11-b2f6-3275d05af42c,O600,P36,2,229.21
31a9c25f-130c-4743-8a75-4a1c8bee0b29,O600,P39,2,382.01
20dd57ab-deda-4cec-b28b-ea312e98202a,O601,P45,2,488.83
a9cf0bf1-f409-4dbf-814a-4bf804ae8de8,O601,P40,2,61.97
3e219ec5-58b2-4497-ac42-3c9cc412c1cc,O601,P13,3,195.01
7057b1d8-026f-4832-86bb-bbeabc31534d,O602,P19,3,318.26
3c25f1d9-a6a8-4f9d-9e0c-233db8434ec4,O603,P44,2,165.78
48273df4-e7e7-4acc-b241-6c145eff419a,O603,P31,3,92.64
ee41c586-ec7f-429f-95de-1eaad08aeabf,O603,P20,3,322.96
9b1faec2-92a1-40ca-8cf3-2f288655a351,O604,P4,1,428.84
c90dbca2-776e-41cd-9644-da5a2f593b04,O604,P13,3,195.01
04cd4fa8-050a-45cc-a857-ddf792415e19,O605,P19,1,318.26
366fea41-bd67-4d75-8918-7816bf025f7c,O606,P3,2,210.16
2262783d-ef98-4a21-a458-95c4a78f9942,O606,P39,2,382.01
b7939415-28ce-40ef-ad46-61b95fde7840,O606,P14,2,30.25
14b527b2-52e1-4f75-824d-b9bd440afaa1,O606,P49,1,16.6
5ebecee4-f16a-465e-a6a7-7e8bef8c2369,O607,P15,3,17.14
292a7cc3-817c-4335-bfd8-706adb339c58,O607,P30,3,469.52
08cfef68-a246-41b9-960c-6a779293e105,O608,P2,3,153.08
fb1cfe56-657b-4796-b625-d63fff0e68b8,O608,P32,3,205.58
6c0aaef7-7908-4a61-ac97-72220575ec64,O608,P18,2,164.27
cadb082e-ac25-480b-9c8a-543169398532,O608,P26,3,251.1
752252d5-0768-4d9a-9d10-94a02cc33b12,O609,P32,3,205.58
0811b536-94e8-4646-a1c5-013ee24be3c7,O610,P40,1,61.97
3a54ee7f-88e8-491b-a325-c5d6cf34cf9e,O610,P23,3,218.14
6fe276b8-c349-40d5-a06e-f018d161839c,O610,P40,1,61.97
a763141d-dae5-4004-80de-8b5d29f979a1,O610,P45,3,488.83
dceb2e16-7041-436d-b996-08d4dd9c355d,O611,P19,1,318.26
4d5bc154-a81c-4ce6-bc42-aaef9729d1ee,O611,P3,3,210.16
f1a5ae91-f059-46d5-9ee2-af7196896de1,O611,P17,2,165.71
3d10d7e1-cd0d-44de-80ab-fbfad1107b63,O612,P8,3,13.01
ae1124d1-eb26-4d5d-92a1-54dc7364f269,O612,P37,1,344.86
5677fc65-cacf-4b6b-8a5a-c83933b3bbf6,O612,P1,3,386.89
ec9cb7ce-73f4-4372-aba0-ad5813644a8e,O613,P46,3,297.7
24b468b7-56a7-48ab-b86b-300b9028c4b9,O613,P31,2,92.64
ea390f08-6e65-409a-aa6a-b27a7fe97644,O614,P28,2,45.74
3d038090-759b-446b-9dfa-11d35d8590b6,O614,P26,2,251.1
e6307259-c10f-4415-afe7-086a38c95f5b,O614,P1,3,386.89
30d3206c-f930-46d8-8c51-d95b1e835688,O614,P15,2,17.14
d9e357c3-dbe0-4185-945f-de988cef9d82,O615,P47,2,397.61
51d9423e-69f5-40a9-b8f0-3f5e27c26ae2,O615,P33,2,410.57
7f3796fc-609d-48fc-847d-c5acf29d9208,O616,P9,2,114.1
1d595583-9a87-4b2e-8948-ee413f5c2177,O616,P9,3,114.1
dceae97b-8a7f-483a-aa86-a67927005558,O616,P9,2,114.1
320a5e33-4896-42f7-bb9b-dd2f4ac9efc9,O617,P19,1,318.26
dd4a6742-a3d5-4533-a8e7-7bb41f83ab68,O618,P2,3,153.08
2d083550-9924-4814-9ec3-1e8ed100953c,O618,P27,1,329.1
908eeb02-be17-4f96-b662-f1d32c28828b,O618,P6,2,288.13
2a1c4057-8adc-408c-b806-4e1d65677cf2,O619,P6,1,288.13
1154c00c-ec0a-4326-85ed-0da292dcb5f8,O619,P33,1,410.57
c142a95f-eaad-4345-a246-409310eb7083,O619,P39,3,382.01
0776eff1-2661-4d1c-9743-9dc9d876d1fa,O619,P9,3,114.1
4de43b83-6bc4-4b0c-8cec-b35cdae01cef,O620,P41,2,227.6
95dc729e-0bd6-45f2-8f29-ec4184a44a44,O620,P30,1,469.52
108acc1d-abab-44ed-a69d-69f78927a14f,O620,P7,1,40.44
fab50fe3-03d5-4116-b1cf-b75ed8283daa,O621,P34,2,23.19
6f70dbd0-1361-490c-b6bb-84c5eb4369a5,O621,P48,2,51.12
032f7cc0-3aab-4ab0-aa7d-30a19df08596,O622,P4,3,428.84
5b4523c6-de74-4c26-b63d-a028f80b4374,O622,P34,1,23.19
ce8e3e4e-6496-40d8-8aae-ac9ec31a53ab,O623,P23,1,218.14
eafdb0fd-d7ca-4f76-a302-5ab59cd940ce,O624,P28,3,45.74
0fcf42b9-cddf-4fd4-8813-95294f7a1497,O624,P22,2,315.67
15abebd8-5624-43d5-8cf5-2cac8974836e,O625,P6,2,288.13
271c654d-d23a-4173-a0cd-4748a5208816,O625,P0,2,29.14
9a063246-ca51-4371-b797-62d13405446e,O625,P6,3,288.13
38f7b5ab-feba-4be0-b366-19186cec2cc7,O626,P12,2,196.5
489999f0-4599-4fc4-8014-996c09a222e4,O626,P40,2,61.97
0943c6ae-0def-4eaf-9523-94aa48d2ca18,O626,P36,3,229.21
cd6a90d1-9c2f-4faf-bdb1-d80a9e9c1070,O627,P44,2,165.78
7d29344f-e7d0-43b5-817b-cff35cafaf9a,O628,P46,1,297.7
d268d64f-c6c3-4007-933e-bd7b6099674e,O628,P18,2,164.27
85b68a47-141d-41d9-bbbc-9ca4301e006a,O628,P8,2,13.01
0ca3dc30-7968-4d63-9caf-5d1e1e5ab3b5,O628,P8,2,13.01
a5210086-d6c2-414d-a61a-23da78c135e1,O629,P30,2,469.52
fa610a46-5d9d-47c7-9835-d0e21a4a4b65,O630,P37,1,344.86
cfee5294-0354-49ae-b340-f57cea71f5ce,O630,P34,2,23.19
0d93e2f0-313c-4693-90f0-81f7efb0a837,O630,P1,2,386.89
befa89b5-7b7c-4fbb-9574-cefcf276f75b,O631,P42,2,364.27
18bb5b3a-685c-4ed6-b268-c8ff8d1432f7,O631,P32,3,205.58
391692f9-8f32-4518-b87e-6bcbc6c39710,O631,P2,2,153.08
bcce4004-9514-4cb0-a41b-f5ec75a4c7d5,O631,P18,1,164.27
cd0c5286-ba21-432a-9af9-7ef0f682385f,O632,P22,1,315.67
e1c68629-578e-4fcb-b971-d1654cf819d8,O633,P6,1,288.13
272960b0-5773-41a7-91ec-601f0173781a,O633,P21,2,243.54
a6695a2c-fba2-47d6-a14c-8a17ae7a1a6a,O634,P24,1,327.27
0c00712b-fdb6-4267-9f79-87ce3c0d6894,O634,P33,1,410.57
ebd6b1c0-23e4-4e3d-98e7-6abab5531005,O634,P29,3,495.24
f15eb116-9316-4f20-8668-2a0952fd751b,O635,P36,1,229.21
e080f23f-254d-4013-9ca3-a0bd4abeff41,O635,P1,3,386.89
a9e04008-00f0-4d12-bc27-a15f82672ea3,O636,P9,1,114.1
aac86e5b-144b-4601-be02-8c38d75ca795,O636,P7,1,40.44
db0e14ba-8c56-4d55-8113-39dae56a1635,O636,P11,1,422.06
45d53414-74c6-42b2-a29f-51aee4f855c6,O636,P3,3,210.16
b4d3dd25-9f84-42f2-b0db-feabe7d28e43,O637,P26,1,251.1
9726e2c2-2539-49e0-9463-e3a2feede9a5,O637,P26,1,251.1
7b3082bf-00dd-4e10-b573-5c7a0087b713,O638,P33,3,410.57
2fae46bd-296a-421c-ac02-7e1f49b5458e,O638,P35,3,199.25
435e89f4-738a-48ae-ba95-e39b94e3bd9f,O639,P23,3,218.14
6eb83854-076f-4dac-8492-a7736e9933d2,O639,P46,2,297.7
99bf0859-126f-4708-ba28-f8245ded01a8,O640,P15,3,17.14
116c3637-2bcb-4835-bcf8-dcfd38c7fdd9,O640,P36,2,229.21
a28fb652-e6a6-4dac-a22b-945dd0a1adf0,O640,P29,3,495.24
8c57c991-a7d3-4c94-9b83-183fcee8669c,O641,P25,1,204.24
21a29e5e-3eab-4bf2-99ee-3c6b49a628b5,O642,P27,1,329.1
4709222c-1207-4f1f-8ade-6efa47a8f01c,O642,P8,2,13.01
18398d95-b876-4cdb-b6f6-33a869abfd63,O643,P19,3,318.26
96dbcc53-30d1-4ea2-beca-4ed944482bf7,O644,P11,1,422.06
c24e9ca6-ac3d-4155-b1f1-9eb4405783b3,O644,P43,2,451.76
7839d174-a517-4761-91f6-ff4f3e2a4d1b,O645,P16,2,150.17
51d371b2-2f3c-47af-8c43-8c7b71a1296b,O646,P30,2,469.52
22003902-9554-4f3d-9d69-74f0cf06c532,O646,P47,1,397.61
317efe25-e0ab-489a-a05f-7fece805715f,O647,P47,1,397.61
def89da9-a3f6-4a26-8b8e-7069bfe53284,O648,P45,2,488.83
54d2bed4-a8c7-40c2-b2af-6774308c5f6c,O648,P5,1,428.82
0e58183a-21da-44a1-994d-572c098daca7,O649,P31,3,92.64
1ae5a77e-85ce-4baa-8904-47916c5d66cc,O650,P44,2,165.78
a22f5f3a-9879-4862-83be-332969d2e1ae,O650,P47,2,397.61
fd4034d2-f9bc-4c5a-9df7-01c3eb8becf9,O651,P30,3,469.52
5ef24fed-1951-40b1-bc5d-b043d09d1561,O652,P10,3,192.31
c9a1b895-9507-4180-893d-1b9ff1f30e70,O652,P49,3,16.6
23f26835-0a4a-4ee9-bfb9-776c382a9579,O652,P26,3,251.1
f3c85b4a-dc91-4662-8aaf-1eef58ceb71e,O652,P6,2,288.13
5bf9d7d8-9f2d-4979-9a62-d83659a7792f,O653,P15,1,17.14
1c059e3c-8a27-4813-af80-f4a1d1169974,O653,P17,3,165.71
45547e47-870d-4719-ba91-4950e0ab081c,O653,P43,1,451.76
ee9e2296-8ab6-44bb-98fd-b1f53d9db549,O654,P41,2,227.6
2a1edcb9-c0f3-4967-8b06-b10f8ec139e4,O654,P6,3,288.13
cd881d21-1d0a-4101-b4c8-54f9f9c0d9b3,O654,P3,2,210.16
f6c542ce-02b8-47b2-9eca-0355baa45f3d,O655,P18,2,164.27
94c5ef66-5bf0-4d14-b13e-edc4197d0d00,O655,P39,1,382.01
a36276c3-f77c-4974-8b1c-b14a3737b4f4,O655,P7,2,40.44
d0b2fde0-1ffb-4f3c-a0a0-ef28f4a92bc7,O655,P13,1,195.01
572ca86e-63e7-4059-8383-95d9ab6697eb,O656,P20,1,322.96
4e201a6d-eeda-487f-b835-935a2c39b076,O656,P17,3,165.71
e4e2b0ce-0729-4151-8029-367dd8a5a3fc,O656,P8,1,13.01
963ceaf3-1a4a-4176-a45f-5b3aa4a0fd51,O657,P4,3,428.84
a2de1586-a34a-44a5-a846-0e3280e31478,O658,P23,2,218.14
99f7219f-d450-45b6-867e-4fc94fd5f372,O658,P15,3,17.14
e987556e-e6ae-441f-9908-386dbd966a87,O658,P44,2,165.78
221cbd0d-68f6-4981-9f66-f76e7f8373b0,O658,P46,2,297.7
ea8b4a96-ba12-4ddc-bfe5-fd0eba699cdb,O659,P17,2,165.71
9a38e1df-60be-4c27-8050-733fe81856b0,O659,P16,1,150.17
d97a15b3-6a75-47e3-a922-ed1ef304123b,O659,P27,3,329.1
d610c93f-0025-4a19-86cb-18b2ce80e45f,O659,P47,1,397.61
1c7e1b5e-c68f-44bb-8442-dd91e511b466,O660,P40,3,61.97
5888c5a9-84d6-47c6-8398-43787fbae88d,O661,P23,2,218.14
2ae6f23f-86dd-49d5-b364-1d72f0c34aad,O661,P24,1,327.27
ef8b9c35-b10e-445b-8f2f-59ede1ec03f3,O661,P10,1,192.31
afda42e2-27e1-4be5-8e6e-a00b7ad25327,O661,P42,3,364.27
9a062498-c9a8-4094-a248-c09508f67859,O662,P33,1,410.57
109e70e9-dd16-440f-b938-706f816e3137,O663,P19,1,318.26
9583091d-88e5-4a96-8531-e15790dc432b,O663,P34,2,23.19
5a41a278-905a-487a-bfa7-e113eb48b868,O664,P45,2,488.83
cada0f5c-58fb-497f-9a72-c9f401e12eb0,O664,P20,3,322.96
2800ec38-668a-4d7b-80bf-f9c26c3f4f52,O664,P6,1,288.13
0ca3ac2f-ade2-436b-90c2-b48d2b2d2ace,O664,P30,1,469.52
e7517f1c-dee8-4efe-8f93-4cd2707e089c,O665,P36,2,229.21
fdd6d26b-5e9f-4f91-b3fa-aab029f05dbf,O665,P44,2,165.78
68eaccf4-7f51-4ea2-ab15-e7ed55ba5630,O666,P49,2,16.6
16b0a25d-3740-4715-98e2-c64691538297,O666,P45,2,488.83
8aba4d38-ab14-405c-8f3e-fa0a8e7e7b49,O667,P41,3,227.6
632f7aa8-9aa1-42e0-8caa-6ca0f6bf7889,O667,P46,1,297.7
2cb6b39a-822d-4078-89d8-e3225d12c3c7,O667,P8,1,13.01
141229e5-b9f0-486e-b09f-ca6b91c3dc59,O668,P43,3,451.76
7411aff7-7819-48b8-8e0f-7850feb9ddc8,O668,P13,3,195.01
e079a1f4-b30d-46fb-a82f-669e260849ba,O668,P47,3,397.61
18144df2-13c8-4b4d-8a4c-2578963badc0,O668,P28,3,45.74
86beaae6-b518-4f49-be9f-5341da82fe7b,O669,P13,3,195.01
b7a2e085-de8d-42b4-9006-21eee75aaa4c,O669,P28,2,45.74
219c2133-e9ef-4437-b04b-47eace63c6b2,O669,P14,1,30.25
78c558ad-820a-4e93-9bb0-a938ab39a12c,O669,P16,3,150.17
8ee172a6-9e6f-48b8-b491-55550500dd28,O670,P37,1,344.86
dbdc3d67-4c58-4eb4-bee8-b161a3878e20,O670,P35,1,199.25
44526d9f-ff02-4375-9038-ce0e7ee2abf9,O671,P41,2,227.6
ad498820-665e-4531-9f3d-f96e56d671f1,O672,P1,2,386.89
e0f045a5-e268-44c3-9bc1-e238a7002ecf,O672,P25,3,204.24
9e06fb05-0f21-4e8f-8d74-00044fb5cf7e,O672,P30,3,469.52
6cf0ffc9-f6be-4163-a108-05389fafff69,O673,P15,1,17.14
79ba3c8b-d171-4423-9417-126342a9e955,O673,P4,1,428.84
e6e2de60-f595-4b5a-92c3-fbf5a344fe51,O673,P13,1,195.01
ae0ab156-9767-4411-95c6-4772c57d5d51,O673,P11,1,422.06
248b8a6a-d33f-4d7d-bef0-80a572dbdaca,O674,P35,3,199.25
e64b2e5b-9a8c-4030-896e-4f1aa97090a3,O674,P32,1,205.58
2c6d1fca-36e0-4e10-a443-d7fcec69bfcc,O674,P11,2,422.06
6aa2ffdd-d542-47db-9604-10f231b39fd1,O675,P12,2,196.5
06b644a1-2a9c-45ed-b3f6-56409539458d,O675,P48,3,51.12
ec1c0c2f-b5c1-477c-897b-af389aed4ed8,O675,P28,3,45.74
049c88c7-1b75-4a2c-85e5-1e5172590221,O676,P18,2,164.27
d20c4e13-3498-495f-a1bd-4508f956b5c2,O676,P22,1,315.67
6a71dd7d-42f7-4665-b156-3af2dcd0489c,O676,P22,1,315.67
63a1812b-8881-4ac1-91d4-8cf4ef09d094,O676,P34,1,23.19
b52f6f19-d318-433a-a4e6-71aa6011bf4a,O677,P10,1,192.31
f78fd957-f32b-405e-8c14-6927df948297,O677,P30,2,469.52
710c1c50-0466-49cb-9e30-dc5066ce2dd0,O677,P7,2,40.44
f66fab65-9718-4008-a3e7-091112aa4b52,O677,P10,2,192.31
bc21e318-c61d-47dc-b243-bfda8cf49915,O678,P20,1,322.96
e4f380a3-397f-45b8-a084-0ebeefc9463d,O678,P6,1,288.13
411396eb-f1a6-4485-8600-b6757e10dea3,O679,P4,2,428.84
e4aa1d9c-b036-423f-a2a9-2eec7b05fa6a,O679,P38,2,28.25
311d8c8c-403a-49ca-afc1-0a9c41ffad45,O679,P11,1,422.06
364276f6-8fa9-4a49-9935-6dfd189ebe83,O680,P5,2,428.82
b217d658-4ad0-47b4-8fa1-0cda941fc549,O680,P28,1,45.74
2b42ad84-3bd5-43be-895b-aecbb63ebf0e,O680,P11,2,422.06
13301018-5603-42d6-b485-84c3d0209e0f,O681,P45,1,488.83
0fc57705-76ab-4b15-aa1c-0f42a7b16ec4,O681,P5,2,428.82
e7a020d9-6d54-442d-b6e0-f7fe45be00d3,O681,P11,3,422.06
e41bd710-32cb-46a5-818d-dfeab7b1e16a,O681,P20,2,322.96
546c87a5-1c9e-4dff-962f-558376b07688,O682,P19,3,318.26
1e11c9c8-4c90-42ed-bbad-4eb3543eb4e7,O682,P20,3,322.96
209ba6ed-1400-4715-be58-39b9c2fea409,O683,P24,2,327.27
751924cb-d478-412b-8edd-2a35f2284fca,O683,P8,1,13.01
b401d9ff-731b-43d9-b29f-c5063f7cbfad,O684,P14,2,30.25
7dd66203-80b5-4b65-a3e2-ae48ab6d0613,O684,P27,1,329.1
5ab5771c-3b04-46cc-8259-8f5f69e2cdd1,O684,P20,1,322.96
7f29c12b-2d21-491d-9ac3-8f9b0438f51a,O685,P16,2,150.17
2813633b-8891-4e15-9a12-5b05e0fd8f4d,O686,P34,2,23.19
52533fa6-b9ac-4c3b-b191-c7aa03791993,O686,P10,2,192.31
8b715ba3-1d12-4dbe-9d01-7348d819885c,O686,P9,2,114.1
e8e7eb95-2634-4037-ab86-c88782fe84bd,O686,P2,2,153.08
308a297c-7452-4366-8aa5-45e4cc67fc79,O687,P8,2,13.01
a8faaea6-42f0-47fe-9876-dcf42154d1ca,O687,P24,2,327.27
c1ff9448-ba2a-417b-9295-69bca08be418,O687,P37,2,344.86
f2e9d1e2-7d62-46d9-9cab-b2c3af1f5ba6,O687,P20,2,322.96
62a99e5a-c170-4454-8517-505906924377,O688,P38,3,28.25
eb14ac0e-f554-4250-a1bc-0f32d43efbda,O689,P48,2,51.12
f6a2fa7f-2625-4026-96d0-c08ace20a0f1,O689,P22,1,315.67
7aadaa3f-e22a-40bd-86c4-1faf01435a72,O689,P14,3,30.25
90dd8a8e-2b63-4418-a0e6-9c8e7c890c5a,O690,P21,3,243.54
b8c14959-0299-4f7d-9bef-8c044449c139,O690,P3,1,210.16
4c30dc76-7d3f-41b8-940b-42d797f57e41,O691,P48,3,51.12
4898c54b-bc17-4c61-a65b-483a547b2da9,O691,P29,2,495.24
2d941147-6a7f-409a-a21d-b11562091ebc,O691,P0,3,29.14
30da118f-362b-4090-adc1-0f47e266233d,O692,P10,3,192.31
14ce6ca1-1e8b-48e3-a339-5172f1dc22be,O692,P45,3,488.83
eb583879-69a5-405f-bd2f-fceefc15690d,O693,P34,1,23.19
5e91817a-b2a6-4d12-beca-2cee1b857e6d,O693,P45,2,488.83
c7d102c5-ecd5-43ff-bdaf-e5a7ce0c2a33,O693,P38,1,28.25
634b3714-2fbd-4099-bd25-40d07ee9e81e,O694,P26,3,251.1
ea122dd8-41ce-4817-97f5-f412d0f1c5b0,O695,P5,1,428.82
5be1f7d4-b91e-44fa-a2c1-28de3a168dbf,O695,P15,2,17.14
42c07506-4334-4047-8371-b7225d534cd3,O695,P36,2,229.21
44914e46-cf7d-4236-b4ec-dcfcdd030b72,O696,P28,3,45.74
8ab2931d-397d-46c0-b657-40bd677ff5e3,O696,P19,2,318.26
36c51c71-5096-40a4-b27e-d7688929c625,O697,P34,3,23.19
69ab1a60-a2b3-4183-a5e9-192b9f39a66c,O697,P5,1,428.82
d089c762-83e2-4350-8ca3-c046a1d65af0,O698,P35,1,199.25
d7f06594-dcb2-4fb0-b02e-bf9a0f5cf5e5,O698,P45,3,488.83
3edc77cc-f225-4d7f-8030-97cdedaa7aa4,O698,P9,1,114.1
382f782b-60dd-4095-97a9-bd170c23a75f,O698,P47,1,397.61
215207f1-2142-40ac-a902-95d4f57b7e3b,O699,P37,3,344.86
790dc6a2-70e0-4a27-bd1c-fb0b0dc51770,O699,P0,2,29.14
055e484e-8481-4527-a5aa-d73eeb101f76,O700,P2,2,153.08
e4738140-2db6-411f-8163-63a009102308,O701,P10,2,192.31
f0c4a165-4931-4acb-8d33-c38d5c2667c0,O701,P49,1,16.6
2000a64b-3bac-4070-8a69-d4c4922b08dd,O702,P43,2,451.76
ad1c1789-9c25-4c6d-b06a-9a68ca6ba342,O703,P10,2,192.31
0cd0037c-1135-41f9-ada9-e7443b7ad3da,O703,P7,2,40.44
ebad6cff-411c-4d50-8fdc-6c5fa5785c0c,O704,P30,2,469.52
c75a8b39-1628-4e5c-8136-cab42c187bd2,O704,P45,1,488.83
2b2e78fe-bd76-4e92-a92c-e12c1b2a935f,O704,P8,1,13.01
165b0433-b95a-4fbc-a8df-6d2ea2f67b70,O705,P20,1,322.96
e0b12da2-8d08-43f2-b779-ab82d367de1f,O705,P35,2,199.25
f24b5047-5d5e-43d4-a351-9367ee4db1a0,O705,P12,1,196.5
2d19456a-6514-4940-9f04-8932b86d20f6,O706,P15,1,17.14
782190e8-6891-46ee-b421-148b9a225f99,O707,P40,2,61.97
62a1eba7-8219-4da9-a79b-2b56b5e1171c,O707,P41,2,227.6
c3ea66dc-317c-4f9c-9790-62c5e58ce619,O707,P11,3,422.06
65068f84-57cd-4c8a-9616-10a190913fd2,O708,P36,3,229.21
b1f58d9b-789d-4f5a-9693-ca5fc92f2766,O709,P29,2,495.24
3f3f3e04-0eb2-4663-9430-97fdcbdd8921,O709,P43,1,451.76
c5602f61-c135-4063-a826-a9afc4b2639a,O710,P17,1,165.71
9e454cc7-ed85-41ea-aa40-69e9a9f208f6,O710,P45,2,488.83
1fc70438-d4b8-4b89-98aa-f825d0abe481,O710,P23,1,218.14
531e6bbe-b71e-46fd-acc0-d073b79f58f6,O711,P2,2,153.08
5b11ff89-5711-419a-ab24-77489f00e162,O711,P33,3,410.57
398cf07a-eaaf-4670-bf3f-6c55552e2fc5,O711,P43,1,451.76
318aec2b-8a54-42a6-890e-23857213ff08,O711,P10,1,192.31
c214cfd5-ee32-40c8-94e9-f35baf3dbb4d,O712,P43,1,451.76
eb2a7073-72ed-44d6-b3da-68dedbf0c07b,O713,P41,2,227.6
7a0ac9ca-1bdc-4a71-bbb7-e6a17c49a51b,O714,P48,2,51.12
fb0cf1c8-ea5d-4f6e-a01d-feab6ce55996,O714,P34,1,23.19
90472f42-f8cd-4820-b3ca-757c4d9a9f5e,O714,P3,3,210.16
336ca091-b758-4c9e-902d-6080d31d3cd7,O714,P34,1,23.19
f269a761-9f33-44b9-84f8-4fa1c2da7a8d,O715,P13,3,195.01
4f37e6c0-b267-4516-9f02-9f8e91f57e30,O715,P7,2,40.44
e7d8d296-8653-435f-b7cc-8a954ba89010,O715,P17,2,165.71
310ea6c2-23d0-490a-a046-793aa98c4530,O715,P35,2,199.25
89543672-0842-409b-949f-8feba83b5022,O716,P8,3,13.01
6ec354e1-0296-485c-a3a9-bbf658ffd438,O716,P41,2,227.6
e48bb841-967e-40dd-9a51-d76319aca937,O716,P40,3,61.97
cff6e6c0-f1f7-49dd-8673-025037e70ff7,O716,P22,2,315.67
f7eb1a1f-e1e6-4521-8a11-ea40a1896b91,O717,P23,3,218.14
4a202ff2-0df7-4232-884b-a51b713905c3,O717,P14,2,30.25
f15544c9-e4da-4176-828d-68b8b647c5f6,O717,P18,1,164.27
c631b761-ea4b-4313-be65-ff3591fa7530,O718,P11,3,422.06
f312569e-79db-4626-9908-b2f81b0c5ffe,O718,P21,1,243.54
663059d0-f631-49ba-9183-6371b2f12520,O718,P21,3,243.54
f5f72ab2-cd67-444e-a1fb-eaf06a19ec2d,O718,P31,3,92.64
af6af1d9-b71a-4f5b-9b30-9c1a9a88d14e,O719,P9,2,114.1
e25487a2-557b-433b-9fc6-b32f80b88186,O719,P34,3,23.19
a89b7dbc-9eff-4d56-8145-0a5c81cdad84,O720,P38,2,28.25
fe9d2665-24bf-4020-9b83-553fbbd7afa2,O720,P1,3,386.89
ec0f65bc-a1a6-43a3-8cfe-bc2603e646cb,O720,P20,3,322.96
673d3a08-d4f0-437f-a534-ec94b1fdc634,O721,P33,1,410.57
08cb8257-80ae-49da-bec0-ea08e693abad,O721,P1,3,386.89
71d2dbee-cd27-456c-a7eb-40ee377915a9,O721,P35,2,199.25
d729820c-5763-44d3-a321-11118494b1e1,O722,P23,2,218.14
19e04e17-f753-4e4b-abc9-117a9277d155,O722,P14,3,30.25
774d4eb2-2d66-4034-9427-fe38fbbf3b46,O722,P11,2,422.06
4a232866-dd7b-4c3e-90f6-0ce666e065f4,O723,P19,1,318.26
723354d0-39f8-4c36-b7e8-0351d8609626,O724,P11,3,422.06
092b4c5a-8ba2-4ae0-823c-8394d91a684f,O724,P48,1,51.12
6b6569b5-c794-4e4f-9c4a-29d4dee39698,O724,P9,1,114.1
b6702ce1-ddcc-4434-981a-7760992a4d8a,O725,P21,2,243.54
daee5087-0619-4d75-bc46-1a74d7fb318b,O725,P27,1,329.1
3865572e-b80e-4b54-82a3-e75cfa2d4c84,O726,P7,3,40.44
ec7883c0-4394-409b-9b7d-7b55bcbf0ca3,O726,P3,2,210.16
ff3ebf88-8c93-4e39-b722-d606e66031c4,O726,P26,2,251.1
d491be0a-16b2-44f0-8762-9dd1613f5ef0,O726,P24,2,327.27
9740c38e-517f-43f3-b74d-03906daf42fe,O727,P45,1,488.83
1e325281-0555-4ac0-a6e2-2a2b2e62810b,O728,P44,1,165.78
8a881828-d8d8-49ea-808e-a0bc3c1668c5,O728,P18,2,164.27
3c8c75bd-7843-406d-b582-6a507c4a83de,O728,P26,2,251.1
c4e00783-ef0f-4801-9416-ab486c34f3df,O728,P16,2,150.17
f9794c2f-047c-482c-b959-9d2d28fc742c,O729,P19,2,318.26
23130e63-ffa3-4aed-87f9-c6a5c287c3ef,O729,P25,2,204.24
e497c8ee-1178-43db-9419-eb81aeff9ba4,O729,P45,1,488.83
29b9ebc4-59da-4009-806f-8a2dcf683804,O729,P37,2,344.86
3d62b593-e902-4597-9a64-4f0a997a268a,O730,P45,3,488.83
27f28a86-231c-458b-9411-75f07d136102,O731,P29,2,495.24
d346457d-cd41-4459-ac45-52b179dbcf6c,O731,P41,3,227.6
883d2741-9357-4714-8aac-79d0d9ccb196,O732,P39,2,382.01
790e310e-740c-4c58-844c-7aab6d910512,O733,P22,3,315.67
50a9f0de-ad78-4164-aab8-ddfb2f53bd66,O733,P25,1,204.24
dd5a8a91-ea60-4dfa-8de7-1dc23f230b9a,O734,P30,2,469.52
51a419e7-2bd7-47a0-a0f5-a3c60d8f14e0,O734,P34,2,23.19
e4aa50f2-f698-4284-aee7-dfdb969cc42a,O735,P45,2,488.83
9b65ea5e-06e1-4f17-b534-30edd9cc2e5a,O735,P13,1,195.01
a974d5a6-b455-48ab-b2d7-b52f0d68d17d,O735,P7,3,40.44
ed86f5c4-50e9-4311-8d10-c3d806107e30,O736,P36,2,229.21
dd19cdaa-0d02-4208-8ced-6c829631d823,O737,P5,3,428.82
7c03c442-38f5-48b6-a4e4-0ada15468d01,O737,P12,2,196.5
51cff9bb-3bd6-4601-92a0-ca65869a39f3,O737,P15,1,17.14
b25f56b0-0f52-45a5-ae6c-d05d75b693d2,O737,P36,1,229.21
342a4d90-2a7c-47f0-a1ad-79d5740248bf,O738,P3,3,210.16
a5c8f34c-9f74-4675-a351-5f41c47c75d9,O738,P10,2,192.31
628e988a-d08e-4c28-b3ab-90d1bcb992d9,O738,P18,2,164.27
ed277e83-08bd-42bb-95f9-4b690cfe087a,O739,P1,3,386.89
95861e1d-3d36-42bb-93dc-42e5e8de3a2b,O739,P14,3,30.25
55bca6f4-cd65-4fa3-bd8d-838c095ca5b0,O739,P7,3,40.44
cea237f2-c6b7-4fce-aa90-14caf9c68e9e,O739,P26,2,251.1
dc93813e-b188-4dce-af96-b0c0ae33874c,O740,P8,2,13.01
4107c5c7-edac-483e-9fbf-4b8c392fb47e,O740,P41,3,227.6
5dcb1b4c-9570-4f97-8769-209a4e864a0a,O740,P11,1,422.06
87994417-e7c8-44af-a30d-2104d8ee4e16,O741,P26,1,251.1
926cf061-eda4-41cf-a49c-ce588146b678,O741,P42,2,364.27
9d334b1c-1cae-4c2f-8b6a-65e7fb7a73d8,O741,P25,1,204.24
f148f405-8a90-4859-ad38-066e554c210e,O742,P4,3,428.84
a6851b50-2706-43e0-b898-3c059fa9b73b,O742,P38,3,28.25
d5353492-8335-4451-be52-fa754aee09d3,O743,P32,2,205.58
4e6e3105-b3fa-4843-b660-3d440f1395bf,O744,P9,2,114.1
ede2e4cc-9c0d-47be-8502-5b0d8cc3822b,O744,P38,3,28.25
3a48378d-60bf-4877-a13a-b3e912a02f71,O744,P34,3,23.19
f66f35ee-794a-4d4b-809a-d041b8a6aff4,O745,P8,2,13.01
9f1545b7-3444-4611-ba0b-75b96a038524,O745,P32,1,205.58
abe43f15-cf55-4258-9dec-5515dc5aeef0,O745,P44,1,165.78
ec250ac7-721b-4ea7-bf42-33ea877d280c,O746,P20,3,322.96
31012164-6f6e-4438-aca2-0b2f30aa4b58,O746,P42,2,364.27
61154fb8-d11f-496c-9a65-167cf151d817,O747,P20,2,322.96
c10b2488-af0b-4436-8935-d0a1f36cb5b9,O748,P3,2,210.16
ac7e7d1a-3c69-4c1e-b9d6-7411d5162d3f,O748,P32,1,205.58
3d1555e5-b620-42eb-9557-bbfe826ab636,O748,P23,1,218.14
ec4a067a-2c82-4b0e-b3cc-b48cb6205e1b,O749,P36,1,229.21
8260af0c-3510-41ac-81fb-19fd46edf635,O750,P38,3,28.25
29bef360-bfcc-4e62-a0d7-65757d108c39,O750,P7,3,40.44
cc52438e-6d19-4747-b975-d4b80cae888d,O750,P25,2,204.24
924e91d4-c6a1-41ba-b8d0-07f0e6e452ce,O751,P3,3,210.16
c68e035a-a130-429a-8b41-6fb4f6a6f4f6,O752,P20,2,322.96
75f7b418-d3c2-4cd6-8fc3-a8ac39533c7f,O752,P45,1,488.83
302b43bb-ad5b-4bf9-b54c-cc63259c9bd9,O753,P29,2,495.24
1a479837-ef22-46d6-8b31-f2859a422b7a,O753,P18,3,164.27
07f45722-e8fd-4e65-9492-ac4921db615b,O754,P18,3,164.27
fdbf5ac8-7fc7-4355-8b41-560e19dcfba3,O754,P23,1,218.14
ea2cf180-27ff-4328-b3cc-995f9f38639b,O754,P15,2,17.14
5b30038f-d6d9-4fe8-966f-05802c5f619e,O755,P21,1,243.54
5ac1f96d-199b-42d9-afd5-cbd012dc838e,O755,P39,2,382.01
8b927d61-8600-4545-80a6-8dd7f29d9585,O756,P45,2,488.83
b2db1ac8-3f59-4ea2-884a-0410c715c02c,O757,P33,3,410.57
9c5d2645-b0fe-4bed-9813-aa81ae11c724,O758,P31,2,92.64
83493d64-7510-4709-9cfb-31855ff7a59b,O758,P32,3,205.58
7dc28664-9ef3-4e96-b14a-43bad7b6722a,O758,P28,2,45.74
debf40f4-d1d8-4217-93cf-bf8c5d98883a,O758,P13,1,195.01
53e967a5-8c50-4b42-b240-306993a97377,O759,P42,1,364.27
4abd9340-4c6b-49e8-abae-c0bb43d4ea52,O759,P27,1,329.1
3487d21b-c3e1-42d1-aab5-3930740074de,O760,P27,1,329.1
1b4a9565-552a-466e-8dea-db932869c77e,O760,P43,3,451.76
4de1a907-308b-4ddc-8bac-704c8dfd4d9c,O760,P39,3,382.01
6946691f-b89c-46b3-b003-40b5f7559606,O761,P26,3,251.1
29f00c97-03de-4f2d-af04-64c5945dc860,O761,P11,3,422.06
30edff9c-e19d-4d4f-9405-d7f5dd40c1a6,O761,P21,2,243.54
c1c78885-4142-4af2-a8e8-211c22846f0f,O761,P8,3,13.01
7431fb1a-685e-432d-9e2d-4b305c05ce88,O762,P38,3,28.25
5f1a2e1f-b9bf-412c-ab92-2a022eca79af,O762,P25,1,204.24
328d3544-4231-4511-b66e-cda281bbb7f5,O762,P49,2,16.6
faeae654-eea8-4d70-8e16-6a8938b5744d,O763,P9,1,114.1
dcae3a8c-6684-4c4f-91b7-edac76ca416a,O764,P25,1,204.24
0ea51856-d9bf-448d-b470-bf29513aeb87,O764,P37,1,344.86
0bb2ef8a-d714-441a-a601-9169bf65a6d4,O764,P13,1,195.01
918cb672-fa0d-41b7-8d1a-6e1ad68b537b,O765,P14,2,30.25
064cfbd3-054a-4f7e-b6d0-ae2b91b6982e,O766,P37,2,344.86
d64ff152-c9b9-49b5-a957-4e5a91b706cb,O767,P23,1,218.14
fd4886f9-8464-4b0f-a156-fcf39d438c67,O767,P37,3,344.86
b50ddb25-379b-4c71-bc8c-171672a4d908,O767,P39,3,382.01
7ffaf380-7ff8-4da4-866f-81d4ed39deee,O767,P42,2,364.27
e0b9a775-5026-48e9-a6c3-5b267ca2a67d,O768,P15,3,17.14
1fb3b16b-d008-47e0-b7f3-03b314651b49,O768,P44,3,165.78
4cf494ec-842e-4c0f-be68-d373e8b92003,O769,P30,1,469.52
d304a94a-f7d8-4166-95d5-58d9c2662322,O769,P10,2,192.31
43b5a502-8578-4dc0-85fd-7e0affece4af,O770,P40,2,61.97
8c39fa1b-8640-43d0-b9ab-2a390069154d,O771,P24,3,327.27
a1f033ea-5165-435c-8f48-2e2e5377edf2,O772,P31,3,92.64
ed7d04cd-6bbb-4592-911b-a01101e53353,O772,P7,2,40.44
344af4ba-765f-4fa1-821c-c56292b3f85b,O772,P28,3,45.74
083373e1-4527-4aa5-9c54-58819dc868da,O773,P25,3,204.24
4c7f8a7e-cea2-47ff-91b2-bb3839aa6019,O774,P5,3,428.82
6d4f43a3-0a6a-4d42-ab8f-14ef4e795643,O775,P30,1,469.52
0c1f2ab8-8f32-4113-9be0-789b36601a6e,O775,P29,1,495.24
69e76c40-c103-466e-a57e-1a9723f20764,O775,P3,3,210.16
a8f4522f-e0c9-467f-b1a0-30d12fe9c396,O775,P41,1,227.6
f1ba4578-7443-4384-ac7c-6f655a515ec3,O776,P39,2,382.01
0a74ad27-9fc3-4d82-9bfd-55b80cc4817b,O776,P23,3,218.14
22b9c687-ea5e-48d4-bbd2-00818b334788,O777,P22,1,315.67
dab56052-fda0-4adf-af57-a30dd694536a,O777,P13,2,195.01
bf904971-7ded-44dd-b094-55dc1e84f515,O777,P38,3,28.25
a1da3250-0b3a-4c62-adfa-b1974fa389d1,O778,P21,3,243.54
3f00e0a0-f142-4e91-b2d8-661a7d34947e,O778,P47,2,397.61
00b69292-3ac7-4645-96f6-36e7d5dcf358,O778,P10,2,192.31
32cc30df-522d-4e0d-9c20-b5df7ea07fef,O779,P13,3,195.01
80e00178-0920-4232-bae6-af0e34fc3ed7,O780,P48,1,51.12
e25635ef-2cc5-4fab-a07c-55085d426101,O781,P14,1,30.25
6848d82f-4989-47e6-9507-829126390ccc,O781,P43,1,451.76
f654f9c5-c9ee-4a88-be97-5117a877dd7c,O782,P48,1,51.12
068cc9de-2253-4700-a706-28017d3eb73f,O782,P46,2,297.7
ec830a0a-9e61-4bce-ad66-cb5037727c44,O782,P5,2,428.82
3d7f3418-d0ab-44f5-8f13-27c5feb39520,O782,P45,2,488.83
2a52ed3c-b877-4277-b8be-a6953ff1eb0b,O783,P37,3,344.86
a90690bf-8217-4aed-ae73-1b011c7bf943,O784,P4,3,428.84
6fb89c7d-9801-40ef-89b6-39ebf54997d8,O784,P42,3,364.27
b0f6631a-2376-48f2-a1f2-477a8e52032f,O785,P17,1,165.71
9c6f71d2-4cfb-4c66-b58f-8115624084a4,O786,P47,3,397.61
4c813b20-f2ac-4772-84dc-e74528950123,O786,P5,1,428.82
a9b9d38d-a54f-428d-bcb2-652d01f28075,O786,P33,1,410.57
b3a1b19e-7347-4a48-b867-0aa68938f826,O786,P26,1,251.1
a787558d-636c-4dca-a9cd-0dc64490b344,O787,P2,2,153.08
5386140b-c58e-4aa5-a284-a43b06cc2ded,O787,P19,1,318.26
f7e95037-1832-47f5-b3fa-4156ec3a0be5,O787,P45,2,488.83
c092e2e1-b9d3-47d7-bd70-cf401523beb3,O788,P7,1,40.44
22bd2bf6-42f3-4429-b8c6-11d44cdcf43e,O789,P0,2,29.14
cfc15141-7d5e-4e97-9b67-9286bb7384e2,O790,P26,3,251.1
0fd5a863-1fed-4e01-99a7-62cb531c328d,O790,P13,2,195.01
c0c92ee0-6e51-4b01-865f-c9fb7a02c865,O790,P8,3,13.01
550ee5b0-f5cf-42d0-b11d-f586387ca699,O791,P37,1,344.86
ea894f8f-b9f4-4cf0-aed5-e61ee896f601,O791,P15,1,17.14
761a5e1f-7281-4fe1-a57c-82fb913186f4,O791,P36,1,229.21
27e04007-db1c-4a51-8c83-7b4096b43c9c,O792,P15,3,17.14
de7c030a-246e-4ffd-ad3a-a9ca42875d50,O792,P37,1,344.86
e9b0178e-1f5d-49f0-a011-52458746b5db,O792,P26,1,251.1
3605eb6f-39d3-4cf4-b07d-ae8972a2a8a3,O793,P37,3,344.86
dd9bb727-167c-49cb-9cfc-527cfc1f100b,O793,P6,1,288.13
9c597dcc-9320-4f50-a824-53fd06587890,O793,P20,3,322.96
e76acd01-e68f-4e8a-9d05-aaebedd5d8c8,O794,P46,1,297.7
8a1c1958-a053-435d-9543-73927d882647,O794,P6,3,288.13
c18e3b60-5547-4f70-b187-d23c17b828ad,O795,P46,1,297.7
3004b125-060d-42f8-b6e8-db70a13af0c0,O795,P47,3,397.61
551bf2d1-e1b8-4cbb-9524-14777e49e933,O796,P37,3,344.86
149e51f9-71f7-4a74-835e-ce9fdc9632f8,O796,P46,3,297.7
92434b16-4e36-4417-a2e5-ca7390a1883b,O796,P9,1,114.1
49c48b74-78c6-4862-b799-0d44f5c27d03,O797,P41,2,227.6
a6e7b5a7-7854-4948-a382-60ab914ed79c,O797,P23,2,218.14
f967bf71-23c9-438e-9ca7-d137afa4806a,O797,P35,2,199.25
ee18fdd2-7083-48b5-8bf0-a4001f8ce50a,O798,P39,1,382.01
43faa9ee-4b17-4137-a175-b281772a35f3,O798,P6,3,288.13
833c921f-fddc-4fa2-9040-64037a4f1b55,O798,P22,3,315.67
27fa330c-8b1c-4664-b00a-d0220130b6b4,O798,P5,1,428.82
7c2cac8d-b59c-46fb-a2c2-61fc163a464f,O799,P6,2,288.13
3bdf3fe4-7c76-4f7b-aedb-ef14251a7dcc,O800,P47,2,397.61
f3b4715c-64b0-41ec-aff3-b6ac12eb4959,O800,P25,3,204.24
482330be-242b-4597-8777-474641ed2a41,O800,P9,3,114.1
0fe192ee-bda5-47a6-88bb-49495c45b5f1,O801,P25,3,204.24
cfd957eb-0e73-4f50-af4a-eff8d0b96f55,O801,P9,1,114.1
38845f19-30f6-458b-9232-9952d789d786,O801,P20,2,322.96
5c63adad-b87b-437f-8ec9-fbbd14ce36e7,O801,P39,1,382.01
10bf331d-adfb-44f2-99f3-5ee596cc48e7,O802,P33,2,410.57
fa7d1e0b-995f-436b-a9cc-d410f85e7b9d,O802,P48,2,51.12
dcd35606-d128-4b1b-ac72-4ec5da0af951,O802,P11,1,422.06
0496152a-ca2f-4890-8c3c-b82081fc21cf,O803,P30,1,469.52
f23469e7-0ed9-4aba-97dc-b1c9d13c92c4,O803,P31,2,92.64
60add620-5724-4f9c-ad2c-9003308a3f8a,O803,P13,1,195.01
68bd2d89-13ae-4316-a805-a6c1274bfc0f,O804,P37,3,344.86
ee8e2d24-6fff-4218-bf46-373df6e4d553,O804,P45,2,488.83
83e49996-c9e5-42d7-889b-f44ec942ca4f,O805,P3,2,210.16
ae7d991a-abec-4123-b521-45439c1908c4,O805,P36,2,229.21
9e007876-e53a-43fb-87da-3959259d6300,O805,P31,3,92.64
2b3c7002-09e2-4faa-b5fb-6715b157634a,O805,P7,1,40.44
1122fb89-fc63-4d7c-b265-f10d1593f422,O806,P9,1,114.1
a4fd21f5-e46c-4b31-a615-f61e3ee07240,O807,P47,2,397.61
ea1ed7e1-30fa-4c5a-a55a-f9ff7c13488c,O807,P46,2,297.7
55d26527-6f2c-4c46-afee-94bdfba4ec49,O807,P10,3,192.31
71167771-946c-42f2-9a2b-d4f7efafdf1b,O808,P6,2,288.13
9df34503-0f8b-450b-b1bd-ff53bf441e87,O808,P1,1,386.89
56d75abf-8277-4249-8c30-78ba74b72af2,O809,P3,1,210.16
b65c7a7f-42fc-46a8-a127-cf5cbc3848a2,O809,P48,2,51.12
2d989ff3-1071-4eb0-9c49-2f20d9c21506,O809,P15,1,17.14
d90c0d62-cfc6-4596-8633-155896714659,O809,P26,1,251.1
e58ec6e9-a6d3-4fd5-83da-1933fa45cdec,O810,P7,2,40.44
65f61d83-1f3e-4051-9a4e-ad5486496234,O810,P24,1,327.27
c79f534f-a417-465c-b70a-4e6f29a25ba4,O810,P29,2,495.24
3d953306-ff28-468b-aa42-171b3855c21f,O810,P14,1,30.25
8e40fa1a-88ea-4ecf-9124-2fc64ad4022e,O811,P44,3,165.78
d1a33002-b5b6-4473-a6f5-66fce4e65828,O812,P23,3,218.14
7dc5c67a-e8c4-4411-84b1-b7edaebf5956,O812,P5,2,428.82
e95fa78f-9a2b-4c83-b618-05df72b39132,O813,P45,2,488.83
e5cfd240-a480-419b-ad6c-69a4e45d990e,O813,P33,3,410.57
ca624472-20ac-4f12-8828-b31c6a069c4a,O813,P28,1,45.74
79cb2d4f-68ba-4a7e-bc86-53f48af1d451,O814,P46,2,297.7
598aaa90-5a79-4973-ba66-383784f04940,O814,P31,2,92.64
eb71bb37-4fef-4363-898a-bc31f85c73d1,O814,P29,3,495.24
8aec6697-b9ca-4ff9-9ced-0763f4647f26,O815,P27,2,329.1
ca8f8da7-8ab3-4fc7-b5fb-ffa0eb4de8a7,O815,P27,3,329.1
8e101abd-dd3e-4bcf-9ddd-53221c98257a,O815,P34,1,23.19
0ccdd9c1-1938-462d-8658-a32c021130ee,O815,P9,3,114.1
313494a2-eade-41ed-8416-0390d185c16d,O816,P42,3,364.27
5015a979-2848-45af-90c3-e6b004927fc7,O817,P37,2,344.86
70bbed88-a1a0-42d2-89f9-050f805e0d6f,O818,P2,1,153.08
ed4a790b-fb13-4f7a-80cc-43f364dfb13b,O819,P45,3,488.83
b6e82d05-67d3-4b3b-879f-7264a087b9bb,O819,P21,1,243.54
9d7dcd29-4e00-4132-9010-a93eb480c613,O820,P38,2,28.25
f354ca4f-8f08-4e70-b636-9afceb0291ca,O820,P7,3,40.44
5341d335-94d4-4736-80d0-59ddb9b81b5d,O821,P43,1,451.76
c8ad31d7-4140-47c5-aac4-7acf2bbf792a,O822,P43,2,451.76
69607645-daad-4371-b437-c90141e16095,O822,P26,3,251.1
4aa12f7a-a75b-48fe-bca4-832afe09bf9c,O822,P49,2,16.6
9579c809-e73a-4316-b747-be95135ffb0a,O823,P48,2,51.12
5de7f313-0183-4e27-b3a6-5cda4f89587a,O823,P43,2,451.76
5cc8a028-85d6-42a3-81b8-2b9a066a5d4a,O823,P33,3,410.57
d69b1cfe-51ad-436f-831e-cc6eb9bd27dc,O824,P6,1,288.13
6df536fe-809f-4db0-b9c8-86ab39da50e1,O824,P23,1,218.14
fa27e3d3-5f88-4cfe-8222-3a4edcbdefc7,O825,P39,1,382.01
af75321a-16da-436c-bb24-0a0399cffc40,O825,P0,1,29.14
64391deb-0da8-4d6f-a8bf-d1138805d6f9,O825,P38,3,28.25
e70549a0-6d57-4d95-a997-9e0de6bb0343,O826,P19,3,318.26
5378badf-8b24-42a9-9d1c-2884d6151c68,O826,P41,3,227.6
08d82594-4e86-4218-9128-fe67c29b8b1a,O827,P20,3,322.96
a654440f-1ad9-4eb2-9498-b560d2f5c6d0,O827,P18,3,164.27
1fa6b4cf-41aa-409d-9592-69153022248b,O827,P27,3,329.1
f3505b20-3105-4ebd-8560-7431979da814,O828,P37,3,344.86
3ac58f63-3665-4f2d-ac03-127f387952e1,O828,P38,1,28.25
40f123b0-a381-4704-9234-dc3e7e6cb627,O829,P3,1,210.16
528cf1c9-09c1-4d10-93e1-80412686a510,O829,P45,2,488.83
07803e86-0fba-4c62-a11f-ad7c384962e1,O829,P41,3,227.6
0ac73cd2-7215-46f6-8765-06afb9fcc4db,O829,P39,3,382.01
8870a509-3501-48db-91d7-a02f0ab386d1,O830,P14,2,30.25
a80d0d04-625f-452b-a9f4-5cef8818a1c7,O830,P7,1,40.44
555560d9-66ab-4eb6-a335-4586f2c7f565,O831,P35,2,199.25
a58ea372-a4bf-417d-90a2-c476ef632279,O831,P27,1,329.1
52f94872-f602-4b94-9672-dc631c91241f,O831,P10,2,192.31
bd767590-97db-40e0-b5be-0fe2e5d7498e,O831,P2,1,153.08
a27a65a2-0231-4b93-861a-b3d9eb5a1ab3,O832,P24,2,327.27
bdc1439f-ffab-4ab1-afdc-a0ebbf7ec990,O833,P30,2,469.52
cd97794a-1092-4b0e-9c66-bd51458ff8b6,O833,P42,1,364.27
6c79734b-4326-4085-b947-0646ebb7baf2,O833,P19,1,318.26
300eebf3-b496-482c-9608-67dbd46f4770,O834,P11,2,422.06
90e2e5a0-561f-4398-8735-3c985b68db29,O835,P12,3,196.5
2d94ffc5-23c8-4116-a652-69cc14546c27,O835,P10,2,192.31
74bdf2df-a806-4555-9d64-009e10242631,O835,P19,3,318.26
9a290785-7f73-4f9c-b945-96cdd5b27543,O835,P34,1,23.19
289a7c83-9ebb-4ec6-b225-af5517f9dc08,O836,P40,3,61.97
caaa99c6-1b9a-41ed-8501-f0973a5e8af4,O836,P20,2,322.96
e00c0287-b76f-419e-9466-26c29e0f1468,O836,P2,1,153.08
211d8575-c46f-4b9e-a5b0-fd2169fed703,O836,P27,3,329.1
aa6ffe91-a870-4d4f-b797-b87eb9c16885,O837,P7,3,40.44
75bd0368-6955-4c59-b98e-f096de5d300d,O837,P25,1,204.24
f584c622-9efd-471b-9a35-bdcfee4bd784,O837,P3,3,210.16
abab95e3-910e-42f4-a287-aaae3f85e856,O838,P40,3,61.97
37bd9b39-92c0-4815-bb32-24688684ceac,O838,P40,1,61.97
f80598b1-371a-4e80-93a2-0680b50e0c69,O839,P12,2,196.5
3711de0c-18e3-4115-8f19-56ffd36a90ec,O839,P17,2,165.71
7ebec804-0dbb-46c8-bfef-de79f0b971a7,O839,P44,2,165.78
fa4ac162-9613-4bd4-bc5b-fb57e2b41f1d,O840,P43,3,451.76
e139f46a-c5e0-4a0e-9842-70b7772862bf,O840,P35,1,199.25
3a3b8fdb-739d-49d2-a4b6-1dc13f8665a4,O840,P40,2,61.97
8e08f8cf-3b67-4679-b3ad-513c771ca718,O840,P3,3,210.16
250e36da-e076-4c3d-9c88-f9de60bfdbc8,O841,P47,2,397.61
9744ef2f-5310-4984-bb45-40a00a45d300,O842,P2,1,153.08
d7950fbe-7dbb-4c1d-84dc-0838121743a6,O842,P37,2,344.86
56ebb45e-9ba4-4b31-9afa-9a702e3ee464,O842,P1,3,386.89
3072ff01-3fa4-404b-a902-eb5ecf4c390c,O843,P15,3,17.14
fca72246-e7e9-4686-bab4-9bce69927db1,O843,P2,1,153.08
7542be41-52c8-401e-b34a-1a79a00801a8,O843,P20,2,322.96
e84b85cc-0ef0-4efe-a955-3b264f54c8d5,O843,P33,2,410.57
73587af4-c91c-4f07-ba3b-8d66ce2034b2,O844,P45,2,488.83
8bb8347a-b261-4056-9a3f-bbecce3970a7,O844,P32,1,205.58
f3bb42f5-d1cf-4dd4-a7bb-ce970d1d9fa9,O845,P13,1,195.01
28ef1b07-6a6d-4011-97d6-92d54be8e660,O845,P15,2,17.14
3bc097d9-fe00-49c0-80da-32fd1d086387,O846,P3,3,210.16
8693c416-436d-4771-8621-acfe159b1f5e,O846,P25,2,204.24
33fa5657-f1ec-49d7-a557-0bb5d33a6502,O846,P6,3,288.13
722c951b-6e1c-4a9e-a098-5bc08c44aa39,O847,P9,3,114.1
e2f3ca30-5b58-4ea5-869c-9382955d7842,O847,P10,2,192.31
00dcf1f5-f017-49d8-840c-1e72d474c4e3,O848,P37,1,344.86
91d70c43-2bf8-4ad8-9edd-ebd0b88cd4a8,O848,P6,3,288.13
9555fcd2-9261-4018-a82f-0640685af5fa,O848,P47,3,397.61
b0376336-d988-49b4-963e-cb62c87acf30,O848,P49,3,16.6
bf3a5eed-7118-4d31-bb3e-6e38bec3787d,O849,P33,3,410.57
0d40ac44-45ba-4ab3-b0b6-6b2969722500,O849,P15,3,17.14
0dd11db5-c1ae-4003-89e6-682d6a45e1b0,O849,P37,3,344.86
910e6e6d-160d-4445-9018-4bc9cd83736d,O850,P20,3,322.96
52d42a93-e194-42bf-be20-42ea6b6e5c44,O850,P21,3,243.54
6703b214-b8a2-4fa2-895d-8a839be714b6,O850,P0,3,29.14
5b83bfec-b2b4-4e26-9fa8-56ffcbc6a5f8,O851,P9,1,114.1
dc010150-3eda-4305-9552-198328712e2e,O851,P2,2,153.08
774da124-bb02-4e92-b579-e7ffa2315dd9,O851,P44,2,165.78
ade1f40f-d15b-46eb-9540-10de557051c3,O852,P33,2,410.57
804903b8-9aa2-43db-85a2-bd3e06dddff1,O852,P37,1,344.86
9101bf0c-fc98-4733-9128-3c7fe92cc275,O852,P4,1,428.84
31ef8c79-571c-458c-8025-849e19e9dc9c,O853,P27,1,329.1
3e60fa55-9761-4413-bdda-dec1a5b63d70,O853,P25,3,204.24
bce93b30-a087-4d12-952a-f5abe10e9bb5,O853,P34,2,23.19
4b3692f9-b21b-4e37-b630-709cdb6c8eec,O853,P47,3,397.61
cff77c96-5e54-44d6-89da-fc5d410966f2,O854,P32,1,205.58
c4ca44a4-afc4-495a-9f09-c90ca8850766,O855,P21,1,243.54
169cb741-0a80-47f6-8465-3d09d779453d,O856,P27,2,329.1
e1dcfd78-107c-461a-841b-c34270777564,O856,P35,3,199.25
f8bf4722-40dc-4e19-b50c-a3c2cb06dc85,O856,P6,1,288.13
cb08c161-883e-42ec-95ad-948e4002e532,O856,P17,2,165.71
e2209cc0-d488-427b-968c-b95842c8fde6,O857,P24,2,327.27
c8c24c99-ce24-4891-b0bb-f9a14f5da1e4,O858,P18,3,164.27
8c83d7d9-b03c-408d-8c98-3445faa58e15,O858,P3,2,210.16
c3506ef7-59a8-404c-ba31-d0e351eae646,O858,P39,2,382.01
5a20809f-1918-49b5-9203-beb50d1d335c,O858,P9,2,114.1
6376385c-d273-469f-b4f7-73443d7df0f6,O859,P12,2,196.5
0581de7b-5586-4ffe-838d-e8bcbc97df50,O859,P2,2,153.08
aada1f1d-1b7e-4fbe-9478-32381ffda73f,O860,P24,1,327.27
99838299-f562-4702-bad6-b7dfa4c93ecf,O860,P33,3,410.57
f6aecb66-f3b4-4304-bcb5-0a6524711ced,O860,P32,2,205.58
0cdd9470-50a3-4c96-b71e-71b8d0994fbb,O861,P47,1,397.61
1254023a-cb6f-4a63-9beb-119e218445a9,O861,P34,1,23.19
dc65ee6c-1f8d-46ac-b6bd-cb233f263bab,O862,P25,1,204.24
2a788b3c-ef93-47b0-bd9e-c4482beacf21,O862,P17,2,165.71
30013bf1-110d-4e90-bed3-4943169b71e2,O862,P9,3,114.1
71d5378e-eb66-4977-9092-b28c8a5fc703,O862,P31,1,92.64
98e09a56-a998-4eb3-9f52-9d6a43b905b6,O863,P5,2,428.82
d22e9ac9-57a9-463b-baf3-16e219e60061,O863,P32,2,205.58
f73d20fd-974e-410b-9201-2b48682113fb,O863,P26,2,251.1
b2a79cbf-4d1f-4932-92bb-ed6cf6a45eaa,O864,P22,2,315.67
9d8d70e5-53e4-4d6b-89f4-dbe21bc5f065,O864,P16,1,150.17
7356fc8e-265d-4677-b44b-d98732a8deed,O864,P20,1,322.96
08bccdf5-97f0-4e95-9d53-76b174e10a15,O864,P31,3,92.64
4cee98d3-6bdf-4e18-bbdc-576a71318cb8,O865,P39,1,382.01
77d0404d-1d81-4014-8e7f-a518a91b8d83,O865,P6,3,288.13
8ec9d0c2-bd73-4489-b242-5361aa7cdb3c,O865,P30,2,469.52
b2ad281e-9c5b-4f93-b4f1-bfa026197d09,O865,P30,1,469.52
d57ff08a-7df8-40b6-ad1e-a0965f8b17c9,O866,P21,1,243.54
8288b2bb-ddd7-4135-ae63-74b2424b1c51,O867,P11,2,422.06
412dd53c-88af-4668-babd-c14bc2bf427e,O867,P40,1,61.97
1ec23861-a9c7-4402-833d-5b8826770f26,O867,P7,2,40.44
352e785f-8a65-445e-bcb1-a69b8f7b64f4,O867,P2,3,153.08
8ae95424-b4d9-46f4-8dcb-bd9f437caf3b,O868,P22,1,315.67
4decdbbe-d594-43e8-a4f5-0ca297458903,O869,P13,3,195.01
a1c4fb42-f2ab-4641-b3aa-21cf370d890d,O869,P34,2,23.19
1e37f082-a437-476b-b0c1-66377578180b,O869,P40,1,61.97
eba24d66-b746-4d3a-8a67-8242f9524573,O869,P38,1,28.25
50dbb2be-9829-44d6-be1b-04029dda2db4,O870,P38,1,28.25
30f79366-4b9e-4e38-92bb-61882bdb2b3c,O870,P18,1,164.27
46107703-5921-4162-b856-67f51746d1fd,O871,P33,2,410.57
9825143c-0012-4165-bd29-0286a6babbd3,O871,P22,2,315.67
67f79e80-f894-4e25-88ec-3fa0adf8a94b,O871,P26,2,251.1
c823b311-7daf-469e-bb55-af2202401c2b,O872,P15,2,17.14
bcbb3814-15d3-4593-87bb-8c68612d131c,O872,P17,1,165.71
6c23f231-5d38-4bcc-958e-bd4b33313449,O873,P34,3,23.19
2b43dbd0-8131-4738-a073-51474fc149c5,O873,P3,3,210.16
e1336080-ec12-42b1-a5bf-dfccc4ea0bd8,O874,P28,2,45.74
5bc10e32-5580-481e-a647-a5966d16fc3b,O875,P47,1,397.61
63029a45-0598-4af4-88e3-6ebf993fb69d,O875,P1,2,386.89
1025b810-4f92-4c25-951c-2601721a2888,O875,P15,1,17.14
c549c757-a220-4860-9006-f8f0d9d3ec0e,O875,P10,3,192.31
fa7ea85e-2f48-4009-a827-84f2e7aab21c,O876,P35,1,199.25
2e5d898c-fb8c-4b8b-b955-55d30aafc86f,O876,P47,1,397.61
47d63230-a72e-4dda-a29b-5f6e5c84ca71,O876,P24,3,327.27
e2c203f2-09df-4362-88ca-39eaf6fb1002,O876,P34,3,23.19
5a0a9ab4-0396-4c84-aa07-dcb9824afff3,O877,P13,1,195.01
65e6ed74-6d86-4014-8489-442f37927500,O877,P39,2,382.01
e8a94855-6ae1-464b-9343-f319e27d7330,O877,P24,1,327.27
f0ba2f82-ed2c-4a2f-b6de-bcf67a83099e,O877,P4,1,428.84
a18432ff-a5a5-426b-bf1e-f2843cc25ce7,O878,P14,2,30.25
024b44f6-a3ac-4f7f-af92-5601d7990b7f,O878,P9,2,114.1
47142be3-9a08-4692-b08d-48f454a96c19,O878,P20,2,322.96
86a77b72-3350-463c-88c9-55ec8cdf238f,O878,P37,1,344.86
dc175609-90c5-4d08-be8d-04507b10b370,O879,P9,2,114.1
82cdf86f-7c46-4546-906c-8399acf0dd8a,O879,P23,3,218.14
f05e34b6-b21c-423a-9474-fb2ccd35e2dd,O879,P42,1,364.27
1b8b57f4-47f2-42d4-b04b-31790237be98,O880,P21,1,243.54
40d8898a-d24d-45d5-828c-4e5f45f4252e,O880,P25,2,204.24
49b0329e-6826-43c2-ae23-16f7c1090bc5,O880,P23,1,218.14
1773d332-a1bc-4c39-8304-6e632fc802d2,O881,P30,1,469.52
09f22747-004d-4a83-a27c-5289cce185c0,O881,P30,2,469.52
68e9e751-2c14-49cd-b80e-1fb0a6b89d6d,O882,P7,1,40.44
9a63831e-bdc4-4683-afd4-a86bb8e932fa,O882,P24,1,327.27
30bdca41-70f4-4b02-b277-a4d489edfc93,O882,P39,1,382.01
574ddde8-00f5-497b-91fe-22ac1ade6f4a,O883,P18,2,164.27
79b3321f-110f-4962-ad76-023e494e37e3,O883,P24,1,327.27
5b8e53c8-3f22-4124-a52f-620939038576,O883,P7,2,40.44
9c1619d5-2bbb-4901-85eb-04b2d72a352a,O884,P14,1,30.25
45bb8912-f817-4698-9cb6-a63fc1986123,O885,P19,1,318.26
be6315d5-518a-418d-a41a-addf453843fe,O885,P9,2,114.1
93710a02-10fa-4cac-8aa9-0083d9380cc7,O886,P23,1,218.14
5c07cc95-5cf6-483c-b6ed-6b36421fbd72,O887,P30,3,469.52
5c1d7228-bccc-4a89-8c8f-0efb1ad26aa1,O887,P19,2,318.26
62f85c36-776d-4e64-b454-db07bd6f820e,O887,P49,2,16.6
5450dd47-81f4-4e6e-ad28-da0ca7c66c45,O888,P29,3,495.24
5f3c4d0a-54f1-466d-ade1-48d81fc70574,O889,P15,3,17.14
3cf77872-4ee5-4ce1-b12b-0e03ed53dd8f,O889,P5,1,428.82
6a4774c9-5bca-4505-bc68-532b87434a91,O890,P44,3,165.78
1e2afa89-4284-4e2b-bb3a-f04646de01a6,O890,P32,3,205.58
2b8ad2d3-c272-49b5-9667-257f8d0aa521,O890,P9,1,114.1
3abcbae7-3ce4-4b2b-9fb0-733d396c66e0,O890,P36,2,229.21
9987a2c1-ec68-4c0a-9b99-6d2b4b417b77,O891,P8,2,13.01
efb87af0-df2b-4a74-ac7b-c2f5b256aeb7,O891,P12,2,196.5
bbae5c30-5057-4757-b633-9ee14be241c9,O892,P15,1,17.14
6fc52727-3186-4df0-9449-a7751431cfed,O892,P36,2,229.21
d4c93d80-eca7-4f8a-85ad-22570bffc0b3,O893,P16,1,150.17
6e96cdea-9eca-453b-9697-bfe6137c4138,O893,P39,3,382.01
6d27e38d-42d1-4093-937a-4442a4b15547,O893,P24,2,327.27
7bafc365-5c96-49a7-b226-0285aa31ba3c,O893,P33,1,410.57
ba651e70-201e-455c-900c-37dd031d3954,O894,P20,1,322.96
897b71a8-f0cc-4459-b547-79b4d2d52f1c,O895,P9,3,114.1
409bad5e-437b-462b-b154-9fbe18891807,O896,P43,3,451.76
ba30e7e5-51ce-4bb0-8115-b87e02b4ee85,O897,P20,2,322.96
db816f85-a99b-4fcb-ac75-33fa5a58905d,O897,P5,2,428.82
63569ec1-e6ae-4ead-88e2-e9dd0d6a9ad3,O897,P32,2,205.58
c05d5c0c-5d1e-4e60-91c3-18f02cc963e7,O898,P45,2,488.83
541445ad-0ba4-44e1-bcde-38d53d4d3d21,O898,P3,1,210.16
875b99ed-cf5e-497f-8ff8-71c03219dbe2,O899,P8,2,13.01
f85e5e42-63f1-4d28-a5fb-64bfa01816bc,O900,P41,2,227.6
921fbb2d-5c69-43b0-8994-816c89d09b92,O901,P40,1,61.97
79b337b2-dcee-4ea5-bcb1-e3062ed4b3a7,O901,P48,3,51.12
141c4780-a9fd-419e-b3ab-df6c56b7d04a,O901,P26,2,251.1
2e14cb52-252d-499b-a820-67700931f216,O901,P19,1,318.26
a8dc1859-b650-475c-a4ba-fd02ecc20443,O902,P34,2,23.19
7ed71693-44d3-4efd-8cc4-8c2b3c7086e4,O902,P13,3,195.01
7090b58f-1a2e-4cca-9baa-0fbed7741c92,O903,P24,2,327.27
bd500162-6a60-49f4-9161-85b6042766e4,O904,P30,1,469.52
86d53e2c-37d7-455f-9a1c-1e42c8e67ad3,O905,P27,3,329.1
a4a955c7-d09c-4976-83c3-fa5e7e309c63,O905,P2,3,153.08
ba80ae94-46ba-4ebd-871d-e079681b8b04,O905,P19,1,318.26
eaac8300-f072-4236-a4f7-ee253f7bf854,O905,P22,2,315.67
e5b6f460-49ae-446f-9a65-f727287ec920,O906,P43,3,451.76
5fe25e1a-dd28-44e8-95e0-696b15996526,O906,P37,1,344.86
3b4c644d-b898-44fd-9be6-18c2eaad7d75,O906,P17,1,165.71
89bc3aca-dab5-4fc6-9296-156f0e508bb1,O906,P7,3,40.44
5b1c4bb2-1afd-47d0-8b3e-58245d31c6df,O907,P42,3,364.27
f64207c7-4661-4c66-ba6a-e999f9ec36ab,O907,P31,3,92.64
d7b88db9-46bd-4180-8892-53627f67dcbf,O908,P8,1,13.01
2ed709f6-e1e9-45d9-8191-d32912bc8826,O908,P8,3,13.01
5192cff3-3093-41e4-a991-3e26d93c30ca,O908,P31,2,92.64
f155fd64-019b-4e69-a442-0181586ffdaa,O908,P32,3,205.58
777fe3d0-0761-4078-bfff-8a63246c3572,O909,P39,1,382.01
b7cd91d2-814a-4122-8e17-84e4babba128,O909,P36,2,229.21
49653d56-3653-43e2-a891-8ea3d134f470,O910,P48,3,51.12
01a61b82-47dc-4a3f-89dd-01aab1890c11,O910,P11,3,422.06
26af1b82-7c3c-45f9-8ae2-a7c25b7cfd4f,O910,P48,2,51.12
10ef6abd-33a9-4987-b9f5-83a600768cee,O911,P2,3,153.08
ddc26943-74ba-4a2e-8802-26b8bc499655,O911,P11,1,422.06
c5f8f58c-ad2e-464c-a152-2eb84a38f77b,O911,P3,1,210.16
6e349d1c-980b-43c7-abd2-0a427aa92751,O911,P40,3,61.97
952d2b2f-5905-4206-ae47-39ab951273d5,O912,P17,2,165.71
40450837-fa5c-49ec-9d77-13d7c066e2f4,O912,P11,2,422.06
6e010f9d-e0d5-414b-93a4-c311ea47b421,O912,P28,1,45.74
0c5e96f5-bfff-4f82-917a-ea5194fa7c30,O913,P32,3,205.58
51a0a0af-0313-47c9-90c0-9cf741c1c2a3,O913,P15,3,17.14
e422bed1-0616-4569-a1cf-27b354b9e2fc,O913,P30,3,469.52
11bd96d3-5e0a-4a7b-913b-08cbe730f6a1,O914,P31,1,92.64
f28cac36-2802-40a7-ba9b-27d8ed17b7c6,O914,P45,1,488.83
790038f0-ec2c-4067-b958-da56f19c3f9a,O914,P23,1,218.14
19dd1757-4b8e-4ee7-94aa-d58cb8e25812,O915,P22,1,315.67
20282588-cd00-4ba7-862d-23a8c2a33159,O916,P46,1,297.7
48aca59f-b74d-4e4e-8a8b-cfef958651e1,O916,P26,1,251.1
305e5445-7241-4198-8fa2-4060d3918dd0,O916,P10,2,192.31
2f1ec4c7-7811-4b0c-8ded-71b08e2b59eb,O917,P42,3,364.27
b0c48a98-28f3-4f3e-b3d4-42458769db0f,O917,P33,1,410.57
c3462ae8-f47b-4181-9979-506d47f1be42,O917,P13,3,195.01
6807f471-8e55-4158-81c9-2f8c389b9a0c,O918,P40,2,61.97
c5510f66-b5a8-4988-947f-91b084c3eed2,O918,P37,1,344.86
9d636827-4146-4b15-9927-b67defd72e26,O919,P9,3,114.1
ac15c44a-204d-43e2-b173-290ce6665f55,O919,P42,3,364.27
e8c6142c-8873-40fb-a0ee-f3e604cbe18f,O919,P24,1,327.27
9bb85e08-a5d2-4a29-895f-1c90498087b0,O920,P18,2,164.27
b5a3ff7a-36f3-4aea-86bd-7d4ec562cc37,O920,P38,2,28.25
b3cff860-1006-43f5-861e-0636363c8d37,O920,P15,3,17.14
a69b14ed-de16-4182-a109-fb4723717ed7,O920,P8,1,13.01
b534b96c-8798-4b95-9bbe-49c6d3a19b8d,O921,P28,2,45.74
d734db3b-ad00-4e89-b8d7-d340a1dc8081,O921,P28,1,45.74
ccecf46d-086f-441b-8c58-379d9352d705,O921,P48,1,51.12
1f8f14dd-6a9e-4c93-a4e5-5ef65c6bd393,O922,P17,3,165.71
b31eb896-db70-4e5a-a3fc-fe4ca10c616c,O922,P49,3,16.6
40d20e06-02f8-4568-9807-682951b9bbb0,O922,P9,1,114.1
d9a4c18a-6353-48cf-8fa9-c4742b8203e7,O923,P44,2,165.78
e0cf8d9b-2c83-453c-82ff-cdd48e43a752,O923,P39,1,382.01
3f074a5b-a83a-46d0-afa8-252e18df2e76,O923,P17,3,165.71
46b5164a-679a-412f-bac4-5877a72ef6ea,O924,P19,1,318.26
bcf46075-301f-4d61-b28c-51880754771a,O925,P44,2,165.78
84d15b14-6bb0-45d2-bb81-94f37eb0f71d,O925,P31,2,92.64
6317392c-d1eb-493c-a1e9-0ce9b8d8cb6d,O925,P25,2,204.24
4d835313-08ae-4c4b-9acb-b80b96eae0ff,O926,P26,1,251.1
0ca9c656-2a90-4bfb-8aa1-8ff4bf311a51,O926,P28,2,45.74
1aa16bd5-329a-44a4-9a7d-62fecb873310,O927,P28,3,45.74
c34c5ac7-907b-4c4a-b39b-15271e094df0,O927,P33,2,410.57
2d6e7e17-9167-4636-8943-2e3ddc5391b1,O928,P43,2,451.76
d1a861ad-dff7-4f49-ae38-3cddccfc28dd,O929,P11,1,422.06
705f3db6-ef57-4b87-9d51-4912f7719b8f,O929,P0,1,29.14
b074704c-cfb3-4b9d-98f1-ac37d6c4700e,O930,P39,1,382.01
409dc5ca-bb55-4eea-9c29-1c7a9844fe30,O930,P9,3,114.1
1d5ec885-5457-4bae-b15f-8db2bdca5bb1,O930,P29,3,495.24
09d8ba50-ed6e-4b9b-96f8-6c3651917fce,O931,P16,3,150.17
ea7cdc0c-0b28-4bc9-bd89-f414c897b702,O931,P18,1,164.27
f7286a53-7aeb-44ec-a77b-f75450dfff62,O932,P19,1,318.26
b08146aa-cecb-4757-b983-de524c69594d,O932,P30,3,469.52
3ff663a6-8600-4ca7-95c8-3a78918a88fc,O932,P12,3,196.5
8a5c7bb5-7712-4006-8e07-ffcb3b4b4fcb,O932,P40,2,61.97
fbbd6d45-02d8-40a1-aa35-4b6bf186c3ca,O933,P5,3,428.82
1ad69e79-2a81-4cd1-bec6-79a37544b204,O933,P27,3,329.1
15db3fbd-17a4-426b-820d-50ffe97de50f,O934,P47,1,397.61
8328f0ba-9a63-4602-ba7f-62d8415f4860,O934,P0,2,29.14
768e6378-7d7f-46fc-92a3-6720bd0f6bbb,O934,P9,1,114.1
2cd61a70-1598-4666-8072-bd9841aa78d1,O934,P14,3,30.25
dfb1b02c-82e9-4d84-9021-6ab4a28877f0,O935,P17,1,165.71
4fa11482-9826-4f07-b9b6-3fda56a89049,O935,P21,3,243.54
214ee901-de18-4d39-a51f-697892c8c0e3,O936,P34,3,23.19
c4cb9411-09b8-497a-b222-1f07207c0610,O937,P44,3,165.78
c158282c-538c-4474-9bb8-2d008d19b5bb,O938,P21,1,243.54
1afd8128-f82c-42f7-9ec0-4635f697b186,O939,P18,1,164.27
0ea13a22-3350-47b6-a509-907b68a05dff,O939,P5,2,428.82
1e5aa774-6e08-4869-a2d2-117e5f6f030c,O940,P48,3,51.12
bb727809-8ff6-4184-b8bb-7f0774d5c172,O940,P11,3,422.06
257e5da9-0883-4f99-86ed-2fb24dd04e51,O940,P45,1,488.83
97791db2-29bd-484e-8d4b-739055a1db06,O941,P9,3,114.1
dd9b9daa-64b1-4157-bbba-159c92638534,O941,P46,3,297.7
38de760a-7f14-4eba-a22f-acee7ca36794,O941,P48,3,51.12
de473e6c-3381-4326-a653-e1e02b6743ca,O941,P17,2,165.71
33dcb046-7022-47a5-a23f-25dfd4a0a167,O942,P33,2,410.57
691332cd-1cd6-4085-8b69-21d65c4a9147,O942,P32,3,205.58
13d13410-1b3e-47fb-a421-897adf96a84e,O942,P8,2,13.01
c95b0bda-7990-41a3-9763-db37b9d55203,O942,P38,3,28.25
45f5d7c8-2f8a-4fe0-98e7-ed59d45ecdbf,O943,P6,2,288.13
3a01d8e3-e331-4b58-b530-b78ffb0a7653,O943,P37,3,344.86
da781914-5739-4d7a-8e6d-01cd21780cae,O943,P10,3,192.31
9a0573ae-5e1e-46dc-b2b8-b5fe178a60f6,O944,P44,2,165.78
16728383-0e2c-4aa1-b54e-ebfd47d64de0,O945,P16,1,150.17
f42ac791-edd8-4117-95e8-04d9b2befba4,O945,P35,3,199.25
be8da7ba-42df-4e51-a311-4fa8359eca93,O945,P38,2,28.25
0060ae4b-09f7-43b4-b305-1d5e4105405f,O945,P38,3,28.25
56a5f0d6-8a3b-4882-a3ff-9c78f89dd01f,O946,P21,1,243.54
445b7338-2c5b-4618-aa4d-0b68b1e41648,O946,P22,1,315.67
ab20ac37-bc4c-4bb3-ab78-17f5b616fe54,O946,P49,3,16.6
e607787e-a0e8-4725-b494-fd669ae9c2fc,O947,P35,2,199.25
ac358af4-2d50-435a-9c03-7efd5c24cb2d,O947,P39,1,382.01
c0a51bb4-7fb2-42f2-8b8f-f4fae03af7f0,O947,P35,3,199.25
b30a294a-db64-468d-ab05-edd18a5e77d4,O948,P5,1,428.82
9e824e50-da64-47d1-9bb4-01e470c46cc6,O948,P31,1,92.64
4ec506e5-f3fa-4960-82d0-b1b5aa5e320d,O948,P22,3,315.67
3510f094-3ebe-46f3-85b2-c43b5d42ffc5,O948,P26,1,251.1
229057a6-79f9-4ca4-9b84-4a3e307aed5f,O949,P7,3,40.44
e678b5ef-5425-40be-9aec-9c30a9a50947,O950,P10,1,192.31
c8c4e237-2b94-4eef-be51-619dae6af8b7,O950,P46,1,297.7
eaba6e96-0f32-44c4-be23-c4b10e8a9d0f,O950,P21,3,243.54
c3acc3f3-4a79-42f9-b5c4-8b4580dd2e47,O951,P41,1,227.6
0d267412-ad6d-4391-a503-a4fa93819b76,O951,P7,2,40.44
00f0c8b4-4cc6-4507-97ef-ee267d6bc17c,O952,P46,3,297.7
cd316bc7-b228-4a4b-86c2-28fddf84c380,O953,P37,2,344.86
e17bfd4c-eba1-4b7b-a26f-89e5e848f4b3,O953,P11,1,422.06
cf578e6f-09bb-4a10-9662-b4c5523ae4f5,O954,P30,3,469.52
0e0c15c5-f70a-4175-ac91-31e7b26dc9c5,O954,P0,2,29.14
b83df880-52ec-4c3b-826c-f80c7213f3e1,O955,P5,2,428.82
d2ffddf9-f608-4207-9ba9-8950d76449de,O955,P12,2,196.5
80d64955-64d5-48c3-b76c-8c94bbff4c4a,O956,P14,2,30.25
805ffad3-875e-4657-9075-ed57945221ad,O956,P15,2,17.14
3f1c0ee8-2c30-4536-a563-abde20e6bd41,O957,P49,1,16.6
6b67437c-89eb-4518-8ccb-310e5d7f94ac,O957,P45,1,488.83
7cc47617-61c3-4fd9-a09d-5676121d61b5,O957,P19,3,318.26
b87867a6-df3c-48f8-b6ca-92e9b6709a94,O958,P30,2,469.52
89ea8f55-150b-4ee4-8e8e-406d5a4fdc3d,O958,P14,1,30.25
edd7c275-1086-411f-a4a4-e69c35f7d682,O959,P1,3,386.89
b257032b-21cd-4846-8156-3e18f0549ed5,O960,P18,2,164.27
0a336031-ac9b-40b8-8433-8723724acdf8,O960,P38,1,28.25
864b2319-3585-49c1-ad64-e2705d46dadd,O960,P9,3,114.1
4a422547-1852-4074-9106-ed56c9c02d4d,O961,P41,1,227.6
47e2cd2b-92a7-4b57-95f0-f8b8a674697a,O961,P6,1,288.13
8b95d780-ca40-401a-bbd6-b90d8d5f29a3,O961,P33,2,410.57
d31d13cd-af65-47c7-a1fa-4301913f5ca0,O962,P21,1,243.54
6bf13681-63f8-4d76-bfed-33fa259dee0d,O962,P3,1,210.16
c2d43519-01a7-41e9-b6a2-dd046adebf13,O963,P44,2,165.78
15237015-2f50-4e4d-bb94-5f5a5e500a41,O964,P9,2,114.1
c7877ce0-1e06-4f6e-8779-764f68c83ffa,O964,P22,2,315.67
c38bfe6e-c5cc-4e14-97ac-34b1a923aecf,O965,P19,1,318.26
a3d68c53-4066-4dda-8c89-8a7067c3fe83,O965,P41,1,227.6
70d63854-57ef-4115-a77a-09bc395fdd2e,O965,P32,3,205.58
b8e042db-cb49-473f-bd8f-f9ae16fab40d,O966,P20,1,322.96
9a9070b3-6af4-48af-a258-8ad96480b35b,O966,P28,1,45.74
fd845b20-319d-470f-afa8-fb42879369fd,O966,P4,1,428.84
44bb6187-23a3-431b-a9f8-d75152d6d3c4,O966,P41,3,227.6
1d7fd48b-5c90-4c8b-b519-6a0d21bb9318,O967,P17,3,165.71
53a21c47-0e8a-449d-8bc2-16f13b68e6dc,O967,P3,3,210.16
4f5ed6e3-5900-4e0c-ba67-fc2fdb1a99cf,O967,P35,3,199.25
6472462f-3089-4035-a45d-dc54e7997f36,O967,P22,2,315.67
1c32681c-e824-4990-a0a9-f5e477f405c7,O968,P34,3,23.19
3f5a642b-9c48-4dd2-aff0-ade8b6c4993e,O968,P11,2,422.06
8b5297eb-2f04-4022-a5c8-b6e3d3e39368,O968,P45,3,488.83
d240b7d2-5409-46f3-be0f-b87caad83068,O969,P23,3,218.14
1127ad35-7a0e-4217-93a3-927a596ffbff,O970,P41,2,227.6
cda1e2bb-4ae0-4177-aff5-d0e2af334798,O970,P17,1,165.71
4c484ecc-5ca9-4c97-83a7-aaa931f8bbf4,O970,P26,1,251.1
639737fc-fb89-43c5-b6ce-946b8b13da8f,O970,P27,2,329.1
ceb45a10-24fe-4348-9ec8-bf6c4d69d569,O971,P27,3,329.1
8876ef49-3bee-467f-bf24-7b261da38fc8,O971,P9,2,114.1
d4c33c77-1074-429b-9daa-2d852b042e52,O971,P40,1,61.97
8571fd47-d92c-4fc7-a607-8064afe01516,O971,P13,3,195.01
11bfb643-e19d-492e-97bb-588b2ad278c1,O972,P40,3,61.97
25ba9005-5d13-491e-bcc4-58d25806697b,O972,P9,3,114.1
2eac073f-f520-44da-b314-859fd2ae9b61,O972,P49,3,16.6
9dcfe12a-5ac0-4438-b051-dee02bf48200,O972,P20,1,322.96
40bfa18a-e8d2-4d3a-8d00-e4e8e34d6b01,O973,P9,2,114.1
06e0aab7-12b8-4bed-907e-35bde353bb39,O973,P15,1,17.14
9ca3a6af-37cd-4b78-9d1b-885cfd873390,O974,P10,3,192.31
53cda7d2-41ac-4d37-a668-406f7e42589f,O974,P34,3,23.19
19a7dae8-690f-40ba-87a4-02a1e326709a,O975,P29,2,495.24
decfa332-b3a0-4fc0-ae87-12ef27e14516,O975,P17,1,165.71
9b89c86f-ece6-4987-86ac-7607e2a58b7e,O976,P24,2,327.27
2ab3fc3a-a903-46ed-b6bf-1a243fcbfce4,O976,P48,3,51.12
f4f88ee5-6047-435d-9a6f-43f60f8c2d56,O976,P41,3,227.6
3c5295cf-a21e-4419-a55e-9028466f5e45,O977,P19,3,318.26
e202868d-138e-487c-afdb-c63803a223c8,O978,P2,2,153.08
6fa6d059-6fb0-44cd-b9b9-af62cfbdee38,O979,P3,3,210.16
9896d78e-238b-41b5-9a52-10d38d9375c8,O979,P11,3,422.06
49e814f9-ede5-42ff-af3a-bb709b8d08e8,O980,P2,3,153.08
02b68db5-70cd-475f-86d3-bc5260da66e6,O980,P12,2,196.5
8740f9ce-1439-4275-b3e5-cc18d7cea5b3,O981,P16,1,150.17
01e20843-70da-419b-bdde-a3cf763a350c,O981,P26,2,251.1
f2cbad75-13c8-47ac-be8f-796a96825958,O982,P17,2,165.71
d0cc9d93-1031-4e95-b0ad-06ad3cc5ee5a,O983,P35,3,199.25
51d0c778-aeb6-4b25-aff5-b76a0e68e8cd,O983,P43,1,451.76
fa21db53-6d52-4f8e-9493-ef021499b0e8,O984,P6,1,288.13
af8bdf7e-9328-4146-9dfa-2e24028cc124,O984,P3,2,210.16
9ab1b475-00f5-4219-a536-6bc3b34a4366,O984,P42,1,364.27
baca9d53-89cf-4329-95b4-29f1c40bb7bf,O985,P32,3,205.58
cfc7d0db-fb39-406b-9351-a5ed217dc83f,O985,P3,1,210.16
ab766345-2482-404f-a530-cad8f3c81a06,O986,P6,2,288.13
06f018aa-4ec4-48d5-ab6a-a6ab29b051b9,O986,P31,1,92.64
99f2c348-6d01-4417-a207-8ba558f98821,O986,P25,1,204.24
aff23979-a4b7-4f12-9840-bdc0ca478ce2,O987,P35,2,199.25
4ce6dae9-6c85-423f-accc-0dc695e57d86,O988,P25,1,204.24
7b485bce-ef27-4e64-8fa8-4c072d91a8ee,O988,P20,2,322.96
8945946b-d071-4323-b357-8e7dc78fcaec,O988,P29,2,495.24
990b6510-b95c-4907-a5a2-194b37745eb9,O989,P4,3,428.84
00eadb68-e217-46b2-b920-6ce22b8da712,O989,P0,2,29.14
66ae5662-d960-434b-a83e-63f26ebf9f82,O990,P49,1,16.6
7d9227fb-25b7-471f-a26d-129e25abd321,O990,P15,2,17.14
6d6a2d7d-b7db-4afb-9e45-c551edf49807,O990,P40,2,61.97
c668dff1-120d-4247-b1b8-40974fa7b56b,O991,P0,2,29.14
bace9258-5481-453b-838c-88ff83cd5f32,O991,P48,1,51.12
45248817-4fc4-4f75-b97a-b46b598c0fc9,O992,P12,2,196.5
2f93cf66-591b-46cb-bc23-133997bd9e4b,O992,P11,3,422.06
9801fe7f-a165-4cb7-8834-905cc2977f1b,O992,P13,1,195.01
c9dc9abc-16e3-4e4f-95ea-be909b00913d,O992,P26,2,251.1
184bbcf4-c7e3-4a28-ab56-11c10d6dd6f5,O993,P43,3,451.76
74a31765-92e5-4cd8-93c2-0312b1d031ab,O994,P34,3,23.19
ceb3e5ae-3a37-4a28-acfe-e64b58582627,O994,P26,3,251.1
876f0748-a702-4732-b0bf-47984560dacb,O994,P38,1,28.25
7f911847-0217-4eed-937e-8abd742a8bbb,O995,P37,2,344.86
4bcb0994-eb69-43e3-9a64-3823b97feb7c,O995,P6,2,288.13
208efe99-113b-4860-81e1-9a6f99012f13,O995,P10,1,192.31
9d535664-1e8b-4836-8d18-3f834408189f,O995,P25,2,204.24
fe0444cd-c86b-44d1-b8c6-881ca44a3971,O996,P34,1,23.19
fec03e0a-d153-4d8a-9a67-896e0e3246f0,O997,P8,3,13.01
202fb3bd-731d-494f-83e6-46e38b1538a5,O997,P14,2,30.25
7d2852dc-82ce-4dc9-9d48-b76930a27827,O997,P49,3,16.6
d9f64923-4f8d-4b6b-ae11-9fddfbf8bb9e,O997,P23,3,218.14
3dc5e70b-e5a0-471e-a73b-f977dc713f28,O998,P23,3,218.14
79acc914-8ab8-4eae-b0d7-4d339c135592,O998,P45,3,488.83
53335308-df48-48e5-9655-e61b17154ecd,O999,P43,2,451.76
2efea164-9e85-48c2-b588-a7f8877daa48,O999,P38,3,28.25
37a3ebdb-7e37-454e-bb50-3a08115dbf29,O1000,P21,2,243.54
30f55ae2-f4f0-4714-9e3c-0669a5938872,O1000,P33,3,410.57
abeddf44-d65f-4a23-b0d7-ef536bb94ebb,O1000,P6,3,288.13
c2313014-904d-4bfe-a91a-1d2e9e7110a6,O1000,P7,2,40.44
1405fd8a-342e-41cc-ac7f-5a71b6476a1d,O1001,P3,3,210.16
bfde8ef8-c812-4162-8edc-357023c831e8,O1001,P35,3,199.25
598f4368-2af6-4324-930f-4b23ca981712,O1001,P15,1,17.14
11709369-1b20-4480-a554-e8fb19697b48,O1002,P34,3,23.19
47054dc7-2453-4a55-adfc-3d6b9abd368f,O1002,P43,1,451.76
22f9b42e-6705-4309-aefc-37946910019e,O1002,P2,1,153.08
aee67e97-c2ba-41d6-b3a5-5abaabc1f043,O1003,P20,1,322.96
316625cf-1b09-4eec-9fb4-b098d4960022,O1003,P44,2,165.78
02ccb96f-bf1e-43bf-a437-5e8b17616949,O1004,P5,3,428.82
1b686f22-ee95-4789-8d82-16fbdbe7b47a,O1004,P38,2,28.25
e3737719-304f-446a-b953-03692419a6f5,O1005,P47,1,397.61
f8f8a303-852c-4af3-a43c-8a497fab128d,O1006,P19,3,318.26
340f6a91-476c-439a-9979-490ea7d790ad,O1006,P22,2,315.67
1c316530-f7f0-4955-8768-c89aecef25a4,O1006,P42,3,364.27
bc70c1b5-5d0a-4b51-b02c-1aedec90ccc9,O1006,P24,2,327.27
02a77355-13c9-4d78-97f0-1d59c7f7eec3,O1007,P21,1,243.54
bbfdd0e7-4135-4514-bcfd-0fe6aaf98eca,O1007,P18,1,164.27
c4986058-721e-4da1-91aa-2b951db5cfb6,O1007,P8,1,13.01
b44ba8c4-eca2-44ae-97c6-55ba69dd0402,O1007,P20,1,322.96
4fd153e7-1a34-4954-881f-383f290ccce5,O1008,P7,1,40.44
c59244a4-97ae-4c1b-ba68-91f4720432fd,O1009,P37,3,344.86
613aed3e-7182-4ea9-bdb4-eae876d97cd0,O1010,P18,3,164.27
707691c2-613f-473f-ae79-e76d452bcab0,O1010,P28,3,45.74
3bfc11e1-1ee8-4890-8a1e-7665a5096865,O1010,P2,1,153.08
01e36eb4-5c2e-4cef-a087-4819fa82857c,O1011,P40,2,61.97
1e1f9c9c-55d6-4898-b652-0094d6db9e89,O1011,P31,3,92.64
ae011df6-9b14-40a8-a8bb-431f689ddd25,O1011,P3,2,210.16
bb71eee8-04b8-425b-8993-6af03e17628f,O1011,P3,2,210.16
411be95d-1c70-4a44-8a1e-4ab3a1911064,O1012,P38,3,28.25
5e2f41fb-79c8-4fd8-adcb-a41c74f36874,O1013,P22,3,315.67
6b8398a5-a88f-4cb0-abb8-c1c7c8edc04f,O1014,P1,1,386.89
68ba728e-9a3e-4087-8481-a6745adc9e6b,O1014,P30,2,469.52
6d28a00e-faaa-4d1c-8d83-1303d1d16463,O1015,P1,1,386.89
780c89aa-b31e-420d-a2b3-05cce209fa55,O1016,P48,3,51.12
6f9caccc-4e94-44eb-a62a-227fea00fd54,O1016,P17,1,165.71
e6347f7c-d450-4115-9f79-6eac7c5fd6f0,O1016,P21,2,243.54
6bb09c0b-fc8a-43d8-bbe2-7eac62e19270,O1017,P44,3,165.78
e8c7b04b-eb41-4d11-b9b8-17fcae92a715,O1017,P8,1,13.01
fc261209-467b-4db8-8d5c-865e8ea14481,O1017,P6,1,288.13
b0572d9d-2d8a-4cfc-ac1b-b626a4d7da2c,O1017,P41,1,227.6
5c41bd23-e1e4-4616-9f33-d28430133ac9,O1018,P27,3,329.1
5f6f8f3c-a11d-4061-beed-5a8bad297586,O1018,P6,3,288.13
47dc6a0c-166c-4435-bf8e-273b3f658820,O1018,P23,3,218.14
eae8a42b-1314-4f56-8456-d05332a55884,O1018,P47,1,397.61
55549aa3-a24b-4959-81a8-97a8a7a7f64f,O1019,P4,1,428.84
b7c05ec3-714c-48ca-a3eb-f2ef2de53fd3,O1019,P27,1,329.1
c1b89f34-86de-46b1-b81a-86f52e216cf5,O1019,P48,3,51.12
63b04e79-df1b-437b-aad9-840cbc001b1e,O1020,P43,3,451.76
e39d78a3-58b6-456d-ab4c-cc8f96796904,O1020,P34,3,23.19
ee49b71d-b8cd-43db-a102-604e6c4482ff,O1020,P23,2,218.14
8d9aa6a3-ed9d-410b-b956-5488dc97f54b,O1021,P8,3,13.01
c506a348-83b6-4abc-8099-9d4a45510cfe,O1021,P24,2,327.27
7079175f-2c6f-4bde-a9fb-a94ee2b13718,O1021,P48,2,51.12
9ca1e75e-ebf2-404f-8281-d57cff82f4ef,O1022,P39,1,382.01
c3fb81d7-fab6-4764-a53b-763c919be6af,O1023,P46,3,297.7
fbcedb46-2741-4071-b2e5-9b4243a0dc10,O1023,P9,2,114.1
5a27e692-7c63-4b4c-ad28-43becc15f5f0,O1024,P29,2,495.24
951cf0a7-eb56-493c-9610-bf3ada1b46a3,O1024,P41,2,227.6
7c175782-41f1-4bda-aaae-5bb2ebb8de82,O1024,P39,2,382.01
ac9226c8-57fb-464e-9cb6-e77120705000,O1025,P3,3,210.16
7803a515-52b6-409d-99dd-efb02df157e4,O1025,P39,1,382.01
35ee2d73-1875-442c-beb7-8e287e8f7abe,O1025,P42,3,364.27
29c68b68-e1aa-4f2c-b6c1-4af10ebbbb9a,O1025,P32,1,205.58
43ca4711-ef65-4450-8289-ca1f00123348,O1026,P49,2,16.6
d7399adc-e227-47df-b376-c40d1cabba9e,O1026,P15,2,17.14
0cea0ec0-618a-47f8-8d0c-ec0181ad3bc0,O1026,P10,3,192.31
d4120f0b-4152-427f-ae6c-e1963a3f7674,O1027,P12,3,196.5
e68df594-c888-4797-8779-82502ab9f26b,O1027,P30,2,469.52
d1e9e4df-77fa-4e72-ad2e-f60c58624778,O1027,P47,2,397.61
f9a8a0b9-1795-49f5-95cd-4ff2b92c39fc,O1028,P34,3,23.19
685ff202-0964-474c-a29b-2cf2e92b4617,O1029,P29,3,495.24
40528a58-5195-4ad8-9bb2-d68ff024e8f1,O1029,P2,3,153.08
f83eeff8-7395-43f3-b555-6d81cca30da1,O1029,P21,3,243.54
de8ac8bd-ba58-4850-9d32-3103c58c13fa,O1030,P38,2,28.25
a8aa767e-3e1d-442a-a40a-884b7d54dc71,O1030,P9,1,114.1
81b8e655-5f23-440e-a781-bdad6480e30a,O1030,P39,2,382.01
1db8a7dc-84c1-47e2-881a-08533008a95d,O1030,P30,2,469.52
b1bcfac1-6c80-465e-a02f-b1d28d220f65,O1031,P40,2,61.97
a0af1e77-5b6e-44f4-b4c5-1f80e256ce98,O1031,P4,3,428.84
8ba22954-1fa1-4e5f-a70f-830b23bb6a22,O1031,P38,1,28.25
441bdcb9-a857-49fc-b378-70beed8c4501,O1032,P16,2,150.17
237798a7-4b6f-403e-b890-08aec285359f,O1032,P2,3,153.08
7bf6151a-bccb-4a0f-a92a-327085bc2c06,O1032,P20,2,322.96
dacf9460-7454-48af-97bb-acd0c0d59ca1,O1032,P12,2,196.5
7cdacb66-0b8b-4e01-baa7-406eb63fe9bd,O1033,P36,3,229.21
3a1d6d46-af97-4154-b9ab-d33937fd5e7c,O1033,P8,1,13.01
a5f128b6-f30a-4a98-bc83-bc49816a46ca,O1034,P11,1,422.06
8938aee8-17ca-4833-ab1a-b99330a79ffb,O1034,P11,2,422.06
7093fa47-6ecc-4305-a267-ab3c74d77d93,O1034,P18,1,164.27
7c8cfa91-d107-4b70-ae52-86c6760ea398,O1035,P15,3,17.14
b6f5b357-fb65-4a3a-bed0-61370cc8c336,O1035,P7,1,40.44
f295282b-69df-4a30-b4fc-03350a0fd50c,O1035,P35,1,199.25
0656c6a2-bdea-4819-a947-f11e6666a676,O1035,P26,3,251.1
3260cf58-ea24-4d60-988c-d5b8942d350e,O1036,P44,2,165.78
9449007c-d25f-4fee-9240-4d9d69446587,O1036,P33,1,410.57
cf82d010-2ef0-476c-b535-f78cc35fe464,O1037,P5,1,428.82
43176cb6-0489-4be3-a60c-9a682dc1cff4,O1038,P40,1,61.97
a93ef8a8-0c31-4676-9d34-38b63f24caef,O1038,P15,3,17.14
74eaf381-622f-4323-81ab-0c930f05c96e,O1038,P35,1,199.25
51d38f0a-a0d7-484c-aaf9-914f1431c6d1,O1039,P9,3,114.1
03e0d878-0d4f-45a6-8cac-941ec7e00348,O1040,P17,1,165.71
06b46c97-87b3-47b7-a8bb-902a366f466f,O1040,P14,3,30.25
1d3f0e50-c872-4f69-89cb-282d565a85ad,O1040,P45,2,488.83
c5f7527c-d6e5-433b-901c-84d129e72b0c,O1041,P16,1,150.17
d0e5cf66-c323-4648-a909-b7941b29ba93,O1041,P10,2,192.31
b1106b8b-bb9e-486b-bea0-e4e21b93702e,O1042,P10,1,192.31
50475b16-f223-47c2-b580-8c3ebd2f357f,O1043,P12,3,196.5
25b62006-8a45-4edb-aa72-dac46b2b756e,O1043,P45,3,488.83
6f5e161f-afb6-4470-9550-c893ab7718a4,O1044,P31,3,92.64
8380639a-1b42-41fb-a471-b0bf7e0c2797,O1045,P16,3,150.17
0d5f14bc-6242-417f-934b-3a246aa453b6,O1046,P47,3,397.61
822a925c-b2bd-4049-8fca-8f36dc869bd8,O1047,P19,2,318.26
ea0add74-a582-4af8-862c-1ec755c08b51,O1047,P14,3,30.25
4286ef17-b8f8-4422-a069-8ac11b132e1d,O1047,P24,2,327.27
5e383dfc-0140-489c-8cba-159c36fd528f,O1048,P23,3,218.14
c76144bd-bd65-4327-894d-d091ff437d87,O1049,P32,3,205.58
d620476a-5b1e-4777-91e3-3c9346227508,O1049,P20,3,322.96
7df7d783-a481-47b0-ba1c-57c0f1df2c33,O1049,P1,2,386.89
ce27b43b-03d9-49f5-873c-274c68232cbc,O1049,P6,1,288.13
0d5806aa-7715-460f-a865-3f34ea6bfd49,O1050,P26,2,251.1
8d262f42-6805-40a9-8154-4c4a99281056,O1050,P47,1,397.61
50aa6b8d-b153-46e7-8995-8975f6a2360b,O1050,P1,3,386.89
e013dcb8-2ac4-458c-b8a0-9a247a7c4222,O1050,P21,2,243.54
e68d649d-f04b-44c9-901f-b873fd570c0c,O1051,P5,1,428.82
81352edc-52dc-4da9-97bd-c2bb49e77c6f,O1051,P14,1,30.25
305d25bf-3e62-4614-9016-65522e41124b,O1051,P48,1,51.12
231ca97f-9fda-4bc8-9d69-cd03f2f2c2ca,O1052,P41,2,227.6
4c251f85-b4e6-49ea-a3c6-8b14d5216817,O1052,P29,3,495.24
cc3f2b0e-e83e-4290-b9e9-b20109982365,O1053,P16,3,150.17
b450e02d-65ff-4234-872d-b9f63b209969,O1053,P23,1,218.14
62e8bfcb-002f-49a1-bdeb-28380d448959,O1054,P10,1,192.31
154d4bab-ddc8-4740-a373-117af197103f,O1055,P0,1,29.14
34a46229-ac2e-4ab8-bc3f-fdcf940e0b16,O1055,P24,3,327.27
73a7367a-cbd7-43b8-9622-28adfba38c9c,O1055,P40,3,61.97
96a950f0-9618-478d-9806-cb44589f47c2,O1056,P17,1,165.71
173c3c2c-51ce-4395-a9b6-dce3f7e16fc3,O1056,P11,1,422.06
ddbc7d55-f960-4182-a866-4297c01ec1be,O1056,P18,2,164.27
d36310ef-f5ba-4b50-aac5-b24a8fb86434,O1057,P14,3,30.25
ef2571b8-13b3-4656-8718-d0da78af15f3,O1057,P21,3,243.54
fd8219a5-725e-4c61-94ed-1a7b9a7f4914,O1057,P47,2,397.61
91e91021-40e9-46da-9551-9d7be3686770,O1057,P49,3,16.6
5f41d094-9ec6-4175-b742-33edbfbf74aa,O1058,P36,3,229.21
0d9f5506-24bf-4b3f-8d75-3b26fa93319c,O1058,P37,2,344.86
4e23ffe4-5377-4cf8-ba50-1e22be59e6a9,O1059,P10,3,192.31
07c0212f-532c-4430-bf1b-b6214aee3bd5,O1059,P27,2,329.1
0b017255-1c5b-412e-87f5-9ec65bdf4796,O1060,P30,1,469.52
f383331d-637f-4e26-b59e-b06b1782e46f,O1060,P4,2,428.84
b13072d9-3fd9-4b33-8d91-1bc35673703a,O1060,P33,1,410.57
da1dc0ea-a909-4671-b0c7-b384c4fde329,O1061,P0,2,29.14
d02214c0-b872-4a1d-8f2b-1fe00c6af41f,O1062,P27,3,329.1
4abded72-89c7-461a-9a78-8665ebef4927,O1062,P19,3,318.26
3e9e5b2b-c6f0-457f-a957-f65d18d23ef4,O1062,P45,2,488.83
51ed45f4-b220-45e8-a3a6-94d14ba0ff47,O1062,P29,3,495.24
6e6a949f-f987-49f4-a2db-6763c4f406ec,O1063,P16,1,150.17
85eee980-fa0a-4e33-ab26-8020d839748f,O1064,P19,3,318.26
7bbb1ff5-7851-41aa-8122-7d56d8a64164,O1064,P16,3,150.17
2c4a61af-ea14-4837-8ea4-a13a8280972f,O1065,P14,1,30.25
5389f585-a6f6-407a-8faf-4d2d303444d2,O1066,P47,3,397.61
f5b8575c-e424-4b3f-a15e-ce80019e6593,O1066,P24,1,327.27
a7b18889-27ba-462b-98fa-3a6f29280942,O1066,P48,3,51.12
53dfd1c3-8ab1-4b67-b07c-0b7d2b706149,O1066,P40,1,61.97
9d2db018-3410-495a-af9b-d002bdba6924,O1067,P39,1,382.01
822a94b4-782d-4f9a-b34f-fee3a6a98040,O1067,P48,1,51.12
7fadc247-dc9c-4c22-817b-13ca2ff06911,O1068,P18,3,164.27
79d338c5-b958-4b9a-aadb-0189871fc695,O1068,P28,3,45.74
21d16e10-6a53-4ae9-b158-69946a7d8955,O1068,P5,1,428.82
38a2b844-cb8a-473a-b67c-1781dcd89802,O1069,P26,3,251.1
bec30be5-bf8b-4e9e-8dda-3b45843417d8,O1069,P15,3,17.14
e0502cba-0b5e-4201-883b-378880685776,O1070,P19,3,318.26
4842187f-3d07-44a9-b7dd-a132a2aa0346,O1070,P31,1,92.64
72f1e193-c2a4-400b-859b-91b3dd914205,O1070,P29,2,495.24
c68d6987-4751-4a11-9861-7fd8ce610038,O1071,P14,1,30.25
fd397e2a-91a1-4a01-875c-d60c8380ab47,O1071,P24,1,327.27
67b16e9b-4939-4593-93c8-2c515d4ea0ce,O1071,P42,2,364.27
837b89f0-8f07-4c54-b53b-7d9d373f5c6d,O1072,P13,3,195.01
a8f13298-6f83-489b-916a-f3bc302a7edc,O1072,P11,1,422.06
7c821546-b3ae-46be-9264-37ab65321256,O1072,P5,2,428.82
38f194e2-cd0f-49f0-9754-d659f6977238,O1073,P48,3,51.12
622e582c-c356-4c5d-8fcd-4fb18dff72d6,O1073,P48,1,51.12
34811697-0eaa-4d19-97fa-fdd62ed84002,O1074,P5,3,428.82
22e20bb8-8840-4c01-b4d7-111c94c8255a,O1074,P26,3,251.1
ad779187-adcc-4caf-9594-4bcd7d16be91,O1074,P14,1,30.25
eab4e797-e110-4757-8b66-046ab3cd957c,O1075,P48,2,51.12
747c0909-8406-48ea-9d34-c2c0920f4f90,O1075,P29,3,495.24
eae62457-924e-4052-8ed8-7dc9a4c16e86,O1076,P32,2,205.58
60f4beef-7ebc-4096-b18a-aca8dfef05b7,O1076,P39,3,382.01
97aa0bc5-b3bf-44fd-a874-96dfa6d39c5d,O1077,P25,1,204.24
5d32b6dd-9b1f-4de6-8598-d3c87f86a609,O1077,P34,1,23.19
a957f0eb-786d-4908-aed7-5a9513fd78e1,O1077,P5,1,428.82
da31475b-baaa-423e-b44b-d3447c73f625,O1078,P32,2,205.58
1e6beb4c-9486-49ae-9ec4-0cdba20fa055,O1078,P1,1,386.89
f0144e13-ec8f-4141-aa28-b2c134ec0847,O1078,P12,3,196.5
f84e50fb-b8ad-4d7b-b755-78ce8e453d7c,O1078,P26,1,251.1
0d7f4a18-3439-4e89-907f-b52c6dc433b6,O1079,P17,1,165.71
8268b68e-7f65-4827-975c-ac7a525bbea9,O1080,P33,3,410.57
15d7e0d8-13b6-4e58-8434-38b16e28a14f,O1080,P34,1,23.19
b9d7efb9-704b-4647-bd78-2c1606cc9c57,O1080,P13,3,195.01
36961c15-709d-4dcf-b6a3-1392b3a49f17,O1081,P39,1,382.01
c9576b72-8dd9-450f-b3a1-4b7b3133121d,O1081,P35,2,199.25
c9497d3e-3bed-4392-bdd4-e9257438f11f,O1082,P15,3,17.14
d46caea0-f649-4ecc-9505-d0081243f20e,O1082,P8,2,13.01
07554b03-f26c-491d-9919-65f893dea013,O1083,P26,1,251.1
44c7ef31-712c-4aba-8052-996694a90fe1,O1083,P26,3,251.1
b7b61fcf-026e-416c-8f4f-0a34d833a594,O1083,P14,1,30.25
a5131b6c-dbef-494c-ae3a-feeb489da1e7,O1083,P40,3,61.97
3cd00086-2b72-4b36-a2c2-ef3e060a7ef9,O1084,P1,3,386.89
d3a27428-2866-4973-b108-313c4e3f378b,O1085,P8,2,13.01
dcbde535-1419-46d6-90ba-b92d4a80e0a4,O1085,P32,3,205.58
c08ad9ca-c72f-45ee-b5e1-0dd0f191a8bd,O1086,P0,1,29.14
47a9d71f-87c0-4dc4-9427-fdf0df7cd940,O1086,P13,3,195.01
f1e72484-302f-43da-99f1-a804ff076664,O1087,P12,2,196.5
b3b9a599-7903-4c68-9a90-4a85488fe2be,O1087,P14,3,30.25
8f93d070-b4db-45a9-b062-f9c5f69151c0,O1087,P0,2,29.14
94d906df-7753-40d0-9398-1aa9d7f3c7b0,O1087,P48,2,51.12
d1b17896-d7ee-4456-8dda-9bab9aebe1f9,O1088,P9,3,114.1
55694957-594a-4396-ad65-a4b7b5b0ae95,O1089,P3,3,210.16
96254c9b-b607-442e-9f7d-2602ee47b2e3,O1089,P21,3,243.54
8dd7616c-2d37-4b34-9f9f-8374bca6a1c9,O1089,P44,1,165.78
8121c104-7f72-4c43-b83c-c0723af30eb8,O1090,P22,1,315.67
9c3af639-e7a0-4bae-baa5-08bc288bfd45,O1090,P32,2,205.58
0e3cf481-87c0-4a1c-a5ef-851cf8d9b883,O1090,P3,1,210.16
8803c43e-efc7-4274-a77b-a75f82b0e1fb,O1091,P31,2,92.64
76088add-450b-4be1-9f2a-96621fd2c339,O1091,P23,3,218.14
ba02bdac-d98b-4bd5-81f3-fa3e3491af7d,O1091,P48,3,51.12
a99b1b11-beb1-4fa2-adef-d2c1c5a61e39,O1091,P11,3,422.06
04b0a1ae-bd5d-4519-b225-831e76e7853f,O1092,P14,3,30.25
d510c310-ce5d-4dfb-8480-7502441d22e8,O1092,P49,2,16.6
08057bec-4c73-4215-97c6-f204223d2de2,O1092,P3,3,210.16
f96aa0f1-d34f-49cc-be7b-5319b7eec951,O1092,P22,3,315.67
3e4a45d4-ac9b-400d-8ef4-bf37de8337d5,O1093,P39,3,382.01
a792d89a-56e4-4cad-95ab-6b68b6eac8b4,O1093,P7,2,40.44
b7c4ad01-aa54-492f-a0f8-7a8117554b29,O1093,P10,3,192.31
a9301e00-06e6-408d-bfaf-fb79fef0d030,O1093,P47,3,397.61
cd15269e-d882-4bd8-9136-086e0f6a6d0d,O1094,P2,3,153.08
e11c3cc1-ee23-4f78-a459-7b727485aefc,O1094,P11,1,422.06
30d3b578-9348-4cab-936e-440143d0b9d2,O1095,P15,3,17.14
11cfcb04-0ac4-4750-9eae-95e5495ccc4f,O1095,P28,3,45.74
96d2fa94-d32a-463e-88f9-0954e978f8fb,O1095,P30,2,469.52
23279745-3e6f-4972-863c-518df35897aa,O1096,P37,3,344.86
5aec9331-7888-43f8-af7e-ba9114cb5fd7,O1097,P35,3,199.25
f0d847c8-fe32-40fb-baae-dcb81c0b8965,O1097,P27,1,329.1
c7f614f9-50d8-4b78-bf84-b7714bebeeec,O1097,P12,1,196.5
f9c3e3b9-1f74-416a-90ed-a4afb0ecd84c,O1098,P37,1,344.86
5a0436ba-826d-4167-91d8-f2c425db6c17,O1099,P31,3,92.64
e70c3e10-8d04-4c68-9ab9-091d81bd8f1a,O1099,P2,3,153.08
02b95ddc-82c2-411e-b458-21dd4610628d,O1099,P25,1,204.24
83d10225-328e-4fc8-b8cf-755f5c59e6c1,O1100,P35,3,199.25
62141bce-0fcf-41ab-a3a0-7584fdf03b93,O1100,P39,3,382.01
fbd55c13-d2d2-48f9-9c9a-6e35cdf7ca18,O1100,P9,2,114.1
d79e8202-5d76-4855-ab87-220577475dc7,O1101,P33,3,410.57
1cbf9ec0-888d-451a-981f-8935e5cb00ce,O1101,P31,1,92.64
2cc172b7-7fb2-4149-9f9c-2f381b43af14,O1101,P3,1,210.16
ea278c7e-e69a-4ef2-ba47-cc4dcb721255,O1101,P6,2,288.13
49ea985a-e299-49d9-9537-a925ba1babba,O1102,P25,1,204.24
d4369ff2-5635-4fa0-ba18-5aba9e4f66dc,O1102,P16,2,150.17
99f4ff34-df59-4ece-9f36-35c86dd3f55f,O1103,P41,3,227.6
4d4ce87e-e52c-4f2e-9860-7002a4283cc9,O1103,P18,2,164.27
a90fca7a-50f7-40d2-92e3-2d42106cf019,O1103,P40,1,61.97
f5c7fa40-2c15-409c-915d-ff62ffb439f5,O1104,P7,3,40.44
d3914d10-cfb4-4c2d-970e-50f3859630b5,O1105,P4,2,428.84
782bf366-c434-4e09-95c0-728e4e9cb92b,O1105,P33,3,410.57
a28d028b-d0e2-4437-a826-4ab1bb8f1bea,O1106,P33,1,410.57
1209fe54-0aa7-4e11-9626-3c0f5367d678,O1106,P9,3,114.1
0daf5413-66a3-451d-ac3e-cec01f12a3df,O1106,P48,3,51.12
3e07571b-fa3f-4f38-92e2-d0afe74993f2,O1107,P22,3,315.67
9969898a-3c1e-4bd2-a946-25212493859d,O1107,P27,3,329.1
3a5dc847-d171-44d5-9402-f40326eab6f1,O1107,P22,3,315.67
09ca40f6-d8b0-4773-a512-8966cd183715,O1108,P40,2,61.97
53292dcb-5ee6-45fc-b6f1-bf112c12d4ca,O1108,P37,2,344.86
ec932af0-c01f-41c8-a690-7935f18dc15a,O1108,P0,3,29.14
2b875949-c614-4e9c-855f-5c7c91a6c0b6,O1108,P43,2,451.76
e4967dd5-1608-4a8a-9233-769ef63454b1,O1109,P8,1,13.01
75b6d874-0486-4994-a1f6-a428617e0304,O1109,P44,2,165.78
a89dc7d4-4f86-4645-bf79-a539fa306232,O1109,P0,2,29.14
09856005-a187-4068-b906-0f30a5699648,O1110,P32,1,205.58
2f12e2ad-ecb0-459e-a592-4f9efe173a2e,O1111,P42,3,364.27
4afd0c52-9f73-402e-80b8-cf3ca9dff2e4,O1111,P3,3,210.16
6ab9f8e7-3705-4995-869f-33d29394f443,O1111,P16,3,150.17
d5ed1c5a-8b10-4eed-bf05-51d3da0afb05,O1112,P37,2,344.86
9abd367d-0e8e-42aa-bfc0-edfecf1d9c1c,O1113,P28,1,45.74
3ee8f8c7-d221-41e5-8baa-06527b10722c,O1113,P43,3,451.76
0c69f927-2610-416e-a79c-e9668eb66235,O1114,P49,1,16.6
52c2fc30-51bd-4d78-ae7f-a24e6028bbb8,O1114,P48,1,51.12
f636bde8-a231-499e-ad5d-c6db0875bbc4,O1115,P49,3,16.6
da76d1a7-ae88-4e0f-9b3c-030065d3d935,O1115,P43,1,451.76
8d0b6633-bdfb-4e40-b0ed-410874dab0ef,O1115,P49,2,16.6
7770af36-3d0a-4afc-9356-fbabfe5e8d75,O1115,P6,2,288.13
d1c548c7-888d-4d68-92f3-2c789f7659c5,O1116,P8,3,13.01
41843bd7-ef13-49fd-9d9f-00c4a7f06f6a,O1117,P24,1,327.27
489c8d42-7092-4ca8-8184-58b3d7259e89,O1117,P21,2,243.54
8831140c-b51d-46b1-a861-1b6cad9e30a6,O1117,P28,1,45.74
8b4bbf68-a677-4c63-af3d-654c22d4ed5f,O1118,P4,3,428.84
d9736a60-b7cc-486b-b539-eb138a29aade,O1118,P28,1,45.74
6c99286f-24a3-4984-bbdc-5589c08262d3,O1118,P5,1,428.82
059d5d1e-7d46-4909-a7a8-1b8ad2482a76,O1118,P7,2,40.44
ad8ae39b-8947-4fff-9c8d-8c319a48a130,O1119,P35,1,199.25
bf5f7d52-854c-4a34-8adc-7c1d2d32929c,O1119,P31,1,92.64
6cb3f9ef-c9de-4e62-aaf0-9fa9230705c5,O1120,P33,2,410.57
3338a4af-2426-4a34-9313-6e82dcf7fa19,O1120,P26,3,251.1
f16f140d-72f6-4b0b-90eb-6296e9b09723,O1120,P9,1,114.1
c7da4e73-e016-48d8-ada7-36280b09b40a,O1121,P36,1,229.21
a4086b0c-eab1-4075-bc22-c2749ca25e8f,O1121,P5,2,428.82
0d8129e4-b948-4cd7-8f6e-38005babe8ee,O1121,P23,1,218.14
e26c05b6-20e1-45aa-83ec-7dfb55f33eca,O1122,P45,3,488.83
6763fa7f-23ac-4c9f-8625-6108194cc9a5,O1122,P28,1,45.74
b01da0ff-bceb-48f1-9a73-7891a35a2219,O1123,P7,3,40.44
d48ff5b6-eb40-42d2-937d-b122f968a74a,O1123,P44,1,165.78
6e5f580d-b9ce-4993-8112-b095e90e6375,O1123,P5,3,428.82
f2bb86c6-4ad1-477d-af0f-ac9ffb7eb155,O1124,P24,2,327.27
94370131-143e-4073-abfc-a3219a9536d3,O1125,P15,3,17.14
ba0af062-d0c3-46ad-8310-d5a32db11f79,O1126,P14,1,30.25
97dad1da-36a8-4651-b2dd-318c5ac9e4c8,O1126,P6,3,288.13
89d2d351-9566-440e-8b98-4b6ead2844c6,O1127,P36,1,229.21
09996cd7-ae76-4c8a-868c-f2e51554e5ac,O1127,P45,2,488.83
8c286496-321a-406f-bdb8-2f1a8f0691d9,O1127,P38,1,28.25
af194a9c-7eb1-4426-b6fc-15cd7421391c,O1127,P49,1,16.6
4b918bcd-635c-4bf0-8a11-04280ce7d871,O1128,P31,2,92.64
5c818e5c-2756-4e99-8749-3179a986d96d,O1128,P27,3,329.1
ed310492-ee75-462a-87e8-cd7decaa53c3,O1128,P7,1,40.44
ad61286a-8adc-4fb7-9ec2-3fca962ed8c7,O1128,P44,1,165.78
3a271dcc-c775-4cf4-830e-37901b1bf61f,O1129,P27,1,329.1
31d89a55-d269-437b-94ab-81e3522eaafd,O1129,P21,1,243.54
75ddac16-4091-4dc2-90d8-7b4607373e32,O1130,P20,2,322.96
10aab786-33a9-4d50-bd01-627775ae19f8,O1130,P12,2,196.5
89fc9147-789b-4f75-9ec2-cb04e761b7f0,O1131,P10,2,192.31
95dacff6-9344-446e-a9cf-bdc2c91c4fc8,O1131,P44,3,165.78
5ea602a6-831f-430d-888a-6e7536d0b00f,O1131,P13,1,195.01
7a28aeec-a44d-4ae0-829f-031ca6d27536,O1132,P14,3,30.25
1bc3d66c-261b-44c4-94e2-55443b5ebea1,O1132,P18,2,164.27
7cd05692-4eb4-4586-993f-48546d708b98,O1132,P28,2,45.74
010666f1-51c3-4494-9a25-6cee85182f08,O1133,P40,2,61.97
d0dfa5d8-2251-4aeb-810d-007ecf7220de,O1133,P10,3,192.31
4fb4fcb9-a007-4892-bfd0-e92ced7bcdf4,O1134,P46,3,297.7
d944d32a-2045-4b5a-9d85-9c439713ca10,O1134,P8,3,13.01
04d65121-9a57-4d4f-b59b-8a3f292b969e,O1135,P48,1,51.12
66ee7b1d-c255-4ce6-ad1c-59befa422496,O1135,P42,2,364.27
8c99bf6d-45db-456d-a327-5fc124a6b03a,O1136,P22,3,315.67
ba13f21b-1312-4f1d-a0d2-cbb74e4a287e,O1136,P24,2,327.27
55e96781-b0d2-415d-bde6-14dabf542d84,O1137,P19,2,318.26
2a787d1c-8126-420b-94e3-9d53aef499ea,O1138,P35,1,199.25
643a8420-3021-4fd3-9c01-e97b32e90e80,O1138,P34,3,23.19
3cacf50f-2950-4a87-bee8-d1cbe2b6b8ce,O1139,P5,2,428.82
b00fba15-8e0d-4825-824d-646d941ae39d,O1140,P22,2,315.67
59dfd3e0-a76d-4fb9-9a37-c6e302446271,O1140,P42,1,364.27
8bf029ff-6c3e-422f-83c7-10f374973838,O1141,P11,3,422.06
5afd4c14-4ce1-45a5-bfe1-0e8b8c4dce1b,O1141,P35,1,199.25
377a9ce8-a8f1-43fb-8595-d32717ac280c,O1141,P43,3,451.76
acdd58eb-2d6e-41d0-a11f-bb49390743d0,O1142,P28,1,45.74
78a893dd-1c51-4093-8f35-439b5cdba7f8,O1142,P43,3,451.76
c9c74d14-0f90-4ff2-9999-dbfd22fa62ba,O1142,P26,1,251.1
4ec8943d-0517-494f-bb44-f002917952b6,O1142,P36,2,229.21
cda25671-0f78-4178-928d-dfa89e85441f,O1143,P47,1,397.61
b82246ee-cde8-4a65-926a-ec1765a62e96,O1143,P9,2,114.1
3600bbec-2d37-4859-a79d-6f3dedd4230b,O1144,P6,2,288.13
3bcd919f-d644-4748-980e-f56abb5c74cb,O1144,P29,3,495.24
fd544cd5-7f87-4936-b855-6e95b052c433,O1145,P29,3,495.24
0f77ce67-fe1f-46cc-8a08-c45252de3db6,O1145,P27,1,329.1
3e0326cb-6080-4207-a049-b38c70d13863,O1145,P11,2,422.06
3cb989af-c8d9-4f38-852b-e4abededfe3e,O1145,P6,1,288.13
fe326893-1b92-4df1-a105-f2b6242adfe2,O1146,P17,3,165.71
ea8fb628-3965-4260-b7c1-6a79b2cf8f08,O1146,P43,3,451.76
8fccba3e-26e2-440f-93ed-70fa84856be7,O1146,P48,3,51.12
8219c194-6bf3-432d-a68f-2a141027dc72,O1147,P25,3,204.24
48c2952a-acad-4633-b7ff-d55c7ad29508,O1148,P5,2,428.82
4d9fee62-ae98-44c8-bf4f-0e2858da1eb3,O1148,P5,1,428.82
bb3a0e63-5b72-428e-941e-3bd4721586ac,O1148,P5,3,428.82
036be9c1-a363-4dda-8010-6b99b32a4e28,O1148,P10,3,192.31
4c059b00-cca1-44b3-a3ca-637bbf52cce3,O1149,P5,2,428.82
bbff7c1c-8609-4c2d-ac22-017ca1eecfa7,O1149,P11,2,422.06
b6c95e2a-1c09-4ada-936c-520e2c0f546c,O1149,P3,1,210.16
e8da9592-e92f-4e07-9d97-44ad02eebad3,O1149,P7,1,40.44
7fe4a3d4-5808-4b91-b60e-4a8858ce7579,O1150,P9,3,114.1
082ea633-a0c2-4c2a-aec6-b0656bf8226b,O1150,P20,3,322.96
dae991fd-cffe-4f9a-83cc-7ae1181af623,O1151,P45,1,488.83
f09103f7-ad28-4390-8bbd-4ce5cc7869cb,O1151,P15,2,17.14
56d8f3a9-2d56-4499-93ec-41efc130b7c8,O1152,P48,2,51.12
deb10757-1206-4db4-9bb8-8a51cc5119d4,O1152,P6,1,288.13
fac126a9-a3db-452c-9015-8caed739c59d,O1152,P31,1,92.64
a0d427ef-5f3e-4aca-8d81-74599a3147d8,O1152,P38,3,28.25
8b64b0ab-8975-43aa-bf3c-c47bbddbb5a7,O1153,P39,3,382.01
a0569eb7-de2d-4415-afb0-e3d124af3108,O1153,P39,1,382.01
1973bbe4-2963-4ce8-bb5e-932365009ab6,O1154,P47,1,397.61
3d408c54-af6f-4f71-a969-54d311dfb957,O1154,P9,2,114.1
25e50f2e-4108-45b2-9c9e-f4290a63ad3c,O1154,P25,1,204.24
261dd1c2-0457-46e6-9ab2-3359cc51af2c,O1154,P35,2,199.25
e36b4e50-8b3d-46f0-8694-49b24455c2e5,O1155,P9,2,114.1
ad026a39-9cec-4ba2-95e1-dad9beaf0378,O1155,P5,3,428.82
b29efc2a-97f0-4f34-ae9d-2e1ee5b382dd,O1156,P8,2,13.01
bf39fbcf-c346-4a18-a018-caaa058102dd,O1157,P10,3,192.31
1d5c642d-9552-442d-b2d0-3edb1399c4ef,O1158,P4,3,428.84
73a09d2f-442c-42fa-b777-4da7d527f310,O1159,P34,2,23.19
19d2777e-6a1c-4735-bb7a-083146c89a06,O1159,P4,2,428.84
3e940bed-7a71-4308-8a90-912e4ca22176,O1160,P44,2,165.78
05c13222-6242-434b-8c6c-7e3357198ffb,O1160,P39,1,382.01
ae8a9dc1-9813-445d-a222-fd2c109cc725,O1161,P26,3,251.1
6d0257e4-5acf-460d-a0d8-0732822fdf46,O1161,P39,2,382.01
18ebff8b-5ce4-458d-9dc8-274b8ac72a5a,O1161,P38,2,28.25
ffadf873-80df-4bd2-bc3e-52f37dd5b146,O1161,P0,2,29.14
e67735f6-3ed7-4b35-8f08-70c3338307db,O1162,P18,3,164.27
60add031-abce-4571-b516-9b1dd2e5079e,O1162,P20,2,322.96
5200bd10-133d-4671-88dd-9381b892e81a,O1163,P35,3,199.25
eaa3afc2-496d-4e28-8ca6-3b5efd8921c5,O1164,P18,3,164.27
dcaad433-67ae-4321-95f1-67dd841df4c2,O1164,P0,1,29.14
c5c02c5a-54bf-4035-8f2d-926974c1758d,O1164,P37,3,344.86
1e32c780-865e-4ab8-bc13-efa0789cc560,O1164,P45,2,488.83
c2377e1e-24ee-467e-9970-2e5f004dcd37,O1165,P10,3,192.31
c7dc37b4-06cc-4ea8-854d-4fd0a3e7a332,O1165,P23,1,218.14
480bb4f1-a3d3-4278-87e2-72a957720fe9,O1165,P42,2,364.27
5b06aea0-ab74-497f-88a0-4624ff2338ad,O1165,P10,3,192.31
4c3ada17-4975-47ab-a346-31f8e9c4c981,O1166,P4,2,428.84
3dc85ff2-b34b-4748-9926-790beb8c6b27,O1166,P11,3,422.06
1e2eb58d-a68a-4f63-9dd6-5520409b0644,O1166,P19,2,318.26
690f9c8a-8e46-418e-a8af-ebc783ae8aaf,O1166,P40,2,61.97
4907311a-7fc3-4b5f-ac1a-54b31510cea0,O1167,P21,3,243.54
e80556e5-654c-4fc0-b71b-53243257f298,O1167,P48,2,51.12
187fa4b1-3656-4aee-9b31-ec22bf30bcb5,O1167,P20,3,322.96
fd0fb375-880b-4fe2-bf04-b71ffa80ba28,O1167,P36,3,229.21
40396691-8854-46c3-90d5-b9cb7fe9a966,O1168,P49,2,16.6
2ecd704c-c18f-4145-b00f-d3e8ae0532c3,O1169,P24,1,327.27
945c73bb-bc52-49ba-bf92-386638413680,O1169,P30,3,469.52
e0822ff0-1627-4a5e-b847-d612506b8b72,O1169,P43,2,451.76
2f0d6bc6-5ea2-4c0c-af1a-0b82396a4c19,O1170,P35,1,199.25
e365b99b-bb18-4903-9c4d-560cfc68e4c1,O1171,P13,2,195.01
0790fcb4-152f-4c12-96d9-609258791512,O1172,P35,1,199.25
600e6d03-c883-46e1-a853-75edcb2c5c1d,O1172,P10,2,192.31
a6011140-0b94-48a5-84df-2dbfb35e0aab,O1172,P37,2,344.86
fa7c2820-393d-494a-8225-e69d2e9e666e,O1172,P18,3,164.27
2938c520-6daa-4fff-ba96-2824a65affd7,O1173,P31,1,92.64
d0870f6b-890c-4deb-b05b-add6e4dde01f,O1173,P0,1,29.14
f1c0575c-40a1-4b60-9237-de0c34316a6b,O1173,P13,2,195.01
019b90a6-0932-4d39-94a7-a5080c4cc0b0,O1173,P17,2,165.71
07096ecf-d1b2-474b-8c26-580a8407bdbf,O1174,P16,3,150.17
7e4da1c9-fc85-4f08-902b-5cbff659b6c2,O1174,P24,2,327.27
23700ac5-825a-4440-9499-b33905f5e4f1,O1175,P6,2,288.13
766e2aab-56b2-442c-b879-9d908f56ddbe,O1175,P49,2,16.6
8271b439-cc61-4562-885e-ba9f4f87f916,O1175,P40,3,61.97
ffc79657-7535-49c1-a1d3-c73c1bc22651,O1176,P32,3,205.58
d5df5e91-90d2-4781-9157-a33e9d6ea766,O1176,P29,1,495.24
34eb38b6-970f-4972-b1fa-fb8584e70c65,O1176,P40,3,61.97
b02a53ce-7375-43e2-8a2b-6a2990533012,O1176,P33,2,410.57
96b2bb38-5ebd-4bac-b555-2b33a36988f3,O1177,P48,1,51.12
78aaac2b-e483-4ad4-87e0-ee5d16152f60,O1177,P5,2,428.82
388a19fd-1983-411f-80ca-5e1b8ec8719a,O1177,P33,2,410.57
642ea471-6110-4faf-bdd8-dc8a2bbcb565,O1178,P3,2,210.16
74a64e7d-6e23-435e-977a-7703f7b2fb44,O1178,P22,2,315.67
43635838-b544-4fa2-8e31-554a60b4c268,O1179,P22,3,315.67
b60de1af-934c-4ca9-ab93-bbe688722880,O1180,P24,3,327.27
f064b3ce-6c44-4dc2-bdca-bbfcd00c06b1,O1180,P35,2,199.25
a2172f62-f7f4-4fe9-85d6-9a0b245434dd,O1181,P49,3,16.6
0b917be2-d35f-4c32-9f16-5e4e3629ee3f,O1182,P19,2,318.26
39e8e629-9e01-46ae-acea-728495b05974,O1182,P44,3,165.78
6928dd6f-884e-4905-87f4-31ba9c959ec1,O1183,P20,2,322.96
05501b74-5d8b-468d-92a5-ed2dae43ee08,O1183,P12,2,196.5
f1153de4-ea62-4288-940b-19b5528d3350,O1184,P47,2,397.61
67203594-230b-432a-94de-874570f3382a,O1184,P25,2,204.24
38ee0331-ce0f-4e43-be69-5541bcdcce60,O1184,P17,1,165.71
25af6f0f-3afb-4826-9b58-247ae35f786f,O1185,P37,3,344.86
37703830-9355-4dc2-8cf4-8de610e47b78,O1185,P31,2,92.64
3984f6b6-3558-4c7e-bb6f-dfe386ff78e5,O1186,P10,3,192.31
bcbf88a0-e818-4b80-b80f-5bc9de1d03a6,O1186,P43,2,451.76
a3d2e714-f237-4cfd-886c-103bc90713e3,O1186,P4,1,428.84
0fdfc65b-d92a-4c3a-8b74-a79e0d3e88e4,O1187,P48,2,51.12
5d2028d1-a9e5-41e0-9434-dec96c5c79e3,O1187,P3,3,210.16
7380f4d9-841f-4209-a78b-6d09b7482779,O1187,P35,2,199.25
b924bc97-8d63-45d6-811c-4d26d6c0e84f,O1187,P39,2,382.01
45969896-9d90-401b-9ffe-dbe3c69e918d,O1188,P25,1,204.24
b90b4f72-9ebd-49c6-861e-2d364a30e59f,O1189,P18,3,164.27
7c245fad-8303-461f-aec6-d45f8b896ab4,O1190,P46,3,297.7
67870ad0-366e-4e4f-8fd4-705fb2302a1d,O1190,P48,3,51.12
5e378165-5862-4e80-a280-acf49e98de69,O1190,P39,3,382.01
06426897-d0a1-44f4-84fb-1eec38cb6cbd,O1191,P27,1,329.1
12f12a61-0add-4a7e-a446-22c73c237153,O1191,P4,3,428.84
d0f28832-9d8d-4119-b6a1-2280bb9f9b16,O1191,P4,1,428.84
33914305-c3ff-483e-999e-ec68c557fc57,O1192,P49,1,16.6
2a3ee922-46de-4d47-8111-3789ee72e9e1,O1192,P33,3,410.57
7258c82a-f6a6-4e06-a8f3-159ac7a0d6be,O1192,P19,3,318.26
870c2959-d841-4d17-946d-3028e35e8575,O1192,P29,1,495.24
b78178d5-2a16-4e84-a1a4-39472d9a0141,O1193,P22,2,315.67
d75be884-62db-4843-9da9-13bda06853e6,O1193,P27,1,329.1
79e3d260-2e36-4f50-b73f-c31efb8a94a6,O1193,P25,1,204.24
784eda8b-c5dd-4cf2-a739-f1b772a8c79d,O1194,P42,3,364.27
867815ff-4bf6-47f4-a9e3-de6fc5a71441,O1194,P26,2,251.1
5082a261-111c-4289-9c6c-41777f5518b6,O1194,P16,2,150.17
908f6290-8101-474c-b6e8-52cf1f8624e8,O1194,P31,2,92.64
5874b657-f55c-4f77-a5d2-368989edf48d,O1195,P10,3,192.31
86618511-e71b-4a96-80a9-e91ecf0239cd,O1195,P7,2,40.44
a3aa7701-0670-40a1-bce9-55000166562b,O1195,P45,2,488.83
e97a7535-fdaa-4bd4-874f-ba590aabd29c,O1196,P14,3,30.25
da573f2b-2c7b-43f0-9e55-a03b44ca0d5d,O1196,P14,3,30.25
caf72c5b-f683-4d87-9eff-bef34c143be8,O1197,P49,1,16.6
21b4fa85-de19-4ddc-8a20-627a7b77f267,O1197,P33,1,410.57
b52afff4-dcf8-48dd-9b59-60e68cc3bd82,O1197,P17,2,165.71
60c3892e-0847-4851-bb70-ae6b2f5578d9,O1198,P36,1,229.21
1dd8b223-1886-4141-a8bd-4a46f7f526fd,O1198,P17,3,165.71
c2e0710f-50c8-4f20-88be-0a278546cb2b,O1198,P37,3,344.86
e4fc75ed-1db7-49a0-9454-3005ffe6c1be,O1198,P0,2,29.14
63551544-da43-4b0a-8c11-d916fe4584cf,O1199,P15,2,17.14
19c44b19-ac40-44df-bace-4350739884b1,O1199,P5,1,428.82
58c24d68-a740-455a-8dee-24dc14a34572,O1200,P47,2,397.61
01f59d70-1b27-4354-a5c2-30f7712083d6,O1200,P17,2,165.71
5ea66785-6e13-46f6-9502-bb72916cba6f,O1201,P14,2,30.25
219e4858-caa2-4469-a5d1-b2e5dadea013,O1201,P31,1,92.64
48d02f69-52ac-4c19-887f-75cf7183bb07,O1202,P3,3,210.16
bbb0f5b9-1646-4553-8211-fd7b1ff53ef8,O1202,P25,3,204.24
feb23666-4de0-42dd-a882-fbb94f051ae4,O1202,P24,2,327.27
e9bd5aae-9ce8-4366-9ffc-0b2973d3f0ce,O1203,P48,2,51.12
0808770c-352b-4302-a6a9-1083deea2598,O1203,P16,2,150.17
5ca3e8f3-9a22-4d5e-93cc-b50e76cec148,O1204,P11,3,422.06
47eec5dc-32d2-4662-b662-ba88765a60d7,O1204,P37,1,344.86
4c341cf0-df71-4fca-b0ad-994edd908444,O1204,P29,3,495.24
9dae8be7-13d0-43e3-afcb-8b875033dc06,O1204,P38,2,28.25
11be44b1-22a2-4d34-9135-010e5ddc0545,O1205,P10,1,192.31
cd62d40b-7404-4f1f-96d2-4c1181fee885,O1205,P48,2,51.12
4d33ffef-5a74-449c-83e8-b2b1f9bc49c5,O1205,P22,1,315.67
65fdc618-bf24-4925-8f52-35c44cf13f57,O1206,P39,1,382.01
572169bd-c9cf-41a2-9506-6ca33d25f383,O1206,P17,3,165.71
472ea48a-a0a5-4c6a-930b-4a51a0485b15,O1206,P9,2,114.1
9ec37ce6-893f-4009-96b1-26c788929a44,O1207,P24,1,327.27
0f3d9cac-b2a7-4d0c-9765-ff01abde53af,O1207,P26,1,251.1
98862988-b432-40d1-ac22-9754fb193993,O1208,P46,1,297.7
2af83215-e9ec-4d80-9197-4c15ac57468a,O1208,P25,2,204.24
257475cf-3910-458c-9091-714aab6ab95b,O1209,P35,1,199.25
b974c515-d652-4963-8c56-5b22655e788c,O1209,P0,1,29.14
6bf35444-9f3b-42be-9391-6d80ed414265,O1209,P36,2,229.21
1ffcd719-80bc-4473-80db-84b769c730ec,O1209,P19,1,318.26
cc4d8fe8-c7cf-4f0e-9c6c-1623ebc8923b,O1210,P28,1,45.74
48e3c4db-7d5e-4224-bc4c-3cad947cbde6,O1210,P23,1,218.14
02f067ed-5a1c-4d9f-b55c-12cb3dab8eb4,O1210,P22,2,315.67
13a43503-1c42-47d1-a3f7-53f08b25ccbc,O1211,P12,3,196.5
7c54ea3d-0fff-4d92-9a76-f2dc9f193967,O1211,P17,3,165.71
446434ef-0028-418b-831d-c0ebf185a4a2,O1212,P28,3,45.74
5a2d81f4-883f-476d-9b61-59875b6583d7,O1212,P26,2,251.1
e0319c0e-8a6c-429a-913a-063bebf7838d,O1213,P2,3,153.08
5697fa28-94ed-40a4-83fd-0cdc97b21103,O1213,P12,2,196.5
710bbe96-b602-4e91-b90a-2581eaff3904,O1213,P8,3,13.01
630f0656-b712-4066-bbb3-9e6b24300501,O1214,P31,3,92.64
42ea22bf-6018-47cf-8fe2-3623fcc898bd,O1214,P17,1,165.71
f3e28f40-e0f6-4b30-97d8-bf2ba49627ef,O1214,P43,2,451.76
af604720-d266-4533-9c99-28facf6550ca,O1215,P23,3,218.14
ef88daf7-5d2d-47e1-b933-3333ccd2755f,O1215,P37,3,344.86
d4c3763e-9faa-4c3b-8e69-26e6af1c1b08,O1216,P28,1,45.74
be2c7266-b421-4687-9038-3cb81ed72183,O1216,P0,1,29.14
72a60e0a-93f3-49c0-b053-9d48ff4b6176,O1217,P19,2,318.26
b94632f9-7a74-4870-bd25-5659198b92c4,O1218,P31,1,92.64
24b9004c-5c59-4774-978b-bc784ed53d20,O1218,P13,3,195.01
c6bc1b67-483a-43c4-914e-c8411e6490c0,O1218,P34,1,23.19
8193314d-8f6e-4c1e-a9b1-cff35507edf9,O1218,P8,2,13.01
af57b9c8-7812-41a0-8b59-dad5caeb85b6,O1219,P13,1,195.01
40ee8369-a260-4802-b060-2578b1d69e49,O1220,P24,2,327.27
8ccb1933-e8f0-4342-99a8-6507305cf234,O1220,P46,3,297.7
5b5d8742-76fa-4e53-bb94-c1a06fbaad1c,O1220,P29,2,495.24
f5675fab-33c2-4215-ad42-b59d0dd955fc,O1221,P22,1,315.67
e64eac5d-1517-490f-aec8-19256bac0ba7,O1221,P1,3,386.89
0e8f72a9-8618-4e92-b087-550999a1b784,O1222,P24,2,327.27
0480b129-0fb2-4538-a28b-a52dfbd5df9f,O1222,P39,1,382.01
bc94de24-c37d-4e43-b4da-cbb4b5c96df9,O1222,P10,3,192.31
0254cd7b-93eb-493f-b87b-7a1504f9ade2,O1222,P27,3,329.1
f1c11176-821f-429e-a664-7b5b3f869828,O1223,P22,1,315.67
d3d42a8c-08f0-4286-a68f-fa874386f729,O1223,P29,3,495.24
9bd80390-de72-4cd4-923f-4230242e03c3,O1224,P20,2,322.96
2b10ac73-2518-4315-8415-d0d9860ec867,O1225,P2,3,153.08
0fea7ae5-a7c0-46fa-9bb3-b4e225ff216e,O1225,P29,2,495.24
d85bd127-9103-4760-9a47-bcc90f28889d,O1226,P28,2,45.74
9d51d414-7ec9-4505-80fe-e7788ddc47b6,O1227,P2,1,153.08
71bc64d6-3192-47cf-a0c0-4ab7a08592da,O1227,P29,1,495.24
7fe02073-9155-40be-b71d-386a42c43e3c,O1227,P37,2,344.86
7ebe4414-02f0-4701-90bd-783df0730311,O1227,P16,1,150.17
60379b54-5b50-42db-8c2d-8f3cecad8734,O1228,P10,1,192.31
207ddc17-7fb9-4c14-bd7c-260cb17c7da3,O1228,P34,3,23.19
55ab69cf-f5aa-4a1d-a2a3-546897ffeb89,O1228,P21,3,243.54
42cadc6c-3b12-4d15-9b01-16011b87035b,O1228,P9,3,114.1
ebea713d-251b-4ef6-8cc3-baa1ae89e945,O1229,P23,1,218.14
10a98963-11d6-46d2-b870-b33d93d304f9,O1229,P28,3,45.74
cf4d82db-2847-41df-bfca-cc5a20a9188f,O1230,P31,2,92.64
4057044c-bcda-445f-9a21-05dd57fb74e9,O1230,P3,1,210.16
ed8eab82-173a-48fb-a97f-592de2c34460,O1230,P39,2,382.01
7a2262f6-6aec-4fb3-bb51-e46b887c97cb,O1231,P43,3,451.76
eb00906c-d8e0-4a98-b12e-57626e9b6af4,O1232,P4,2,428.84
04f47529-1739-4c34-808d-914970f2941d,O1232,P8,2,13.01
0cb078f2-3515-49ec-ad6b-57419dbc7183,O1233,P20,2,322.96
d872c7f6-226c-4ca3-b9c2-0120750e979b,O1233,P28,2,45.74
a5a2324c-dfc6-4b77-adf3-f7491d91c8e8,O1233,P5,1,428.82
4ff1d065-8f89-4ccf-9ac7-cfc76443c622,O1234,P29,1,495.24
2cff2e75-de9b-4a3b-873e-7bb63ca71f97,O1234,P12,3,196.5
1debf635-73e6-43c4-b3b0-b82003e99f86,O1235,P2,1,153.08
56f0f745-855f-4c2b-bcbf-270374e9567e,O1235,P24,1,327.27
6059630a-5e96-4fa4-a6f1-4d2b2502c018,O1236,P47,2,397.61
196e03ff-f9e3-4d48-beb7-cb3637cca09e,O1236,P9,2,114.1
950c0ff5-3665-414b-94e2-f547c25c139b,O1237,P4,3,428.84
eb649c8a-2695-48eb-8fb4-5407809c01d4,O1237,P43,2,451.76
f37c0296-6ab3-47f0-bf93-c7f2769889c2,O1237,P5,1,428.82
9de6e62d-0aa5-4626-aff1-a21906289344,O1238,P11,1,422.06
a0c2e2e1-0ca0-45a7-a10e-7bee6de82459,O1238,P13,3,195.01
556ad83e-e279-43a1-b86b-5000d3b18242,O1239,P10,3,192.31
af12161d-0426-4977-8948-d60e4c666bb0,O1240,P2,2,153.08
0456bf2a-16de-47ad-a814-f4b96ae16cbc,O1241,P15,3,17.14
08a26b9c-b14e-470c-a819-cc6dc24f4216,O1241,P36,1,229.21
6034ca66-dab1-49ab-b9f1-d41efe82344e,O1241,P28,2,45.74
97c74410-598c-45a1-a9a2-22d10648c339,O1241,P22,3,315.67
1f4d0d68-9fc0-4227-9813-600db5b2a0ce,O1242,P42,1,364.27
a0a45ade-fa80-4ea2-9ab2-f1aa1bb2b69b,O1242,P26,3,251.1
a2754ac3-e43d-4954-ad30-d3dee06dfe2b,O1243,P2,3,153.08
dae22e90-f216-4c12-80ea-f14daa674e8a,O1243,P39,1,382.01
c1643cf8-d3e6-47fb-9687-908418859079,O1243,P3,2,210.16
84df2f91-c5b5-4943-bc4a-c9f5b655c5a9,O1244,P9,3,114.1
18051767-80ea-4b22-8d64-46f10886aa0d,O1244,P12,2,196.5
d5eb267a-2fc6-4450-8899-224fc1a5c712,O1244,P31,1,92.64
a97cfa19-a177-4653-8412-4ae2413feee9,O1244,P11,1,422.06
3586d314-e2cd-4f51-aaee-95698813290b,O1245,P8,2,13.01
c582e24e-adec-4625-b5a8-e9288bb546a8,O1245,P39,1,382.01
44d6f534-4187-470c-a307-ca21bd93d6bc,O1246,P17,2,165.71
96cae965-6b35-4cc1-962f-a5bfa7c92dd0,O1247,P13,2,195.01
10163270-3bda-45c5-9194-95b5de47e145,O1247,P20,2,322.96
53277b2d-bcd5-412d-92a9-cd6d75471af7,O1248,P36,2,229.21
dd07b790-d7c3-4414-9b2c-690fe1f03b6b,O1248,P33,2,410.57
45ca36a2-334a-40ac-a00a-0cb26cffd737,O1248,P5,2,428.82
cfcc024b-8f2c-4c14-b4fd-f24fd596bf83,O1248,P3,2,210.16
84fc0554-587e-4b7e-b69c-638512d7ef08,O1249,P28,3,45.74
94e6a3fb-67c3-4e2a-9c34-c98bd5aa9386,O1250,P31,2,92.64
5ce340c6-3db5-4000-a1fd-db588c7a33f3,O1250,P45,2,488.83
8f22c1a6-e701-4326-b7a9-7d9a9a7a9729,O1251,P8,3,13.01
a52fcdc6-1126-4180-a098-08bb688023a9,O1251,P39,3,382.01
52774f72-d9f1-456f-9531-16d3582becf6,O1251,P19,3,318.26
a39993f1-3d12-48e4-82ac-f9b9ee829c8c,O1252,P6,2,288.13
60fcb1ad-8eff-4077-a1fa-f89b3bafe389,O1252,P23,3,218.14
6afcb107-6d61-496d-b399-1a19261957ff,O1253,P47,1,397.61
51509a03-45de-4dd8-b270-c3cc53b75e0d,O1253,P24,1,327.27
02c244ef-c99d-4c97-b176-8ba8fb4a9331,O1253,P18,3,164.27
9582a36c-5d70-431c-a599-816bc70e928f,O1253,P4,1,428.84
dc3d73d4-9ccc-4083-aabb-8c29ef54e233,O1254,P34,1,23.19
825e67ab-36cb-442c-bd21-b3b7cc6b1a14,O1255,P33,1,410.57
c321af00-e876-491a-ad78-d820fb3c2680,O1255,P18,2,164.27
9b62bfdf-7f7e-4ff3-aace-8e8cbc15822e,O1255,P49,3,16.6
301fe8e2-2d78-45b3-9af8-7cbf8bca895a,O1255,P46,3,297.7
3403144a-6f53-4b51-898f-76b0079fcd65,O1256,P25,2,204.24
d58763d6-7ebb-49b6-8697-0f71871bbecd,O1256,P49,3,16.6
7d5d4f1b-241b-4494-bfd0-d4dfaad9a6d1,O1256,P12,2,196.5
1d6b33a7-c95e-41cd-ad3f-05b34fd6fb6e,O1256,P14,3,30.25
b98755de-35c4-487c-b38e-c7cb3b4b2598,O1257,P43,2,451.76
611cde02-444a-4d12-bc18-aaad1a2b584f,O1257,P49,2,16.6
a0f39306-aa32-4a2a-8baa-e32e3770051b,O1258,P31,1,92.64
811189f0-ed4c-4d51-a4cf-f3a6d444c50e,O1258,P49,2,16.6
f0aa10e9-5348-4457-bf52-5f76e2958114,O1258,P46,3,297.7
75ed52a8-86b1-408c-9b11-4c537613111f,O1259,P9,2,114.1
89e2d90b-6b2d-4379-9f9a-d4681bcc483f,O1259,P43,2,451.76
de7e19f8-061b-488a-bf4a-779aa6364454,O1259,P2,1,153.08
c9b8909a-4529-4324-a178-b5f4b457834f,O1260,P2,3,153.08
c1048f40-16b3-4a73-a1a5-1a04cabc90e8,O1260,P46,1,297.7
e018caa5-62f5-41af-8e1c-32284c930213,O1260,P31,3,92.64
54ecca28-9c13-423f-ad43-6e6ffdcf09e3,O1260,P45,3,488.83
8be1c1fb-faf0-4b8a-b95b-4c60e7299e9d,O1261,P11,3,422.06
60a4e602-bb9d-449e-b1d9-3767c0f15fa1,O1261,P14,2,30.25
f0f43753-13d2-4843-abbe-4ff163fde283,O1261,P44,1,165.78
6b0fa580-eb52-4dd4-810d-e53bc184883b,O1261,P0,3,29.14
0a87ea45-e4c3-42f7-a9e4-3ef260785d26,O1262,P49,1,16.6
ed2bf4f2-1e91-4cca-bea2-fbe4bea87210,O1262,P22,3,315.67
314cde76-ac87-408c-bf90-f54385e3d9a1,O1263,P34,3,23.19
80c2993a-1839-4c6f-9941-1d72e95c64d9,O1263,P2,1,153.08
611154dc-4c9d-4fde-9d35-27cfdaa311d2,O1263,P45,1,488.83
5d1c6ccd-ba15-4e47-b4cd-1d45dd229049,O1263,P1,1,386.89
474a0373-c6cf-4977-bdb0-90b5455a80ff,O1264,P10,1,192.31
8fa45f1d-f731-434a-aa5b-98df8d5c3312,O1264,P14,3,30.25
27148c03-2150-4235-a642-a0e5b4229c74,O1264,P22,2,315.67
650f7c4c-61fb-451a-8530-de8653edc465,O1265,P49,2,16.6
caf32823-cd6a-40cf-9d4e-ecff331095e3,O1266,P35,2,199.25
8dc976fb-d02c-4589-8c22-ed618516c02c,O1266,P27,1,329.1
78ae3723-14c6-4159-9471-6609b0f83506,O1266,P47,1,397.61
8667a80f-be73-4b3b-87ec-0c11de5aea5e,O1266,P12,2,196.5
b66e7d53-9297-4f1b-856a-fbd922fde519,O1267,P11,1,422.06
3bf272e6-c7c2-4c5d-87d0-0b87eb10daf1,O1267,P48,2,51.12
3c28c2f8-f12d-4095-99d9-0f517f1b1c40,O1268,P37,3,344.86
9492b16f-6198-4bcd-bc0f-8e0699451de4,O1269,P43,2,451.76
aae23127-3972-4625-9aff-a5691ee675c9,O1270,P15,2,17.14
64a69a38-2d72-42cf-964a-32ee886ad956,O1270,P8,1,13.01
bea4aae6-e918-495c-ac94-f7d67cb7752a,O1270,P4,1,428.84
25a6ea8b-1190-487b-a1d2-1949961d5d66,O1270,P7,1,40.44
51d87908-83fd-4394-87a0-1cf1833fae99,O1271,P31,3,92.64
504c9cfe-ff69-4234-8793-4ee686b892e9,O1271,P9,3,114.1
3b1bf0a9-d8af-4702-a7d8-d78470e3f037,O1272,P32,2,205.58
95c61253-4dbf-4695-bcc0-429b517d0f3b,O1273,P32,2,205.58
8c418a56-b326-462d-b949-9edc94dec36c,O1273,P8,2,13.01
2529070f-8394-4bca-b687-64574b5f4be7,O1273,P16,1,150.17
8e28094c-e8c2-4770-8d9f-5662ebca4052,O1274,P11,1,422.06
6af77d24-3224-4536-a379-00b45f765f0a,O1275,P36,1,229.21
253ff85a-01ff-411c-af9b-987fb199921c,O1276,P29,3,495.24
774bcddc-bd0f-4e92-bb8b-599d4d02e92d,O1276,P22,2,315.67
ad2f5c0b-df7a-4c7e-bce8-e00a73047350,O1276,P13,1,195.01
fc61a7ef-fdaa-4b60-9134-1fe20049abcb,O1276,P19,1,318.26
a2258615-7f59-429f-a848-4155b7e70fb4,O1277,P20,1,322.96
26c6ba4d-632d-4203-b1e2-b612cdf5ccda,O1277,P9,2,114.1
5594fea1-e690-4c62-b042-8a7c0f08f9ab,O1278,P43,3,451.76
2ca1536d-e9b4-4c64-9530-6398029f9df7,O1279,P3,2,210.16
e16083da-2c6b-45ef-802a-5cff56158035,O1280,P4,2,428.84
83281d18-6b30-4f5c-acd9-06623a339d89,O1280,P32,1,205.58
16ea3505-e062-43d0-9ea5-fc66f944ea43,O1281,P24,3,327.27
5dcc4011-4cf1-4800-b1b5-f4fccdc00b27,O1281,P27,3,329.1
df4974c7-d033-4707-8e8e-8342f6bea2f3,O1281,P24,3,327.27
42d5b3b1-ee41-4255-b4de-94dfb4c1e52f,O1281,P19,1,318.26
c616beae-e9aa-424f-983a-1b92bfdc9d85,O1282,P39,2,382.01
db56a844-1324-4b17-94cc-92c90d414633,O1282,P21,2,243.54
6cca6a12-b464-4bb2-9c52-93cc040aebd8,O1282,P43,1,451.76
4733ac49-7d8e-4174-807f-d4817dc3b677,O1282,P24,1,327.27
1214e510-81b8-4b94-af07-146f04c7ce76,O1283,P35,3,199.25
36652e89-4aae-4c11-9c83-539c5329a0e8,O1284,P47,2,397.61
20489bbd-e008-4f63-94c7-de2386975f78,O1284,P31,1,92.64
a451ad34-c170-4af6-aee2-ab958956ae45,O1284,P4,2,428.84
70a530bb-a4d0-4ee4-b458-45d2c8aa41f7,O1285,P47,2,397.61
992e1070-60b6-46d7-b8aa-652e6579254e,O1285,P1,1,386.89
28a394eb-3b52-4b98-9c7b-d68bd64fc740,O1285,P24,2,327.27
e089fd04-cb63-41b3-9d5e-c42334f869fd,O1285,P11,1,422.06
d3730428-9ce0-4576-84a9-f509761492b3,O1286,P29,3,495.24
46547a08-9172-4131-a2c5-c4710b417d9a,O1286,P25,3,204.24
60a0fb55-edd5-4ef3-b4ef-91f76757675c,O1287,P20,1,322.96
9288ac81-70e7-491f-8fbb-28463fcaccb4,O1287,P3,2,210.16
170e17dd-4ca1-4c17-9d1d-d1fbdfb7945d,O1287,P42,3,364.27
3aaea458-6623-4b6a-8536-a01052df9aaa,O1287,P4,3,428.84
31acf8c3-d0d1-4125-abe7-43d2865d4146,O1288,P35,3,199.25
e3bf18c1-54e7-4b9e-bf75-281c1980693e,O1288,P16,2,150.17
df6371cd-892d-4167-8b20-5dde76d656d0,O1289,P8,3,13.01
ee7efff5-f11b-4569-937b-be2481dc8b61,O1290,P44,2,165.78
df51b8f5-ee78-4bc4-b76f-b0e3ddbe256f,O1291,P8,2,13.01
bd2be5ac-9b61-4342-a707-9da85ee10782,O1291,P32,1,205.58
c9d9d081-69f7-4ba0-8eee-f9eee0b59984,O1292,P19,1,318.26
3ac18686-589e-4f8a-b60f-c22c5c189fc8,O1292,P10,2,192.31
23fd1fe2-e8fe-4ce4-8664-650a1b9b8e2c,O1292,P19,3,318.26
e8b8e10f-e99f-48f4-aa30-220071994085,O1293,P6,2,288.13
240ef236-b8cf-448f-bcff-473a7678b7cd,O1293,P6,3,288.13
093588be-b626-4458-a38b-1ead1436aca2,O1293,P38,1,28.25
9c9bd444-72fc-4e10-8c15-dd74899278f8,O1293,P18,2,164.27
0f522dd3-8ff3-45ae-ba35-d7da7892b426,O1294,P32,3,205.58
66e72c9f-5811-4b79-bf3a-26e025d027ab,O1295,P5,1,428.82
f5366a46-57e3-4087-833a-800eef60c75b,O1295,P35,2,199.25
c6ae53d4-f0ff-492b-a059-e3c42025f1ab,O1296,P47,3,397.61
d3ec3ea5-3e4b-4eba-8c30-a37eecbd73e2,O1296,P29,3,495.24
ca831990-a1b4-4ac3-808b-cdb187b5c6da,O1296,P29,1,495.24
f6645791-9d2c-414b-920d-57beeb34a33b,O1296,P41,3,227.6
fa155e18-0c37-445a-be12-e92b17a71bea,O1297,P20,1,322.96
5e88ed8b-418c-48fe-bcb1-2f425288823f,O1297,P20,3,322.96
1dfb0d48-4f52-4d54-b85b-bbef1713f509,O1297,P26,2,251.1
a2a5f2c0-1408-48a8-83b7-936ab58e511a,O1298,P25,2,204.24
64f653e5-05eb-4f84-9ec7-69995b2fb08e,O1298,P17,1,165.71
5faa0862-25cc-4013-a8cf-30ee6cd8f8f0,O1298,P30,1,469.52
67468cff-ed78-43de-80e6-1da8881137b9,O1298,P23,2,218.14
a5f90768-4429-4d98-b3a0-67994f672264,O1299,P4,3,428.84
84cd4f47-2c90-4b08-8461-7ab218a04878,O1299,P43,2,451.76
3898a2b3-80e3-494d-807a-cc70f56df020,O1299,P19,1,318.26
afd27c33-b0f5-45ec-9e74-fbb2e5439ff8,O1300,P3,2,210.16
75a62221-8e45-48b6-b98b-0023c8b909f0,O1301,P10,2,192.31
1c03b52e-a35e-41ba-a49d-45a9c90e1c01,O1302,P1,3,386.89
c1ba977f-626e-4cab-9d9f-648452c9e3ca,O1303,P36,1,229.21
b8ba9577-de90-4593-8e6b-bafcb7d792c6,O1304,P34,2,23.19
8bc977ee-71a1-4b41-895e-395bafa8aa7b,O1304,P40,2,61.97
770cfee8-303a-42b6-973e-7bd5e046e63c,O1304,P36,2,229.21
9c2253cb-09ac-45c2-8008-754adb0c6393,O1304,P19,2,318.26
96dfb994-c019-4efb-8368-ad37a83e46b2,O1305,P6,3,288.13
38f2fbed-4ed6-4503-a288-72e5112c67da,O1305,P1,3,386.89
4d9fc3ec-0c79-4934-b234-c3d26f6ca622,O1306,P2,2,153.08
a7341603-c13a-4088-a0a9-0f25658cdd72,O1307,P31,1,92.64
c0a12043-3ac8-4723-9560-f6c42cefdade,O1307,P45,3,488.83
01344d71-b484-42a4-a71c-9675b76a54ef,O1307,P27,3,329.1
37e0fb7a-0a66-4a13-81b0-2608ace0e07e,O1308,P42,1,364.27
a17ff67b-8503-43dc-9ad3-6859605db9d1,O1308,P46,1,297.7
66febcb1-c0b3-48c5-bc11-9a3e3b29ebda,O1308,P5,2,428.82
41a3c83f-17f5-4585-b1b0-2d3bd9b202db,O1309,P41,2,227.6
fc0b9bfa-5942-4211-a0b0-ada79f948ac1,O1309,P35,2,199.25
8eb7cf82-7f93-4130-86f3-afdff2df9783,O1310,P30,2,469.52
8f27f327-8b4a-45b4-b38e-a03793caf3bf,O1311,P4,3,428.84
3de7ae59-c5c9-422d-b343-f498ee131abd,O1312,P37,1,344.86
fa05aa5b-7755-457b-97ce-b48e2d8c0e02,O1313,P3,3,210.16
f96f9956-6f98-4669-ac99-ddacce77c73b,O1314,P30,2,469.52
aa7a6f2a-2387-44ea-b797-8931e40e4449,O1315,P7,1,40.44
26c7fb5f-5557-40a3-8be3-067883331561,O1315,P14,2,30.25
72a9c4e5-b174-4272-ba75-3b19f37e3e3a,O1316,P28,3,45.74
185bd677-e78a-47bf-b6e3-8310566c9668,O1316,P38,2,28.25
c1ddbf6d-e414-4aca-92c2-257af9246f4b,O1317,P26,1,251.1
dab35de8-0ef7-43d7-b6c4-686bf4b7e268,O1317,P5,2,428.82
694b819f-3e16-4358-8ff8-5e22b6bb2b6c,O1318,P26,3,251.1
7273ccd8-0357-4cf2-9463-bfe6be0e87b5,O1318,P14,1,30.25
f85d8528-69e3-44a9-91f5-e4ae72fa7cd8,O1318,P24,2,327.27
0ba2f15e-f36a-4666-bb71-3198a9510541,O1319,P49,1,16.6
54910e92-dc76-4a2b-bf79-ef9742fc4b6b,O1319,P4,2,428.84
52e8d529-4302-4b48-9063-669942cdc29f,O1319,P34,2,23.19
ae178fe7-65f0-45ff-90a3-512c90360f29,O1319,P44,2,165.78
91108d4d-2eaa-4770-962f-644fdd5e9ca1,O1320,P23,3,218.14
3cec959d-c255-4860-b801-48b8dd74cc54,O1320,P24,1,327.27
246c761e-7af1-4b73-9386-2996ed811f92,O1320,P42,2,364.27
1515167d-9277-414d-8ad6-10e12a75ed3c,O1321,P36,2,229.21
1e104552-3d65-459b-8be3-77c65864c641,O1321,P35,2,199.25
f7cd2ccc-f1eb-437b-8c6a-523ae2a8efb5,O1322,P22,1,315.67
6db09560-5b38-4f83-b278-17bcbcb034f7,O1323,P4,1,428.84
60c25042-ddb8-445c-b5d4-4016870b1f19,O1324,P11,2,422.06
d9b48521-63bd-4544-9945-bbf33f7f7826,O1325,P38,3,28.25
6f9a7568-fa44-48f6-b4df-717e71188767,O1325,P2,2,153.08
3de75cc1-cf9a-410c-9a5c-1c8d7f32731d,O1325,P30,2,469.52
ad22b0ee-d323-4bb7-a75f-028cc85be2a5,O1325,P41,3,227.6
e35d510d-88c3-4f2d-a6ed-413b971f9a2b,O1326,P24,2,327.27
f960c5d2-083a-497a-a35f-91e71e7450b1,O1327,P25,2,204.24
5d0bb155-dd69-4458-80aa-501cd63f83ad,O1327,P27,3,329.1
9f6965a3-8a82-4ec0-a4c6-941aef8621ed,O1328,P40,1,61.97
6735eb5f-a1ce-4e74-9218-9c96708e4470,O1328,P48,1,51.12
5692ec11-f871-443a-8dc1-cfbba733bfb3,O1329,P10,1,192.31
bca821fc-05b6-44a3-a791-99075b5e5159,O1329,P22,2,315.67
39fb1d7c-74ce-4895-a136-418f04033e72,O1330,P15,3,17.14
36b20660-2162-405f-b3fc-02489628949a,O1330,P5,1,428.82
b85dbf1d-0ffa-4d27-8b51-91fa4cec5c6d,O1330,P26,2,251.1
3fb78bb7-2a84-468f-aa24-68f05bf9b52f,O1330,P26,3,251.1
ed9076d9-2c22-4d58-8fdc-25957570376d,O1331,P22,2,315.67
9f614677-118a-48ee-9278-77d55706b026,O1332,P18,1,164.27
7b755d14-4cf0-4a17-a7b7-ad5f685c5614,O1332,P45,2,488.83
b2b3c229-a271-44d6-8d8c-93126d84fbc7,O1333,P4,1,428.84
d30c1a23-1fea-4e4b-9a06-450b060da307,O1333,P42,3,364.27
874baa6f-86cc-464c-998d-89e00b88d429,O1333,P5,2,428.82
f03e5a78-e775-4c5e-9fa1-30812484fabc,O1334,P12,2,196.5
ad112068-f714-414b-8157-570fedde1939,O1334,P10,3,192.31
d4510278-1192-49e6-90fd-138c89dc40f0,O1334,P44,2,165.78
ccd09fdc-c745-4cff-842d-cd3282d4abdb,O1335,P35,3,199.25
735feef3-deae-4ece-bdd7-88db33555d82,O1335,P35,2,199.25
1de1a300-f61d-487f-a8a5-84606f2ddccb,O1336,P33,1,410.57
449239fb-f533-4542-ac36-81a806d293ea,O1337,P9,2,114.1
e54928b6-5027-4709-91dd-632cbec3adef,O1337,P44,2,165.78
952055d1-e43d-49d7-ad52-72eff00bc4ca,O1337,P46,2,297.7
9ea5cc01-b548-4667-aea3-c2e17803e4ff,O1337,P4,2,428.84
befa335e-a7fd-441d-9dcf-16dac4c65398,O1338,P43,1,451.76
fdb1544f-9054-40f9-a40d-d0bf6b952d0d,O1338,P34,2,23.19
feb6b2df-7a78-47da-ad4d-c053e024bdc0,O1338,P29,2,495.24
f994ffc9-6f22-459f-b41f-d23f1def42b6,O1339,P12,1,196.5
028bad72-483d-4f7b-8671-8ffc45b1e7fc,O1340,P5,1,428.82
754bd88e-5554-4f4d-a62b-1c9438b6de72,O1340,P44,1,165.78
d7f01bbf-9351-4e35-b9df-feb4c54199bb,O1340,P21,3,243.54
30fc1b0f-1dd9-4fb8-941b-fb20b2428ae3,O1341,P23,1,218.14
ca8712da-15e7-4336-b062-ff4814603c40,O1342,P38,3,28.25
0750d973-8e59-40b4-a883-5220d3b648f9,O1343,P9,2,114.1
6f01e028-d400-457b-a741-60cfb30a0bd4,O1343,P26,2,251.1
f00396b8-c866-44e2-9f46-81328b7c6d4b,O1343,P21,1,243.54
e04f8cc7-7915-48f6-a13f-29f5acf1da7b,O1343,P45,1,488.83
a7da410e-75e9-401d-8b57-27301be7a03f,O1344,P4,1,428.84
43c5abbd-bce9-49af-ac72-1dd20484ffa2,O1344,P21,1,243.54
961537b0-0d16-4e91-a2f7-09dc8cd51a07,O1344,P43,3,451.76
657a03d1-428f-45d3-8ac9-ef9a37ba69e4,O1344,P28,1,45.74
bb6393da-df47-4176-a32a-a81fd955efe4,O1345,P36,3,229.21
ef5e84a8-42bd-4125-89bd-4ec47e66e3d1,O1345,P41,3,227.6
00aa8219-382f-4863-bd6e-23066e9e7e29,O1345,P13,3,195.01
0e576598-476b-457f-8661-ccce6ac42c5e,O1345,P16,1,150.17
d70645ff-a462-4b9b-a76a-be8fafb090e6,O1346,P9,3,114.1
bc014e0c-d41d-459f-965c-acf86813e610,O1346,P19,1,318.26
691644ea-0233-454d-857f-633acc713789,O1346,P27,1,329.1
d67d44a5-e379-4230-bca6-484ec3679484,O1346,P23,1,218.14
99fe2217-e999-4f76-83fd-f5c0e9febc3f,O1347,P10,1,192.31
342feba1-38c1-4574-a237-0f1c4c7850cf,O1347,P19,1,318.26
3c73d80d-1978-42b9-9f6f-823d9bb4b90e,O1347,P16,2,150.17
857b0d4f-01e0-4316-b5be-cf2822ca53c6,O1348,P13,3,195.01
79706e57-960b-485c-8b74-5d3cc104065b,O1348,P5,1,428.82
78e45d93-a8f4-472d-a5a5-e87834220db8,O1348,P18,1,164.27
e22a1e58-1fb4-49ac-9031-82da24356180,O1349,P8,1,13.01
436ed0a6-ddfa-4e3c-a00f-a653940816fa,O1349,P26,3,251.1
f245252f-764c-44e2-aa57-cc9a06fc8be9,O1349,P35,1,199.25
5ab6e0d8-0557-461e-9713-bd1f11ade217,O1350,P40,3,61.97
4f491776-f017-4f7b-9059-b4fb79333548,O1350,P9,1,114.1
27f7e41e-debf-4cf3-b91c-faf441e966ce,O1350,P47,2,397.61
2e43c5e7-2752-4a17-967f-2be41e4d0c46,O1351,P45,1,488.83
5ee91ae4-7f40-4142-99f9-e8c0f7699264,O1351,P29,2,495.24
5c11d87b-c6ca-4fe1-9587-db248b91c89c,O1351,P35,3,199.25
d8ca860b-d993-40f7-92f8-7f785db4a53f,O1351,P31,3,92.64
d16aa95d-134c-4bfa-9997-3bc8de8da00a,O1352,P47,3,397.61
5ac7ad5a-6e65-40de-9b05-2ca2f64f2e1b,O1352,P43,3,451.76
48762de9-7f40-470a-88a1-8a76f83a734f,O1352,P3,3,210.16
21f745dc-1db7-4c92-89d7-a3d1092f9da2,O1352,P26,2,251.1
e3995129-cb19-4ca8-a0ca-fa75e1f168df,O1353,P14,1,30.25
6f070d36-fca1-4d22-955f-d1eb70f6a991,O1353,P22,3,315.67
010e4a9c-3c08-45a4-9258-9f4f86c6d30c,O1354,P17,3,165.71
0f935664-605b-4fb5-a30b-2613d343789d,O1354,P45,1,488.83
ae51d19b-6557-42c9-90d4-8d0f2844d505,O1354,P3,1,210.16
b35dcae6-a091-43d1-9531-beaac083e505,O1355,P38,1,28.25
44525faf-8a41-4923-b01e-53f131d2bd33,O1355,P36,1,229.21
be53adc1-34dd-4f05-8eb2-5ec280f53936,O1356,P20,2,322.96
119c8f38-45c2-4653-b75d-808edfc299e1,O1356,P44,1,165.78
f2a095b4-074c-4aae-80e8-32deb3ccc934,O1357,P26,1,251.1
36516fff-827e-4cf5-9ee1-b12dc0f65ebb,O1357,P49,1,16.6
30991b68-968b-47f8-8db9-e8bcbfe45393,O1357,P45,3,488.83
3882cd2d-f6fd-48c4-949e-d01a37844f16,O1358,P22,3,315.67
e90ddc72-5a52-4379-9870-38148adc08cb,O1359,P42,3,364.27
4d32e221-b9c0-46d2-9153-00992866e45f,O1359,P0,3,29.14
cafe0c71-973c-44b9-9455-9e55f874a92e,O1360,P11,2,422.06
7cd8c727-a0c8-4912-993f-56da86fac870,O1360,P28,1,45.74
8e750bbe-8dfe-4792-9adc-1171940ffb65,O1360,P48,3,51.12
a6cd8d6f-731d-410e-a2eb-e8bb50a26d80,O1360,P12,2,196.5
7c8258f9-84d9-405c-93c6-cfc13bda708e,O1361,P17,2,165.71
abe6c2bc-3c4b-4165-95fb-a44e7bf87087,O1361,P27,2,329.1
b4f86a47-4c5d-4206-bf3c-762e5d7e237f,O1361,P22,1,315.67
8f542753-5fb0-4cab-863a-1428ed3d2ee9,O1362,P47,1,397.61
a334e8f1-465b-47ff-a842-2175844ac0b1,O1362,P18,2,164.27
d2e63dbe-166f-444b-beab-6219c0ab0807,O1362,P44,1,165.78
facd8e3e-d4e5-48cf-acb8-1d6bd38f4b91,O1363,P4,2,428.84
00cdd027-f6a3-43b0-b997-84b7f563a221,O1364,P7,1,40.44
78f3784a-8f2f-4965-8b8a-753f65c17be4,O1365,P49,2,16.6
09ecece1-ad02-44bb-b2f9-bf9b9ad34b9f,O1365,P26,2,251.1
fa43c2bb-a821-432f-b1e2-a5692fd32435,O1365,P10,3,192.31
5db3b57c-3039-4cb5-bc49-9228f075c098,O1365,P40,2,61.97
19453069-fd77-4b30-bb3e-79ae73bb623b,O1366,P8,3,13.01
86617cf3-05e4-45ff-b609-03ee26bfbd01,O1366,P48,2,51.12
475ca2f7-d777-4fd9-b90b-95d701af8f22,O1366,P42,1,364.27
f148c393-43dd-47b8-875c-edfc7c9ae1fe,O1367,P37,3,344.86
514c5861-be91-4e61-a07f-dd7617b9fd15,O1367,P8,2,13.01
752c49e3-35bb-46b9-ac9f-a8d36bf1eafb,O1368,P28,1,45.74
feb70e89-da16-427a-b732-5063fcd075cc,O1368,P21,2,243.54
843ed8fc-86d1-459f-a0c5-c8244500cfe0,O1368,P15,2,17.14
c1126fb8-c290-4e59-80d2-9d4181b138b9,O1369,P12,1,196.5
8a138781-d915-4093-a69f-ec54aa9a9c67,O1369,P41,1,227.6
22b076b4-0009-4c15-98a0-30aa2daaba4f,O1370,P7,3,40.44
450a9798-740d-4408-8832-848836b9ae1b,O1370,P39,3,382.01
f1aa7a1a-c528-4400-9d28-9e7c9386b581,O1370,P47,1,397.61
54449dfb-d11c-4fdb-bf64-88408e00b933,O1370,P15,1,17.14
0cd8764b-1052-452f-aa12-c6608022f468,O1371,P22,3,315.67
ea4a756d-fa57-4687-85a4-92885a81b975,O1372,P37,3,344.86
0944f076-dcde-462f-867d-ba69efe487da,O1372,P49,3,16.6
a54616a7-a8e5-490d-9679-dd097cc4d0db,O1372,P20,1,322.96
241e07da-6bf3-4f4a-8f14-e98ab2ae30e2,O1373,P10,2,192.31
ee39677e-88e5-4975-80f3-bfa9022b5002,O1373,P46,3,297.7
ef809e29-ef18-42f7-8486-ae0f4ae362e0,O1374,P1,1,386.89
85f37c0e-a1fc-41ad-b0da-03d0d6eade5e,O1374,P0,3,29.14
718f9771-426c-46a9-bf65-a290f48f128b,O1374,P18,3,164.27
dc7660ba-467f-45a3-8033-9121d3110c1f,O1374,P39,2,382.01
ed2d8d37-3db3-4426-be9b-00064df9e84a,O1375,P37,3,344.86
e4b0c636-7e3b-4ff6-9616-ba15b0cc49b3,O1376,P10,2,192.31
0a0464fe-3c50-4d7f-8b77-6c2d5f90e05d,O1376,P49,2,16.6
7b8c5732-a909-4e73-8f91-f3a0bcc4c501,O1377,P24,1,327.27
ef73a407-6296-4da0-be09-abe14291815e,O1377,P38,2,28.25
66c50bde-c839-4779-b915-fe9d264aa503,O1377,P48,3,51.12
be6e32ce-cf66-4431-8619-198440df5acf,O1378,P42,3,364.27
3e10d6c2-35d8-4b37-89f3-43e754459cea,O1378,P17,3,165.71
440596e8-d1d2-49c2-9632-1618328f2b30,O1378,P43,2,451.76
a4f0e185-980e-45bd-95d9-12b82fb410ee,O1379,P20,2,322.96
9cb34e39-49b2-4595-b3d9-2db2da110d7a,O1379,P48,2,51.12
c7cda38f-fbb7-4b9a-b0b3-15cb98992974,O1379,P4,3,428.84
2acc515a-0997-4518-b329-0b8837d0ba81,O1380,P36,3,229.21
d24afbc6-211a-4e1a-850e-260eab021fb0,O1380,P44,1,165.78
531c0be4-a5bd-4a39-b011-b264c80a275b,O1380,P4,3,428.84
f0615b85-cab2-45dd-9159-9c7f766e47da,O1380,P8,3,13.01
4e9379a5-ddd1-4ca8-9042-a2334d9bd429,O1381,P43,1,451.76
79f53f3e-ae44-419b-80a7-83b2827c9f74,O1381,P3,3,210.16
8c2c86dd-5e62-4e13-9df5-7f67948407a1,O1381,P36,3,229.21
c4172674-4adf-411f-b760-6f5b99c072cd,O1382,P13,3,195.01
a543fe4d-8a43-43d0-97ba-56cfaa9a2bc4,O1382,P22,3,315.67
0356b5aa-c370-46a7-a8a6-3beb877dc8b9,O1382,P32,2,205.58
85d79931-a05d-450d-8193-ec9a0bc9161b,O1383,P49,3,16.6
82c16bf2-789c-4a11-8bf2-260b594a0aa2,O1383,P14,3,30.25
d5d6e623-72e3-4087-9728-a3940c059d9f,O1384,P21,3,243.54
df152a38-2dc7-43eb-bc50-c221942d4576,O1385,P3,2,210.16
913fac5c-abc8-4532-b41c-862435d903e8,O1385,P10,3,192.31
ff059168-129a-41f7-9a47-2fdbfad8217e,O1386,P29,3,495.24
5dddd315-2787-4da6-a1d5-5412297194aa,O1387,P25,3,204.24
8b67f82d-42ac-43f9-8366-dcf070412ac4,O1387,P9,1,114.1
8f2cdf9b-b181-4af6-a81f-680fd3f82743,O1387,P0,2,29.14
faa21b62-e6a4-4600-907a-1171c7628552,O1388,P45,2,488.83
d5325370-9d03-482c-945d-6ed5a94f5475,O1388,P42,3,364.27
c04ca70b-5d04-49f9-a251-5e3acb8be8c2,O1388,P43,2,451.76
1ee1cab6-fc20-46b0-b0af-2c3e24bbd1e7,O1389,P26,3,251.1
a7c2c158-007f-41d4-95e2-1152f6837684,O1389,P6,1,288.13
b289c8d1-e3e2-4b71-9e4b-b38ebb2d8681,O1389,P7,3,40.44
21d88a5a-b2a6-447d-997c-37109de6e08b,O1389,P12,1,196.5
cbbf28f6-a3fd-411b-aef8-f345c0c1de9a,O1390,P40,1,61.97
d83904bf-6b88-4d6b-ae98-0587c8bb87b4,O1390,P21,2,243.54
ddfb2498-6c5e-4c33-904c-2f10ccf42dd0,O1391,P41,3,227.6
e2615dd1-0b44-4173-80de-a98c0aa6eeb9,O1391,P0,3,29.14
2ebe3610-b506-4ca9-b3a0-b3221207cae2,O1391,P35,1,199.25
d031b2b2-88ed-4f68-9d6b-0de869cdadc0,O1392,P37,2,344.86
db1adc03-7cbe-4685-9676-6c0e9f4e355b,O1392,P2,3,153.08
345fab2a-5080-4ace-94bc-a313bb33cdb2,O1392,P47,3,397.61
5e9b1628-4109-431a-b371-680801338968,O1392,P37,1,344.86
7f8955fd-42c4-4c13-ae93-9d58b8f2d8bc,O1393,P5,3,428.82
d5e5956d-4bfc-4aff-8d4c-8500b82997bb,O1393,P21,3,243.54
4c2b018b-53a9-4df0-9c27-9906f14d55f9,O1394,P18,1,164.27
b608924b-edc7-41dc-ad09-6d8480434ad0,O1395,P40,2,61.97
6238c1e0-0155-45fd-8e6e-e5981a7c2bb4,O1396,P45,3,488.83
8a7fa628-6400-4116-8620-b20a5cfc09f1,O1396,P23,2,218.14
2a6d2d1b-771d-49fc-aea3-83190e2443ca,O1397,P36,1,229.21
70c6066f-865f-40e9-a359-382110855bda,O1397,P39,3,382.01
d15de0d1-95df-43b1-9760-46797e963e08,O1397,P18,1,164.27
f694f02c-f626-4917-9b74-49d938e382c8,O1398,P44,1,165.78
3cd67811-acbf-4002-b380-5cdc0d92ad1a,O1398,P44,2,165.78
5541c406-cd92-430e-b22c-0151a28212b0,O1398,P48,3,51.12
e887da10-6a50-4074-8c36-338d9e513fb1,O1399,P19,2,318.26
b8b83772-8b57-49ec-97af-f72997832a94,O1399,P44,2,165.78
46a8718e-2c53-4321-870a-75cbcad179d8,O1399,P38,3,28.25
8d020641-a6f8-4979-8093-40638ab5df9d,O1399,P14,1,30.25
2a73cbcb-ad83-44e4-b96e-691de9702184,O1400,P14,1,30.25
b954e785-e118-48b4-adf2-b7da83e9b980,O1400,P16,3,150.17
1af44bb5-16f6-47c7-8e39-da6023767200,O1400,P49,3,16.6
d5179938-377a-4093-85c5-4b7b1ea13460,O1400,P22,1,315.67
68809c11-3c24-4f40-8fc2-8efdab25bd75,O1401,P28,1,45.74
7ff24a6a-707f-4109-9059-16f8a04728e2,O1401,P8,1,13.01
9d8db8db-9118-429a-baaf-0bec45b430d4,O1401,P19,2,318.26
b02ee94b-8083-43d2-9fcc-8aec58c62b9b,O1401,P17,2,165.71
f66b555e-a59c-4757-91a9-14d630fa42ae,O1402,P16,2,150.17
132f631c-c23f-4b95-9841-afd97c0f39be,O1403,P29,1,495.24
3afddf70-a8c8-4e32-8b24-36cf9d5ac45f,O1403,P32,1,205.58
33bda861-c532-4739-9bc5-79f73794f5a2,O1403,P33,1,410.57
d65cb6d4-b012-4142-86dd-b308e842942d,O1404,P29,2,495.24
edb7f243-8bb5-47da-9574-90ae5327f561,O1404,P12,2,196.5
9054e330-5415-4787-b635-f805dcba72e5,O1404,P46,3,297.7
d14372fa-e047-4ce8-8df5-bc03a464f0e5,O1405,P43,1,451.76
2e4cf00d-ca38-4914-97e4-c243c6a56525,O1405,P46,3,297.7
ddcd2f84-ff3c-45d9-bbe4-d37154f7aef0,O1406,P31,2,92.64
34b2cdb0-7b3e-42e4-b013-beb3f2b31dad,O1406,P22,3,315.67
bad6e253-375d-4eb6-9ebc-039752ef3e06,O1406,P27,2,329.1
062a6ef8-ebaa-4d31-9582-c45ad27234cc,O1406,P33,3,410.57
85b7a016-1eb9-4e06-919c-b448ade69799,O1407,P14,3,30.25
4073dfd9-6e25-472e-9e7d-08b7fe553c42,O1407,P18,1,164.27
b2465f63-c175-43fc-acf8-4ae41c07baa9,O1408,P11,1,422.06
42c5148e-d45a-4be6-b869-77eca2cd6119,O1408,P15,1,17.14
f65e131a-15b0-4dd8-b7b3-d664b64c3e9d,O1408,P29,1,495.24
d1680044-71f8-4e54-a6a4-ab742397b9e0,O1408,P39,1,382.01
cf3eeacd-0025-4422-b56f-e886cf8978a8,O1409,P9,2,114.1
ce52eeea-bd74-4901-a6ce-1434c515252f,O1409,P20,3,322.96
9c2c5feb-02e3-4621-b238-80a22238423d,O1409,P36,2,229.21
b2928440-52d0-4f75-a034-67ec923dc627,O1410,P4,2,428.84
efa0e937-f6eb-4cb9-a2d7-bee1d350020d,O1410,P44,3,165.78
a305d0f2-d9d0-4612-a3f1-97b876900b3d,O1411,P49,1,16.6
91bab917-2de8-4d97-9fad-6feb2418be0d,O1412,P25,1,204.24
51311198-ba2a-4766-a655-842cdbb33f30,O1412,P46,1,297.7
51908ce7-eac8-4ace-a6a2-4b20c30e2489,O1412,P39,3,382.01
a847df5f-12ad-4ea7-a277-2cd14300bbec,O1412,P28,3,45.74
45517604-f678-45b0-9556-65707a19bde6,O1413,P36,2,229.21
2fd1db5c-3232-4627-bdfe-d52b0afa23ce,O1414,P19,1,318.26
265221e7-1c39-4788-bd80-780b069640c7,O1414,P5,3,428.82
234fbc7c-a97c-4e37-8a7e-4d14fa534bec,O1414,P28,1,45.74
c834a136-2477-4c8b-a89e-58ddd827c694,O1414,P33,2,410.57
db3a09ff-3239-4514-ac5f-16909e4091de,O1415,P6,2,288.13
ae5b6835-1aa9-4b73-8859-46ffa3e40285,O1415,P19,2,318.26
97c331d7-c4df-4563-9599-f6d2d9e102c5,O1416,P41,2,227.6
523cac40-a3ac-45ef-bae0-73c069737621,O1417,P29,2,495.24
1a0cb0aa-6bc6-4e29-b011-af43d62fe1ac,O1417,P27,2,329.1
568289d1-838d-43a4-a92b-e3c68ee6937a,O1417,P7,3,40.44
643e1e17-aca6-4882-928a-2b6952bb2f1a,O1418,P0,1,29.14
6e54abde-a458-47b7-8166-cb3234fadff6,O1418,P38,2,28.25
5ff3b1bc-21eb-407c-a13c-0aacdf019a53,O1419,P24,1,327.27
32425023-29eb-474f-9488-a0f0e5b27654,O1420,P12,2,196.5
51172b39-bcee-4ad2-acbf-92dd45bb4adb,O1420,P17,1,165.71
dcaae870-769c-4638-9cbb-88f5123ea1af,O1420,P35,3,199.25
e4ba51b8-3f6d-4b86-998c-2083328d4b6b,O1420,P25,2,204.24
0a46ab75-615f-41eb-848a-f768c91d242d,O1421,P29,1,495.24
300334e4-5a71-44f3-8efb-909471468456,O1421,P39,2,382.01
468c56ec-3f86-491a-aa30-9074943b5bd0,O1421,P4,1,428.84
ecd686b1-d29b-4d5d-905d-b357a33cfdb8,O1421,P6,3,288.13
a1d92da4-eb84-4815-85c4-17c3e30268d7,O1422,P3,3,210.16
af475135-13cc-4b4d-adc1-425e8ebecfbf,O1422,P7,2,40.44
8a819705-2d2f-4064-8eb9-48931ae7120f,O1422,P16,1,150.17
263a1e47-1ccd-42af-96d4-dc4b52652927,O1423,P7,2,40.44
a256738a-5675-466a-bfb2-cf027c7dcd73,O1423,P5,3,428.82
d837ecd7-8dea-4e79-9bf3-534b73d94800,O1423,P41,3,227.6
653334ed-f058-4f20-b5d8-979155d17366,O1423,P28,3,45.74
6b193e6f-7000-4d53-86ff-84d1730405da,O1424,P42,3,364.27
15b50228-75a1-4f3b-8193-213738fcd7b8,O1424,P37,2,344.86
68bfcb71-93c0-4576-987a-04f67187d17a,O1425,P6,3,288.13
a036ef3b-ba65-4f8f-8620-9fb87c5d3311,O1426,P16,2,150.17
b7dfdfd8-7c52-4506-920e-fa77d2e4d235,O1426,P0,2,29.14
98a7b4b9-f245-4f6d-b915-30c523a880a1,O1426,P1,3,386.89
b3b84d96-5cf5-4e37-a7c8-df6c9bae0a09,O1427,P35,2,199.25
6b6678d7-c0bc-4128-b361-cee04b7b4f90,O1427,P46,2,297.7
6a62f7ac-dfec-4811-bea1-00dc42a99c91,O1428,P4,3,428.84
f56d50b6-a268-4994-9ce8-7cae5be62e10,O1428,P13,1,195.01
f51a7175-e280-4136-a365-a16d0dfbf20c,O1429,P7,3,40.44
6823edc8-c804-4f8d-b26a-8c363acb213b,O1429,P0,2,29.14
3ca6e865-5298-4356-91d9-867ca1073657,O1429,P37,1,344.86
39562f67-b3aa-4d6a-a55e-2e3b7ac2ff10,O1429,P22,3,315.67
c6ae68b1-3780-4cb6-8039-77ea86e7f768,O1430,P0,2,29.14
d89db1f9-6484-4226-9b86-5234e505b4e5,O1431,P44,2,165.78
3f36ccf8-2db9-4c5f-8209-30f8b8922769,O1431,P32,1,205.58
af51377d-b209-4f62-9235-72fade2ef224,O1431,P37,2,344.86
100ab3f0-80e4-4304-ade8-c7d842b5f4c0,O1432,P24,3,327.27
1d8f87ec-4391-4d49-8118-e7df193046f9,O1432,P45,2,488.83
46f0cd70-d2ef-4b69-8f13-748e6e5b6e31,O1432,P3,3,210.16
297a618a-c3a5-4f6a-81fc-4ce53edd34b1,O1432,P37,3,344.86
ecea54c6-959a-45c1-97aa-e04fa5210d96,O1433,P41,2,227.6
44717fac-a5cd-43e4-894a-faecb8c65a2b,O1433,P39,1,382.01
9c4ed11b-fc95-4065-b3ef-ef363eacc491,O1434,P18,2,164.27
c07779b3-338f-4d77-beef-7c87364ad386,O1434,P45,3,488.83
88c33986-70c5-43e8-b9fd-84545f9d09f0,O1434,P16,1,150.17
9957d7f5-def4-44cd-9029-966a0080ebbc,O1434,P6,2,288.13
0a2e1467-31e0-456c-82e9-c4a8aecb705f,O1435,P31,3,92.64
14ca3d48-0401-4a1e-a752-ca8a527c80fa,O1435,P38,1,28.25
9ad832fa-0d35-4edf-bc1e-149020799657,O1436,P5,3,428.82
028ca236-f838-418c-8731-432f239558d6,O1437,P38,3,28.25
df1ecdbc-e707-4a0d-9289-030660876bfe,O1437,P12,2,196.5
a4809b61-0405-4093-b332-eea2dc86436e,O1438,P28,1,45.74
794afde6-70bf-47e6-905d-c2ae2fc3765d,O1439,P1,1,386.89
dcfb3602-4bc1-4d63-a36e-729d50a24e1f,O1439,P20,1,322.96
c950060c-505a-44c5-a9e9-c668f77d82c0,O1440,P4,2,428.84
917392ff-2bd2-4d17-b4b3-fe488f6b8c76,O1440,P22,3,315.67
bf6e3295-97d6-48f3-a93c-833a5c06c6f7,O1440,P7,2,40.44
c7f7a58d-8e6a-4136-be67-97852d5ee7bd,O1441,P18,2,164.27
2e070db7-6ec6-4950-ab68-6a5597e7693d,O1441,P3,1,210.16
28908d35-1427-4418-9670-e9b1a08910b8,O1441,P45,3,488.83
62080419-cbd0-4d80-98b9-c9aab481b9ef,O1442,P3,2,210.16
7042be05-6fd4-41c9-88a6-1a671c6efd38,O1442,P24,3,327.27
df609419-9108-4b79-b4f4-3327c82430df,O1442,P41,3,227.6
2857ee28-696e-40ef-a8a6-ea7152289ae7,O1443,P15,2,17.14
48cbd204-fd46-4404-a8a8-aa4231dd0ef5,O1443,P27,3,329.1
f3feef12-870f-47e9-8557-c6d3853926fd,O1444,P28,2,45.74
536786d3-31da-4c46-834a-d9d437043a11,O1444,P17,1,165.71
788ea905-b89e-4e81-b7fb-86087a5b5a29,O1445,P27,2,329.1
99eb20a5-09eb-4289-82bf-55c09c4ff353,O1445,P47,2,397.61
786b529b-12ce-4735-8af5-db95e738364f,O1445,P21,2,243.54
f66977a2-e0b3-4b7e-9295-fa0e6521a4e6,O1446,P20,3,322.96
97b45d2c-aa5b-4d96-9a84-799442a0ec07,O1446,P43,2,451.76
d6a146ec-7841-4f52-972b-0d9c435b141d,O1447,P14,1,30.25
29c4c209-c53e-446d-b357-ef7c71c52b7c,O1447,P8,3,13.01
814aa89e-0498-49b4-a252-768b655618af,O1447,P31,3,92.64
949d8665-c42e-4ac3-8c2a-a1dbcc600772,O1447,P46,1,297.7
abfb5176-678b-498b-9d76-07d3f2776eb9,O1448,P46,3,297.7
b0bd3070-dbb3-49ac-875d-43ae7ca935ea,O1448,P5,1,428.82
f6bcf24e-cca3-4edb-8fd1-e1bee0693cfd,O1448,P19,1,318.26
15e5b4e9-1cd4-421d-b854-e4db355ba3a1,O1449,P44,3,165.78
fbc503ff-6f53-4059-a225-6e1950bbdd72,O1449,P12,1,196.5
784c5c24-0207-4a49-aa0b-a745a3d7fc2c,O1449,P14,3,30.25
02148622-503c-4b5e-8d58-eb3b0f8688be,O1449,P40,3,61.97
baf07d51-0823-4670-98be-e17eb58b42ab,O1450,P6,2,288.13
66a2feec-8155-48a0-bcb4-0da720b654e9,O1450,P40,3,61.97
5fb99f26-f11e-4007-8ba1-a4a5e38e315f,O1451,P41,1,227.6
72eedd5c-381b-4b22-b4c6-61ec1dcbafc3,O1451,P12,3,196.5
59f7b58d-ac89-4a38-8c14-0948dc5bb279,O1451,P44,3,165.78
89f0dde9-ba8c-4407-a30d-066356824e5c,O1451,P5,1,428.82
496933c1-d62f-4dfa-b405-d002d7f40a10,O1452,P7,1,40.44
213f59d9-1c0f-4e83-868f-645331f51eb6,O1452,P3,3,210.16
98dfb8d8-5d1d-407c-b629-77172f9484f5,O1452,P24,1,327.27
dd3896f2-c0d2-4c52-b79e-b59f2c767e5d,O1453,P31,3,92.64
a6636031-5b4a-4163-a508-967fbe3a84c5,O1453,P44,2,165.78
054f24dd-ef32-4243-a484-a1c82af02be2,O1453,P46,3,297.7
f02eac11-9369-42fb-a1af-63afa56909ba,O1454,P29,1,495.24
38b3c15c-dc8a-4c88-a337-959a81232f13,O1454,P23,3,218.14
d80387b2-148f-400d-9a6a-f2ff367d1c32,O1454,P33,1,410.57
270fe48d-3a7f-43ef-b490-a427d70ac82d,O1454,P20,2,322.96
f3a0bb6a-b9e2-40df-a3f8-7fc87eb19493,O1455,P0,2,29.14
f0ed0d1d-b998-4c0b-b091-d7531ff8d01b,O1456,P3,1,210.16
38397a64-2c0c-4378-a994-af3abe5cdb3e,O1457,P46,1,297.7
08939588-9432-4377-b128-c3ec1efcb0c1,O1457,P31,1,92.64
b6d0c9ca-766c-4315-96e9-ac1ba681afdf,O1457,P37,1,344.86
fca0ae92-43b2-4187-8aa4-b98e26662fce,O1457,P46,1,297.7
68eeb6be-961c-4d2c-9faf-e6ec8896251a,O1458,P37,3,344.86
a17c3c51-7dc1-44f7-8119-43d723ab9504,O1458,P49,1,16.6
7e9fc74d-0b98-4f14-9cbd-8009529e6fa9,O1459,P21,2,243.54
9251c904-5f54-40ff-a75f-1e8798c34b34,O1459,P30,2,469.52
d0a64630-a171-4e49-a8f8-3847b9e87a59,O1459,P30,3,469.52
f582bed2-f093-4b9c-bed9-08d18631eebd,O1459,P46,1,297.7
d27be8a5-6664-46bf-9ff3-65804c517283,O1460,P19,3,318.26
3f5697d3-db98-4a54-8167-fa97d3763d36,O1460,P11,3,422.06
73a8ac9c-f072-4e19-8536-67408c61129a,O1460,P10,1,192.31
6ce1f4e0-3c27-48a5-a164-c9d25876902b,O1461,P1,1,386.89
57c5fb6a-0da0-47fe-b8fc-84ee41668ed0,O1461,P33,3,410.57
542b1fdb-7a91-499e-a660-26d8d30e90f9,O1461,P3,1,210.16
fd63d4bf-0e6a-492a-a98e-5153129b5786,O1462,P34,2,23.19
c1857f54-aff2-4587-8917-0730247d22d2,O1462,P40,3,61.97
40293170-a270-4dd3-93a3-98e07d4de74a,O1462,P42,3,364.27
8c596c09-fc01-4a5c-a433-09d2ff1ac648,O1463,P13,2,195.01
c49c44b1-f37c-44b7-a37e-c9987fc17ce8,O1463,P17,3,165.71
20aefb4c-d8fd-4f00-9ada-b41442dab8bd,O1463,P35,3,199.25
25bf13df-6c26-42d6-a7d2-22b110df470e,O1464,P18,3,164.27
d5bf6d89-aa70-40bc-bde4-3e920c4597ba,O1465,P22,2,315.67
4c663911-7b6a-49be-90bd-211e5ad0a856,O1465,P9,2,114.1
83f9054e-9f20-4b4e-ac8b-8e71c4391cbd,O1465,P30,3,469.52
cb820f2e-4b56-4257-840d-53a135cfe5c4,O1466,P37,1,344.86
abad9d19-dde8-41cb-a66a-a9b747b17ac4,O1466,P21,1,243.54
db1d00a8-8211-4af4-9717-f8532b03a608,O1467,P26,1,251.1
16cfb29d-f06e-42c1-88e8-f5c26b6b3ee7,O1467,P29,1,495.24
92fb09c8-ab8d-4756-bbbd-42a4014a3a20,O1468,P43,2,451.76
238fc789-25a2-45f5-9f22-6231b5e6a39a,O1469,P3,1,210.16
784c5858-9b7f-4b51-a27c-99ac822585c3,O1469,P44,3,165.78
87600553-79db-48ef-9e80-0c3ca8021457,O1470,P18,1,164.27
9b911aa6-5f46-4178-b07e-5e705b6c9676,O1470,P8,2,13.01
78462b9d-1833-44a3-baec-88f403d8a53b,O1470,P9,3,114.1
d856eed1-b3f9-4580-8301-6908a38dfc2c,O1470,P5,3,428.82
9995775f-b69e-42e2-9a75-69f5a2bc1f91,O1471,P49,3,16.6
9bef463e-7899-442e-8f81-34f09501ce4e,O1472,P32,1,205.58
2555bb9d-351c-4e73-843d-c98d986d47e8,O1472,P33,2,410.57
74e0e56a-02c9-450a-b00f-0b89f1e777ba,O1472,P27,1,329.1
f48c8f37-b383-468b-8c88-a294b18d30b2,O1472,P33,1,410.57
6d6757e9-b3fb-44d1-b0dd-a16490a88cfa,O1473,P18,3,164.27
8fa6f1a5-15b2-48f2-9c63-774ddd31736e,O1473,P17,1,165.71
5a92b0b8-b3db-4182-89e3-154b80271ffb,O1473,P28,3,45.74
096668a3-8b81-432f-b573-55f18645bcb8,O1474,P26,3,251.1
4bb6ae08-dd57-4b73-b4fd-18353598f6aa,O1474,P43,1,451.76
48f89a70-3926-4678-b704-5587eaec3f23,O1475,P48,2,51.12
d8ec029e-65c9-48da-a30c-4bee5da27fa4,O1475,P16,3,150.17
2e0d22e3-6268-42eb-be00-287cdfc467cf,O1475,P17,2,165.71
38236cbf-dc0d-4ed5-b4e7-63536507c6d5,O1475,P28,1,45.74
cb8a638e-ab16-490c-9434-294f9bf924a9,O1476,P23,3,218.14
f0143b32-be71-4802-99c0-3f115459eafd,O1477,P30,2,469.52
692e7a4c-21a2-4fc7-a5f8-223c9884876e,O1477,P39,1,382.01
ee5b4073-c3f8-4fc8-b647-f5cb468e3d66,O1477,P31,1,92.64
9c05a980-a533-4942-9f79-e86ce6c0fcea,O1478,P26,2,251.1
100db7ea-55bf-4cac-ae96-86d8a95f191c,O1479,P0,1,29.14
e6243022-39ff-4c7c-a932-6fb4ec62b7f6,O1479,P31,3,92.64
5f7ca473-824c-45a6-93df-741ff5a721ef,O1479,P29,2,495.24
c2d10c73-834b-435b-ba2c-dff81a683742,O1480,P17,1,165.71
416f11c9-129c-4b79-b104-906cc2a8cde9,O1480,P6,2,288.13
8d6d2d00-135c-4999-9597-7aa0f8c6010f,O1480,P44,2,165.78
8251e310-fc53-43a1-944e-920352a42c9d,O1481,P14,3,30.25
1031e3e7-7325-4151-a9c1-8f75b0b7e757,O1481,P18,2,164.27
ef8cadf2-b1c9-46cc-965b-45014e515db8,O1481,P4,1,428.84
9dea30c9-f2c1-4422-9a5d-15f6e7616548,O1482,P13,3,195.01
692fdc9d-0912-479f-a4f3-8fb7594f0eed,O1482,P34,3,23.19
9df8894e-abec-47fb-b642-3da02b48b5b9,O1482,P21,2,243.54
f0b32bb8-861f-4a13-b4ec-bddede3c2d9f,O1483,P33,1,410.57
52e6b7f0-d915-4d97-8211-f54fe984905a,O1484,P32,2,205.58
a0e7214b-6692-4b7a-86cf-476d4feb4ecf,O1484,P4,1,428.84
c925f4b3-f610-4af2-9c28-d894d76f9558,O1484,P19,2,318.26
ca4f09fe-a78f-48eb-886f-5473d1cf4780,O1484,P17,3,165.71
8c5825d8-95c7-4482-be99-0436e8872f6f,O1485,P10,1,192.31
326076cc-18d1-4eaa-b3d1-da2f55952130,O1485,P12,3,196.5
df7759d0-4e83-4ff5-91f9-e87278268375,O1485,P27,2,329.1
cab203f2-6dbf-4a6b-bcd1-aa2ab89aa0a9,O1485,P35,1,199.25
dd74ebb3-119a-4127-8ea3-ca49a2f68b80,O1486,P13,3,195.01
8dfa4eb6-03fe-4b99-8dea-06bbb26a3978,O1486,P33,3,410.57
412b7bc6-cf77-45d1-ab06-f71b45735cd6,O1486,P28,1,45.74
39fa5a41-9642-48b8-85d8-975c17ff1c41,O1486,P15,1,17.14
ec60129f-10e0-45aa-9749-688abe7d3d5d,O1487,P43,2,451.76
2d519293-cc74-491b-81c2-50b885471181,O1487,P9,2,114.1
f07e80b3-e2c1-4fa7-8761-b811a5370f7c,O1488,P44,1,165.78
41d8e37c-07ab-48b1-86d9-98c1d0c6e54a,O1488,P0,1,29.14
288236cd-35f7-49b4-b7ce-dd323a04d7db,O1488,P28,1,45.74
253a195d-0d37-4d33-a99c-d134d4516d13,O1489,P6,1,288.13
f1771d6c-7ced-4f09-8838-d290491761b5,O1489,P38,3,28.25
b2f7fc11-8903-4e0c-b9b3-4eb25f5c5d04,O1489,P34,3,23.19
a7cc3cb3-68ed-45e3-9108-335d48342f83,O1490,P21,2,243.54
16809b32-94ea-47a5-bc68-dd3a1040543e,O1490,P37,3,344.86
8b75aa0a-1dd7-4907-a309-22b58957dba2,O1490,P26,1,251.1
10c6f6a4-6048-4c19-b16f-c42b1f7c861c,O1490,P5,2,428.82
8599ca5b-9bb2-4407-9cdf-5869b358ae3b,O1491,P36,3,229.21
2a7b9336-4210-441d-85a9-1c67f57ab5b2,O1491,P5,3,428.82
724596a6-e5a2-461a-b2ad-df300ec50733,O1491,P21,2,243.54
a3589f41-60dc-44ee-bda5-54d6c4c87526,O1491,P21,2,243.54
e91f4c9c-cce8-4525-b606-ead00bf67898,O1492,P46,2,297.7
7d311d57-5dc3-4d7a-b776-9f3527fd919e,O1492,P7,1,40.44
33765831-f46e-44b9-acbf-90ac03ceb53c,O1492,P44,1,165.78
6df9d03a-7e85-4d3d-b353-51bb5a57b7f0,O1492,P23,2,218.14
704af249-bbab-4fc9-980c-cafd18740aee,O1493,P41,2,227.6
4709c023-d7cd-4fb4-9159-d0df37b0b427,O1493,P11,3,422.06
d2f560b5-214c-4ad9-ad93-150be28ab0ea,O1494,P7,3,40.44
0d1c87a4-50b3-4868-ba48-d1e29ce4dece,O1494,P20,1,322.96
99d1a8e4-e28d-4dfb-9864-721e4ae6660f,O1494,P28,1,45.74
0e5d2b95-84ea-4473-afa9-689b78686151,O1494,P26,1,251.1
a0672a95-7e03-41ed-a94f-6368184a422d,O1495,P39,2,382.01
6e078b6c-28ed-4380-adb0-9bac6f502335,O1495,P34,3,23.19
0d3dc99f-ff2f-4399-b617-c3fb484af9fa,O1496,P14,1,30.25
fdd7d382-93c8-422d-b82c-b7dca91899b6,O1496,P31,3,92.64
1b32582a-c82f-46c9-baf0-ae894ceee29b,O1497,P27,3,329.1
00907144-9ecd-4a43-bdaf-df33d9e500c5,O1498,P0,3,29.14
a6581db5-42cb-4dc0-93cb-f148b8c44f82,O1499,P44,3,165.78
f4a6fa08-aac7-419b-bedf-3c3578bee9c8,O1499,P30,1,469.52
6422a848-8289-4cca-84b3-c6a39e80f98a,O1499,P24,2,327.27
c3582c37-a04d-409e-a98e-91f4472b3857,O1500,P19,1,318.26
19e94732-7040-496b-b24e-20103e30a82c,O1501,P45,2,488.83
493a8bbb-51e3-457d-99e3-2e25f5703eb5,O1502,P0,2,29.14
00470472-5e56-4cc3-82d8-09a0a33acfea,O1502,P22,1,315.67
de70c311-29c8-4866-ba42-809df0a3236e,O1503,P48,1,51.12
77263b8f-6a48-404f-9d27-a4a610054195,O1503,P4,2,428.84
a04f1fc4-4e44-4631-9ff0-4bf432e06aeb,O1503,P12,1,196.5
d16919f8-16a0-4098-a3a4-4cc2e9faaacb,O1504,P44,3,165.78
94ff8878-b677-45ad-8752-a497f80aa2a6,O1504,P4,2,428.84
fa183663-0999-4cee-96aa-93174a63a0a1,O1504,P43,2,451.76
5f390d17-2591-4344-9e1f-a29c1b5489c4,O1504,P20,3,322.96
95947f20-bda6-4eb9-8a7d-6d29be021dbc,O1505,P12,1,196.5
0b980d68-90f1-4afa-af7f-3eb8058c9220,O1506,P41,1,227.6
a160eaea-3eee-44f9-b8b5-0fecab16a32b,O1507,P22,2,315.67
17a844e4-a57e-4eb0-8e42-5f87600866ba,O1507,P37,1,344.86
51402c4c-e1a0-4ab1-9633-782f319bfb7a,O1508,P37,3,344.86
7a58dee3-cc7e-46fd-a87f-f4a3145b5466,O1508,P18,3,164.27
7b9c7761-6761-427f-8a9f-44d366d68047,O1509,P33,2,410.57
181f7702-be9a-4f80-8577-03c15b5d5698,O1509,P33,3,410.57
729b7a49-0f5b-4119-96f4-225d614b6f92,O1509,P23,2,218.14
bbcb0723-be40-48c7-89d6-d91dfb579165,O1510,P19,2,318.26
3c9d2f08-ebb9-4442-887a-b4de9bc810e7,O1510,P13,1,195.01
5bb7395f-36b6-41d5-8965-bdf750259bf0,O1510,P4,2,428.84
674f563c-2ab1-41c9-9ac1-2d8cb9778a19,O1511,P41,2,227.6
15a50c0a-41b8-48a6-a473-b562311f92a1,O1511,P36,2,229.21
e9d8585b-7fe1-4088-b127-06804b0d889a,O1511,P34,3,23.19
55bf1d96-e1e5-496c-9aef-f67ff8d7ca92,O1511,P12,3,196.5
c7c604b7-5cd5-4dac-824a-1abe20286c09,O1512,P17,2,165.71
f7593be9-0630-41f9-855c-591d4a50744b,O1512,P21,2,243.54
834fcb9c-3f1a-4768-afae-6b67a7c7429e,O1512,P22,1,315.67
9b74c91a-2460-4aef-8498-dcea3abc74f7,O1513,P17,3,165.71
f4b0e1be-3996-4860-ad68-fe76d8966170,O1514,P1,2,386.89
87de3052-aef6-4ffe-a269-0439f7ba1d47,O1514,P34,3,23.19
e1dc12ea-f898-4ff4-99a5-622cecb87223,O1514,P42,2,364.27
9b355d4c-3f6a-486a-8616-c83ea2a38314,O1515,P24,3,327.27
c945220c-f503-4a19-9c8f-deef5acda8d5,O1516,P30,2,469.52
7309aaa8-1e0f-4ca4-913c-182a35318da5,O1516,P6,2,288.13
54d1c70e-3db3-4a95-8145-4e308e976c5b,O1516,P35,1,199.25
288775bb-5e08-4751-8bca-3a7e39305a4f,O1516,P25,3,204.24
bc6f3d89-4091-4665-b2a9-0b9f3e593505,O1517,P6,1,288.13
5bdb64e5-fc3a-4957-b10e-1d1cac975280,O1517,P26,3,251.1
38d62970-26be-4574-91c7-a459468c429f,O1517,P37,3,344.86
335693f5-10c8-409f-a761-b375f67a7df0,O1518,P30,2,469.52
f88b0d7c-b492-4dd1-ad5b-d42dfc78ffc4,O1518,P15,2,17.14
f3e27278-2801-490a-8397-e3b36b3a40ab,O1518,P32,1,205.58
64e5c4c1-f77c-47f2-8918-6201bcf82dc6,O1519,P28,3,45.74
9d92afad-ad54-4130-8a27-05a8515bf242,O1519,P25,1,204.24
82fe6651-82ec-4f38-af97-10f0b51574d5,O1519,P8,2,13.01
596ea562-ae2f-4102-b0ae-c40ca027544e,O1520,P19,1,318.26
6a88d108-1e85-4f5c-839f-63c9208d5a90,O1520,P0,3,29.14
ef41d415-1a79-4bda-a86e-e05ae8eca532,O1520,P22,2,315.67
64ae10ca-7497-4c51-a972-665abbc38689,O1521,P40,2,61.97
9aa48bc7-268b-42ff-b297-10259e7570a7,O1521,P18,2,164.27
9ffd0948-3a79-495b-86f8-9bd181da0d62,O1521,P36,2,229.21
9fd58e8f-d2ec-4315-a6f9-ee4ec7b3b57e,O1522,P12,2,196.5
a15d17ed-fd8a-4c22-a4f3-750b5ce5631b,O1522,P43,2,451.76
b236c1b6-2d48-4621-a2ad-e0d25a7575c3,O1523,P11,1,422.06
f12796ec-9395-42de-85c5-f748ba0fafa7,O1523,P43,2,451.76
263e1721-5ab9-4bdb-9809-d01e8fa22426,O1523,P46,1,297.7
8d59e4b7-95ce-4b80-96d6-7b1e089062df,O1523,P46,2,297.7
31abb2a0-f7f3-439d-b0c2-8352d68635d4,O1524,P13,1,195.01
beeea7f3-4759-4061-9a4e-5091fdffe0a3,O1524,P46,3,297.7
0a1d7308-b14f-4b4d-9f23-317389ca0036,O1525,P22,3,315.67
7f5f3dda-c07b-423a-926e-142bdbfdff8b,O1526,P38,1,28.25
dbefa50f-6ed0-4312-ab23-7803547162a6,O1527,P31,2,92.64
4a535936-bb3f-4d50-baa4-595aa974f43e,O1527,P13,2,195.01
3c09a8ce-ed22-4cca-bdf2-f135cf5be9f3,O1527,P14,3,30.25
7f11cb9c-852c-49a2-a7ee-f98a549be96b,O1528,P38,3,28.25
2bac26f6-c0d4-4dce-8d3f-96eee131ecb1,O1528,P30,1,469.52
3a7586ca-c489-49f2-81b7-700f740f0798,O1529,P40,3,61.97
74393c07-dfd2-4e7d-b7a0-f879d4218a2c,O1529,P10,1,192.31
50e16101-4102-4b32-9f97-664dc66f1b30,O1529,P12,2,196.5
c58d4af8-a726-4230-a963-7a8f1c7966e4,O1530,P21,2,243.54
b1f629d0-8e17-443c-9d90-f8c377089bb0,O1530,P33,2,410.57
43278669-8b89-408c-bef5-1247b6694319,O1530,P3,1,210.16
b8dca250-8e85-4962-a14a-80e3ce7043e7,O1531,P17,3,165.71
0644f83e-beac-416f-a2e8-6b4a775eded3,O1531,P4,1,428.84
d7a462b2-c55d-4c9b-839c-315289fe2ea3,O1532,P29,1,495.24
91f092f5-184c-4257-b550-3bb527b660a5,O1532,P24,1,327.27
39765f38-4b05-4417-8b1d-b2250d316823,O1532,P8,3,13.01
0960d3df-1849-4154-9ed1-3a0deca12e18,O1533,P44,1,165.78
1247fea0-e4ce-4c5a-9e83-b29d40fd5c53,O1534,P46,3,297.7
401f4e31-355a-406a-9a40-597eaba07701,O1534,P26,2,251.1
12cd83c9-88dd-42e8-8bfb-98a4545378ba,O1534,P22,1,315.67
86df34f5-a122-4b00-aa8f-8b805e6ff2ee,O1535,P38,3,28.25
5d0070c9-9c9b-4dad-a2a9-99f84b56ef89,O1535,P34,2,23.19
6ffe076b-0c88-4a16-8f5a-34eb3b076101,O1536,P32,1,205.58
b6ec7f88-2163-4238-be45-8c3e9dd61a53,O1537,P19,1,318.26
2492d95b-2978-4097-b85a-b8c7947845ad,O1537,P2,2,153.08
7ebcdc68-ca45-4acd-b44b-bd603ecba8a6,O1537,P4,2,428.84
f3022397-f538-4b48-ace9-e383040ccaf3,O1537,P16,2,150.17
86bb38fd-0161-4a6f-9c41-f904fad904e5,O1538,P33,3,410.57
23957c22-2e85-40ee-9b5e-3fc131ea4c0f,O1539,P22,3,315.67
05e49cec-a6c8-4b52-bf37-96fd5e8a46e6,O1539,P30,1,469.52
9fb3908b-904f-429b-ad20-fcaaf598a3aa,O1539,P8,2,13.01
9a2ef57d-4810-4fd7-9d60-760c85af47f7,O1539,P10,1,192.31
eeeae8a1-8669-42bc-b823-31214c5d2fdc,O1540,P40,1,61.97
eeacc754-2534-4202-ab0d-6d5b3aa4a443,O1541,P31,3,92.64
1c7a2b9c-3d79-48cd-9aa5-ada8828030fc,O1541,P39,3,382.01
ac46e5aa-9155-44d6-9662-0df8b58476fc,O1541,P27,3,329.1
ac9e235d-3dc0-4867-9abb-7c345ae2b695,O1542,P23,2,218.14
613adee5-d295-4c81-94cc-391e3378dc63,O1542,P7,1,40.44
4a6198f8-15cc-4849-90c2-b50764048b87,O1543,P7,2,40.44
5026e38f-72d2-4f48-b9e0-aed1eafebe5c,O1543,P45,1,488.83
7c263c4f-089b-4ec9-bef8-0dab46d86a61,O1543,P41,3,227.6
b74a0bf7-8de8-4213-a88e-dd2aa49818f1,O1543,P34,3,23.19
71ad715e-6d45-4359-bff8-192e2ab95f4c,O1544,P8,3,13.01
ac445f29-7a9b-4a7b-b9a5-c5adb55c1e47,O1544,P9,2,114.1
e7c91715-12d5-46d7-8327-6177c292f8d9,O1545,P20,1,322.96
3d3f34c8-836f-4c51-a84f-8027fec7a114,O1545,P31,2,92.64
1d53860e-3348-4a5c-b64a-f3f1b37a085e,O1545,P25,3,204.24
7b615a8a-cd9c-40a9-8fa9-827fc6aafc15,O1546,P22,3,315.67
c0ff8846-897e-4c5a-88c5-71f572c32efa,O1546,P5,3,428.82
6f4fe0d4-bb63-4104-aac8-36b1c0d72984,O1547,P39,1,382.01
e281f999-e908-48cd-bf0d-ad7e19eee2a6,O1548,P10,1,192.31
7889ed17-fa91-4305-b047-7a0eb0c6252b,O1548,P28,2,45.74
3f483379-0dc5-49bf-9888-4953cd441fbc,O1549,P8,2,13.01
0e32ae21-f8cd-4247-a311-710c4496cfbe,O1549,P6,3,288.13
65062809-7026-47ec-ae5d-3613c48cf0c8,O1549,P6,2,288.13
8f6adeb8-442b-4443-a2fa-e0ef0d66078f,O1549,P38,3,28.25
c23ffed4-e26f-4d49-b3f8-b84ed7758bb1,O1550,P9,2,114.1
6a6b6891-44b4-47da-82dc-5458ea9182c3,O1550,P18,1,164.27
2ecbbb86-f7b8-4b6f-997e-3143c3e5676e,O1551,P8,2,13.01
9614cdb5-7132-499f-a41f-90ce984054fd,O1552,P6,3,288.13
bbd2176d-cc1a-4b12-b617-c501eb62ae9b,O1552,P16,3,150.17
67fb5bef-11d9-4a14-aa10-781213df043f,O1552,P30,3,469.52
e99195f1-10a3-45ff-bf42-20f62b1773ce,O1552,P20,3,322.96
71b7076f-f516-4094-8e5f-0bce06666c8e,O1553,P24,3,327.27
07101f79-d913-422b-bbbf-37f2583c1f01,O1553,P27,2,329.1
00e67295-11fc-400d-86d1-64e8b82de5da,O1553,P39,1,382.01
841deebf-afe8-459e-b730-8bb3d90365be,O1553,P49,2,16.6
90119117-0cda-443d-8d9c-eab02026ad08,O1554,P9,3,114.1
d96c7820-53bd-41cb-b3c1-4cf6154b5ddb,O1554,P6,3,288.13
054fa5b0-feaf-4eda-ba8d-e1d28b50bb0b,O1555,P23,3,218.14
65acd2e2-5a9c-4061-a349-83128753c7a7,O1555,P5,3,428.82
95dfbc5b-063a-4a95-a3f4-9ac98a5ab97a,O1555,P46,3,297.7
9346e0da-7c00-4527-ac7d-87e5c02f95bf,O1555,P2,3,153.08
37ae60be-3f13-41ee-b970-27d548e9fd22,O1556,P12,3,196.5
34198e81-9514-4ff0-92c5-845d41a0d421,O1556,P3,3,210.16
cec1f7ec-410d-4d03-8b18-bee2024a1734,O1556,P15,1,17.14
de33c840-8b0a-411a-8f25-2211e60ea9e7,O1556,P0,3,29.14
185b2226-4083-43c6-b2a8-62fa6dc6d1ad,O1557,P36,3,229.21
fe77d130-d49c-421e-8ba1-99c90d8aad7d,O1557,P48,1,51.12
25fb1563-fa03-4d59-804e-70e27348b518,O1557,P31,3,92.64
eaee4dd3-6d22-43ca-a816-9a0ea45fa100,O1557,P25,3,204.24
582a2b32-15fb-4300-ae2a-ffef1929a358,O1558,P46,3,297.7
cbe4f6d6-a7d0-4eb2-b180-0ed8e704a102,O1558,P45,1,488.83
085b3c75-a788-46f3-9eb2-37dc611ffdea,O1559,P1,3,386.89
1bda9e3e-2d39-432b-a669-fbb0e21e6bba,O1559,P29,2,495.24
c08d91d6-6905-4fee-b17b-98f18d352dad,O1560,P9,3,114.1
2c678505-ebd8-4cd8-84ce-a035cdf94e2c,O1560,P3,3,210.16
e368e818-dbc1-4764-9d3f-466f82658221,O1560,P6,2,288.13
97dcb06c-ae7e-48d9-93ff-269dd903ab38,O1561,P41,1,227.6
e122b091-e796-482f-92c2-45afc00a9976,O1561,P0,3,29.14
232daa4b-19c0-4416-99a5-58331d9a99bf,O1561,P47,2,397.61
d4216a52-88cb-4610-96b0-49425b2d37cd,O1562,P7,1,40.44
817d6eeb-c6c0-493b-9240-b11520f5f51f,O1562,P12,2,196.5
dc7f6b5f-35ed-40ec-aa84-ebcb85764d46,O1562,P36,2,229.21
0920aa5c-82bf-42f7-9ccd-96d53c3d6705,O1563,P17,2,165.71
c3f3bf75-519a-44f7-9a18-439720e9e806,O1563,P13,1,195.01
d3685d8e-5e98-4e6f-8cac-f19406e5221f,O1563,P29,2,495.24
bbac18d5-467c-407a-b5b8-a1afceaa8988,O1563,P5,1,428.82
a05eeda6-be1f-42c0-89f2-79c5c564e854,O1564,P12,3,196.5
5eca43f0-4efc-4592-8639-c71e82f5f9f1,O1564,P16,3,150.17
bc171224-ee5f-4d85-b12e-308e8efcda1a,O1565,P17,2,165.71
3fcc67d7-7d79-49c2-8e03-eea6fff7305d,O1566,P39,2,382.01
67fe2961-7612-4a66-ba22-e25b7d2bf67a,O1566,P24,1,327.27
138b2575-c992-4f5c-b488-3a0d1984ef10,O1567,P7,3,40.44
9c932819-c8d6-4020-bc20-976c41cf6a95,O1567,P19,1,318.26
3cfd05d2-c003-45a0-aeeb-389e87b7aa89,O1567,P37,2,344.86
fe9665f6-13c2-4ef0-bf82-2f42f4b1c7ad,O1568,P22,2,315.67
a8e802d1-1626-4dbe-98e4-899aaf718a39,O1568,P16,2,150.17
6e6ed246-4f88-4dad-a36e-770b25607050,O1569,P49,3,16.6
277146a0-28ed-43d3-8f2e-2d16ca5ae3dd,O1569,P41,2,227.6
c0893a29-c523-406e-bb59-0b31011fd5c1,O1570,P36,1,229.21
26cc63f4-5dba-4c91-8cdd-153c8a1744f1,O1570,P39,3,382.01
408c9005-b729-4000-bd4e-dc71c7a3fc0d,O1571,P34,2,23.19
c112c6d6-aab7-4868-8588-82e6375dd207,O1571,P25,1,204.24
f4687ce6-ff46-4683-a8d6-43b7b7a21219,O1571,P42,1,364.27
1e1c8399-209f-4624-87db-43852811e586,O1571,P2,1,153.08
01da6d59-b69c-49e6-9bcc-174482c972c4,O1572,P34,3,23.19
0cfa252c-463f-4040-8cec-d897e3b98807,O1572,P8,3,13.01
1bd4b876-681d-4563-9416-76ad90e687cd,O1572,P32,1,205.58
4ea48d58-072c-4034-b1ef-eca06cec000b,O1573,P46,3,297.7
168b1592-dd4e-428e-8c84-36c341ab3496,O1573,P38,2,28.25
ccf20488-5fc3-4863-825d-f92f7e5eea85,O1573,P16,3,150.17
b25af4cb-bd07-4bce-8506-1c41ec9e619d,O1573,P20,2,322.96
4653ac81-3b0b-4bb3-963d-94e0f02a5caa,O1574,P7,3,40.44
9114390a-cac8-437a-9e61-727299ca6134,O1574,P40,3,61.97
629639a4-24a5-475c-a912-be40d485330c,O1575,P30,2,469.52
78563ed5-5870-4a36-8b8e-4c4a4cc72914,O1575,P36,3,229.21
cfc27028-dd13-41a3-ab2e-46a8aa8d0485,O1575,P10,1,192.31
ea83456b-ef3b-4157-b5d6-2a3dc779ac98,O1576,P47,2,397.61
3cae3fbb-44c5-45ee-8b45-264ad04ac2d1,O1576,P25,2,204.24
d1ea69ba-4e0b-459a-8c5b-199528b9c3a8,O1576,P38,1,28.25
862d16f6-e9da-4438-87d3-dd68171bbeb9,O1577,P7,1,40.44
f15dc8ad-ede8-42ef-9623-f2edcfd537f7,O1577,P12,3,196.5
65bd3f4d-33c1-41de-b104-907d2ff13779,O1578,P9,3,114.1
6af2e04e-f552-4ef4-a141-4de9471ba380,O1578,P33,1,410.57
9d5e9aef-e1ff-4afd-9e70-ed9f8b75efc8,O1578,P8,1,13.01
b517982e-733f-42db-8b4b-900eb670e946,O1578,P15,1,17.14
47ae97ba-dd05-479c-ab00-e35d6e444730,O1579,P48,3,51.12
dda86761-34fe-416a-b1c5-3b347e3ec573,O1579,P33,2,410.57
a3c742bf-d67a-4b46-98d4-167246dccbc5,O1579,P12,3,196.5
f324ca6d-9c58-4ca9-8d9a-8c3a92067922,O1580,P32,1,205.58
b2eed8d6-8ed4-4628-99d3-926693772ee0,O1580,P39,3,382.01
3e394fe9-023e-47d8-8d0a-394f3b71125a,O1580,P32,2,205.58
559c858b-1c05-40e4-b036-d79911a4a2ec,O1580,P4,3,428.84
6061d6ea-b7c6-474d-a61b-40fcbcced853,O1581,P11,3,422.06
8b98b812-164d-4a93-affc-9f525e67ac45,O1581,P11,1,422.06
4027e908-5ba6-460d-baa1-e53519b2c08b,O1582,P39,3,382.01
eed52bd5-206a-4c8e-8da5-10af76841569,O1582,P20,3,322.96
d85342a4-34dc-4830-9dae-a47910c8a0a0,O1582,P23,2,218.14
41c9db47-19f2-4193-a7f9-d3e1f48647f8,O1583,P44,2,165.78
79015af7-dc9b-4db1-b786-ab8c9bb51189,O1584,P29,3,495.24
7ca01727-0d0b-45af-869e-7846685c8464,O1584,P14,2,30.25
3d0a6343-cff4-4391-8b46-1879979357c4,O1584,P24,3,327.27
225967df-93b5-499d-a9c6-6bea7ecc13c4,O1584,P18,1,164.27
86ad411c-d6db-4a8f-94a1-778b8fcd00af,O1585,P0,2,29.14
13a90afb-0568-44ad-b814-3e19cd794cbf,O1585,P48,1,51.12
ecbb4033-daa0-4610-8a78-94297e5068a1,O1585,P49,2,16.6
a56637e2-1443-4029-953d-ff5261085bbe,O1586,P17,1,165.71
c7cd17a5-a84e-4598-999f-56f368cf4d38,O1586,P22,2,315.67
660907cd-0142-4ee2-8f29-ad550a71b237,O1586,P31,2,92.64
52b1328e-cb4a-400b-889e-c5222f9fb658,O1586,P30,3,469.52
3e1bc739-2549-42cd-a7bc-8b928b23121d,O1587,P2,1,153.08
de64508d-d36e-4bbb-8f48-92f6bb2f0b67,O1588,P39,3,382.01
96214810-79ea-42f5-ac12-1d744a7e17a0,O1589,P49,2,16.6
10802291-1fc7-435e-8e8c-77616637cecc,O1589,P20,2,322.96
8e1c454d-2ea3-4caa-b82f-5fd81862a292,O1589,P27,3,329.1
a563f823-69ed-431e-aa60-e3c7c1b53984,O1589,P11,3,422.06
ec9ea898-7a0b-4e33-a494-c8ebe47264e3,O1590,P12,2,196.5
f07417df-58b5-497d-80e7-fda4cd8d7090,O1590,P20,1,322.96
af8345dd-a985-4063-941b-6a63efad9553,O1591,P16,1,150.17
0379f358-fc75-47c2-951f-59e9659f4c9a,O1591,P2,3,153.08
bc4d0609-c15a-4058-ab1e-a0372a976e9f,O1591,P7,1,40.44
efa4d6a9-1262-4ccc-a065-6170a295884a,O1592,P16,1,150.17
60c40b25-bcc8-460c-ae73-7d29a3af53cb,O1593,P24,3,327.27
bebb8644-42bd-416f-a415-4b54a13848dc,O1593,P11,3,422.06
207e9cd5-d649-4165-8491-66a68f05a9c4,O1593,P32,2,205.58
05bf0e3d-4e94-423c-a625-79d2d9c7a3b2,O1593,P14,3,30.25
8377122f-9133-47f8-a94e-a742d5b484a6,O1594,P7,1,40.44
1ab60b04-472d-487c-9a0f-fdc3346d927d,O1595,P2,1,153.08
1ef58ecd-2c68-469e-b81c-8fb88afa72e0,O1596,P3,2,210.16
009504a0-b568-40f9-a795-91b07203278e,O1596,P15,2,17.14
fc8d20f6-c113-4d28-b4ed-8ddde23f7c95,O1596,P36,3,229.21
1c62419d-76c8-46d8-9a50-0262c37844c6,O1597,P21,2,243.54
fcfd0c63-14d5-4d9c-b708-fc7a6e91b707,O1597,P1,1,386.89
14a5e1cd-5d71-4f27-ab2a-e84a1c4e227b,O1598,P27,1,329.1
f295b400-c876-465c-aa77-417458744c84,O1598,P41,2,227.6
1c548d94-a919-4dec-8052-5f8f690af0e1,O1598,P44,1,165.78
f45708cf-8faf-4f19-b7ea-0c82be61b5f8,O1598,P29,3,495.24
05dd6880-96b4-4f9d-a610-7290d558261e,O1599,P24,3,327.27
27b42846-f9cb-4c7e-8e19-5e74551ec0a7,O1599,P41,3,227.6
46711e1d-deed-4211-b18e-9b0d186c0fe7,O1599,P26,1,251.1
7db5ab2e-2907-4b2e-8407-6f69dffa4677,O1600,P38,3,28.25
444e659e-be48-4fde-9f7a-0b17bfcb643c,O1600,P10,2,192.31
7588fc49-c05a-4ee8-aee1-bdf70aa95a69,O1600,P5,3,428.82
38165b01-f9b4-450c-b6bd-4f6fff9cdb21,O1600,P3,3,210.16
12c7b6e8-e0e5-4738-ac22-fba394a29f30,O1601,P41,1,227.6
762f0d03-fc1d-456a-aa7b-c6b8dbbd22e2,O1601,P1,2,386.89
56dc18b2-f010-40f2-abbc-59a4dbea772b,O1601,P15,3,17.14
a444bd56-f03f-43b8-b944-4fc8ea13b9fe,O1601,P15,2,17.14
ec4ac4e9-1890-4516-a8f6-d2441fd3811b,O1602,P41,3,227.6
872e10b9-a71b-4799-bab8-4db3ebd7d977,O1602,P12,2,196.5
8d62aac4-fc8a-489a-8b34-1bfd429389c4,O1602,P2,3,153.08
a2a71018-c042-4b80-92a8-716dc9ac047e,O1602,P36,2,229.21
e6b26d88-c954-48b4-b5ae-e8a10d706d4b,O1603,P28,1,45.74
9605418b-a583-4c35-8cd9-64a914eee61f,O1603,P1,2,386.89
d67bfd20-fd80-42da-af7d-217f090f62d9,O1604,P31,1,92.64
30107b6d-7b3a-4c6e-ba3f-39e74c7a1d1f,O1604,P8,3,13.01
09d59330-43f7-45d9-ba76-57d327680178,O1605,P35,3,199.25
0e91cf40-6966-44c3-bc2d-e8485bdc0cee,O1605,P34,1,23.19
74d22976-be07-495f-a395-cbb3f8e4e875,O1605,P39,1,382.01
06831517-f65a-4a7b-a992-b6efa04c4303,O1605,P14,1,30.25
73e8a52d-22ea-4e3c-ade9-b3eebae5c93b,O1606,P17,3,165.71
0a6b905c-af58-462a-95a3-b6f66df45d39,O1607,P42,3,364.27
0f187b78-944e-47cb-b1a7-b26aebf07ab5,O1607,P22,2,315.67
4f41b1a4-d039-4ae6-ab87-44d8599077be,O1608,P36,1,229.21
e530f306-aa66-419e-aa33-632e888d0b5a,O1608,P43,2,451.76
2cc006eb-134e-4210-965f-376618a15df5,O1608,P22,1,315.67
e16ad4ca-65c0-4a1a-80d4-f55dcd6425de,O1608,P23,1,218.14
284ca9bd-cf4b-4cae-8de5-c5cdaddedf19,O1609,P4,1,428.84
3fbc9a9e-bee2-40e4-bbec-ce7a0d66df58,O1609,P1,1,386.89
aca09888-bd19-4589-aa05-a0b0de5ac828,O1610,P31,3,92.64
e1999dda-4c5a-45f1-acd2-bc6b9866403c,O1611,P16,1,150.17
4689ffc2-6f1c-46d1-b844-4721945def72,O1611,P38,1,28.25
3a6dff60-bb80-449b-8848-38323a6e03a6,O1611,P38,1,28.25
a06272c4-f1f9-4175-bedc-449461b28568,O1611,P11,1,422.06
68e87b7b-098c-4659-aef9-6d5f81876e04,O1612,P45,3,488.83
30b6b86f-40d0-4ec4-a925-c7e11c3a08c2,O1612,P34,3,23.19
4f821d49-7a3d-489f-9f9e-6e75875fe42a,O1612,P38,3,28.25
2ad719d6-3106-479e-ba29-6a5784e9947e,O1613,P32,2,205.58
a4c8d53f-c0f4-4e97-abae-0063d0ff39d2,O1614,P10,1,192.31
c6ec337a-8c81-4037-9cd2-c359ed088481,O1614,P25,1,204.24
73a3c7df-a871-4191-a6be-6b86d42dc501,O1614,P10,1,192.31
4e3c036b-69e4-4055-9ee7-4beb0ba044cf,O1614,P23,1,218.14
5b8ed5e7-a989-4e61-aa9b-d60576f0b386,O1615,P3,1,210.16
11046a0b-e7df-4513-b5c6-9c506fa43b28,O1615,P4,3,428.84
36b56971-244b-4abc-9d98-3b7d530306f1,O1615,P27,1,329.1
d2f399bb-7785-426c-8f03-ca851478292d,O1616,P40,2,61.97
f160f1aa-be99-4cf6-82f7-26e8d8be3841,O1616,P36,1,229.21
5b66d957-5b16-42c7-8235-b28b298e5a90,O1616,P7,1,40.44
51842955-f102-487d-8a3a-722c5b8d162d,O1617,P11,2,422.06
c4e6ab21-431d-4ab6-9b62-330337d3d090,O1617,P20,3,322.96
ddd687c5-83ee-49a5-93b2-7780e8c1f66e,O1617,P48,3,51.12
a02c3ff4-3701-476b-885c-a188e566b6fa,O1617,P12,2,196.5
02d1dd21-b5a0-4f08-aaec-d8dbfb5d99dc,O1618,P42,1,364.27
286dc5a0-236a-4644-93e6-6561994a6bd2,O1618,P7,2,40.44
ffc26475-115d-48c5-bf28-f0d6eabc0cf4,O1618,P31,3,92.64
1eb3df53-53ad-4149-9df5-a88b650a2a54,O1619,P22,1,315.67
63fadf66-2aa0-4b4d-bcdf-9545b8b5a6b4,O1619,P30,1,469.52
08298e40-95bb-4e3e-9835-cbe759b9a6cd,O1619,P9,1,114.1
f17a0551-62e3-4215-8cd1-8073744809ee,O1620,P30,1,469.52
de42fb01-04a0-4440-8d89-78b065de364b,O1620,P2,2,153.08
b8a96c61-fd65-4dd9-8fdd-449e9b22ff89,O1620,P47,2,397.61
4d9587b0-1e64-446a-990c-10af6221bcbc,O1621,P3,1,210.16
a0e4b167-a3bc-4ef8-849d-a7b19d3a5801,O1622,P42,3,364.27
84521fc8-8ff0-4528-8fc4-00643ffb0529,O1622,P45,3,488.83
62beabd2-f96e-45f4-9340-313100c363a8,O1622,P12,1,196.5
8c09fa19-9ad3-4f9f-84e4-e0cb1a551487,O1623,P36,3,229.21
7927eaf8-94d3-4954-80aa-f83bb0d50572,O1623,P28,2,45.74
b14012bd-3068-4849-99f4-67fd896ca48b,O1623,P9,1,114.1
81e31fd5-1787-485b-b8b2-02693f2af513,O1624,P38,3,28.25
4309ba1d-0864-4ce3-b2aa-8201580a63b3,O1624,P46,3,297.7
c6da7965-0558-496a-979d-772b57b277a8,O1624,P48,1,51.12
8754732f-b1f6-4d2a-a7c3-594a3adbf18e,O1625,P1,2,386.89
5fc263d6-2406-42dd-a6ce-eac858070e78,O1625,P13,1,195.01
571117b8-c37d-4034-a240-5b5349f8dd91,O1625,P26,3,251.1
e73db189-b536-4b17-b2a5-3b8ed4820504,O1625,P16,1,150.17
b0dae91c-56c4-4436-b27f-1352a8c7c71d,O1626,P32,3,205.58
0c388e77-e939-4f53-9ad7-e42e99a43927,O1626,P48,1,51.12
b2cb2457-96cf-45f7-8d0c-bba0042955c6,O1626,P22,2,315.67
b918f8fe-98b1-4e6a-ab8a-173c9be140ed,O1627,P32,1,205.58
a4d2dfaf-ce01-46c0-910b-c6b3efb134e7,O1627,P11,1,422.06
7f235743-802a-45f1-92b4-ad8448aed9eb,O1627,P49,3,16.6
be75b474-f781-4db4-82a7-74877c27c6f9,O1628,P2,3,153.08
e08a025f-88ee-4d20-82b8-a74af3b5f783,O1629,P37,2,344.86
aba69f1f-a2c2-4ba1-835a-884754e074cd,O1629,P8,1,13.01
4091b612-eb87-4f3e-bcb8-e56d7b59e986,O1629,P36,3,229.21
b01638fb-707d-4d76-8c5f-96ac54416aa9,O1629,P23,2,218.14
2fc76c09-2464-4c63-a506-508728b2f588,O1630,P7,1,40.44
9a7f21e3-cc84-4aba-9420-b868b64c0105,O1630,P0,2,29.14
22cda2e4-a288-4841-a2ba-8e094dbc1661,O1631,P0,3,29.14
b77ecfc4-59b4-48f1-b9d4-d4ea1c10e751,O1631,P11,3,422.06
41e03f06-0626-4edc-b9a4-e1184af42a9c,O1632,P1,1,386.89
7fa85bfc-d173-457d-b7de-4758f6138938,O1632,P3,3,210.16
5d804dbe-2cf3-4a92-aea8-07e94e70e8c5,O1633,P36,3,229.21
468b1a0e-22a6-4c6c-b589-37372162df27,O1633,P6,2,288.13
63e89054-55a3-4f0a-bdae-7e528f7814c7,O1634,P37,2,344.86
427a0f22-0b08-4566-a855-7bb38669ae93,O1634,P47,3,397.61
5818b1c4-9b78-47a8-aaa7-8f191b23f4a2,O1635,P38,3,28.25
9773fcf9-df41-4a1a-adb2-f96baf991e74,O1636,P20,2,322.96
d59453fc-f1aa-471f-8467-ac2295dde772,O1637,P34,1,23.19
76ae6be9-87ae-465f-b990-23b7db90e992,O1638,P4,2,428.84
137f4003-8ca2-4af7-98d0-7b11e70b106b,O1639,P40,2,61.97
376807f9-f259-4f76-b7fc-6912fda8f71f,O1640,P16,1,150.17
2a265499-820f-4fa5-8d22-81eb200b0d80,O1641,P13,3,195.01
829e01ed-3063-4c66-88ce-0f408f04c776,O1641,P18,3,164.27
08ebb1ac-cf56-48fc-9032-de2b3b0ead26,O1641,P29,3,495.24
1568a529-5f80-4dcf-9d41-6b721ac7a1f4,O1641,P45,1,488.83
889d94f3-df30-4ea2-9ae5-460f71f01267,O1642,P11,2,422.06
f0b5e18c-2414-450f-95b3-cf1055a44a43,O1643,P15,1,17.14
381d5ff5-ae6c-485b-822a-8093bcc0a465,O1644,P28,1,45.74
a9711a7b-5538-466b-916b-1b2d5fa8c0fe,O1645,P31,3,92.64
68b456c5-30b6-43ec-9e46-2e8fd28efb64,O1645,P39,2,382.01
c77a36ac-6173-4f19-9da8-07c3f2f8b665,O1646,P17,1,165.71
388df073-0a4e-4f15-8705-4329d2c1966c,O1646,P16,1,150.17
5cd35bf2-517f-459f-9787-6747d3ecbb80,O1647,P30,1,469.52
9893f06a-317d-4d86-9824-72271131ec20,O1647,P25,1,204.24
73119548-c98f-44f7-b9c6-891e05340535,O1647,P21,3,243.54
8c734b4d-2041-4146-8bbc-adb15aebfc91,O1647,P33,3,410.57
398f44e5-f9ae-4a60-a211-367bb15b9b22,O1648,P14,3,30.25
104e6abb-842c-4773-8f27-f7cba38ca74b,O1648,P43,3,451.76
aa75c7fa-e8c7-4ef4-90e0-7cba46bd16a8,O1649,P44,2,165.78
d5ee0039-c898-4fb2-83a6-444f1fcb3969,O1649,P35,2,199.25
3b63957d-6e6c-4028-a7a5-cb5302aeae98,O1649,P45,2,488.83
e07ada1c-995c-4cd1-ad6e-ccacf35d1d6b,O1649,P23,1,218.14
ff8bbcee-351b-4a15-a116-7b201b5f8ec5,O1650,P31,3,92.64
efb58762-0a17-428f-9b98-0c25b0b06a6a,O1650,P16,1,150.17
893edad4-e6f3-4d80-8319-051957c3c63e,O1651,P10,3,192.31
880b6ed9-604c-4e1a-b2af-525e3fd61069,O1651,P47,3,397.61
6d398b29-b86a-450a-9c6d-8097d0879236,O1651,P32,3,205.58
6a234c58-a262-48ae-8bc8-94229d4e48d1,O1651,P25,3,204.24
0c11be2e-cfa6-48d7-979b-10e4747f09cc,O1652,P24,2,327.27
71e525a0-e8e8-4eea-a6fc-52557fab9800,O1652,P14,3,30.25
20019613-5e60-4ba3-995c-10b67b6dcdda,O1653,P37,1,344.86
d016d672-b250-4da1-b54d-40ccbae3c55b,O1653,P36,3,229.21
6ce1b4a8-eaef-47ea-83e2-db04eb3373d9,O1654,P2,3,153.08
459b80cd-f985-4cda-bcd8-afba908a4a33,O1654,P29,2,495.24
2626b81f-84e5-4fc2-b3fc-ad16c4e6a330,O1654,P43,1,451.76
0ba5009e-c3ba-4678-81fa-f9f0da12bd0d,O1654,P47,2,397.61
e9f5c354-865c-4af5-8884-cef0351b95d2,O1655,P45,3,488.83
15d20f9a-c185-424b-83b2-39a79fbc3892,O1655,P9,2,114.1
53519163-cb0d-44cb-be07-fd331b21d90d,O1656,P45,1,488.83
86e59981-f349-43c1-a724-a82af1e59ae0,O1657,P8,1,13.01
4cd364a8-d41f-4551-bcc9-36618979a1b9,O1657,P24,1,327.27
0ce76aae-f259-4d91-aed6-334f12d1568e,O1657,P26,3,251.1
8673e5ec-2ba9-46cf-9f32-8ee4c42c1824,O1657,P3,3,210.16
24e9057a-2923-458c-9524-e6595c6b8f65,O1658,P26,3,251.1
f9d378ac-73a6-45bc-935e-c2257d4f609e,O1658,P35,3,199.25
9ec3f4d4-4980-4f98-a121-9c2b84fb1a52,O1659,P45,3,488.83
2086b745-61f7-4048-9310-bea41ef1ff36,O1659,P4,1,428.84
8e404734-0944-4fa0-8e0b-96b7ffc184ca,O1659,P18,1,164.27
1866f86a-ee4c-4f76-b8b2-d2366122b802,O1660,P44,1,165.78
88b0bded-d35d-4720-811d-2ee2fd00c0a1,O1661,P19,1,318.26
047b5b27-69c8-47dc-9ad8-f2c8eb7908ea,O1661,P37,2,344.86
b6185301-1ca5-46f8-9009-b15fb6bbd5fd,O1661,P37,2,344.86
1009f629-a881-44d9-a0bb-cd09fa2f06f8,O1662,P27,2,329.1
884b4ca0-3ec9-4e82-9aaa-6e2f03d0308a,O1663,P45,3,488.83
374a7f69-978e-44fa-aa9c-2b871449821e,O1664,P29,2,495.24
fc9a17a1-759b-448c-8543-22dab09e6389,O1665,P17,3,165.71
cb119359-5776-4f4e-a800-7fb091cf5f72,O1665,P7,2,40.44
221b9bae-ca5b-45a9-b024-b85f1df5b177,O1665,P11,2,422.06
f764552b-c1b4-45ff-86df-7b6185c3dffa,O1666,P49,1,16.6
6c5ec6fd-9b41-4af6-88bc-68d81f075a27,O1666,P35,3,199.25
f5193be2-9ddb-49ed-b443-ca4f48f43789,O1667,P12,1,196.5
6d158863-768a-4f5a-aec7-ea656440f11e,O1667,P26,1,251.1
ef136b10-c5c6-4c46-a35f-eeebe0ecd148,O1667,P46,1,297.7
b0e3362c-b24e-420f-8430-f01f12f943f7,O1667,P20,2,322.96
a9dcbc9a-1a4e-4358-b736-34e2f6ec3425,O1668,P14,2,30.25
03d22430-37c8-4952-b666-242984688bbc,O1669,P7,1,40.44
41985d3f-99de-4fce-9b8e-75a3bf637de5,O1669,P31,3,92.64
4b985de1-a0b2-4c4c-8dd3-8101bd28f0cf,O1669,P33,1,410.57
e518f7b9-2fdf-4722-8485-be046483508e,O1669,P34,2,23.19
da092ce7-5fbe-47bf-91c1-17ed7e94051a,O1670,P32,1,205.58
2d65f6b9-8b04-4232-a0ef-5dfb09bb9df4,O1670,P32,1,205.58
5e8c018d-88c2-425e-a162-90176926c801,O1670,P13,2,195.01
7d87077a-0030-472f-af9b-2c34d855ff63,O1670,P38,3,28.25
dfbcc9cf-afb9-4e80-8ae7-651440a69afd,O1671,P21,3,243.54
62878ce7-41e2-494b-a43f-00883fb34022,O1671,P4,1,428.84
dabfef5f-f4c6-497d-ab53-0cd2f39c4866,O1671,P9,3,114.1
be5691c2-5c02-4aa1-99ac-7d48c23d0d2f,O1672,P6,1,288.13
0666b101-7488-4758-b4c7-03eeb98c3318,O1672,P33,1,410.57
78077eef-2968-412b-ab7a-772c692366e3,O1672,P11,2,422.06
ea405131-2ffe-481f-aa44-5cc897e5aacd,O1672,P46,3,297.7
8c872f25-17bb-4b4c-a2df-7e55458c73d1,O1673,P44,3,165.78
155fac35-5a9a-493c-9dec-7f3bd9dce455,O1673,P31,3,92.64
2a01379e-3074-4891-b94e-02e4a15888f9,O1674,P40,2,61.97
3433a598-a54c-4a85-838c-b15da81428c0,O1674,P9,2,114.1
f7c53370-faf4-4cf4-963a-bc56f0f45bb5,O1674,P26,1,251.1
47319f1d-f95f-49ea-91f5-88b97407166c,O1674,P30,2,469.52
af5a4640-f90c-4de3-9d86-05f370c82740,O1675,P8,2,13.01
970e14eb-77fc-4298-85de-5cb1c67a026f,O1676,P49,3,16.6
3573da3b-621f-47d7-9071-fe251ef6ca3a,O1676,P15,3,17.14
202c10fc-3e95-40d5-a265-235572319909,O1677,P41,3,227.6
074bf92c-1e28-4c80-a86c-0e91a5401f08,O1677,P34,3,23.19
16d8d0d4-6dda-40bd-a6ef-d8483ed5f615,O1678,P23,1,218.14
b4cf6a11-6716-4ac3-8651-9264bbdb7856,O1679,P38,3,28.25
e2edfdae-0d2d-406d-93e3-350628e9ebaf,O1679,P31,3,92.64
694f3d13-4313-4e43-9d2f-5c63e8724021,O1680,P11,2,422.06
dce34e3b-996f-43b7-bf36-1d432d470dfe,O1681,P19,2,318.26
ee6fe3e1-005d-4c14-96b0-dea926893ae8,O1682,P14,3,30.25
b0237e12-96ad-42b5-ac0c-dcdd18c90cb9,O1682,P5,1,428.82
55ae4c55-2fa0-4093-a3a2-b3d4498d3a49,O1683,P6,3,288.13
379e7a08-a193-4e33-826d-2ce97da8948f,O1683,P15,1,17.14
2244bca2-8afc-4cf5-9355-80de85065fb3,O1683,P23,3,218.14
1dc808a7-c6ba-4846-84ce-8dce0db863f6,O1683,P29,3,495.24
93d9b8d2-7c24-4f63-b7db-fa8f415a44b6,O1684,P7,1,40.44
899b2eee-d8dc-4f80-ac74-213f447256e4,O1685,P35,2,199.25
5f354428-7d95-42cd-a4fc-85b6b2c10ae1,O1685,P11,2,422.06
ad79dbae-bd19-456d-8e64-365340fa8c92,O1685,P23,3,218.14
e8a7bb58-e4c3-40ce-b038-47253de9e899,O1686,P21,1,243.54
73237712-b00c-4db0-ab20-a65636015d87,O1687,P14,2,30.25
33bace39-5578-40c4-af40-5d87ab5eeb46,O1687,P27,1,329.1
5f907b91-9853-48bd-82fe-79c69d8f3583,O1687,P42,1,364.27
e18aaa2b-b35a-4692-98f0-8814a0982791,O1688,P28,2,45.74
8602bebf-f733-48bb-b4f7-d5964e1dcb1e,O1688,P43,3,451.76
e6de75c8-8c7b-4875-b467-20128c1396fb,O1689,P5,3,428.82
9095c8b1-35e0-44eb-b094-6aa09a19f355,O1689,P30,2,469.52
b7f8cf94-9eac-468b-bf13-b24fff867ade,O1690,P8,3,13.01
a632ab70-4aef-4ee5-a80e-c6d1ad31aa6e,O1690,P3,3,210.16
b6a2467b-5391-4624-91b8-1838ec94a6ed,O1690,P32,1,205.58
b6525531-5c0c-4888-b7cf-10eaf3c7d02c,O1690,P35,3,199.25
1f293b75-1114-4844-a17f-64cdb8974e32,O1691,P47,3,397.61
7408028b-c466-407a-868a-988252405d55,O1691,P6,2,288.13
e44200a4-8089-427b-b36a-cb5a510ef129,O1691,P25,3,204.24
49cacfbc-9ad3-4641-8bad-991002cd49d4,O1691,P23,1,218.14
58f7f865-1f59-4524-bd80-8529edb47a1d,O1692,P40,3,61.97
b999877b-e9ca-41bd-bbdb-8d128a4c76b1,O1692,P8,2,13.01
dfc35e7c-80cc-4ad2-9d49-b58676db051f,O1692,P41,3,227.6
8b4f8bf0-df83-49b6-a14c-1598d3f5cef7,O1693,P25,3,204.24
ae26046f-43cf-4f6b-aea0-5693d9c48131,O1693,P18,1,164.27
3189e01d-b0ca-4708-b8a8-3637fb644e64,O1693,P32,3,205.58
fa95e6c1-7c09-4512-97ab-08785aa52a8e,O1694,P38,2,28.25
bb7e1b9d-faed-464a-9a67-be178b070a09,O1694,P45,3,488.83
e6b5fd0d-58be-4753-990d-4f67767bb495,O1695,P5,3,428.82
463e2b21-caad-4c11-bec4-9405c9170b06,O1695,P41,3,227.6
01c8ab98-0e79-475c-8487-f9066300a73e,O1695,P6,1,288.13
aa0ed0bd-9949-4a10-a58e-8c28f69e1deb,O1696,P19,3,318.26
a3fe41b4-f74c-478f-b788-55385cd6dcd2,O1697,P29,2,495.24
03781f12-fdfb-4e5c-8aa9-c7e6e31a71e0,O1697,P44,1,165.78
bdb224a0-1c70-4909-8a23-944251c6f9bf,O1698,P14,1,30.25
bd0e4592-fc55-436f-8cbd-1b8961059118,O1699,P26,2,251.1
0457db5b-8dce-4823-b347-4e8355cf3d3b,O1699,P48,3,51.12
3802ff59-0624-420c-b352-af7778784748,O1699,P39,2,382.01
09267313-0c5a-4934-a362-abfa71f0d696,O1699,P15,3,17.14
19c9eb9d-148a-445f-be2d-66b6ee5aff2d,O1700,P10,1,192.31
305f7462-8a1c-47a1-9ae4-44408c585c2b,O1700,P35,2,199.25
e4c89ae0-50d4-4c01-b408-5613dc124f05,O1700,P13,1,195.01
59013ade-c055-44f0-8831-8f2548630751,O1701,P23,2,218.14
ac3a8c9c-61cc-452b-91a3-21d2348dcce2,O1701,P30,2,469.52
d8c9dccf-8fad-4c97-b4a4-0a8982793fc5,O1702,P35,2,199.25
c589debd-e1ec-486a-b798-4fbb9e623df3,O1702,P3,2,210.16
837309b0-c12e-49ff-ab28-6a23513455d4,O1702,P9,3,114.1
a370bbc4-7fff-4043-a2a2-cb56129506c0,O1702,P24,3,327.27
f413a68c-59f0-44fe-9c1f-e3ba3ea8cf07,O1703,P46,2,297.7
fe601237-498c-430b-807d-7eeaa17f20e6,O1703,P40,3,61.97
af46d8d9-8c6e-4a83-a622-2748ab99bde2,O1703,P43,2,451.76
30e9e1c3-0e99-4cd0-973f-7136bde29369,O1704,P37,3,344.86
f8351ffa-5ea4-4e12-8e48-c71fdb355e73,O1705,P39,1,382.01
d853e48b-40bc-4e7f-ada1-7475f85e07b0,O1705,P23,1,218.14
19644fa3-03e7-4f8e-b68f-6a043b35ccc0,O1705,P26,2,251.1
836f3fd8-1d5e-4d25-95a7-7079e90cffd9,O1706,P2,3,153.08
e9546607-7a47-4161-bbd1-d7ea6ee81077,O1706,P23,3,218.14
38a8eb30-fd71-4f33-8e9a-bb51ee29b820,O1706,P30,3,469.52
a2f0f869-d553-4525-bf6f-72bb8f8eaf50,O1706,P30,1,469.52
21ed268b-b2f9-4478-94e1-e8eefceb1e68,O1707,P3,1,210.16
62211ac8-8fa6-40c0-8ef6-025ae2953018,O1707,P33,1,410.57
ebe04475-6352-4895-96e5-e5a72c0ed92d,O1707,P45,3,488.83
565d376c-ffca-45fb-962e-11a30ed58019,O1707,P15,1,17.14
2cb54860-88c2-4e93-813e-2f3c1bac21b3,O1708,P40,3,61.97
cae5d960-7876-4818-804b-0c59dd02762d,O1708,P0,3,29.14
a2021e2d-d165-4871-a839-aa40e3cddae6,O1708,P42,1,364.27
ec27b689-cf1f-4e52-a62c-b41c8e4a86a3,O1709,P38,1,28.25
5487dece-356e-4b83-9046-469f0a2c1417,O1709,P3,3,210.16
208e4580-dd06-4e13-b82d-2c9b5a8e7a51,O1709,P48,1,51.12
fbaeec3a-88d0-457f-adf3-4b774b357020,O1710,P47,2,397.61
8840900c-b816-483a-986f-c5c9f7f69ed9,O1710,P21,2,243.54
c957e982-5db8-46a0-9fa3-6a1463d3d623,O1710,P5,3,428.82
3994f5ff-bf9c-4d78-9359-4d36124ae003,O1711,P35,2,199.25
99e11464-fe89-4c75-8247-575a1dd2857c,O1711,P41,3,227.6
42950811-cc3a-4815-8926-ca33858398d4,O1712,P16,1,150.17
1f848e0f-a418-447a-a6fb-226d4a9f2655,O1712,P37,1,344.86
e9b549be-95ae-4823-9a3d-045afa3038cc,O1713,P4,3,428.84
5e64dbdc-4af1-462a-9eba-e5d99db15dcd,O1713,P12,3,196.5
f2189ba8-cc47-47c8-b989-8ffacf326707,O1713,P10,1,192.31
8edcfa3f-2da7-4501-a0da-2993183eeba8,O1714,P26,3,251.1
5716208d-cd35-4ed4-ae00-d45ea36bafd7,O1714,P22,3,315.67
30203755-ed04-4e86-bc84-986b61502a07,O1715,P0,3,29.14
223f5a94-657c-467c-9059-827a39add477,O1715,P23,2,218.14
5399b5ee-e741-4918-9279-f0e6e3289d64,O1716,P13,2,195.01
1cd0030e-6a08-4409-b914-f1200d7665aa,O1717,P15,2,17.14
0b01fa49-25c4-4463-a1bb-04c876d4b79e,O1717,P41,3,227.6
76c3b106-21cf-445c-b3d3-bdef952d4348,O1717,P39,3,382.01
065d489f-d0cd-4fcc-a0f7-896251f2bd1d,O1718,P16,2,150.17
bbc235da-ba5f-4cab-864d-966c04ef518d,O1719,P3,1,210.16
aa008aec-51e6-4480-b0fb-e5e0f129bc9e,O1719,P13,3,195.01
b707b2f1-a037-465c-88bf-063c3a6a7cb7,O1719,P45,1,488.83
7911fcf6-473f-43bd-baf2-693c2920f0e7,O1720,P26,2,251.1
1dae2d66-8a7c-421c-99f3-c10208ed220d,O1720,P37,1,344.86
6a1a0eaa-d80b-4c50-ab9b-07b69f957d86,O1721,P8,2,13.01
415baa68-e7c6-4666-a9ce-2c5d82ffa63c,O1722,P5,2,428.82
251fb0ab-35aa-4d3b-8907-e120456877cc,O1722,P9,1,114.1
400d4b88-68d3-4caa-9e75-31b207819900,O1722,P24,1,327.27
530e8264-b929-401f-a116-23810d426c21,O1722,P6,2,288.13
7c95ceda-c385-445f-8b98-1b38c0633cf0,O1723,P44,3,165.78
5f28df87-0446-4874-8493-7f3d6e4eb102,O1723,P48,3,51.12
07ff8fb9-e24d-4cfa-ad0f-a208099eafa4,O1723,P43,3,451.76
2f1b5108-05c8-40dd-b131-4188038b4dd1,O1723,P16,1,150.17
3031bf6c-31c3-451f-b56c-2331cda8def3,O1724,P49,1,16.6
81bb6358-86b6-4228-bf7a-2718ef121876,O1724,P9,3,114.1
361b05c2-9f54-40d8-85c7-14d336247481,O1725,P37,2,344.86
98b68e6d-d8f3-467e-b6be-c385a3b9bef4,O1725,P2,1,153.08
43ab5718-1393-4dd7-ab65-a5c4f45625fa,O1725,P6,3,288.13
3e78e440-4e12-4e1c-9fb1-57a55e5bd91d,O1726,P33,3,410.57
22912e4d-8827-4f24-9375-2a2ea77105b5,O1726,P13,2,195.01
a6a41887-6304-49fc-8c83-86eec7110c0c,O1726,P47,1,397.61
1538c98f-c2de-47a6-a5c1-86a9ad12f7c8,O1727,P3,2,210.16
0fb0ccfa-2fc9-439c-8527-106163f020f0,O1728,P42,1,364.27
0d88dfdc-d224-463a-be67-eeeb72b8241c,O1729,P31,2,92.64
a76ed5ab-1a26-49e7-b094-8c4607673535,O1729,P3,1,210.16
75d5e441-e882-4021-a742-ea327b56004d,O1729,P1,3,386.89
106cf879-711b-4c80-893d-920b5b81de6a,O1729,P13,1,195.01
c4e1ea61-245e-4fc4-8a6a-844e5b64e858,O1730,P21,3,243.54
8c90450c-2fdf-41bd-b399-10c86815fae2,O1731,P17,1,165.71
7b2534ff-4b90-4b16-bc0a-002f8aadafe2,O1732,P23,1,218.14
879082e2-170d-445a-b426-ad5053348d74,O1732,P39,1,382.01
581aaca0-f47f-4cbe-a38b-8cdd9b694809,O1732,P44,2,165.78
f76f1299-5862-4b82-aaaf-e69e7c1fe736,O1732,P33,1,410.57
58f066db-604e-4148-9a35-298f6440178c,O1733,P37,2,344.86
7c27a2d8-8e30-4a7e-bf5c-ce6a5f7ebb8f,O1733,P35,1,199.25
f0a529ff-48a8-4a7c-b990-b4055791958a,O1733,P33,3,410.57
8f60f80e-cd81-4c54-b239-8122eef8a980,O1734,P10,1,192.31
8d32f002-44bb-4b32-9a27-77da1e5d7dbc,O1735,P42,3,364.27
54e90d8a-433b-408b-80ab-8522193ada43,O1736,P5,3,428.82
66b4c73c-b7fd-4d8b-aa38-765023c84d44,O1737,P32,1,205.58
06fe7567-384d-4571-bfd9-ab06a0ae2601,O1737,P26,1,251.1
3413c6cd-2caa-4694-898d-4a6d7cdb1dac,O1737,P9,3,114.1
8c637436-093a-46b6-868f-064c94a27ffd,O1738,P25,1,204.24
45e59da3-9ff1-42ac-ab15-53089e37b36e,O1738,P5,2,428.82
4e8ca192-27a7-47aa-a7e9-0d42071b0c7f,O1738,P27,3,329.1
1e33e79f-6633-4782-88ee-097cfe35560b,O1738,P4,1,428.84
3b4c6faa-0855-490a-8fec-5c6f3765b061,O1739,P19,2,318.26
2a489dbd-c90c-458d-afb4-0ec3ba9a1498,O1739,P31,2,92.64
a50a48d5-1298-40a4-a8f6-cbcfc7040609,O1740,P13,1,195.01
6c3d3de5-4be0-4ea5-8246-1c320d0face5,O1740,P45,2,488.83
ae02cf17-a03e-4c75-93d1-c800442f9d4c,O1740,P21,1,243.54
f078ca18-c744-46db-9468-a94b9fd91b0e,O1740,P29,3,495.24
0d748e75-79df-4ad9-8f02-0671718f692c,O1741,P8,3,13.01
183ce38e-bd59-45ac-8ad2-5947953a3dfd,O1741,P20,1,322.96
6cc96836-002d-484f-b024-1ed73945aee5,O1741,P49,1,16.6
1d10166b-6ba8-4754-913c-e7fcdcb98cb4,O1742,P11,1,422.06
3e6c0c1f-2441-4542-be48-688bde71d113,O1742,P4,1,428.84
289418cb-2b20-44fc-9994-0e9fd9cf7a55,O1742,P40,2,61.97
a90915fa-635c-402d-9df0-a93eaab3cbc0,O1743,P11,3,422.06
22307764-84a1-4573-99f2-f7c471604b05,O1743,P26,3,251.1
29919922-6682-4aa5-ae72-d0e9ae063171,O1743,P47,2,397.61
88f1213a-50db-40a7-a2f8-696431e005ea,O1743,P17,1,165.71
d2731bd6-889e-4594-9acd-d72be71ac4ce,O1744,P24,1,327.27
3ac15fab-c080-4d9a-8c0c-922f08ee348d,O1744,P19,3,318.26
092f6ec3-7d3b-46f2-8a70-efa0890dbed5,O1744,P30,3,469.52
350cc0ae-5d50-472a-bf0d-e6331accd7b2,O1745,P44,2,165.78
144bbdf3-5f5e-4482-9842-2e5a6c7061fc,O1745,P21,2,243.54
1603f7bf-81e7-4f26-b01c-4dd794d2d4d1,O1746,P31,2,92.64
4cfff964-5180-4c62-a644-2ce38377bc07,O1746,P10,2,192.31
95d17af2-6db0-4110-8030-2f77e84521d1,O1747,P48,3,51.12
bb297300-7689-4aba-ab3d-8e75b2264086,O1747,P37,1,344.86
c5fa14fc-a2c3-4237-b687-a2121f24625a,O1747,P38,3,28.25
7d1d789c-296c-4372-ae06-d8956808446f,O1747,P46,2,297.7
dfbe4b39-4db6-4f86-8503-6f4fa55bf997,O1748,P25,3,204.24
83ef7122-f96c-42d3-9b38-f8e9df030568,O1748,P43,1,451.76
b9f63f51-3d92-4897-9824-bfb36beb3da7,O1749,P10,2,192.31
36d5b742-436f-446d-bbe4-01e636d4ffd3,O1749,P44,2,165.78
8e424135-6093-47bc-af74-c2dc33fd823d,O1749,P2,2,153.08
d2699680-177d-4a54-bb48-29ca78b2a3f7,O1750,P40,3,61.97
4240a033-2fa3-4802-9fa7-cf1778fb5c5a,O1751,P40,1,61.97
8e372985-399b-4bef-a294-69b94ca6b8b2,O1751,P24,1,327.27
512ae9fc-2156-4045-9549-ee1527907f65,O1751,P5,1,428.82
a698a1ae-b347-40f7-8d79-2313fda4d30e,O1752,P12,2,196.5
0b7789fe-7d00-45f4-a593-7fe2d5f3eab8,O1752,P35,1,199.25
3062c6ca-b458-4c82-b195-62c75c1a600b,O1753,P33,2,410.57
5d179236-2f99-495d-9a38-94e1dca438c7,O1753,P0,3,29.14
1cf2e23d-1d9c-477f-a8db-8bb71c054458,O1753,P12,2,196.5
278890e9-a855-4a3f-9edd-8bd7eed4ce88,O1753,P18,3,164.27
01d07c51-e8e1-4150-a859-2790f0f718f0,O1754,P18,3,164.27
c2c8c3ab-daba-4963-823e-9825ea162ada,O1754,P4,3,428.84
3a2b7c33-df3a-4e31-a0e7-9e806bf94bd9,O1755,P27,3,329.1
8e814399-5dcf-44d1-b0f6-234af84295f0,O1755,P45,3,488.83
4bf93713-fe0e-41aa-a003-e14b01dbab59,O1756,P44,2,165.78
0e6cddd4-1486-4e8c-8c34-487880124fe1,O1756,P18,2,164.27
e2628599-dbda-4ad0-b1e3-d65ca6505049,O1756,P26,3,251.1
e59990b1-de24-4020-85e9-4c8142a1bd7b,O1757,P27,2,329.1
67713589-9a50-4cd2-8df5-d8d4a1daa13b,O1757,P13,1,195.01
c11533f9-98df-4ad3-a119-e1c5ed716a7f,O1758,P31,2,92.64
801246e2-0674-4f82-b74c-36cccb258deb,O1758,P36,2,229.21
a0f60484-44c9-4730-ad93-67b2b52d2a49,O1758,P23,3,218.14
20a4d7be-16f5-42c8-a95b-ea5eb770dfb7,O1758,P12,1,196.5
e189e108-6cee-4dec-9a2f-a7cb87bf3bfb,O1759,P14,1,30.25
ca000b1c-7e9d-4bd5-895f-26e414c38ba4,O1759,P31,2,92.64
29f9496b-7294-417b-a424-7bbee70406b5,O1760,P10,3,192.31
5b21a9bc-7d7a-41d4-a70f-ce8fc442e066,O1760,P0,3,29.14
536100aa-1145-49eb-9167-cdcaf13021e6,O1760,P14,2,30.25
d09b3ff6-108a-4dff-849f-45cd0c5fce6a,O1761,P22,1,315.67
6e523b2c-083d-42ab-8459-4e7f5e002b01,O1761,P33,2,410.57
2e2e8420-a648-4afd-a939-0c5e3962ebc1,O1761,P12,1,196.5
a46c8108-3b8b-4005-b05b-06c3e920912d,O1762,P8,2,13.01
fcb8b1be-886a-459b-b699-6df0816840bd,O1763,P32,2,205.58
35c55657-d2ba-4f94-986b-79a9efd1b7b3,O1763,P29,1,495.24
94dfa734-a514-4f0c-967a-0c686d6209cc,O1763,P14,1,30.25
2103295d-cd56-4d67-bc61-9290aee47494,O1763,P38,2,28.25
f0f6b447-369f-478c-97c7-ec52db97c729,O1764,P7,2,40.44
a679f6df-6192-4a18-91c4-054abf627684,O1764,P47,1,397.61
5fe3878a-f763-4d27-9a5f-e278c5fb52fc,O1765,P9,1,114.1
cc30959f-ea1d-450c-b79c-8b67a8d1c621,O1766,P4,3,428.84
c3e7542e-269b-401c-9e7f-9c7c4fdbec10,O1766,P11,3,422.06
5a2a752f-1f0c-45b2-b22d-9e6c34677ace,O1766,P33,2,410.57
7e299613-f9aa-46b7-867f-9a44aadb5154,O1767,P12,2,196.5
34910f21-866c-4027-baa0-68267cce081c,O1768,P2,3,153.08
352f230d-7afe-495a-9d29-fe8dc84a056a,O1768,P42,3,364.27
ac09a6fb-ecbf-4967-a04c-85f7c3d599b0,O1769,P32,2,205.58
e8e93930-b32b-48f8-ac0e-adab7601c0a2,O1770,P39,2,382.01
dc633db8-bb05-4cf9-bfa5-8b93b169f798,O1770,P14,1,30.25
68dc2a6f-fd8e-4ed4-9930-dc9a4f905abd,O1770,P49,1,16.6
1bda03f2-4239-4c64-ad75-b0d87538158e,O1771,P30,3,469.52
0d7bf5e5-6a31-4108-8bda-7811cd17bc30,O1771,P26,1,251.1
8881b54d-6ec8-449d-a8bc-6b0b4d91fa64,O1771,P26,1,251.1
749ca330-cb7a-4ba7-9c05-ad7b6b4a1fa4,O1772,P23,2,218.14
5320e7df-1583-4515-88f6-0cf7ff58b25d,O1772,P16,3,150.17
8f4def6d-f156-4f6f-8e02-aa6769595a4b,O1772,P30,3,469.52
1e417255-3054-4022-b8e0-544d0a22dbd5,O1772,P25,1,204.24
d71382e6-714d-4788-b8b8-9eda73bec529,O1773,P13,1,195.01
5f50fd86-584b-4f50-b9b7-a48666fd76a6,O1773,P45,1,488.83
326b6ada-7403-408b-9cbb-6fa12e967b9e,O1773,P16,3,150.17
0dae8741-e9a5-4926-9fd2-99eb3967c22c,O1774,P43,2,451.76
96826a86-0d56-46c8-864c-bdad543f3db6,O1775,P41,2,227.6
b0256780-931c-4582-b4e4-f590c368392e,O1775,P16,2,150.17
6144de86-2415-4b61-b601-231f82d7405f,O1775,P29,3,495.24
d28048fe-0317-4b4d-b4bb-65f7b06fc74d,O1776,P22,2,315.67
291d5a3e-6d86-4365-af25-3f85a0a35b6e,O1776,P38,3,28.25
53a1818c-0d5c-4b7f-904e-6fe65ae80b11,O1777,P21,2,243.54
1c9e194f-7a06-45a1-9368-933bfdf20aae,O1778,P16,3,150.17
f04dc616-d5b5-435f-bef9-57b35d166346,O1779,P6,2,288.13
4df5e09c-8e3b-491a-bd7c-7aefe26d24ea,O1779,P43,2,451.76
d8b6b024-f720-45d5-b039-72347da0abbe,O1779,P32,2,205.58
30ad9a43-7286-4476-8a34-b20c00dc1465,O1780,P45,2,488.83
b248ad69-f2bd-41c6-8e5d-17a66191d650,O1780,P44,3,165.78
cb81b0cf-8880-4ceb-a81e-79ceb2a354a8,O1780,P31,1,92.64
1c2e0244-c3d1-4621-901b-e2ecff4adb04,O1781,P44,1,165.78
8e93ec61-909c-44bd-a898-778684cfc31b,O1782,P25,2,204.24
c8ad9ab1-eb50-4813-b3e3-9420e5e86e9e,O1782,P13,3,195.01
dcb70dd4-2521-4e70-93de-402c0f9f4f0b,O1782,P43,1,451.76
ab3b0def-ed39-48bd-b149-231aa6b861c7,O1783,P17,1,165.71
21c4ea4c-b2df-4938-9a01-19f7ddbe179f,O1784,P0,3,29.14
a1e393b2-271e-4081-9e68-ab87744fa69b,O1785,P44,2,165.78
7567db1f-6bd2-4b0e-988d-2d4d59f6ccfd,O1785,P46,2,297.7
348ca7a6-8b44-4f0b-8854-dbafdecc5876,O1785,P35,3,199.25
f86af9a4-1b75-46de-adc8-d24ca2f07dea,O1786,P23,3,218.14
8be9299b-6763-4633-a07e-049ed1b61cff,O1786,P1,1,386.89
d28d0dae-3675-4c19-bdb3-b3f7fad3839e,O1786,P12,2,196.5
87b083dc-6f78-4842-b726-72db1ff4d1c0,O1786,P15,3,17.14
ad7ea5fb-141c-472c-818e-62ad02613313,O1787,P2,1,153.08
d689cfcf-fe31-4518-a368-89235e8a78dd,O1787,P0,2,29.14
49faa1f1-91db-4903-adb4-9d31cc948abc,O1787,P49,2,16.6
59d2506a-a1ac-4058-bf44-ba248bece6c8,O1788,P46,2,297.7
5937e31c-eea3-4c69-9598-4a0229d0a225,O1788,P7,1,40.44
5b06e1fc-e8ef-4988-a3a1-6e9f95863322,O1788,P17,2,165.71
85087943-570b-48c4-a39c-f65738b87b0c,O1789,P3,1,210.16
a9d2bca5-dae7-4ea8-9914-eea89adc0545,O1789,P0,2,29.14
f63b4bbb-9017-4a2d-b5ac-f2ff43fea318,O1789,P36,1,229.21
51261fd9-2a4d-40d1-977c-fd79ec4d907b,O1789,P31,3,92.64
f0e6b8e2-59dc-45c2-b58a-482555dbcedb,O1790,P41,3,227.6
61dd8144-8587-4e82-851b-772a1fab07b0,O1791,P1,2,386.89
3ed13b10-6531-4bfe-ac34-11ebff2afb03,O1791,P34,1,23.19
13350ee4-4130-4abc-b941-214518913653,O1791,P11,2,422.06
28600db9-3ea9-4aed-9dfb-3b753abb90b4,O1792,P3,1,210.16
84df2b04-37ac-4072-96b8-afd21971a6eb,O1793,P41,1,227.6
748b3e05-7b00-4101-b2d8-5d80c5e10124,O1793,P47,2,397.61
18e3193f-7c3c-4d9f-80d0-a9464567ae80,O1793,P22,2,315.67
78382857-522f-489a-b1f6-12ef5412605c,O1794,P18,3,164.27
c263d1eb-d815-4af8-80ca-d365be98bb1a,O1795,P2,2,153.08
a373114d-828a-4eb2-8a3c-0bc0ea65ebc2,O1795,P19,3,318.26
299236b1-c639-4ae7-a8b7-31d035443960,O1796,P22,1,315.67
3780ab3f-a320-4fa6-956a-def9e084c020,O1796,P33,1,410.57
59f14baf-074a-4b16-ac7a-57bed6a2bd44,O1796,P24,2,327.27
e3d18fee-da5d-42a1-adfb-3c0f0706c451,O1796,P6,2,288.13
f13ba73b-89db-4a32-8410-df1a7bc59d5e,O1797,P2,1,153.08
131f04b6-ea43-40b4-8032-4c4263cc8a51,O1797,P24,1,327.27
fa73c053-28a3-4728-a0e9-9f034b42ff54,O1798,P45,3,488.83
106534be-db38-41be-b103-1ad1f2b02191,O1798,P2,1,153.08
e559ba65-0b0b-4ca5-b65e-8d5b52f34513,O1799,P21,3,243.54
b7b64a0f-9873-4727-be3e-d0eb5a2f1210,O1800,P16,1,150.17
686ac932-5f51-46b3-b332-3122b737921c,O1801,P11,2,422.06
3d4eca74-25fe-4c9a-af68-57ae871c0f16,O1802,P13,2,195.01
09160470-6940-4c6a-809f-d91c3d034911,O1802,P47,1,397.61
3278ad69-cbff-49ff-beb1-8f11691da0a9,O1802,P6,1,288.13
555c1729-7a26-4954-b4dd-fed20d0b27e1,O1802,P35,2,199.25
ea83da31-0344-45a4-9255-9b5cae86d608,O1803,P47,2,397.61
d72d265d-b7fc-4217-b56b-3db4bd5b019d,O1803,P26,2,251.1
c970ebfb-0be7-4400-9457-662131b7dbe3,O1803,P22,2,315.67
96852fda-efa0-4a5e-bc6b-faa0eee71d1e,O1803,P33,3,410.57
fe8895a3-e2ce-4bb1-a814-709919865422,O1804,P8,1,13.01
8d7d1a88-2c5c-43c3-bdd6-a985edf5856d,O1804,P5,1,428.82
47e61ecc-ab9c-4c97-ba7e-654bc625038b,O1804,P12,1,196.5
8ddbd98e-4553-4cb1-a9f5-d2fac98bc68a,O1804,P1,1,386.89
a5231eb0-a9be-41b4-a9df-ef75e33e80bd,O1805,P48,2,51.12
305fa6a9-2995-4720-a6c9-d59c340f199a,O1805,P37,1,344.86
1b9df346-ec4f-4e42-83c2-525ca71b60b8,O1805,P40,1,61.97
ae4e4434-89f9-4c99-b09a-98415e147647,O1805,P10,2,192.31
31828303-d334-432e-be67-d6c3616978de,O1806,P9,1,114.1
96af3795-1360-435b-9af7-c46125bd26e5,O1806,P16,2,150.17
4c4b977c-0d51-4b42-a159-74a4c1facbc2,O1806,P38,1,28.25
97797b63-445d-40a5-8271-cac2e3f0174e,O1806,P46,3,297.7
63e9f8ac-8e2d-412d-ae0b-83d32c5d1f1e,O1807,P18,1,164.27
a01eeb58-f2c4-4e45-911b-5704e7d0bca7,O1807,P22,1,315.67
77519625-1612-49c0-96c8-2d40fd1ca70a,O1807,P3,3,210.16
0d2d3ebd-6ea9-4eea-a64b-f24b91949968,O1807,P44,2,165.78
ea2f01c0-cc85-4755-a952-d8165a296206,O1808,P12,1,196.5
87079e87-647c-4d44-8556-db88b406c737,O1809,P30,1,469.52
08fb4f5c-1b26-4894-a82b-14743383a9bc,O1809,P21,3,243.54
bd16c4d2-6381-4af9-9468-ff4904013efd,O1809,P41,3,227.6
c957b2ad-00d4-428f-bab9-875527bd176a,O1809,P2,3,153.08
d55e34d3-9e2b-49d1-a6cb-73043dde0b6e,O1810,P4,2,428.84
5c56143e-2af8-43e6-a8b7-d612b8f46bde,O1810,P0,1,29.14
f4d308b0-cd0d-4903-8f81-6a657a86ae41,O1810,P40,1,61.97
335c9259-3720-4c34-91ec-15f737aaf98d,O1811,P40,3,61.97
64ebd64f-db0b-4b1c-8181-edb489ee5328,O1811,P27,2,329.1
15bb382d-d4f2-4749-bf46-469e678b9f97,O1811,P22,1,315.67
ff2f8a6b-6203-4884-abe1-06746cce7629,O1811,P34,3,23.19
1211e2e5-38f0-47b4-a7cd-69cbb321d5a2,O1812,P6,2,288.13
ee99d4b5-1dd6-4e8a-bdf6-b603c73bc2a1,O1813,P28,3,45.74
f0c8cf53-5dfa-4d93-abec-ff0eab76970d,O1813,P42,1,364.27
7a7b7a6d-7b9f-4c9e-b60f-dcf871efc18f,O1814,P31,3,92.64
dc113c58-78d9-4448-86d1-86a9f5e7c28b,O1814,P4,2,428.84
2ddefb5d-f5d9-4d0a-a93d-f586478009fc,O1814,P11,1,422.06
3ff7310e-371a-438c-a764-54da99753e49,O1814,P28,3,45.74
d3832fd3-b1ee-423a-b7b8-21a57d49464a,O1815,P37,3,344.86
ff4c90ff-bf03-4a13-b21c-25b09a6a7a1c,O1815,P16,1,150.17
fbdd0a63-5e9b-4507-9212-d709dcce93c2,O1816,P45,2,488.83
3dcbe0ad-4f43-4dc5-94c3-fa55a0cd6607,O1817,P12,3,196.5
94effbb8-803e-4a95-8fcd-f941ce2e0618,O1818,P33,1,410.57
40473d27-ee8d-446b-8d38-143e61ba46c4,O1818,P6,1,288.13
2c7049e0-6999-40b0-bf34-b814fb364d69,O1818,P33,1,410.57
46e07ba3-a59a-470f-a436-853f0270e4d7,O1818,P14,1,30.25
cdcbb7e8-37c4-4495-b364-a7acde01e4fc,O1819,P34,3,23.19
ef9d9d21-8431-413c-8006-ea55ea0a21de,O1819,P40,1,61.97
71e42478-24af-4222-867f-c730691e6c2c,O1820,P10,3,192.31
f2ae6f50-9145-4ceb-a335-7939c1146c9b,O1820,P15,2,17.14
63fe4781-8aa2-4128-8141-9aff46b404f4,O1821,P14,2,30.25
95e4cbf9-365a-489d-970a-800688d29a4e,O1821,P15,1,17.14
ce643790-136e-486b-9b95-693b4c210634,O1822,P30,2,469.52
90cb5ddd-7161-45d7-9fa2-665434f95103,O1822,P26,2,251.1
97d340a2-2fad-4000-957c-489709973933,O1823,P42,2,364.27
914984b8-dfc6-4acd-8049-b935d95fd0ff,O1823,P5,3,428.82
ce322a44-1aa2-4745-9271-920bf0ea1353,O1823,P34,2,23.19
5aad56d6-8e1a-49de-81fe-b92e6ab74993,O1823,P5,1,428.82
18acc0fe-7981-430d-8bfa-bf68053866e1,O1824,P29,1,495.24
956c114d-e6a5-4421-b960-0d62595d514b,O1824,P3,3,210.16
fee2cf1f-77eb-440b-b18d-f0755a79fc0b,O1824,P25,3,204.24
0c98fa6d-5c86-4f1e-a601-05b3a7e6c8b5,O1824,P3,1,210.16
54390223-797b-4d37-8e0c-f1e888c76b58,O1825,P5,3,428.82
709588a5-9591-45c0-b916-33d7b96561d6,O1825,P25,3,204.24
1e55eff6-11fc-4607-9d07-4f607455783d,O1825,P37,2,344.86
b7174611-db1d-4f31-b59f-56eb0bd07371,O1826,P10,3,192.31
6810578c-a124-49fb-9f63-46ddf601bc35,O1827,P33,1,410.57
2987f97a-33d9-4290-b1e4-64b3aac722e4,O1827,P48,1,51.12
1060773d-b409-42e6-b561-01221ed2bd63,O1827,P7,2,40.44
76dc9fa5-773a-474d-99c5-dc27c1ce66be,O1827,P32,3,205.58
7be5e00a-ccca-4df5-b635-01a559e716d6,O1828,P12,3,196.5
cd8d2169-58fb-4973-809e-c963e910dee4,O1829,P2,3,153.08
4d69c533-9bb5-4132-a8c6-12db1c4a194a,O1829,P19,3,318.26
ac4d883c-288f-4b9e-9b5f-5c7ef0e6ca4a,O1829,P32,2,205.58
498cbf56-f2f5-4fde-b02f-487e5897fe64,O1830,P25,1,204.24
929f327c-38a0-461b-ac54-2a32e4ba63da,O1830,P10,3,192.31
1b387e0d-cae9-4cfa-b5b6-04c769f407b1,O1831,P24,2,327.27
d8cde3c4-e1cc-44df-9405-b6a1580ea4b4,O1832,P4,3,428.84
b0ec609e-1e6e-450c-a3d1-c78dae81cf65,O1832,P18,3,164.27
fcd46998-00bd-4ff4-ace0-77b824687d54,O1833,P27,2,329.1
a4187df3-de43-4f71-8d4a-dcf4250f5e05,O1833,P3,3,210.16
9d5256d7-0dab-4b8b-9f01-94806f140998,O1834,P40,1,61.97
f4b23736-ddad-428b-87a6-f6443e0e773e,O1835,P21,2,243.54
96cfb01d-152d-421b-8b26-f44b51977953,O1835,P25,1,204.24
7811e525-a4ba-401f-8088-c2c092a354b6,O1835,P21,1,243.54
7a659ee9-10d2-418a-a0a7-e042d272cdbc,O1836,P47,3,397.61
d967de0d-fed9-4bf7-b609-2fc4ee589875,O1837,P5,1,428.82
0e97e321-d159-4f60-94f3-9d6c0fb4cf1b,O1837,P32,3,205.58
522ffa87-5597-4def-881a-8d1cc62da480,O1837,P15,2,17.14
4b99a9b3-69f8-467c-8c16-0bd743281987,O1838,P23,1,218.14
82f73cdd-5c1e-45cf-881d-f4cb7c6aea13,O1838,P41,2,227.6
9f6cd61a-5b49-4448-9fdb-c6c3223e913a,O1838,P10,3,192.31
4ca64660-9a2e-4742-9ee5-28e9855801cd,O1839,P3,3,210.16
6d69affd-abd3-4184-bf50-bd6f737c8089,O1839,P14,1,30.25
6acacb5f-f840-402e-a932-48ad68042316,O1840,P10,2,192.31
a2a2d405-46e3-4969-bcd5-b946aa40791d,O1840,P24,1,327.27
ba4e6241-b8c4-4ffb-9722-85df126048ca,O1841,P41,2,227.6
abdb22d7-09c8-47d3-986c-fcf1a9896ac9,O1841,P48,3,51.12
902b7ff0-b83a-4263-98e7-3438e2538f4b,O1841,P33,3,410.57
aa6ebbb9-6bb5-4613-a728-038992e618f2,O1842,P25,3,204.24
68810eb5-4edd-478a-990b-26138ed064cb,O1842,P6,3,288.13
96627b71-c105-4644-b73b-2752faaec7aa,O1842,P44,2,165.78
ffb42771-d49c-4931-9615-22a2f0e3fede,O1842,P27,1,329.1
71623857-1bbd-4141-aaf7-973bad76d828,O1843,P43,3,451.76
95423a72-a362-476a-8a65-145d9a344a81,O1843,P28,2,45.74
aa7431a8-e9ca-4fed-9202-5d65d8c0813b,O1843,P47,2,397.61
76fc24bb-ecf7-4ee8-9c07-2cd8b66f4ad3,O1843,P12,3,196.5
c00fda8b-b3b3-4079-a827-980d1827e276,O1844,P33,2,410.57
064d8bd9-e8ec-4476-b504-5da0f0f294dd,O1844,P27,2,329.1
bfaf6fa2-8d0e-433f-b8ca-7d1e7419913c,O1845,P27,2,329.1
0e63c1ff-9351-43a2-b599-09d0970c8bdb,O1845,P41,3,227.6
b475a338-0f14-4acd-b6a4-a00c552b92f9,O1845,P5,1,428.82
f0048b61-ddf5-4fbb-983d-0b598bd515d5,O1846,P10,3,192.31
b7ea1866-c7ef-4fd9-9487-80b145eb9e93,O1846,P2,1,153.08
4282dd6d-2477-482b-9e59-daea480d4e46,O1846,P39,3,382.01
ef704c09-935c-4c5d-b57b-b0f27969b2d3,O1847,P36,2,229.21
9ff25b7c-931d-4868-a7e6-ab4449fd1f45,O1847,P28,3,45.74
6e39bc9c-bab7-43cc-83c0-40c32b0dc111,O1847,P2,2,153.08
d8007325-c36c-4488-840f-a5f295dbbf05,O1847,P16,2,150.17
e0ef3dcb-7882-4216-95a2-da9d50b51be8,O1848,P37,3,344.86
918e8c8e-0dfa-4388-b3b6-a4031731e9ab,O1848,P10,1,192.31
09423d0c-a9fe-4f52-8621-c5430ff815f1,O1848,P30,1,469.52
0b483646-e6bc-41bd-9b85-efce9da78616,O1849,P13,2,195.01
114be2af-cfb8-45c7-bee5-bdabf82bdcf4,O1849,P1,1,386.89
bcd6e7f3-c43e-4183-9edd-9181e8ee3143,O1850,P49,3,16.6
6bdc2143-03e6-4f9c-92e8-d914a8a1550a,O1851,P35,2,199.25
2146dd84-d02e-4c78-a678-761c20c36a19,O1851,P36,3,229.21
ea1c5393-e6ea-445a-a9cc-bee960e416db,O1851,P10,3,192.31
0034bac3-53a0-472a-91b7-b681e3f47123,O1852,P7,1,40.44
b2ff4e61-c541-44dd-b4f1-3b3036559355,O1852,P5,1,428.82
e89aa043-524a-42ad-b609-e647604bc88d,O1852,P47,2,397.61
d0381e48-ded5-49d2-a086-9bd2904e5c95,O1852,P13,1,195.01
08d8013e-581f-4d88-8d06-420a357c2bfb,O1853,P2,1,153.08
266cb3fe-53b7-42f7-9b43-26ba51064667,O1853,P22,3,315.67
a3eb9458-b6eb-44dd-adb3-50050de915ad,O1854,P8,2,13.01
6755e637-18e7-4786-b86b-de64467746b6,O1854,P37,1,344.86
3a92374e-b9e9-43dd-9f20-601299e672c0,O1854,P26,2,251.1
5fd2b7be-e187-46b1-abd2-705d09d00b52,O1855,P6,2,288.13
a750cd04-988f-4bd9-9809-9894b1898349,O1855,P11,1,422.06
d0216f66-c8ad-40b9-a9f1-61dd0fe38932,O1856,P16,3,150.17
f8cb126c-ad3e-4082-900b-96a61e4dc4e6,O1856,P32,3,205.58
27b08dba-f494-40ab-9a4b-e594b1efcb88,O1857,P32,2,205.58
b0c85c50-afeb-41a3-b663-290db1af0f19,O1857,P49,3,16.6
aa80bb08-2b7c-48cf-b02d-9a981868c3a4,O1857,P34,1,23.19
709be8fc-1fb5-4793-843f-171b961b0a10,O1858,P25,2,204.24
e195f3a3-aaa3-4d95-bf3d-7b57c04765e5,O1858,P18,2,164.27
a72dbf1c-2073-4dee-a09c-1fec8f5e84d9,O1859,P9,3,114.1
0429ace1-fd33-47f6-978e-d893ee387a4a,O1859,P15,2,17.14
78abb83c-9fbc-4b77-810f-942a066d91c8,O1859,P49,2,16.6
62f6da0a-4a0a-49f3-bdf3-cae8abd6ee5e,O1860,P21,2,243.54
813bcf38-4473-4166-a41a-f305bc32d2c0,O1860,P45,1,488.83
54da049a-918c-4edd-a999-9aa37b995f3d,O1860,P48,3,51.12
f1b594c8-dd2b-40f4-95b0-2769e77c17f1,O1861,P38,1,28.25
b3e4f6c3-3ba8-4a4a-bfa9-9ba0b37f49d6,O1862,P4,3,428.84
e2156c87-a1a7-49be-906e-1f14c78c8ef2,O1862,P27,2,329.1
8ea19846-ebfe-450d-8a8d-093436cfa016,O1863,P17,2,165.71
ca5d2ae6-4c1a-4b26-a1ee-8638506cb7af,O1863,P19,1,318.26
3ca3b9f3-fd62-4ede-b73d-3b87c8222b8a,O1863,P37,3,344.86
d9773813-1076-4309-aa0f-ec94f2cab873,O1863,P9,2,114.1
43a23895-0fc2-4e2c-b294-2cfb03381fa7,O1864,P33,2,410.57
7666e814-d1bb-494a-a30b-cb4f5788ff1c,O1864,P34,2,23.19
451ab170-38b9-4e9f-a798-216cd562963f,O1864,P36,2,229.21
3d89fdda-8288-4fa2-a8c0-d01df2a380ce,O1864,P27,3,329.1
148c6f50-e94e-41e2-bb51-4f651d877bf0,O1865,P14,2,30.25
e737bd5a-2d60-4c46-915a-8721bd304adf,O1865,P46,1,297.7
04ec1829-2093-40fe-a77f-917a294c7ae4,O1866,P9,2,114.1
7999213c-d07b-4a44-84b1-afe3bee1d22e,O1866,P42,1,364.27
fc8f4fd5-7950-4342-91b3-082b6554bdce,O1867,P29,2,495.24
2930f8fb-7fef-4541-9c5b-88564b52431f,O1867,P30,3,469.52
e7fa1807-b557-44cb-9c02-7e4d856043be,O1867,P34,1,23.19
ce33c58d-2861-4d9a-8295-a2de5fc872cd,O1868,P2,1,153.08
34fd97df-c994-4f4a-8687-950d48e23f2c,O1869,P24,3,327.27
fa484ece-7d05-49b2-b53b-a1be6b266644,O1869,P12,1,196.5
48fce62b-4d54-466d-bf30-a10851635b55,O1869,P20,3,322.96
cb79e6a2-5cd0-435d-b9d3-99b56e7bf201,O1869,P13,2,195.01
a8de8820-c8c5-4a71-a223-1be102c910ab,O1870,P11,3,422.06
6d5d709e-7f10-415e-8af0-98678e9ea47c,O1871,P2,3,153.08
814821aa-f821-48d4-81f6-7ae5f7f3eae4,O1871,P48,1,51.12
e4c5c305-8381-4afe-ab9d-27cfbdec6710,O1871,P0,2,29.14
f650f926-a77f-4137-b0b2-b1e3a000a45b,O1871,P33,3,410.57
b17b885e-1855-412a-944b-c0d642f8e73e,O1872,P10,3,192.31
7ae5d4a2-242d-4898-a14c-6873916161b1,O1873,P48,1,51.12
d760c14b-bb0c-4eb5-99fd-0973ec84de44,O1874,P32,2,205.58
87df637c-4324-4e92-9204-9c454ab724e9,O1874,P49,1,16.6
641b7beb-8d51-45f3-a980-4cef0a0335f0,O1874,P7,3,40.44
69ecf6b6-6f3b-4f61-a94c-55ebd9403492,O1875,P23,3,218.14
773ebc2c-c86f-475c-b6c1-c13fdfa553ea,O1875,P20,3,322.96
baad0313-492d-4617-868f-7e11dd6c85cb,O1875,P34,3,23.19
3eced6b6-de1a-4e89-afe9-04a22f9a912a,O1876,P13,2,195.01
6be10e6d-1694-475d-ba41-b9293572b6e4,O1877,P21,1,243.54
bb4b6e35-333a-4d5b-9a53-e8bb6c375253,O1878,P43,3,451.76
9b27ada5-dd7b-4e1b-86d0-186cffeeda5c,O1878,P15,1,17.14
455bcce5-01d5-4a4b-8991-33ac9970b4cf,O1878,P34,2,23.19
5562f4f2-a78f-43b0-9611-cacf144fc9c1,O1879,P14,2,30.25
13c87153-15cd-4460-8d65-6fa0585c425b,O1879,P25,3,204.24
d89f279c-25dd-4331-a1fa-13ad8d58fc9b,O1879,P14,2,30.25
483c7b60-62fa-4c9a-a150-4bd6476162ff,O1879,P47,3,397.61
691ca3bd-56f1-4bcd-af97-372baf56d2ca,O1880,P0,1,29.14
83980441-391d-4590-a55d-d5143b7ce949,O1880,P41,3,227.6
36cd4d96-2c24-4070-a5b7-fcd098f34511,O1880,P32,2,205.58
964b48e1-219d-45b1-8eef-7140f9b38f53,O1881,P41,1,227.6
d47ad454-233a-4890-89e2-7d72065da053,O1881,P10,2,192.31
ee4b117b-86a4-4ca2-9b5a-cc59282fb320,O1882,P41,2,227.6
72e88bc2-b925-4f34-be57-b67f26bf8307,O1882,P42,1,364.27
6f80905c-9856-42f7-82d6-e5cbfaffdc11,O1883,P8,2,13.01
1a07698f-2d08-4869-b4e7-0c35892fb691,O1884,P8,1,13.01
2eb5b6dc-3ad6-4e3d-8b74-5525b5102c47,O1884,P6,1,288.13
7e8499e4-ad54-462a-a4a6-5b160d9127cc,O1884,P20,3,322.96
039878df-67f0-4a14-ba22-6327073c6365,O1884,P46,3,297.7
2de47312-cb23-4f5a-97c8-bf4b0d53b9c6,O1885,P16,3,150.17
f7ab59af-6447-4149-a1ab-ccb69ea2084f,O1886,P14,1,30.25
84b73635-abe1-460f-a5f3-cb3559ae7d7e,O1886,P45,1,488.83
93e26353-930a-43c8-9d26-b10d3d670f0c,O1886,P9,3,114.1
e3cf5b66-0391-40a2-a51e-650283387b2c,O1886,P19,1,318.26
40e6a73f-7de8-4f8b-a9b9-ec1e8988e228,O1887,P5,1,428.82
371be2a5-3213-4808-8006-39d1fd6c4118,O1887,P43,3,451.76
5e5d0986-5e9d-4b00-87a1-d48ca0ba2eb2,O1887,P4,2,428.84
c41c9bdd-4040-49f8-aa1f-9e7c7d556601,O1887,P4,2,428.84
df626db9-f288-4b0b-b39c-7da28461ad2e,O1888,P29,3,495.24
77224e84-2c4c-46a2-a8ee-492008bdb24b,O1888,P48,2,51.12
387ec747-2753-4a1f-870b-9a064150e5b5,O1889,P21,2,243.54
6241e5bd-1e13-43f9-aea9-45cf803e47be,O1889,P42,1,364.27
8f82ba55-90c6-4be7-b9e2-b7b26e477af6,O1889,P32,3,205.58
effad7ce-6b21-4d96-94f4-e5d459b6510e,O1889,P30,3,469.52
099bbcc2-58b6-4609-9247-47751f4da129,O1890,P4,3,428.84
55ed2b43-3dad-4d1c-bd1f-d5353ec6505a,O1890,P3,1,210.16
5fd7fdd3-885e-4057-8ce9-dc0798850c31,O1890,P43,3,451.76
5c412128-a8b5-45a9-9208-98af24fe73af,O1890,P2,3,153.08
14b93e5a-9d69-4ece-b403-6e00a5896c72,O1891,P20,2,322.96
ad82a00d-541f-4d0c-95cf-361ec52e10af,O1891,P30,2,469.52
5181ed85-060d-4e4d-9146-5018603de4f8,O1891,P43,1,451.76
e3978253-18d2-4de5-9dce-4bc358a8d8b8,O1891,P44,1,165.78
ff54ec95-9aaf-4d54-a6a3-26c8430a4ffe,O1892,P38,1,28.25
60aa2c10-82f9-4905-ac6a-ef9f0b75dc9f,O1892,P21,3,243.54
541ea382-c905-4cab-8c6c-a405ceaf1786,O1892,P31,1,92.64
0b5674ad-3401-406b-9a1e-92fd9058f237,O1892,P12,1,196.5
87f83f59-ac61-4890-9dc4-0ba9b74b7307,O1893,P19,2,318.26
b9468fef-bbbd-47a7-ab8d-aca5fdeb631e,O1894,P3,1,210.16
820febb4-7ced-41e4-8f74-c5f74e065137,O1894,P9,2,114.1
9a3bad45-fede-4873-9e96-087bc339894a,O1895,P21,1,243.54
0e800040-c6fd-46e4-a8df-54b4c69f2ddb,O1895,P19,2,318.26
f0bbe294-7e92-4438-aae5-1b412e39b1f4,O1896,P34,1,23.19
10303bf4-03e8-4d1d-9477-8bd25609c299,O1897,P42,3,364.27
2495c4b9-076b-4432-9ba4-9bb5871e2d60,O1897,P35,2,199.25
241de62d-729e-4250-a024-709010f38dca,O1897,P6,1,288.13
26e7a8c5-3c35-4ee2-a3bc-8f61371c1276,O1898,P35,1,199.25
73308141-b210-4e21-9e9c-b9728cd18ba2,O1898,P22,3,315.67
0ab926cd-bf7a-42d0-9dea-4b225d1b4cb3,O1899,P35,3,199.25
7ea1d690-7d6b-4b9b-badc-f75659acc41b,O1899,P32,2,205.58
c812879d-8331-4ba5-b9aa-adec49e2bb64,O1899,P26,2,251.1
84d2c8b7-6509-4c17-8be0-92344038d675,O1900,P19,1,318.26
cb36dfa9-f49d-4ad9-b732-94f7807bab1e,O1901,P38,1,28.25
12dddf05-e7c1-4feb-87d7-a3d67c01ac51,O1901,P13,3,195.01
052da332-b2dc-4cc1-a2b9-4b5348bbe110,O1901,P9,2,114.1
5f420bea-c9e7-4afe-9c67-ae1eda7cab11,O1902,P4,1,428.84
36d630e7-1bd0-470b-97b8-edc69f9bc644,O1903,P48,3,51.12
fc4e92ec-52a8-4b85-915f-307097399152,O1904,P45,1,488.83
20ed710c-41c8-4a35-b099-cefb27c5e344,O1904,P35,1,199.25
5939ab9f-fe9f-47a3-a594-b7f97d265759,O1904,P39,3,382.01
08216aef-4b2b-4be4-9784-0ff43065849c,O1905,P2,1,153.08
6de7c292-4d8b-430b-abed-15969a5c2d1f,O1905,P36,1,229.21
ca1f90b0-b632-43a3-b3c1-ea5458f353b9,O1906,P11,1,422.06
d3792f6b-1d7a-45d2-9479-acd65dd50a9c,O1907,P40,2,61.97
b2624400-8130-4879-803f-dec4face9949,O1907,P32,2,205.58
01c97d0c-e2c8-4b52-baae-98fb991c7c48,O1907,P20,3,322.96
f564018e-b858-4302-bde2-19ae5949f622,O1907,P36,2,229.21
c2f39042-a03c-4897-9249-4a7287e6f9d2,O1908,P18,3,164.27
dfdb5a3a-013d-4f11-b258-6d03506d021c,O1908,P2,1,153.08
73108325-199d-42cf-a5c7-8d2c513df864,O1909,P39,1,382.01
ff3dfb4f-e7a2-418d-aa3f-4a14b866e3dc,O1909,P11,2,422.06
7f360983-5082-455a-8ec0-0ba42405eefa,O1910,P40,3,61.97
2ed4bfeb-39f4-4298-9d9b-461baf089f2d,O1910,P28,3,45.74
1d7a90ab-59d7-421f-9269-92c803efa87c,O1910,P13,3,195.01
50d149d0-4525-4851-ad54-4902a005e9bc,O1910,P0,2,29.14
2e87847c-208a-4c63-b08a-8323d99c54a4,O1911,P4,1,428.84
944e5a84-84a9-45b3-b9b9-2715e0458ea7,O1911,P45,2,488.83
d3f5ebdb-d0f1-4f0f-b25c-d4dd48ee04d7,O1911,P14,2,30.25
108f1ba4-8c50-40e2-8b3d-3ad24d4b6a33,O1911,P18,2,164.27
ef004311-a9d0-4813-95b4-ccd05000c732,O1912,P24,3,327.27
92473a4e-ee2d-4949-8a95-bb6ea763a0d2,O1913,P18,3,164.27
48d09696-57c5-496b-af10-a0957068ef21,O1913,P31,3,92.64
a12feef4-ead5-4182-8751-824b53e79503,O1913,P34,2,23.19
9812e6ac-0644-454a-9b6c-7c5525de690d,O1914,P45,1,488.83
d4fccb89-ac51-45f1-a62e-187292539564,O1915,P48,1,51.12
0a266db0-cf00-491f-9d9a-d4cadedd86a5,O1916,P45,2,488.83
18491f30-d923-49d3-b26f-7bc0c3ed1cb4,O1916,P34,3,23.19
8a6e16e6-d274-4b82-bcd7-91e19f476557,O1916,P39,2,382.01
0f2ff70b-0049-481d-8ba3-ae9c3ac97fc2,O1917,P18,2,164.27
3a50713b-2e64-45e2-b381-2e7f5912cfd8,O1917,P0,3,29.14
b973bbfc-04ce-4348-a988-b61068554089,O1918,P42,2,364.27
0d5ce42f-4012-47a6-92e0-55392431007d,O1919,P4,2,428.84
34882856-ad69-4fe7-8314-16796f3bac26,O1919,P4,2,428.84
40e803fc-26ed-4bb6-9186-f619627d36c1,O1919,P39,2,382.01
0955e164-0366-4b92-8e3c-336fb29f3d6b,O1920,P45,1,488.83
ffb25df6-fcea-48ec-963c-beba5ed64338,O1920,P37,1,344.86
a7320cb2-ecd3-417d-a160-3e074ebe3015,O1921,P23,3,218.14
532b72c6-3299-44c2-bd65-e972b69d1762,O1921,P29,3,495.24
d52a4209-973d-4184-87ec-d9e7f59c26ae,O1921,P9,3,114.1
2d78d31a-5010-4f46-957e-12e6e7ee6240,O1922,P5,1,428.82
b5ecd397-4aff-48da-b5e5-80dfd72d748d,O1922,P0,3,29.14
cf756dd1-e58b-4f5a-96e4-15eeb036275b,O1922,P43,1,451.76
b4cdf5cc-bc94-446c-bced-5a5b650102dc,O1923,P31,1,92.64
2b7326e1-ea3c-4558-92e8-b32ce592fdcf,O1924,P32,1,205.58
c559964a-7ff1-490d-8a6f-10e3177a4cfa,O1925,P33,1,410.57
200865ae-fe01-4d68-b78a-8aa04f4a50b7,O1925,P32,3,205.58
b5708ba6-2090-48ce-a7c8-04cb70a85a01,O1926,P5,2,428.82
94801776-c1e7-4a92-9643-870dd845d056,O1926,P19,3,318.26
2e8e9e34-890e-4a16-a888-7fa86d256aa7,O1927,P48,2,51.12
8f364258-d370-41e3-9762-c9302d6c6f6b,O1927,P33,2,410.57
0143c8a6-cc59-4939-9292-75a65d637fde,O1927,P1,2,386.89
a998287a-237f-4027-89da-872ba5cad381,O1927,P10,2,192.31
18b0db54-2c49-435f-a059-aea175d18931,O1928,P35,1,199.25
00dad8eb-7571-453f-8ae8-6a1c092260c8,O1928,P18,2,164.27
2ebf6673-b7db-4fa4-82e8-b6d6cec1acb3,O1928,P31,3,92.64
52a82b4e-919d-4bf7-98d1-bfb002e4e1e6,O1928,P46,1,297.7
5deed701-bc77-4bb2-b546-43f2d89bb515,O1929,P47,2,397.61
821c037c-b314-4aed-a0da-7bc3659083f7,O1929,P48,3,51.12
9ed670ca-0187-4411-8bd3-0e852e5b003e,O1930,P49,1,16.6
a53f5be7-6348-4af0-aae3-b65ebf15607e,O1931,P38,2,28.25
0a22d37b-cb79-4092-8b73-49c8697a9247,O1931,P2,2,153.08
aa58904b-923c-4b9c-8a62-99eb9867fca9,O1931,P1,3,386.89
45e9bf08-31f9-4909-a677-e29081927b26,O1931,P14,2,30.25
81977b8a-d179-46ed-82ab-86139d662261,O1932,P17,3,165.71
b0a39743-47ce-41bf-b1e3-a7eb1b4bcfd1,O1932,P5,2,428.82
81ecc4a3-4116-4912-87ab-02204fdff5c2,O1933,P23,3,218.14
7cc78dab-d9d6-4061-9076-5cb3d94dcfe8,O1934,P11,2,422.06
bbfb9a8f-fc1b-458f-95ca-86567f9e6fc8,O1934,P26,2,251.1
6bbf444f-91c5-4206-8d2b-85670d8d0568,O1934,P10,2,192.31
3142b758-aa72-46a5-9432-fe507e98bca3,O1934,P49,1,16.6
2fe77b4b-8cae-4e9d-add6-d4cafeeac78a,O1935,P43,2,451.76
0fe4cd76-46cf-4e20-a045-bb7d0fa22756,O1935,P49,2,16.6
5bc6b76a-2315-43d3-94c2-e5519c9c849b,O1936,P17,2,165.71
2c346724-d5d2-4f47-bb47-81851a875e77,O1936,P10,1,192.31
a06898c7-fc65-4cc3-9f5b-87c2159e1128,O1936,P10,3,192.31
ce7e9240-a8da-45ab-a370-a6ec416e039b,O1937,P3,1,210.16
fe17ad4f-c464-4711-9d72-dc0649b901bd,O1937,P25,2,204.24
7d77c39b-6acd-4325-9672-3901d8310425,O1937,P32,3,205.58
ac1b7447-0c5b-4330-bc9f-e7b46e396586,O1937,P22,3,315.67
430cfa9b-285c-4768-a826-4c85b4ac4832,O1938,P13,1,195.01
31de7a3f-3392-4880-b090-cb128c7504f1,O1938,P13,3,195.01
fe05bf72-e740-4f50-9e0f-06bcdd9f3c19,O1938,P3,2,210.16
4fe8783d-2dcb-436d-bf6c-d693c6854498,O1939,P42,3,364.27
bee51077-161e-4494-86c5-4d499f54bf09,O1939,P6,1,288.13
b5972073-ac0e-45a2-bacf-0682fd7e7ad2,O1939,P9,1,114.1
17aa38e3-0a74-4ed6-83b7-35a56c5974ce,O1939,P26,3,251.1
9b0e5839-7112-49a8-8385-d6af59325e06,O1940,P35,2,199.25
9c80c00b-c6b0-48f6-bdc6-78809cd590d9,O1940,P15,3,17.14
9958097e-55f3-4bfb-a58b-566bc729edee,O1941,P48,3,51.12
8a030b7e-67fb-4e93-aad4-5e978e7b188f,O1942,P22,1,315.67
6c3fe4ac-9199-4ff5-b7d4-f6116eec6ea6,O1942,P35,1,199.25
24616333-c416-45ed-a8c4-553319b8bcb2,O1942,P12,3,196.5
454fe2ba-2311-4ec3-aa77-11e8692fc857,O1943,P21,3,243.54
b246da52-326f-4492-ab88-5ef0efa864f4,O1943,P29,1,495.24
116f09d9-56f3-43cd-ba40-08c51b555719,O1944,P23,1,218.14
c41eb26a-4c87-4ff1-955b-447fa7bfca5b,O1945,P16,2,150.17
7e963ef5-3717-4cd3-a33c-0a71033098eb,O1945,P1,1,386.89
94098fb6-e790-4838-a66e-7095f6f9d8ec,O1946,P31,2,92.64
9eec8872-fc2f-446b-b7db-d6613cc76063,O1946,P39,3,382.01
a757002a-834a-4519-969c-38ab0d930a83,O1946,P39,3,382.01
b6ccbc40-d5bc-4ba7-ac04-3c61b086f28b,O1946,P18,3,164.27
ab964224-c286-4f63-ac3a-c70ed566cd57,O1947,P13,2,195.01
b4e7de1a-aa47-4473-a57a-3faa45e7baf4,O1947,P42,3,364.27
bb2aa790-8414-4507-b763-157672564e50,O1947,P4,3,428.84
1c44ba63-986c-4366-889d-56fa244a7a19,O1948,P6,1,288.13
58845e91-b744-481a-9bc6-ff500bf5f529,O1948,P25,1,204.24
df46c42d-6611-49ad-9507-22373288b956,O1948,P29,3,495.24
f59a975f-9280-4a7d-bdc4-557275557e70,O1949,P33,1,410.57
30f72d12-cb47-4f41-b5c8-e6317c837319,O1950,P41,3,227.6
a3d41f04-5826-452d-963c-bec76d63c7cd,O1950,P22,3,315.67
d175dbfb-721f-4599-aae0-eb78a4ec4eff,O1951,P31,1,92.64
028f3b54-0bb2-407a-ada4-d04ac8007b54,O1951,P49,2,16.6
a7e459cd-f8c7-4ea4-b782-e47fca6cebf7,O1951,P4,3,428.84
bf2d5cf2-de41-49eb-bde5-b10cacafce3a,O1952,P47,1,397.61
7d04df72-b14c-4e45-9da1-50fd83199d8e,O1952,P16,2,150.17
7c629191-4272-47da-8bcb-9516b78ba538,O1952,P15,3,17.14
07557e35-253f-4341-8770-a966d250cd3f,O1953,P5,3,428.82
f7c498d9-bba3-4fb7-91b7-2a4d5365db2f,O1954,P15,2,17.14
5570876d-cdcc-4b31-be27-faada235258c,O1954,P30,2,469.52
74e29638-0b38-486f-bbe2-b4ad4cc30911,O1955,P6,1,288.13
12b12252-3ddc-4e80-95b4-c9f1645612d1,O1956,P18,2,164.27
a946bb51-6ffd-46c6-a41c-f0596169533b,O1957,P49,2,16.6
2196b59f-721c-4b43-b212-4c61b7453aeb,O1957,P21,2,243.54
4dd0af5a-ddd7-497c-a8de-984a6eb23c95,O1957,P39,3,382.01
eb55da56-b440-4b34-8662-25d3def5c3cf,O1958,P39,2,382.01
d3292b74-7e73-44cf-94c9-17c6cdb25cc1,O1958,P46,2,297.7
3034c2cf-0d38-44b0-9797-8d198e44003b,O1958,P22,1,315.67
e2b05fdb-5cab-4763-a4eb-a2eb41f5dda6,O1959,P37,3,344.86
771909ad-e0f0-4668-b110-327f209b4c5b,O1959,P40,1,61.97
154fa224-71cb-4100-b92a-d02a7486efb9,O1959,P30,1,469.52
c4cf4b63-15a5-4fdd-b6c0-4f9ea37439c2,O1960,P28,3,45.74
8b6a724a-17e6-4f26-8b95-1ecad39767b7,O1961,P18,1,164.27
4da3ba91-f3de-4f5d-9880-07c8c893c2a9,O1961,P46,1,297.7
2d5f8e4c-3e80-4bf9-ad54-84992e3937f1,O1961,P40,3,61.97
3640aa0a-0901-43d9-a68e-01d844d5df0b,O1961,P47,2,397.61
a823f2d3-1bfb-41e4-bd42-15d9c7ca77bd,O1962,P35,3,199.25
1c2a6691-ca44-48a5-aa9a-2d3bba923247,O1962,P17,3,165.71
b4723296-3639-477f-be80-34a93c0567b6,O1962,P21,2,243.54
60723721-c696-428b-b2a6-0ae7e141cd93,O1963,P24,2,327.27
32a74eaf-f5c6-454a-815c-777b5e94304a,O1964,P15,2,17.14
624f312c-8ba0-4ee8-b43b-86e95ca79536,O1965,P18,2,164.27
bd66d650-e07c-4f55-b531-0c1f377cd0ab,O1965,P22,1,315.67
2a92666c-0aeb-4744-b41f-e07bdaa7d4ef,O1965,P43,2,451.76
25709b43-aa0a-4eb7-ba13-737a465b40bb,O1965,P6,2,288.13
b2c385ac-271b-4155-a5ee-cf26b3ad4936,O1966,P39,1,382.01
d0251e96-eca9-49d7-9f71-ce3260ff4b86,O1966,P41,2,227.6
2b0bf56b-9786-4293-9a41-3409f6479cb9,O1966,P12,2,196.5
ea2705d5-9384-4f43-b59f-3457713d8ecd,O1966,P1,3,386.89
c98498dc-c9d6-42a5-ac8a-1cfc77ab7ab5,O1967,P30,3,469.52
b608c683-46f0-4645-9195-7daf3664ff3d,O1967,P27,1,329.1
2da7a0ab-0c73-4dea-8cdb-8bcd11e9bcd6,O1967,P5,1,428.82
3a2da027-ec00-441f-aef3-f84e3a1758da,O1967,P41,3,227.6
692ea86b-6bb3-43a8-88a5-be8fd622e5fc,O1968,P33,1,410.57
fd0c220b-e376-42b2-ae28-64cbf84a9f7f,O1969,P32,1,205.58
6e558186-d2af-4a0d-b4a8-055cff3fa2ef,O1969,P44,1,165.78
d5a2f98d-bfe9-4fd2-af44-a0fa1606bc58,O1969,P23,3,218.14
e00d5624-9aab-47af-be8b-6a37f5410816,O1970,P15,1,17.14
b739e30b-3ded-4abd-924e-cf66d6760942,O1970,P10,2,192.31
c2274db0-bbfb-4fad-914c-9d46c1db2e24,O1971,P33,1,410.57
a9ed57c3-fc74-4ca4-a94b-4cf6f7c36aa9,O1971,P45,3,488.83
b98751ad-022a-4cd5-9d8b-1a3a8c39114c,O1971,P47,1,397.61
dbf2f859-7cf7-4170-9728-c147bc6e2cee,O1972,P31,3,92.64
8a0e06eb-6651-4a8f-9067-fa58efc2e4ba,O1972,P3,3,210.16
083acbe8-7fea-41f9-9084-250df79e40a8,O1973,P39,1,382.01
cd7f81b3-5243-4c06-93d6-a54ea242d250,O1973,P11,1,422.06
cdcbd845-caea-416c-ab26-9044539e30ca,O1973,P19,3,318.26
16bacd57-25d5-498d-ae6c-7dcda5df1eb2,O1973,P27,1,329.1
4cc519d2-a027-4d08-b3b2-d9cf368ffd69,O1974,P16,1,150.17
45581db9-7f17-4ed4-996b-bbfe8473ea88,O1974,P34,2,23.19
5cb05fa3-bf43-4c17-b87b-f177da45c5ee,O1975,P34,1,23.19
a8a7b6c0-14f1-44be-a162-f3e60e0a811c,O1975,P8,2,13.01
c8f44c3c-ab5f-4d03-9b0e-abfc405e6842,O1975,P14,3,30.25
7c9ed4fa-ccba-47ac-9d22-76021f49704b,O1975,P16,3,150.17
2cddd578-8adc-4b44-92be-72b15324e0d6,O1976,P41,1,227.6
b849060a-b5ff-431d-95d6-d85131368323,O1977,P16,1,150.17
2f9095c0-1d59-4806-9745-b560497503ae,O1977,P29,3,495.24
310e12da-7426-4ca6-91e1-5a71157dee66,O1977,P6,2,288.13
2046ff0d-b089-400d-b7cf-5b80cb0ac7b6,O1978,P11,2,422.06
dde1d9b6-7f04-405e-965f-5dbc906e8403,O1978,P8,2,13.01
050f8282-5488-45c5-97fd-f9dfd050ad7f,O1979,P6,3,288.13
b0689128-817e-4be3-94cc-f5088b6dc41a,O1979,P25,3,204.24
c1882d61-53c8-4fad-a128-13883fb9d63a,O1979,P44,1,165.78
140ea66a-e84f-41bc-94bb-20392b3ae757,O1979,P39,3,382.01
061afdac-619e-41db-b7f2-55041dfca8a0,O1980,P25,3,204.24
6c955696-de30-4fd2-b843-7ed7de0a8220,O1980,P3,1,210.16
6b14b55a-9242-46ec-9c0b-d7e2fbb5b459,O1981,P37,3,344.86
d872dffb-6d66-4efe-b168-6cd534174c95,O1981,P29,1,495.24
ed051eae-9aca-4617-bbc3-e25c7b1fe120,O1981,P16,3,150.17
68e2681a-b32b-43e0-a4d0-f9bc04b5f615,O1982,P44,1,165.78
31501c84-81ae-41f1-b0b9-c7c286ff556b,O1982,P45,3,488.83
c3900095-04d9-49f5-b856-5a60cfe5790c,O1982,P34,1,23.19
20fee664-1245-4686-83b1-d71e6faf2b4a,O1983,P27,1,329.1
0f604650-9e77-4079-93af-c3dc56a729cf,O1983,P33,2,410.57
817ec005-6a2e-4916-a494-eb6a9c48c35a,O1984,P7,2,40.44
e740ad0e-14b0-448e-9b70-a38114495f15,O1984,P42,1,364.27
0e53d558-bbf5-4ce2-b54b-de14ea22be13,O1984,P20,3,322.96
90ec2346-c1cd-414a-a685-28a107622cee,O1985,P15,3,17.14
b1c319ca-c6e6-4600-acd1-7028e214be89,O1985,P3,2,210.16
afbea33c-7e5f-4721-8d3c-19e132c83a18,O1985,P3,2,210.16
ec7d07a0-d92b-4495-a715-c359713ee778,O1986,P4,3,428.84
7c81220f-c066-41c1-b771-9398bf370a46,O1987,P29,3,495.24
737c91fa-ceec-4571-a78c-854d3ec3e2cc,O1987,P38,2,28.25
df04540a-4bc9-4790-8316-9784261457fe,O1987,P35,2,199.25
1d5181e8-e106-4b43-a8a7-c0ee82723b42,O1987,P22,2,315.67
149e8929-cea5-43fe-9bbc-8c275c2ca937,O1988,P40,3,61.97
bfa99dc4-21aa-475d-8d03-8ccf4f268f2a,O1988,P39,2,382.01
96d2fca1-15f9-42cd-8438-8769440c08c8,O1988,P12,2,196.5
5ec6ba8c-fc66-40d5-a8e5-89fa398b8177,O1989,P20,2,322.96
a0843c5c-76d4-44ec-9488-0212e005d821,O1989,P37,2,344.86
56c7ced4-73d4-47fb-a6d6-a1490c2d5f37,O1989,P18,3,164.27
9c20bf47-cbfc-4c59-82d8-4a39c2eaf884,O1990,P40,2,61.97
2228c943-f03a-40ef-b26f-31f5e9447aac,O1990,P10,3,192.31
2858a390-8b36-47dc-9f8c-d115c51d8dfd,O1991,P34,2,23.19
5f76139f-1367-47c3-8501-2b5160c4ec57,O1991,P33,1,410.57
45b0316a-d29f-4c1d-b08a-f7dcf4a6b9ed,O1991,P40,2,61.97
e957d809-e48f-4007-aca8-e6a1197985f1,O1991,P16,1,150.17
ec131d57-c228-490b-ba56-6043256d8775,O1992,P36,1,229.21
bdea84e7-aaac-4d49-a34a-77c4d9dbcf1e,O1993,P46,2,297.7
6b625e47-6e68-4e86-945e-bc21312f8149,O1994,P18,3,164.27
63463496-19a1-437e-be16-344e28b60370,O1995,P40,1,61.97
ce081718-b099-40b5-a223-bae449b38a49,O1995,P20,1,322.96
066e95ab-198d-42e3-9a1f-c77a9d6ca2cc,O1995,P31,3,92.64
ba4eddc8-737c-4a25-8b13-025100617a0b,O1996,P20,2,322.96
08868467-dffb-497f-a7dd-194248b781a0,O1996,P43,1,451.76
6f9135fb-fbb0-435f-bf98-7c1cac01f93c,O1996,P39,3,382.01
ac86a846-e35b-49bd-903f-7a0bf7526597,O1997,P26,1,251.1
aab142a4-54af-497d-81e3-c0e4fb47fba7,O1998,P20,3,322.96
4e9a8264-7e06-45ef-8960-b8d337fea3be,O1999,P33,2,410.57
dee5d9cb-314c-4316-b835-f49bb5c7d03e,O1999,P8,1,13.01
2ba51058-f58e-48ea-8f32-63def626fe69,O2000,P46,1,297.7
bc39d980-057b-4776-92ba-4830f7297b97,O2001,P7,2,40.44
57cdd929-c524-4937-990d-8aaf7f4891ee,O2001,P5,3,428.82
8ee2ac9c-b4dc-4fbf-9ffc-a6e2930ab55e,O2001,P22,3,315.67
5a9b899f-2be1-4ecb-99a8-0bc7387f4318,O2001,P48,3,51.12
c8ab11b7-0bc1-4a0c-9ada-5e43fdc974c1,O2002,P24,2,327.27
b0535f89-d7c6-4f5a-b6fa-cc17b07a933a,O2002,P40,3,61.97
70faf789-a3ef-4557-8de0-70ad99c0dc4b,O2002,P16,1,150.17
9c60fd59-1626-4402-a0fe-08c38781c9cd,O2002,P12,1,196.5
9310657a-d10f-4d63-ab6d-f5029fa4108f,O2003,P26,3,251.1
6f6502c9-5298-4ce1-be03-7d2f74685738,O2003,P0,3,29.14
a2978ba2-4081-4a48-8d9c-6082ce94164c,O2003,P22,1,315.67
b1694702-cfda-4081-b4c7-86c393189ea5,O2004,P9,1,114.1
5e64f4ff-a775-45bf-a7ed-e538a5b81b29,O2004,P28,1,45.74
712fd1f7-d3c5-430a-84df-f9f44ca8f954,O2005,P0,1,29.14
c289eb1b-1da3-4d13-b9f8-5858f7842689,O2005,P36,3,229.21
1f8c2cf9-dd14-4c18-b96f-9b87287d354f,O2005,P33,3,410.57
112626d2-930a-464a-829b-d57c61cf3224,O2006,P37,1,344.86
0d85dfce-617d-40b2-92ed-f3456c66086d,O2006,P39,2,382.01
2db3884c-0a56-4833-b523-b8d5b082e661,O2006,P5,1,428.82
abc3175e-7f04-44a1-b655-cb7c3237ed33,O2007,P23,2,218.14
52840735-55ac-4639-8dd3-7f91eba9fecf,O2007,P38,3,28.25
eec9dafa-1769-4cbb-b05d-1fdd3c55429c,O2007,P8,2,13.01
e6fd67e9-169c-47c3-95a3-ba7cc83f18df,O2007,P29,1,495.24
9aa1438d-01ff-4f58-ab97-0b7b1c697b1d,O2008,P2,2,153.08
b575138d-9dbf-4571-a6c4-f6f104ebf22d,O2009,P9,1,114.1
2cbfb7cd-19fa-4792-bc95-a8ffbbe69698,O2009,P48,2,51.12
da776e91-e4c8-44fd-b4f7-5886ba1fafab,O2009,P11,3,422.06
35bb7494-d767-499f-99f7-e0c4aa411f9d,O2009,P24,1,327.27
7e11ac94-84e7-4d4d-bbba-829cd7849735,O2010,P37,1,344.86
7d975dfe-54e0-4397-8c8b-74c104cbfeed,O2010,P18,3,164.27
a8db1ae0-a51d-4dc2-9105-f0bd66dc6c5e,O2010,P25,1,204.24
18e06868-3cfa-4b68-83d0-f7cfc8c5b469,O2010,P36,2,229.21
d5a7f470-6687-4f71-a10d-e269a24d6927,O2011,P31,3,92.64
5b440398-66a9-49e3-be21-775ce60f676c,O2012,P13,2,195.01
432b1be0-3c6c-4b71-91dc-dc3a63fc7b14,O2012,P5,3,428.82
6d720582-28d5-4cb9-a156-299e8823ddd5,O2012,P12,2,196.5
e7625505-bea1-4fd7-8bbb-b5a647a699f5,O2012,P35,1,199.25
e3414d9b-971f-48fa-aa6f-55bf42684744,O2013,P39,2,382.01
1471fa27-c458-408c-bf4b-fb705beec7d3,O2014,P15,1,17.14
fbfd9174-715d-4544-8cff-409a03dec932,O2015,P15,2,17.14
f3bd48c6-8e0f-4e51-b403-cfd8efeccf60,O2015,P13,3,195.01
880395ba-3f0b-48c0-b7d0-4a247df65e71,O2015,P14,2,30.25
4a07d39d-2040-48f5-8f4c-7b3991d95469,O2015,P17,1,165.71
a8d3359c-5346-4d5f-968b-2c05c290042b,O2016,P29,2,495.24
3843f30b-8166-4e9c-8838-694d67e8dd7e,O2016,P26,2,251.1
c8b19ada-e0b1-4933-9a59-e3d3228f0cb6,O2016,P19,3,318.26
aa92ba38-45fc-468e-9eb5-8ac9b3c36475,O2016,P7,1,40.44
4a158546-9394-4db6-9afe-65b95fc541fb,O2017,P21,1,243.54
6433c98a-217b-4e13-bf3d-74e48da7dba6,O2018,P4,1,428.84
de2697f4-c4c5-45fd-ae82-7f57e9c1669b,O2018,P45,3,488.83
9af45f5e-5ae3-4536-b37d-85059f3c0d9f,O2019,P18,3,164.27
1a002796-f272-40dc-95d0-9ce717c9fa72,O2019,P28,1,45.74
64e36e63-7cde-4bb1-a00d-f25ec663b6e2,O2020,P18,1,164.27
46a1f5de-d53b-4674-8bf5-bb86f6107cb0,O2021,P13,3,195.01
f99f4b2d-80d9-4648-9f71-f79835beac39,O2021,P45,3,488.83
97c98b5d-63bf-48e6-a67f-4ce3818d688c,O2021,P37,3,344.86
a33e93bb-cb5c-414e-b173-498f0b9cb72b,O2022,P11,3,422.06
5490621e-af20-410e-995f-10d07023cf41,O2023,P37,2,344.86
04413373-7f0d-4eec-8a2b-8ba1f6ea14eb,O2024,P32,1,205.58
1f62a040-ecb1-4245-9c3f-0ea2d6da6704,O2025,P24,2,327.27
95ed7c2f-6eef-43cf-8075-a0a2e739249e,O2025,P15,2,17.14
8a4e5e4f-eef3-45c5-9f57-456de4d964c7,O2026,P0,1,29.14
f122aaa1-57ba-427e-aecb-2903bc129023,O2026,P7,1,40.44
fbeea9be-b2ae-4d10-8f7a-6a03deb221bd,O2026,P28,3,45.74
428f6df2-ea59-4f40-87b4-3871b16c0e00,O2026,P34,3,23.19
e6594232-1f9a-46db-84a5-a59d334574d7,O2027,P18,1,164.27
3d151916-b5a5-4d66-a6fd-2ab1c94a0187,O2027,P16,2,150.17
2fb2512c-ed11-41ce-ac70-571843c76234,O2027,P26,2,251.1
2114fbd4-648a-441e-b94a-d25a6be0fffd,O2027,P5,3,428.82
f14b3182-9da9-48c3-825a-06e7fe0b283e,O2028,P25,2,204.24
c9d019c9-d6e9-4988-ad19-317d928d9a0e,O2028,P19,3,318.26
97695757-cf63-4da7-a6c2-f7f5fa9430bd,O2028,P48,2,51.12
f29e2a78-1a04-4f46-b513-d1208bfcdf66,O2029,P16,2,150.17
98e92668-fb2d-43b7-bc8a-60fb284dc218,O2029,P42,3,364.27
b6b9b7bd-0ed7-424d-8c02-2785a3ca5c2a,O2029,P31,1,92.64
0e47c230-c995-4485-b6bd-7dfc7c836ed8,O2030,P16,1,150.17
50f09bbf-4dca-4bbd-9e65-f34bf6f623e9,O2031,P32,2,205.58
c9f10acf-d289-4960-81fb-b163a86ee387,O2032,P3,2,210.16
81a3234e-51fe-4427-a19c-01ed605cfc0e,O2032,P46,2,297.7
3bc3212e-cbe6-4742-8a63-79425fbdf71b,O2032,P48,1,51.12
c4f91fcc-c762-487d-b07b-1dea481bcf6a,O2032,P46,1,297.7
0d98a56d-aaa8-4e01-b3e4-2bba9a8309fc,O2033,P21,2,243.54
94c3afb3-40f2-420d-9ab9-5bc943655089,O2033,P49,1,16.6
916a8afe-b46f-467c-9d4f-39ff8f474ed0,O2033,P11,3,422.06
45e16c40-ef2e-40ed-a656-21ba15f90f44,O2033,P49,3,16.6
029f76d9-6d56-4fd0-aa66-863855be3b4f,O2034,P40,2,61.97
a9d9d66c-82ff-4cc2-893a-b70e165f4d91,O2035,P27,2,329.1
11debd0a-96b9-4b6a-ae72-e4365980b19a,O2036,P49,3,16.6
a84924c1-996f-423f-ac96-7a3ebfd6d2e7,O2037,P36,2,229.21
1e3bc148-b871-4276-b23f-40d7ed4e80ef,O2037,P45,1,488.83
bc35a2f9-7f6a-4ae5-bcc8-93f9c3999966,O2038,P38,2,28.25
85f2c14a-f4b6-4b15-addc-6b76a1535956,O2038,P23,1,218.14
a6b6bc1d-9226-4722-ba0b-247225aadb43,O2038,P37,2,344.86
c949300f-cb6a-43b6-ab8d-c515361565d5,O2039,P1,1,386.89
10a1517f-8986-489d-b9b7-e2d1f3de2148,O2039,P6,2,288.13
2b9972a5-40c5-4fc4-83af-5c1b9d43894f,O2039,P9,2,114.1
77d3354c-0cbb-4fd8-8545-7003fa1ea034,O2039,P6,3,288.13
f3f15735-a35a-46f6-b63d-06b77073fd9b,O2040,P17,1,165.71
9ab9dc37-6544-4b0c-ab01-c24aa0910fd1,O2040,P38,2,28.25
cf77cc2c-ab9d-4055-9d70-e78054c65354,O2040,P18,3,164.27
d2a1f15c-a8f1-4598-9f53-39eb7cdb2103,O2040,P3,2,210.16
f98876e2-143f-4b4f-aadc-37dad0016612,O2041,P32,1,205.58
e6f35683-390f-48f0-aa4b-2a9a4c3ca447,O2041,P27,3,329.1
75c1ca3f-ac9b-407d-89fb-ca58a6963b38,O2041,P17,2,165.71
276a1029-8a39-46e3-bbfe-78eae4840bbb,O2041,P12,3,196.5
41f87afc-d93c-4769-9f56-882b72f19187,O2042,P5,3,428.82
abe79943-3b7c-4cbb-9752-148fe4883908,O2042,P46,3,297.7
545d0d52-5f6a-4078-bbe7-70515e93e31f,O2042,P3,3,210.16
eddabe23-0e20-4e23-b58e-453441cfabe2,O2042,P13,1,195.01
dd529178-4783-4567-a796-d4bdbdcd181b,O2043,P23,2,218.14
1c734e10-6e02-40a6-90e3-1be49db2eafd,O2043,P26,1,251.1
c2bd69c1-8dc5-417d-b2f2-33b5476beca7,O2044,P49,2,16.6
ee5ffd21-cc2b-4096-8c7a-cd4d5725a47b,O2044,P41,1,227.6
8c4547c4-a7dd-49b4-bc2f-10c9c4866eed,O2044,P17,2,165.71
a6388fb5-56a6-464b-aee0-d322fe3f594c,O2045,P11,3,422.06
ed1fd1cf-54dd-4b3c-a781-41cb147c38c2,O2045,P38,3,28.25
8b4eaf93-0229-4623-a7bf-8c2787993f31,O2045,P16,1,150.17
71de137c-3ee3-4048-b2b0-4813ff7ec550,O2046,P0,2,29.14
8f992bac-fcde-412f-8c59-8f9d9ff22e56,O2046,P8,3,13.01
ab42654b-cff6-44f0-8430-1a129677b282,O2047,P9,1,114.1
53b1703a-4513-49ee-b439-a1ad1bf760ce,O2048,P16,3,150.17
09332151-5a2f-41bc-b7e6-c4e04f7f7729,O2048,P49,3,16.6
38617fcb-903a-4154-9f50-723532ef488f,O2048,P7,1,40.44
51d35564-0e00-438e-88cd-28e9548aeea2,O2048,P5,2,428.82
2b98ffb8-9e3c-48af-ae56-2d8dd39d5434,O2049,P20,2,322.96
5d70d2e5-5e4d-479d-91fa-fdedcbc706b7,O2049,P34,2,23.19
ed5b2e45-a350-4253-851e-9202e0c1e863,O2050,P29,1,495.24
f2d02151-baca-4f94-a1d7-2fa2ef846e0d,O2050,P17,1,165.71
98ad7694-1c9b-448e-bc48-be15d06e1cf7,O2050,P24,2,327.27
f5e37224-b923-46c9-917f-54999704d84f,O2050,P9,1,114.1
e60ccea3-abda-486a-a3b5-4d33c44623ac,O2051,P10,1,192.31
dd78cfca-e20c-4207-afed-685880df77fc,O2051,P10,2,192.31
4b84ae7f-1a1e-4ba5-87aa-cd5a0647ee78,O2051,P6,3,288.13
c7540059-bcbb-4e3a-a8fd-715fd5c895c8,O2052,P19,3,318.26
cdcaa13c-2931-40c8-bc72-477b87b3c769,O2053,P17,1,165.71
fc37b666-fcfc-4da2-8967-960605ffb4c2,O2054,P31,1,92.64
1a13339f-bfa0-4dd1-86cc-67923f744880,O2054,P9,3,114.1
615bc5d7-7efd-41e9-827a-fa425e87d162,O2055,P36,3,229.21
c8e9c490-0c78-451f-ae20-2ca2e1f0b48d,O2056,P48,2,51.12
d61afeac-dc2f-4a60-8d1a-11333d27fb66,O2057,P46,1,297.7
029357c0-7ff3-40db-88f6-b987e1c526a2,O2057,P27,1,329.1
126be42d-cd60-4f07-897d-a9a2a8cfc150,O2057,P27,3,329.1
dc08dbb0-ccd5-47eb-91e7-1135bd3d6c4c,O2058,P45,2,488.83
9d62d3ea-9bab-4a7e-9e46-2dd43340c39b,O2058,P22,2,315.67
c412bdf8-890d-49f8-aa17-f686dcbae99f,O2058,P7,1,40.44
c82c6ce5-37a6-4190-b7fa-8e9110e0c54f,O2058,P41,1,227.6
52fd6f7d-dadc-43f5-97d4-9e5fc487b54f,O2059,P10,1,192.31
52b2292e-d039-4aab-803b-fa38df5206a1,O2059,P24,2,327.27
37785771-be31-42d7-8774-581814f0c837,O2059,P19,1,318.26
b328a084-6b14-4dd6-b671-2937965f5f34,O2059,P21,2,243.54
392ada5d-34de-4da5-b96b-306623ba572c,O2060,P14,2,30.25
378ac98f-d784-4d8c-87fb-ab7753ac931c,O2061,P8,2,13.01
89c40eeb-5c44-4e1f-8afa-33a994d39c8a,O2062,P16,2,150.17
37ecb652-d6d9-4026-98d4-1b3d61b72cba,O2062,P13,2,195.01
0a95e9e9-d8fd-464f-b550-48df0068fbe9,O2063,P42,1,364.27
08c00772-e7da-473e-bf13-771dfe4cf390,O2063,P33,1,410.57
d150407f-66b5-49d2-962f-a164fec2e4a3,O2063,P25,3,204.24
94868fb4-1a9e-44f7-a38b-13b04ec6c2f8,O2063,P36,1,229.21
485fb755-c95a-4444-8649-16965d1f0fe4,O2064,P18,3,164.27
ab0cd147-2b00-4623-bea3-dfc2242383df,O2064,P27,1,329.1
071a25ce-6839-49cf-97db-029ad921df54,O2065,P24,2,327.27
cee83a15-bc61-4f2c-b428-8cf2638ca32b,O2065,P49,1,16.6
fd6be226-065a-430f-89f7-41c4f50c335e,O2065,P6,1,288.13
f4088b8a-146a-4e89-9897-d44467983dc3,O2065,P17,2,165.71
3ea999aa-822f-40d8-b7e0-2b83f747d0d5,O2066,P42,3,364.27
a8a757f5-6e66-4644-aa17-aacd017ed09f,O2066,P46,1,297.7
5344bcb1-df7f-44f9-8f6e-df21aa619772,O2066,P6,1,288.13
2b790a09-20d1-4094-bd32-901118c165dc,O2067,P19,3,318.26
19990a22-7069-480e-8815-5eb89d5ed6ff,O2067,P1,1,386.89
a8d9f507-314f-413b-bf32-86249ecf1541,O2068,P29,3,495.24
5c07ba6a-b388-4ce2-bbca-ff4c5815ce1d,O2068,P32,1,205.58
8edb6bc9-fe27-4df6-9513-8e4836c242c4,O2068,P16,3,150.17
30b8930a-7b68-41df-aa67-e89f55971e6a,O2069,P45,2,488.83
3e9da048-7648-420c-a1a4-cbf656843616,O2069,P10,1,192.31
90bb6592-c5af-47f0-8584-6f0b95a4fe58,O2069,P22,2,315.67
cd1dba43-0c1c-4953-89f1-ec9d11fc9e89,O2069,P6,2,288.13
f0e7bc8e-4da2-4570-9a5c-3cb339629a74,O2070,P3,3,210.16
bbdeeb69-797a-4f65-973a-ecdd226f555d,O2070,P36,2,229.21
8b072c7f-f01a-45b0-9a48-f197ee078d5b,O2071,P8,1,13.01
781a79cd-75af-4223-84b1-676c46f94459,O2071,P10,3,192.31
204bd9f8-75c0-4241-8a12-6e05f19d191d,O2072,P32,3,205.58
3269b14a-2f15-486a-ab68-ac0cb8df4a0b,O2072,P23,1,218.14
0af02929-b3d8-4449-9c72-5835a1e2eabf,O2072,P48,3,51.12
6dc4ffbe-5368-41b4-8418-3c22efe682e9,O2072,P49,3,16.6
20d48af6-25f4-4910-a236-4a91a37ba8f9,O2073,P33,2,410.57
6cc55142-6492-4c16-8735-adbb76fd5789,O2073,P24,2,327.27
c09f20ff-a373-4a6b-b8ac-05a80b6f782a,O2073,P28,2,45.74
a6dcb3a6-6d6a-4f52-93d5-248b493940cd,O2073,P17,2,165.71
802cac1c-bf90-46f5-be44-5f343e867cde,O2074,P0,1,29.14
ead12672-1c36-4177-90ed-2c34ff9d423d,O2074,P26,3,251.1
99a2bf0a-7c94-46f5-9642-a3781ba7f5a6,O2074,P35,3,199.25
5f14363f-c91b-4fae-b942-269294aed020,O2074,P45,1,488.83
a525307b-9931-4c09-9646-77ba8b1a353d,O2075,P0,3,29.14
ef5f08c9-08fb-4d40-9398-dd01f9688ee9,O2075,P7,1,40.44
5e84aef2-3f92-4471-b5ad-6770871f19ca,O2075,P19,1,318.26
ee1a646d-9e5d-4638-b23f-0f8e057123ad,O2076,P10,3,192.31
4138ba52-0f5b-4fe1-a1fe-ef7dc4001b50,O2077,P35,3,199.25
6b6e6c77-87d9-4486-9aae-6a8dcf32f79e,O2077,P41,3,227.6
43144841-85dd-444e-b7ce-c5d7412e620a,O2077,P19,1,318.26
92b5a8a4-164c-4bbc-a622-ed5873d609e3,O2078,P30,1,469.52
76f7b10f-5332-4f7a-8783-9b56431877e2,O2079,P5,2,428.82
98b24259-7515-4842-b08f-779e411a5fa7,O2080,P43,1,451.76
17a2ff4a-b66f-4b72-96fb-4b36ce1cd213,O2080,P41,3,227.6
60c511aa-0cb7-43ce-a770-24f7ade53d99,O2080,P19,2,318.26
bc6254a6-9cfd-4637-913d-e08c82ef07d8,O2080,P47,2,397.61
a7588714-2241-4a08-9c4a-292ffcc0794e,O2081,P6,3,288.13
efc32ebb-0e20-4bf7-afbc-5cbb7c065e8e,O2081,P7,1,40.44
37e6c07a-1a6f-4787-805d-f6a530c52204,O2081,P27,2,329.1
dfc6e3d5-603f-430f-bc22-fca600da52d1,O2081,P12,3,196.5
5e8d265f-3ae1-4d99-8f2d-8fd846e94599,O2082,P38,3,28.25
334a9fdf-7bfb-4f72-a957-fc33ebc21b93,O2083,P28,1,45.74
f1040eed-8d3a-4695-8535-d430b26543e5,O2083,P19,1,318.26
83e4b747-0367-4068-96ef-53b6a7c17249,O2083,P23,1,218.14
feb25b44-404c-4325-b26e-a0070bf6f1d8,O2083,P40,3,61.97
669e04dd-86f6-4ad9-bdfe-8931ec6cb41c,O2084,P7,2,40.44
c22eb5bd-e87a-4890-9d10-9da2e1623f83,O2084,P36,3,229.21
167b1e3a-0fe5-41d7-8ed0-366d484bcaae,O2084,P40,2,61.97
9476a886-eb0d-40ec-bd41-72a46ed49985,O2085,P44,3,165.78
a05edc0b-aff1-4167-9d97-b5d01b7eff76,O2085,P21,2,243.54
2f720a14-fd25-48d7-bbf9-387ad0f50e2a,O2085,P24,2,327.27
a0b678aa-63c9-4492-932b-d032087aa1b1,O2085,P20,1,322.96
fde97659-c831-4597-8cd8-6bf29e302be4,O2086,P38,3,28.25
e6acf92a-85e6-4605-9a42-4fc3d3b789eb,O2086,P35,2,199.25
c110406a-4b37-47cd-a595-6f869a45e569,O2087,P13,3,195.01
2d71c963-12ef-49e4-9694-03d2ad25ea10,O2088,P18,3,164.27
b6151c28-b61d-4662-b428-e3c353a4572c,O2088,P27,3,329.1
98ce286e-201e-4fa8-9b65-e92821e8204f,O2088,P16,3,150.17
4c2a66f2-f415-4d21-b459-3aa0ff9f4d72,O2089,P30,2,469.52
f84c2490-e979-4c8e-a1c9-8a67acbea258,O2089,P20,1,322.96
d0c519ea-9a1f-4843-9d66-feab0c037fe3,O2090,P2,1,153.08
f6d6f731-e2bf-4e89-8b8f-79813704fd5c,O2090,P33,2,410.57
32008c5c-1e9f-4bc2-82e2-901a59092988,O2091,P11,1,422.06
a245683a-0427-4f0c-a23a-6f7dd38734e9,O2091,P16,3,150.17
de653c13-9f79-47f0-87ac-7192a5148eaf,O2091,P31,1,92.64
7c4bb1fb-ddce-4afe-b9b6-9633528e81f5,O2091,P13,2,195.01
22d03fac-4a8e-4b3b-9daa-5d88f300dfe1,O2092,P39,1,382.01
20c43aac-6787-409a-a7a5-333392399f34,O2092,P15,3,17.14
acee2e66-1760-42be-b7d4-705108b005cc,O2093,P31,1,92.64
b05ced59-f9ca-4623-93f0-0a0b597747f8,O2093,P7,3,40.44
f35c0c5a-3149-4cdc-b5bb-74eb6bf126ca,O2094,P12,2,196.5
7fb15592-e522-4f1b-b683-0194dc77caa7,O2095,P22,3,315.67
bb09c177-314e-482f-a641-07b6d38730ed,O2095,P3,3,210.16
286c8ade-b65f-4d69-84cd-ea36a708bf14,O2095,P9,3,114.1
be2c4701-0750-45bb-a504-7594a3c8c96d,O2096,P18,3,164.27
9b29b022-3b9e-475f-9edb-bdc5edc5ba0b,O2097,P47,1,397.61
2143c14a-3b67-4564-afda-4452c45226d4,O2098,P15,3,17.14
5b49c8d5-c8dc-450b-8a66-d3bce0c3469a,O2098,P27,3,329.1
eb445bc7-2d39-4afe-9653-1358a1aca6c3,O2098,P31,1,92.64
b8914cbe-4144-423a-bcc0-43cd73f98d44,O2098,P21,3,243.54
a168dbf6-5c9c-4a7b-a5aa-67d0cbcfc2a3,O2099,P47,3,397.61
add634fe-25d5-4049-8d9f-f46742cc320a,O2099,P8,1,13.01
5627a1a8-de0a-4230-b7df-5cd8f0d4d456,O2100,P12,3,196.5
3a774087-27da-4b08-8bd7-98a16b5e00b6,O2100,P1,3,386.89
ab57203d-88fa-4d86-8554-ea722b79f109,O2100,P14,2,30.25
a4cc4100-12bb-4e47-bd7e-3641436c8838,O2101,P45,3,488.83
2abb78ab-9639-4eb2-925d-88772273a5d6,O2101,P1,2,386.89
7b4cd47e-ad7f-4de5-9fb8-925a2fcba0b4,O2102,P23,3,218.14
c324748c-0d19-4bb4-b520-e49739612e51,O2103,P46,1,297.7
09faefe4-3d9b-4405-a066-ca8748bd1cdf,O2103,P3,1,210.16
794ce037-4623-414d-92ec-3b3f35f5b666,O2104,P26,2,251.1
357e5528-1a9e-4f05-ba0d-d05f3d022c21,O2104,P30,3,469.52
cfcc7d18-3d6b-446c-8532-5957e7de3a02,O2105,P42,2,364.27
d89b8134-9c77-4c82-9249-4371c83f485f,O2105,P6,3,288.13
faac8916-a761-44b8-8765-baf79d720215,O2106,P45,2,488.83
16a341b2-b9be-4406-87ba-43aeca55f5cc,O2106,P49,3,16.6
d53196ae-9459-4e6d-812f-e0c84ac806f9,O2106,P17,3,165.71
16477245-7027-4873-828c-22d8f774b669,O2107,P16,3,150.17
dc343961-d3d0-4787-99a7-5aaa5a235263,O2108,P31,3,92.64
6a291fd5-d1ee-480c-a025-4c55d6796e43,O2108,P46,3,297.7
b3197c42-686c-4fc6-95c9-6d229a02a7ec,O2109,P16,3,150.17
c175f4f4-1c45-496d-ac50-dc1a25cf306b,O2110,P19,3,318.26
875e69ee-9f93-4fda-815d-59bf7c742586,O2110,P35,3,199.25
ae2f8fb0-7923-4dde-ae5e-1a0da4c8fc79,O2110,P24,2,327.27
f948057e-a3d1-415c-9385-587e12fd2ef9,O2110,P46,1,297.7
20b05fca-e76f-45ac-8ae4-d39ad72f86ba,O2111,P11,1,422.06
10c2a1fe-4301-47d1-b093-1479eb573d26,O2111,P40,3,61.97
3c20235c-7a50-4dfe-9166-2f1206303cd0,O2111,P22,2,315.67
7e4569aa-352d-4c4b-9bbc-319d7be92787,O2112,P10,2,192.31
1470a5da-6b3a-4a8d-ade0-eace2bdffdca,O2112,P28,3,45.74
32f76bec-9246-45d1-9b9f-501ccfcd0604,O2112,P1,2,386.89
219097d7-67a1-46e9-8884-75f8fcadb38d,O2112,P10,2,192.31
6fa884c6-4c42-4afa-8907-7bd0e1bf0611,O2113,P17,3,165.71
4094beaf-f26c-437f-bcee-785da1813b02,O2113,P36,2,229.21
288c8089-488d-4bcc-a115-6bb078f4faae,O2113,P39,3,382.01
4c77852d-c409-4165-b37f-d866d2043a74,O2113,P0,2,29.14
d6129830-282a-4227-84ed-5ea2389f05d1,O2114,P26,3,251.1
b10cf2b2-98f3-4877-8c67-a1935c46fcc5,O2114,P7,3,40.44
edb0ab12-fdf2-49fb-9592-7700759e425d,O2114,P3,3,210.16
f63f415a-ca95-49b6-8bc5-adcc2cb9f9d4,O2114,P18,2,164.27
aa5c7f7f-afde-429a-a2e7-6336325e96d4,O2115,P49,1,16.6
0663d619-1bfe-409b-8cea-df56e4c191f3,O2116,P32,3,205.58
06bfb460-eda2-49f4-891a-de8ca5f05ecd,O2116,P45,1,488.83
70a25433-7c9a-433a-b8c5-e7bc9fc44643,O2116,P5,1,428.82
f1466189-21fb-4463-82be-b37fa880a5dd,O2117,P44,1,165.78
21925f5f-17d2-437c-9754-51f3258437d0,O2118,P29,3,495.24
d77d9240-1134-4d5f-aa1f-9ca3497fc59b,O2118,P32,1,205.58
d26d9119-ca8c-409c-8ddc-d0e36c8996b3,O2119,P37,2,344.86
04c61135-16ce-471f-b34a-dc279532b1c6,O2119,P0,2,29.14
2c555fef-5a43-43fc-9959-85c508a40ae0,O2119,P20,3,322.96
36945a6b-7811-4818-b205-4f3583ea02d4,O2119,P1,2,386.89
09d09e75-04ba-42da-9e3f-efb480ed9a2f,O2120,P33,2,410.57
6cf8d749-b454-4d0a-b3eb-773eb0dfae33,O2120,P27,3,329.1
79f7052d-42c8-4180-9bd6-3a2033f5b345,O2120,P3,1,210.16
b12971ee-cde2-433e-8974-e63aa913deb3,O2121,P47,3,397.61
62243ca2-e283-4d21-8447-b2cc63da7398,O2121,P9,2,114.1
33f0a3cd-d1f9-440a-bd35-3f26120f27a2,O2121,P13,2,195.01
945f1995-918f-4d4d-8d2f-f2de4790d540,O2121,P26,1,251.1
2efd87ca-1525-44fd-8b2c-4e812ee031bc,O2122,P24,1,327.27
8a68b750-6324-4b6c-8763-696dea7f0efb,O2122,P20,2,322.96
1a1bdc68-8e8b-482c-bcb2-ab1af4bff9ff,O2122,P48,3,51.12
c0bf3b44-25b9-4269-813f-5686d01b586d,O2123,P2,2,153.08
c66b40d0-e67b-46c5-9953-ee909cde734c,O2123,P49,2,16.6
2600ba22-8f5b-4306-8991-f9ee2f8344b7,O2124,P17,3,165.71
3b937f35-9517-4aab-bd8c-8cf11324bd1d,O2124,P1,1,386.89
fffc34ed-6a74-49b0-93ff-7ecdf892e830,O2125,P20,3,322.96
1dcdd8af-707f-4d47-9dd6-f7ee22c72a9a,O2125,P3,3,210.16
bdde21f2-f149-4032-8c17-a260de1f17fc,O2125,P16,3,150.17
dc4f16a8-7261-49f8-a434-00fcad9a1c0f,O2126,P16,2,150.17
cd75a716-19c6-4b24-9365-77aa4bea6234,O2126,P9,3,114.1
ca62a053-8510-485b-b9a4-5cffdb3d4d15,O2126,P0,3,29.14
536a8be3-e1d0-44c9-951d-5987afc18723,O2127,P45,1,488.83
c535563a-e35f-4723-b53a-a489921996e2,O2127,P39,2,382.01
4c3d504d-6eb1-447e-a488-1f034bc96dc5,O2127,P5,3,428.82
aa047ebe-f509-4a74-91c2-d913bcaa37bf,O2127,P6,2,288.13
d8eac81e-6164-445e-8956-b365ec050195,O2128,P14,1,30.25
59a9aa43-25f4-4ab3-a0d3-2af7232e7863,O2128,P0,2,29.14
1731466e-fae0-4049-b5a0-c0b535e14077,O2128,P35,2,199.25
3364d205-b240-448f-9d14-b08f34edabfa,O2128,P25,3,204.24
b2e7a5e9-02be-4b4d-b59b-2ed3eb0876e0,O2129,P43,3,451.76
6e09301c-beb5-40e8-96cf-792336d10021,O2130,P19,3,318.26
a9193c85-2c2f-48b0-95ca-5b575e82a9c3,O2130,P34,2,23.19
98d8b79a-1a8a-418f-9ff9-3eea55060b52,O2130,P0,2,29.14
957b1228-d7eb-48e6-bc6c-e706abbe06a0,O2131,P3,2,210.16
62a11b71-110a-4f59-b339-0bf9051d2245,O2131,P9,3,114.1
0845d356-6a39-466a-bcff-5f643eb1021c,O2131,P35,1,199.25
1547fe9b-0b85-4102-9ae8-6c1473a06e7e,O2131,P29,1,495.24
d0c8d2c3-dd12-4060-ad27-7c98cbbbbf5c,O2132,P23,3,218.14
57088e56-a125-485b-844a-9e045565246b,O2132,P27,1,329.1
aad4215f-05f7-4edb-8fd9-13833b23cdc4,O2132,P18,1,164.27
b9b0232c-98b8-4e4a-8a3e-1b15017ecde2,O2132,P42,1,364.27
ef2d9da5-cb39-4c8c-804e-008aa29b7f5d,O2133,P38,1,28.25
6996b0ab-8ccc-49b3-8cb4-d553e41dcb4c,O2134,P36,3,229.21
78aa5c7f-d676-410c-9bd9-c7097e46e840,O2135,P25,3,204.24
268fc7af-cec3-4140-9161-b55e8157d229,O2136,P35,2,199.25
74112593-edd1-48c1-8904-640e6d16bd7a,O2137,P2,3,153.08
73f3db91-f2bb-4ad1-987a-b2b06277d72e,O2138,P1,1,386.89
6ce17cf7-f1f0-48ec-a7a2-606da656296e,O2138,P5,1,428.82
599136e8-670a-4777-99d9-56e64d26368d,O2139,P26,2,251.1
15a3e50a-ccfc-43a0-a409-fffcacf1ce23,O2139,P12,2,196.5
669c2b1c-4357-4188-9810-8827eccd22c4,O2140,P10,3,192.31
998f40a3-7e7a-4a2f-b52a-4c94c1262254,O2141,P8,3,13.01
d2ee371e-06fa-44f9-9e1a-dd505f4c477c,O2141,P0,2,29.14
91e4df41-8551-438c-bbf1-397c09874a0d,O2141,P26,2,251.1
deb27f0f-bd7b-488a-83fb-d1306acf03fd,O2142,P49,3,16.6
fa15ac0e-6367-459f-b62c-91fbc21e9560,O2143,P35,2,199.25
1a775e21-643d-4bb1-a891-2cd67a530e26,O2143,P45,2,488.83
774d0d3e-3fa6-47b7-aa5f-ccd026138aeb,O2143,P8,3,13.01
04434397-2f93-4dd6-b9ee-2b851d58eaba,O2143,P2,2,153.08
ac3f27c7-6eeb-421c-8164-8e3bf2ab2d63,O2144,P16,1,150.17
19b419eb-2efb-40e3-8743-08534caba4e3,O2144,P21,2,243.54
aa70aa04-6f60-436a-8703-b44ba0b236ea,O2144,P0,2,29.14
48f5501b-884d-4490-a8af-9ae6266a4550,O2144,P26,1,251.1
f97295eb-bbc9-4ba6-868e-982859f678bc,O2145,P28,2,45.74
cae3ed46-7b76-445e-928a-0d4b3a4510dd,O2145,P12,1,196.5
8b439465-be30-45a2-b92f-9f36c663a8cc,O2145,P46,3,297.7
f38e9042-2f84-4e9c-9c7c-ed6a488b985e,O2146,P26,3,251.1
2c368dd8-b20f-4eab-86df-93ff13778711,O2146,P21,3,243.54
7908aba5-de9b-49d2-90c8-2118c71f35b9,O2146,P47,1,397.61
87d17e71-25c4-4e64-8ecb-ddb87ca565ab,O2147,P30,2,469.52
edfe71a1-6066-4486-a6af-c02985ae64e6,O2147,P46,1,297.7
59584226-5f85-4144-ace7-0865ed0d173f,O2147,P9,2,114.1
ecf20d00-fd06-4b48-9f98-6c0c2a2c3c4a,O2148,P36,2,229.21
86ce9999-0fd4-4db2-9b53-8a526f0d58bd,O2148,P8,1,13.01
9fbf2412-d02b-4882-9ba4-0e5eb90f8195,O2149,P44,2,165.78
01501d18-bc42-44ec-b5ef-91961f7ad235,O2149,P34,2,23.19
0856b491-b774-4972-b786-93b206a0f899,O2149,P48,1,51.12
104c63bd-ddc0-4c38-b3ee-83d40f22526b,O2149,P2,1,153.08
6fbee3c1-b64b-4bb3-b084-ff9132cd9058,O2150,P4,3,428.84
faefdc70-3573-4a2b-a1be-346c0f4a0735,O2150,P20,2,322.96
6e8b4292-b1ec-4eae-a48a-5c705f3a825e,O2151,P20,3,322.96
e8ee700d-3dd1-4794-b53e-145fad423d81,O2151,P25,3,204.24
165a992d-bbc1-4142-b4de-78cb0dcf082e,O2151,P40,3,61.97
c193c161-76c6-46bf-813a-6997dd779e26,O2152,P13,2,195.01
4c458cab-aa1f-4a90-97db-0215c7f92a78,O2152,P4,2,428.84
56642a43-0f20-4095-9cd8-004199cd75f3,O2152,P29,1,495.24
254e79c8-3de3-4405-833a-554ed171ead9,O2153,P30,3,469.52
8674709b-7f7e-454a-9e33-625ab9456ab9,O2153,P39,1,382.01
784d8004-159b-4382-a1f3-9cb5be6b396e,O2154,P32,1,205.58
f5f3ef0f-a11d-4437-982a-d7650a187cab,O2155,P42,2,364.27
43b72cc4-a1a4-4f13-b589-e4a015213c60,O2155,P6,1,288.13
078ec0ca-1c06-4bec-9846-5a8c3e9abc77,O2155,P49,1,16.6
c6e2f273-9eb6-4c2f-b0c8-b81ad3c86958,O2155,P29,1,495.24
8b4c01d8-3797-4f68-9398-27781444f652,O2156,P2,1,153.08
b6f02855-3e2a-4e95-8864-6247b079f954,O2156,P18,3,164.27
d59c65f0-5fc8-4808-a4d1-040788ddb79a,O2156,P8,1,13.01
ee1cb12e-25c4-4ed4-9a0a-18e386200936,O2157,P23,3,218.14
cfd1e709-24a8-499c-9862-f4dc486f7dd2,O2157,P12,3,196.5
d7536c3d-a321-4175-bb84-ead4042daf01,O2157,P2,2,153.08
e8682d8d-0c3e-4daa-933e-2bb0f06683ec,O2158,P31,3,92.64
7546a659-e8de-4ca7-92b7-9bcbb3fb1362,O2158,P30,2,469.52
6187c5be-8a9c-4a96-a0b2-22009765b86f,O2159,P9,3,114.1
b463a037-c646-490b-91ed-7f50f3d5d921,O2159,P24,2,327.27
279a6649-25ab-458d-9267-d93178e89b46,O2159,P24,2,327.27
d586b4f8-8881-45ad-a5c7-ac70c132dbaf,O2160,P40,3,61.97
7035c073-f42a-4d02-8bc8-2db253867f4f,O2160,P29,3,495.24
b918ffe4-fe16-4f31-b902-7838123af1ad,O2161,P9,1,114.1
05b98acb-179d-4859-aaba-ba6de36f3d78,O2161,P15,1,17.14
8eee932d-81b3-41b5-9314-d264ae0ca30a,O2161,P33,2,410.57
2b6cea9c-080b-422a-94e2-e480215622a9,O2162,P19,1,318.26
853b6cb1-756a-4e5f-8d15-af0883aff671,O2163,P3,2,210.16
67c53a33-7c0d-4a30-8403-c6a9448b91e3,O2163,P32,2,205.58
9a55b204-c956-4dd5-aedb-5327498f952a,O2164,P28,1,45.74
27b33ac7-72c2-481a-a446-647207c7cd90,O2164,P21,3,243.54
a3387e5a-3541-4b96-aa7c-9a38e0073a20,O2164,P4,2,428.84
6bb06721-c6e7-443a-809c-ab64dd106e75,O2165,P47,1,397.61
4a2519f9-d6a2-4f52-894b-1ad6f8b623c4,O2166,P30,2,469.52
826fb7ae-b15b-4762-8556-8e597342f73d,O2166,P2,3,153.08
6a742a36-d0e4-4b14-8832-4aa5b3548993,O2167,P31,3,92.64
62df1492-4a5c-4fb8-a791-77688d6c85ee,O2168,P15,1,17.14
354b84f2-3829-4323-8d63-90bcd25f110b,O2168,P44,3,165.78
fa579d24-1266-4dea-b003-63f7a5c739b8,O2168,P37,3,344.86
a9b15d83-6d1c-41ca-a6cd-27a9b6685c66,O2168,P23,2,218.14
f196051c-8900-400b-8d6b-509a83f90a3f,O2169,P30,1,469.52
d21cc857-b3b8-4144-ad9b-cc37ba61d738,O2170,P6,3,288.13
da0d55b7-5bde-4136-8c14-5bc31acf84b7,O2170,P41,1,227.6
68cf8732-64e3-4ab6-9f78-822c2f396dec,O2171,P10,1,192.31
9a591367-a5c3-4cf3-a373-8e7d47690f16,O2171,P6,2,288.13
d12818ee-e3e6-419c-ba2c-c4f8a5f42b9c,O2171,P43,1,451.76
7438dad3-8b8e-4f4b-8bdd-6ffc26430e37,O2171,P15,2,17.14
0dbbdc09-4069-4ca6-8eb1-9476cf71e99c,O2172,P11,3,422.06
3daad0f1-1919-4281-93ec-06c111be2489,O2173,P46,2,297.7
5f28701c-ece0-4513-8769-f0a78b313f4f,O2173,P29,1,495.24
f85e5b03-abde-4a10-999b-66b5927822e1,O2173,P24,2,327.27
4f8719d4-6122-483b-ba46-7d599374cccb,O2174,P0,3,29.14
775e0b42-e1d7-41b8-a981-51e9d231ca67,O2175,P20,3,322.96
753f670c-0410-4427-a577-d3c30e85a01f,O2175,P19,3,318.26
a6c56896-739a-4386-b536-80586ef41943,O2175,P37,3,344.86
3547d73d-c78e-480a-8595-38b96f9c2f36,O2176,P3,1,210.16
c0ce3a88-ef4a-40ac-866b-dd93fbefcc7d,O2176,P16,3,150.17
cc4be7e7-c48f-4df3-8364-6ba9168db8c0,O2177,P23,2,218.14
bf7d8424-834d-4d38-ace5-ff9428673eaf,O2177,P14,3,30.25
734a17f4-44fa-453e-8396-9eeea198c49d,O2177,P8,3,13.01
08cbf08e-4b41-443a-91d7-15a4efd187b1,O2177,P15,3,17.14
57e413b9-7fc9-4b4b-afe1-56a7aa6b477e,O2178,P49,3,16.6
f552ebd1-bb72-4ea8-8cb7-1c8067b9f2b0,O2178,P32,1,205.58
2203f509-daf5-463a-bffe-633012a219c0,O2178,P22,2,315.67
2cc91a32-4889-40c2-8f6d-9bdabd4fb1a7,O2178,P16,3,150.17
254e08a0-3418-4708-85f5-14979c010578,O2179,P49,1,16.6
82941c11-687d-4919-9ceb-b2ff95b134c2,O2180,P19,3,318.26
860a3299-70d6-409b-8f42-1f5af5c4ee4e,O2181,P45,1,488.83
15e30a37-2f6a-4c27-a643-e3cbf4089b86,O2182,P49,1,16.6
fff54082-a8f8-49ef-818b-c2d8dc77d03c,O2182,P17,1,165.71
abb9faab-e87a-42f6-ac78-652d01e13ad3,O2182,P49,2,16.6
e7ca5695-64ac-419d-b366-443923c55a46,O2183,P0,1,29.14
d2cd4698-5f1d-48d3-853e-8e0d4ff39f89,O2183,P47,2,397.61
69a2fdfe-e3dc-404e-a50b-d9e99d8e118f,O2183,P14,1,30.25
623c9072-5c0b-4703-a8a1-ed0b2c4644aa,O2184,P27,2,329.1
3ba68da8-a203-4bed-82c3-8d4ed87b3d99,O2185,P33,2,410.57
aeb4496a-701e-4880-bdc1-46ba50a9742b,O2185,P45,3,488.83
540492d5-582d-4e76-ad24-734477bc83b4,O2186,P31,3,92.64
cd867456-5053-4a11-9d78-3253f9fed299,O2187,P7,2,40.44
49647961-aa64-4876-a074-706685957399,O2188,P23,3,218.14
ab1c3366-455a-4b7c-b59d-d58d5808cdf0,O2188,P36,3,229.21
322dd279-766f-480d-948d-180e6ce16017,O2188,P17,2,165.71
ec1a12db-e28a-4251-9118-050def1a5c7d,O2189,P47,2,397.61
fb6066b7-acaa-4f9a-aba5-5686205e8e34,O2189,P49,1,16.6
462087b4-48b6-42a7-9efd-68f9633217a5,O2189,P39,1,382.01
65894c40-dfb7-4943-9149-c745e7b6fe6f,O2189,P11,3,422.06
7a42fb1b-cf92-436d-9a5f-6d7fa259c542,O2190,P0,2,29.14
08f36e17-5ece-4830-93a2-de359b43b3b3,O2191,P27,2,329.1
d2abd44e-2888-4dbf-b062-aa08635d29e9,O2191,P7,1,40.44
6bfa7ea3-e0c6-4a5b-a6fb-d5d882341a0a,O2191,P22,2,315.67
f8886372-9669-48e8-ab3c-9e05746e5124,O2191,P4,3,428.84
4748bd73-fc33-416d-8ef4-df70b7fd3702,O2192,P33,1,410.57
07946e3d-d6be-4fe1-8637-400388ccb7e3,O2192,P9,3,114.1
c6f1d689-f2b9-4c67-a883-9e40e2b9b7a0,O2192,P45,1,488.83
aeeafb41-16df-4a82-92f6-8a8a0bc72f75,O2193,P36,2,229.21
c45c47f9-571f-4d44-b3c9-3a322fca946f,O2193,P20,2,322.96
7494eba7-f4ff-4bf1-b90a-47a62606d982,O2194,P19,3,318.26
545c54fd-c84e-49fc-9fc9-93a29ef7a745,O2194,P29,3,495.24
fb6779c0-71d2-46b6-bdde-8057280b1c82,O2194,P7,3,40.44
af155fe9-7ceb-4a5a-b74d-f275aa0a16ac,O2195,P5,3,428.82
24880187-7fa8-4ef3-8a85-62171920555d,O2196,P29,2,495.24
3fbdf6d6-e073-42ca-9003-d505213660c0,O2197,P14,2,30.25
9a04e2ac-b6f5-41b1-9c6b-8b0e56441378,O2197,P19,1,318.26
21c2b5c1-3f4b-4840-a6ff-8af564832b2a,O2197,P44,3,165.78
3fe304d7-855f-4591-a892-0b8513404811,O2197,P20,2,322.96
9d351d29-d2df-4afa-8b52-098c2b1fc177,O2198,P10,3,192.31
ffb6e893-1bc7-4255-bdba-9acb6aef6fc1,O2199,P22,1,315.67
fd123d8a-7622-4d30-8b85-034bf2cd5f72,O2200,P8,1,13.01
1913312d-a0c4-4b67-9b3d-01ce6af5c598,O2200,P1,3,386.89
dc8e3ec4-34a8-4393-8b45-322d8e01a197,O2200,P45,3,488.83
c59d32c9-71d8-4c44-9620-2239de5832a0,O2200,P29,2,495.24
c3bca4b8-fe56-4678-b874-65f440fca721,O2201,P6,1,288.13
48cfcb2b-35c0-4f20-8d21-e1bb7c6c8bbd,O2202,P46,2,297.7
ea3470d3-8b83-4bb2-9282-0fa5bc82bb64,O2202,P30,2,469.52
f496153f-3bbc-40ad-94c6-cb093578b76b,O2202,P10,1,192.31
d1b02276-9a6d-4987-afb6-1e0fdec28da2,O2202,P26,3,251.1
135889e4-ad05-4144-86ca-a6f3cbb0d491,O2203,P22,3,315.67
ee8afdd0-b6a8-4c59-bc84-44b3fb915b7f,O2203,P9,2,114.1
a65c69d0-0e1c-4905-89ab-6700a3b5ba1c,O2203,P42,3,364.27
b7f2f960-e30a-44b1-b16d-9f99255b4d2c,O2204,P30,1,469.52
94f20d63-9f95-4d02-a219-f649910bc046,O2204,P10,1,192.31
a1149d72-23a7-4de6-8a24-8f3a77ad11a2,O2204,P38,1,28.25
0fb0c379-fd6f-4619-a0b4-c2e56c2b3d56,O2204,P49,3,16.6
6b5530ed-29be-4346-a353-3e3c3991fc70,O2205,P6,2,288.13
77404f8a-77f2-48ce-8dc0-1c0fc2a5bc05,O2205,P1,3,386.89
79b09132-67a2-4b7c-8cfe-9fa16a818810,O2205,P16,3,150.17
8d45c4dd-dc31-49ef-a96c-8ce69c43366a,O2206,P40,2,61.97
330b5546-7d85-46fc-945a-9314504cd347,O2206,P25,1,204.24
702634a5-0c88-45c0-abd4-cd6070c9fba3,O2206,P4,2,428.84
dbe96d28-b6c6-4b8d-8bc1-fc727b9dfb15,O2207,P45,1,488.83
ac7ebe1b-a2b2-4b45-9347-508e37c50fb9,O2207,P13,3,195.01
9c86f402-ce7b-4ea9-9f16-885df8a3be74,O2207,P25,2,204.24
4774fa78-360b-48a7-8c32-107bf61bf7c9,O2207,P11,2,422.06
b81e8ebf-9415-4981-b353-05f4b18299ab,O2208,P23,2,218.14
cebe1ce5-8228-4312-864c-2c7e3365d6d1,O2208,P27,2,329.1
f9d44ba9-903a-4ee3-aba2-7a2551aee840,O2208,P10,3,192.31
de29725e-5c1a-4425-a302-30cc026699ae,O2209,P19,2,318.26
f27fde1a-4e3d-4d18-be0b-a82990ed6d2c,O2209,P15,3,17.14
7b6f7417-c39e-4d46-9fa3-43a0f8385b94,O2209,P20,2,322.96
81741698-b3c8-4e76-abea-4abec99e961f,O2209,P41,1,227.6
4e788348-72f6-42f8-af1d-ee630efd63bd,O2210,P44,3,165.78
938e7ea0-08e5-4736-8adb-bd4fb34ee4c9,O2211,P20,2,322.96
46379fdf-d552-4ef4-ac50-7b7092d61827,O2212,P45,2,488.83
5055df01-afc5-4bdc-a056-4b1385cae6db,O2212,P29,2,495.24
276333c6-52d4-4bef-bc15-029463c3fbca,O2212,P31,2,92.64
cbe7f441-c1c0-43c3-ac04-db91bdccdc16,O2213,P32,3,205.58
9836c859-337f-4c17-99d0-97b41816d8e9,O2213,P31,2,92.64
f907c3c0-4dfa-4290-acce-8005a21e689f,O2213,P48,2,51.12
34b28824-7de3-4c7f-b41a-6ed0d7802e1b,O2213,P48,2,51.12
85d0ce6b-c826-4793-a9c2-4ee01d0a0d25,O2214,P43,3,451.76
59ebed4b-b6b6-40cf-ae73-a6f15410427a,O2214,P27,1,329.1
9a1977e1-fc51-4f31-9d42-b3359b2f686d,O2215,P26,1,251.1
45983ae4-116c-4659-b173-7aa4c1c40070,O2215,P31,1,92.64
7e655500-c8d0-4167-81a3-5fc5199321a9,O2216,P17,3,165.71
ade4185e-66fc-40ce-a523-d39efb471f40,O2216,P21,3,243.54
cbd073ee-7084-49a5-bbd3-8a269b14ee1b,O2216,P31,1,92.64
e5385351-4be2-4a5f-a45b-d07187f943bd,O2216,P9,1,114.1
5cf0b671-1b6b-486b-87d5-886e75177b8b,O2217,P46,1,297.7
6deff390-8b66-45c4-a459-7a67423aa7f0,O2217,P35,2,199.25
a20980fc-a8c0-47d9-be1c-be3ce5c912ef,O2217,P46,2,297.7
44c8eb89-ff3e-4e34-8a7b-4d069b9cbf8f,O2217,P32,2,205.58
f410e0e2-ef25-4f64-a79c-4a1a2f7c3d13,O2218,P35,3,199.25
b6ea591d-2928-45d7-aaf8-eb822831ed6a,O2218,P39,2,382.01
9b0448a8-53f7-45d7-a359-034f843400c9,O2219,P8,2,13.01
8be46ec0-34e2-426b-8d2d-098cf8111ca0,O2219,P19,3,318.26
e74bb2a4-bd25-4c4c-8975-fc4ac0e69865,O2220,P42,2,364.27
958b4f38-2370-407e-b5ca-fbcde763b022,O2220,P22,3,315.67
9c04c6c0-0b5a-4e85-b3af-34dfa6d0dee3,O2221,P25,1,204.24
270ba4bb-6e0f-425f-9b4b-f90b0fdd5f0e,O2221,P6,3,288.13
ef074821-505c-4552-aea4-a62221b6e5ee,O2221,P12,1,196.5
0293b85d-a856-423c-a92d-6b8bcc3a5069,O2222,P19,1,318.26
407ea8b7-a38d-444d-b4a4-5fbc04be4d04,O2222,P5,1,428.82
026dc961-7976-4305-ba46-3ad623f67f60,O2223,P12,2,196.5
aceb38b3-d251-4422-8ec6-e6fcffe5c3c2,O2223,P12,3,196.5
69520f4f-8d01-4b54-a9c0-93db94c9a7ff,O2223,P48,3,51.12
dc95b9a8-b409-475b-9676-d29b94884054,O2224,P46,3,297.7
e8df264b-7653-4256-809b-5eaf3743dd8f,O2224,P46,3,297.7
b58d7d7d-08bd-4efc-becc-47d22f4a5fdd,O2224,P4,2,428.84
2141e914-38ee-4dfa-822a-65819ecac5a1,O2225,P33,3,410.57
1351e998-8fe3-4675-b37e-558e6ba9f71e,O2226,P30,2,469.52
bc3e32ee-2615-4a66-8b17-c8b3aece65fa,O2226,P46,2,297.7
c50a5ec5-ffe2-4069-9c9f-96b905526d3b,O2226,P5,1,428.82
a5cf228d-6f6f-4566-ae0f-6103910bbc00,O2226,P1,3,386.89
ec812c54-9bb0-4f16-923d-42aeccdd6aec,O2227,P32,1,205.58
8421a034-a191-4081-9a60-541557c32066,O2227,P19,2,318.26
4c43fddb-c29f-434a-a03e-5464230f675e,O2227,P44,2,165.78
3ec171e1-1f77-4813-825f-047ee3bf4555,O2227,P4,2,428.84
e12df8cf-c150-4e53-a65b-509c3ba7fe6c,O2228,P3,1,210.16
09754bef-b1fa-45b2-b657-97eab52ab7b3,O2228,P5,2,428.82
3eb896d3-34ff-4a6b-99b4-2ab57bb35590,O2228,P9,2,114.1
2531052e-c894-4447-a90f-965de25b2f30,O2229,P4,1,428.84
a6825ed8-cd73-49ca-a9f6-0a7a7a70da2c,O2229,P0,2,29.14
07fc6f06-22bf-4768-ace0-c3cbfe41c11b,O2229,P47,3,397.61
f23138f6-9f89-4baf-aa3c-ef78c12a88b4,O2229,P23,1,218.14
d62115ec-1847-4c45-9f57-fc7253628401,O2230,P33,2,410.57
4f403288-4ace-4a48-8c9c-4fc9f78bc227,O2231,P11,1,422.06
5458348d-5e21-41b1-9c9f-610f15ffacdb,O2231,P2,1,153.08
d717e894-6170-42e2-8f48-53c21de3887d,O2231,P12,3,196.5
dd1ab045-859d-47be-b615-46634eba91b4,O2231,P16,2,150.17
90da88b0-fc75-4ac6-86d2-7a53c1b84e73,O2232,P46,1,297.7
84860e62-c7c2-4915-b94b-01372bf85fa1,O2232,P36,1,229.21
7293f09b-16c4-40fd-a70b-7e237f656bb1,O2233,P22,1,315.67
f49c1eeb-9ce6-472f-b7bd-58885e37fc11,O2233,P18,2,164.27
01afbcc9-6500-4167-b3d3-122b7b4bdd36,O2234,P1,2,386.89
1fed0748-7b93-4d21-9f3f-558289e3519a,O2234,P37,3,344.86
cb630640-41d4-465f-ad56-0ace5283e288,O2234,P15,1,17.14
17d52300-eafd-4763-b6a7-c4c929f3da45,O2234,P1,1,386.89
48fa6e64-beb7-4cc6-aa54-0647ebf0e675,O2235,P48,3,51.12
40444906-188c-4c07-a739-d44d5527b9e1,O2235,P27,1,329.1
229c1395-afcd-4d90-83ab-fdf000984b58,O2236,P44,3,165.78
9fa50850-4a46-415b-a620-202213874086,O2236,P17,1,165.71
3b221ed5-baf4-49ac-842e-9987f4d6160d,O2236,P22,1,315.67
aac5ee83-2c51-4393-a1de-05cca8d38deb,O2236,P42,1,364.27
aad1fba1-a517-4129-b73b-cf0167ff8120,O2237,P40,3,61.97
2a3f0205-e008-4072-b78f-ed67bb21810c,O2237,P31,3,92.64
ff8d2e55-a581-4d98-850c-9117806834ae,O2237,P30,1,469.52
059582b6-bfe9-43da-9428-cb160bcca2a9,O2237,P36,1,229.21
92486738-88ad-4ef9-bd61-55f6ad5342ea,O2238,P47,1,397.61
33756846-a6b7-4b00-8cbe-bff1c4f3491e,O2239,P34,2,23.19
a8932cd3-f7ee-4291-bf8c-d4b4c8fccca4,O2240,P35,1,199.25
f31d935f-07ff-425f-8504-1c52a84a3082,O2241,P11,1,422.06
c1d8ac34-c830-4745-8622-2f15ebafc259,O2241,P30,2,469.52
7be4935c-3c36-4721-90f5-8272b316b439,O2241,P16,2,150.17
385a5e4a-4fc5-41af-aa57-c8a9ec0e1e30,O2242,P31,3,92.64
0a46c5b8-94b9-47c1-8ffd-7c5bf2f7082d,O2242,P19,2,318.26
2d2c735d-0521-4b07-aac8-0b8f0cddfc7a,O2242,P18,1,164.27
743a0fbb-5c6d-48d0-9c4c-b76ba74172cb,O2242,P42,1,364.27
c46f5303-aa2a-4949-8c77-52ef7eab8f53,O2243,P20,3,322.96
051f81e5-a358-41ab-86ab-9ac70446a9ec,O2244,P16,3,150.17
dc30a02a-62e6-4241-8996-ef214d13ff96,O2244,P5,2,428.82
9b17600b-786d-41e5-8053-d5abb869ad4f,O2244,P27,1,329.1
5843366f-e3a6-495b-9f16-9a6efae1c925,O2244,P36,1,229.21
43e3bb4a-cebe-4d81-89ff-03a5466bf7b0,O2245,P7,3,40.44
79e9d0cf-075f-4e08-9972-a0e06302730f,O2245,P31,3,92.64
ecb29808-dc14-4c09-9788-6a3aab69317d,O2245,P23,3,218.14
6ee3e735-6ce5-43e1-9722-63f723c1884f,O2246,P20,1,322.96
8e6a6ccd-0a62-4e0d-b7ac-4df3e2fa851a,O2247,P33,1,410.57
9d23343a-ad66-4541-b0f7-d895c04a25b2,O2247,P33,2,410.57
d0dcc7a4-7d3f-442f-abfe-a99e49dc16c5,O2247,P7,3,40.44
13d622da-6ea3-40e8-9b11-0b684c96d652,O2247,P22,2,315.67
3b4fed4d-0cbc-4245-9fac-539d33189cc4,O2248,P35,3,199.25
39b33752-40b5-4300-9bb9-28dcd0a1eaee,O2248,P12,2,196.5
56e6da72-762d-440c-aae6-3150482c6edd,O2248,P13,2,195.01
8cdbd3e5-8ae5-4774-84ca-61fd138ea56d,O2248,P25,3,204.24
54c44602-f266-4026-a631-39053c59fc5d,O2249,P25,2,204.24
7cdc8add-7d05-419d-afce-86c3e6d9747a,O2249,P24,1,327.27
f482bab8-4375-4641-8485-3c4c8ce5b84d,O2250,P20,1,322.96
9502df18-0f97-4197-bf37-cedf3566de61,O2251,P48,2,51.12
d3e9993f-8666-450d-8348-6baa789b1a2f,O2251,P13,1,195.01
52e58ecc-c8a9-4209-84eb-fed9f80114c3,O2251,P31,1,92.64
660083d7-0607-440f-82f6-2b634d2f692e,O2252,P30,3,469.52
49ff7032-a266-4a0a-919d-87fb8e835367,O2252,P25,2,204.24
1610505c-40d5-4fe5-ba60-4484fdba0e72,O2252,P49,2,16.6
a3c9d9fe-4216-496b-8bd5-78fbbfc042b9,O2252,P5,3,428.82
ebe37a3c-4820-4895-aedc-61a107054641,O2253,P36,1,229.21
87b2c672-1689-41b7-bfd7-fed507670125,O2254,P2,2,153.08
8c4f9603-a92a-4e97-980a-225c74620e6d,O2254,P35,3,199.25
a0f8922b-227e-4700-88b3-e76bdf7c6c31,O2254,P33,3,410.57
a3b65af4-532f-46eb-929d-eeedd699894d,O2254,P41,1,227.6
6fd1ee30-cbf3-43a8-adb7-043282b529a6,O2255,P18,3,164.27
bee2d582-561a-403a-b846-c5d57f3a7181,O2255,P28,1,45.74
39b7cb31-6beb-4b32-a9c8-22980a181967,O2255,P38,1,28.25
5d3af39e-ce45-4136-919e-811fef0231c9,O2256,P0,2,29.14
843eae1d-8e3a-40d5-b4ef-e1f2dd8aeb1e,O2256,P11,2,422.06
eec5a69b-9b74-4c3a-ad2f-a142764d17c8,O2256,P23,1,218.14
236ed9f7-ec77-4a70-ba79-7aef82ae6056,O2256,P24,1,327.27
b30ba3e3-4ab4-4481-abca-05415e9fbd25,O2257,P6,2,288.13
8db16b87-8b99-47fd-82d6-cec9ab2846d4,O2258,P44,3,165.78
383bf2f3-fcf3-47ad-9e9f-28d7cae2678d,O2259,P16,2,150.17
5eeb2a76-7e17-4e51-bce1-22df450c483a,O2259,P15,3,17.14
89a6d424-e5c3-4da1-8e1c-91035ee6b66a,O2259,P23,3,218.14
8a02ad03-87ab-46ed-8c09-89fc273b4e72,O2260,P19,3,318.26
1d785109-8147-4bfe-a728-797096d19e00,O2261,P16,3,150.17
2785b567-ec24-4763-8ae9-52a38a0c95d6,O2261,P17,2,165.71
63150b13-ce2f-41c2-8dc1-2a634864a282,O2262,P18,1,164.27
1ec80a2b-7d01-4495-88f4-6a69df580a69,O2262,P11,3,422.06
9c868bd5-0ea2-41f9-88e0-34a8f24cf42a,O2263,P8,1,13.01
583f6893-3675-4017-967a-483006c7e3f2,O2263,P1,1,386.89
77e3790e-c415-484d-9075-75751b727d25,O2264,P42,2,364.27
5a4fdcf6-9748-416b-817b-f4a648e40702,O2265,P39,1,382.01
ef343f4c-7439-45b6-aa77-7393ce774e97,O2265,P11,2,422.06
43afeed2-e666-49d6-896a-49b6b4c2dc12,O2265,P49,2,16.6
1ccdbfcb-1387-4e31-9ed4-d70268eca851,O2265,P20,1,322.96
4044e229-c814-4d72-a31f-63cbf81610b5,O2266,P30,1,469.52
a053dbd9-a7cf-46bd-86a1-bcd33217b6b4,O2266,P1,3,386.89
746eb5a4-2d1a-47c4-9e29-e5a0409eb9c2,O2267,P10,3,192.31
8b95749e-c539-48a3-8437-0241a2f86215,O2267,P31,3,92.64
5b0f35b9-da2b-445c-8c28-eae67446cb62,O2267,P44,3,165.78
2d62e757-05e2-4d95-aca5-cc00674d0d4a,O2267,P13,3,195.01
bd8aa9a9-7bef-4c5c-9487-3c4d45d4c43f,O2268,P11,1,422.06
d85c7b65-07e3-4d21-95d8-3a2c1d7fd655,O2268,P48,3,51.12
2e9a7f0b-e47d-45d5-b83d-047c85e86784,O2268,P34,3,23.19
b45c84b1-534d-4afd-82b7-1c6dfab7a0dd,O2268,P19,2,318.26
ebadac4f-d25b-4e8a-919c-1730b761fed5,O2269,P45,1,488.83
2bbf4061-cda8-4137-90a4-09e8eab65c21,O2270,P43,1,451.76
7a2fbe34-2dd8-478e-aec2-9092240d5609,O2271,P21,1,243.54
6b49ea5d-7ebf-446b-b5d4-051ed30147f7,O2272,P12,2,196.5
afa31aae-2a4a-44ed-babf-e482504febd9,O2272,P30,2,469.52
c5c6b37a-2ad1-456a-b911-8df0bf17d58c,O2273,P40,1,61.97
f50cf499-98f3-497d-bbde-ae262183b6c3,O2273,P48,2,51.12
c19ec3de-07a5-49b5-9ce1-01d8de796090,O2273,P25,2,204.24
2751126e-e5b3-4503-807d-44f021a089e0,O2273,P19,2,318.26
8d7e9c27-58e7-44b0-a00a-eebaa736b41d,O2274,P2,1,153.08
5a5f41db-1804-4a50-8c51-1cff2c0d2e75,O2274,P31,3,92.64
3fc5370b-eefb-4362-9b8f-ccd259407e60,O2275,P23,2,218.14
ed5c67ab-05f9-4bbd-a81e-8597890d7f73,O2275,P7,3,40.44
045bf5a0-6d29-45ae-898f-013813f6b1a1,O2276,P45,1,488.83
f17174db-abda-449b-b02e-08d7d0e67c95,O2276,P48,3,51.12
04d2f28e-5049-431e-931f-d29cf08800c2,O2276,P19,2,318.26
1758695e-fa14-4a51-8ed9-a90fac9572e6,O2276,P12,2,196.5
05c0171f-0862-4347-adf9-ff21768bb747,O2277,P37,2,344.86
c6d3b0a9-d7c0-4470-bbcc-82e5f5e1a187,O2277,P36,3,229.21
749f59fc-6969-4d0b-ba9b-0f20f4868c3b,O2277,P26,1,251.1
9b8c7b32-1706-4137-b921-d98d1eae8bf8,O2278,P21,2,243.54
4c527f71-03d5-4655-8140-f9013a9b2e19,O2279,P6,1,288.13
9ac6ee47-4a4a-4c7d-a56d-05cf35d7c322,O2279,P26,3,251.1
a8bd6e06-11eb-4023-8e80-5ec92eb30276,O2279,P30,2,469.52
6c71aace-a9a9-4723-bda1-39c2ebbdb595,O2280,P31,1,92.64
e6be870d-82ac-432d-adff-9d70611ef87a,O2280,P28,1,45.74
8524902e-07b2-4a48-b3f9-3305e81c6ef3,O2280,P39,3,382.01
41995b13-7a5d-4e90-833a-1db5348da800,O2280,P4,2,428.84
235e251e-668f-4cb2-8850-257817658052,O2281,P20,1,322.96
ad9a8f8f-47e2-4430-9e32-27794fd6d452,O2281,P47,3,397.61
b5f8f35c-9819-4987-a878-8b92040d5ae3,O2281,P16,1,150.17
487ca462-388a-4c35-8b09-3e377ded5aab,O2281,P32,2,205.58
ed47ff12-d487-4d65-bfdc-e6848210ccb8,O2282,P25,3,204.24
4d73bc5a-f7bb-4557-9f29-ff0339c8063c,O2282,P5,1,428.82
b4e2c143-dc9c-4077-b74e-ced5bf739952,O2282,P28,1,45.74
58daaa16-8eed-410c-84be-24842cf3b221,O2282,P5,3,428.82
b5fe9f45-5032-4e96-ae3a-d5fa08ea7166,O2283,P35,3,199.25
747dc2bf-22f8-4a75-9b14-deec7e435b9c,O2283,P39,3,382.01
0d1ce317-a6c3-4929-923d-dfaa9394f2bc,O2283,P19,1,318.26
e020fb76-b328-426d-8f5d-222adc942d3c,O2284,P13,2,195.01
0546b6db-101d-457c-a405-bcb02d1be4ef,O2284,P46,1,297.7
89a9d269-5239-4ef9-bd15-9e26de30dd2e,O2285,P49,2,16.6
6a96cdb3-de70-44cc-9ed2-e033f7d3c93d,O2285,P39,2,382.01
b08a8b96-8465-4885-a13a-edc68890d32e,O2285,P3,2,210.16
cf3acb04-9cd5-40fe-a066-d329a47a2816,O2285,P45,3,488.83
35f4473a-8420-4207-824e-cac29ccfd99f,O2286,P16,1,150.17
bb0aff39-4488-4f60-b611-cf29b05db2b9,O2286,P5,2,428.82
f4b8a0d8-a379-4778-b340-f3dc8389a6a1,O2286,P47,2,397.61
d8a74d91-96a8-41c2-b421-82f0c57caad1,O2286,P7,1,40.44
74b2ae85-909f-42b9-abd5-bd590f31a69b,O2287,P45,3,488.83
0cc25136-8695-43d5-9e4d-8df47bc8e1bb,O2287,P46,1,297.7
5c9c2e49-d544-4b3b-8ae2-10c1d863d242,O2287,P33,1,410.57
5208239b-1a01-4b71-84bf-7e219141d915,O2288,P15,3,17.14
34439242-9ec7-4a82-94ed-3c2d97782a74,O2288,P4,2,428.84
a092915f-7889-44ec-800a-695914fa1ba7,O2288,P10,3,192.31
cefdcc30-3a5a-4107-b55e-e2f73b137c0e,O2288,P39,3,382.01
69c34018-c000-471b-9c92-766cb8fc0dc4,O2289,P12,2,196.5
0a771ffa-82bc-4f39-8cd7-890388e48d7d,O2289,P35,1,199.25
f8f609ac-0184-4b0a-a301-2220d38106d6,O2289,P33,3,410.57
d6dc350b-87f8-4005-af53-45391a1d3eb1,O2289,P46,3,297.7
76f6a7fa-fc6c-457c-a6d7-d7e7acf3f216,O2290,P30,2,469.52
85c4c176-5d49-401c-bc80-167329de2429,O2290,P38,3,28.25
db32d700-bcef-4fba-9a20-4232878bd665,O2290,P10,3,192.31
1f4c27a0-d39d-4a5c-a289-02d160778377,O2291,P37,1,344.86
a13c3909-e438-4168-8e59-fd254bdcdfa7,O2291,P11,1,422.06
26120ca6-11b1-4a79-9caa-23877c7d45ca,O2292,P48,2,51.12
9c14c302-d77b-4c77-b72c-0a913d046356,O2292,P25,1,204.24
a9b1b148-2852-4488-9d6c-1ba825d84bb2,O2293,P35,2,199.25
5e588efa-d3c8-4244-a4c6-0731375f5ea2,O2293,P22,1,315.67
341cd65f-9904-41ce-b737-71a9fb60c8b1,O2293,P30,3,469.52
e5ef8f83-26f0-47a7-b42d-f7d36444cdea,O2293,P23,3,218.14
f40cac95-8b8b-4667-9920-217e167f520b,O2294,P22,3,315.67
4008077b-4b45-453b-96df-e94a30abbd35,O2294,P45,1,488.83
f566ce20-9b33-4491-b3ef-e94aefb3ed00,O2294,P22,1,315.67
bcd2e0ad-635b-46be-b234-9a1a14759404,O2295,P23,3,218.14
0cbe6b9a-6852-40d9-9493-4127c4cdc738,O2295,P28,3,45.74
b2250638-41d2-4965-9ae6-b9976edfca96,O2295,P30,2,469.52
3e9a0843-9969-4f4e-9a93-7f2313f0c732,O2295,P26,2,251.1
5ac24903-bc7e-4368-be96-623088e38643,O2296,P11,2,422.06
fa623b54-a348-450d-9aa4-ce566bd18927,O2296,P12,1,196.5
00163bee-14f9-4842-87c3-1f40becc1344,O2297,P48,3,51.12
de3eac3f-9528-475c-b44b-584d422975cf,O2297,P39,1,382.01
c11898b3-2a1a-4a9f-8699-751580569e71,O2297,P14,3,30.25
4d94669f-c5b4-43c6-bbe5-248dbf2d7279,O2297,P28,1,45.74
9179d0ab-bc1f-4ad3-99f2-81d6a01be23a,O2298,P39,2,382.01
a89a4691-b8af-4c70-8ba8-a7a49053d19f,O2298,P43,2,451.76
f0c2d998-44b5-4da3-96e2-b996d33b156c,O2298,P44,3,165.78
e0372672-167b-4068-9b1c-51f145328b5b,O2298,P18,3,164.27
8f61d3e0-3a22-4437-b861-30e8077858f5,O2299,P1,3,386.89
1f11dbb6-c7f7-41a4-8bcb-0593db414ed6,O2299,P2,2,153.08
b8dfd187-1d47-4812-944e-5c8b84f6158d,O2299,P39,1,382.01
09b47999-dd2a-46a9-85b8-fa89b4a852da,O2299,P4,2,428.84
a8e3ed8e-56ab-4b99-8cbf-3dadc259c7d6,O2300,P24,2,327.27
44b93ee5-4a0b-4716-bbcc-135f8d59b774,O2300,P16,3,150.17
c3cec876-4d81-413f-8270-3347f1ca0f07,O2301,P18,1,164.27
b37987a9-bfa4-43a9-b6e8-86fd1c360045,O2301,P34,2,23.19
5bc43d4b-cfcb-4a96-8358-145ee0796fbd,O2301,P41,3,227.6
700aee76-59be-4977-b5bb-edda0be7e4a4,O2302,P0,3,29.14
57a203ba-a443-4615-93ca-03a0ddd66d80,O2302,P43,3,451.76
8e05b05b-baf3-4e88-86f6-d9e7d510f6cf,O2302,P36,2,229.21
47e03e29-54d7-47b8-9160-0ec80fc13c2c,O2303,P19,3,318.26
f9f60ae3-229f-482d-ae6f-eca98021e2c8,O2303,P2,2,153.08
2db9dd41-66ce-4923-b05c-bff171fd09f8,O2303,P30,2,469.52
a4927184-5a68-432e-b88e-10540e9adeb0,O2304,P8,3,13.01
e70da9a6-3c31-46ac-87b5-53d4654d808f,O2304,P38,1,28.25
46b050f5-4a06-4e1c-a542-1d722ef0c9f0,O2304,P10,1,192.31
4084660d-1e94-4dec-8953-da252ed670f7,O2305,P24,2,327.27
afbbcd1b-41e4-4726-ac79-0af1bc75357e,O2305,P23,3,218.14
691477ba-cca2-4833-a4e9-953e81ab308b,O2305,P34,1,23.19
95e8da05-a142-4dcc-b386-5f5e23e68001,O2306,P12,2,196.5
95b04cf8-50eb-470d-86d8-493c968280bf,O2306,P43,1,451.76
ace6091b-2e65-4540-b207-19056bb03a0b,O2307,P45,1,488.83
88e085b1-4327-4a75-bef1-75b50cf15bad,O2307,P14,3,30.25
4d5c15b0-17bc-476c-854d-5046a281c4ce,O2307,P16,1,150.17
82d94f0e-2c01-4601-a6f4-d6eb869bea17,O2307,P2,1,153.08
db609d43-244d-4527-b96f-b391d2261667,O2308,P17,1,165.71
34cec290-5096-4856-8318-644aa1e2ea12,O2308,P42,3,364.27
a2d0bb94-9fae-4cce-b6cc-9a931feef122,O2308,P26,1,251.1
c32fb3b6-574f-46d2-a68f-a4ee164c5119,O2309,P32,2,205.58
ca3528d9-5c26-4d04-afcf-145cdfe064ed,O2309,P48,3,51.12
8c45fdbd-2a98-47d6-a96d-9eef6ca65770,O2309,P46,3,297.7
9c75998d-56fc-4cfc-963f-acf944fad761,O2309,P42,3,364.27
545a7fe6-a3f3-463c-ba52-a862a5aeefa9,O2310,P34,2,23.19
2161ca65-8993-47fe-b574-be632513efb5,O2311,P26,1,251.1
004c7622-0bd7-4e7f-a00f-ce7b1d65da16,O2311,P4,2,428.84
b7857dff-8ede-49fa-8d1c-c82b82ad1017,O2312,P8,3,13.01
3cabbf75-a872-4704-9d62-d0f33eda85f6,O2313,P33,1,410.57
9d954dcf-a7ef-4916-b131-fee44700265c,O2313,P35,2,199.25
053e4591-b995-4b2c-9519-60358010a14a,O2313,P36,2,229.21
dcef0711-b837-46a4-a41e-54fb86dc9e53,O2314,P16,1,150.17
5781c323-035b-4a53-8514-101cf3339343,O2314,P20,2,322.96
9b4d8024-dac7-4f5f-94ac-034b076291be,O2314,P21,3,243.54
dcf7377c-fde7-4d63-9a73-8cf265809250,O2315,P32,2,205.58
d95fee0e-dec0-422e-8500-b33014662f3c,O2315,P11,2,422.06
560bd46a-70c6-499c-82f2-dea242c0a1c8,O2315,P27,1,329.1
737d74af-5a33-47d4-9d36-bf2d78f1ba3d,O2316,P40,3,61.97
282dbf38-73fb-46f1-beb7-c18efed46306,O2317,P9,2,114.1
c5e20722-b67e-4f56-95f9-642f66ea1a0a,O2318,P42,2,364.27
2a6edce3-f17c-4563-a218-ff73d02e487e,O2319,P2,1,153.08
bda6b33a-5fcc-447c-8778-99e6cad5794e,O2320,P18,1,164.27
9f148c45-ee2c-443f-917b-15f9d0a48c43,O2320,P17,3,165.71
0275934b-fe65-4497-97b0-79d5a9478006,O2320,P19,3,318.26
1bd2d953-b789-486e-88b8-e320f4916616,O2320,P18,3,164.27
0d3c7c00-9270-4334-a2b7-a47f4a026ba9,O2321,P23,1,218.14
dff9fa29-5846-4b32-bd99-db77f39dfa6e,O2322,P26,2,251.1
bbf46da3-3e86-4aac-b567-968e5ec9a990,O2322,P8,3,13.01
9343e138-8f98-4fc1-9d9a-f5447d4831fc,O2322,P17,1,165.71
1af3a1b7-21f0-4a23-a773-28b8fd60e4bd,O2323,P46,3,297.7
4757cb00-3c4c-4d78-9875-813f97d43787,O2323,P25,1,204.24
b89eedfc-0dfa-467c-a693-8f682625f7ad,O2324,P4,3,428.84
7edf7787-4bfa-4008-8754-cde373db24ac,O2324,P23,3,218.14
2a3be2aa-e303-42cb-87db-549fbe956ae3,O2325,P4,2,428.84
f4a917c5-f274-444f-bd2d-fed1c9b7b1d5,O2325,P27,2,329.1
527eec3d-99bc-47ec-9084-97697ff26059,O2325,P14,3,30.25
d0bc68ab-68fe-4b5d-865d-ad2305f34031,O2326,P47,2,397.61
a989612f-1f40-4998-829e-e93548238b3a,O2326,P8,3,13.01
88acdaf8-d255-4054-9b41-e6eab9fa7706,O2326,P30,1,469.52
d9eacef6-95d4-4e63-9199-a7ccf1878d18,O2326,P48,3,51.12
98a732bc-5a2c-4f8a-88d2-fd8beeece198,O2327,P10,2,192.31
e9e0bd42-bbdb-4417-b132-803e87736b86,O2327,P31,3,92.64
696c4ee3-118a-45e1-b13d-fe4d9e72edbd,O2327,P23,1,218.14
9d6ce7cf-1116-45e5-b3b9-aa68d5b73ec7,O2327,P38,2,28.25
1e2c4387-5570-4468-9962-686ca5b6b42e,O2328,P7,1,40.44
672af624-88df-4187-b0ce-c21d05134245,O2328,P16,1,150.17
6aa630a0-e4f2-4bdd-bbc6-ce5968a95d3b,O2328,P42,3,364.27
52ad5368-1e0d-49c0-92e6-7bef41ff366e,O2328,P16,1,150.17
b334b1ca-2ec1-4b20-bf6e-882f3bccb279,O2329,P38,3,28.25
61bf0f59-b3bb-40ce-8b8e-2df3d9b187be,O2329,P24,3,327.27
8b30a0ba-39f8-4a6b-bbeb-8582529622e9,O2329,P38,1,28.25
23c63c80-5208-44d0-beb8-1360e47d5332,O2329,P10,3,192.31
2dede6ba-e09f-4b43-a275-a9211170af6e,O2330,P7,1,40.44
50891fa4-7b74-4438-8fbb-a1204f00c632,O2330,P34,1,23.19
f5b3e67d-3079-4488-a6dd-3fa0920d5855,O2331,P11,3,422.06
2f512eb2-2f77-4689-ab5a-53ca7081bf43,O2332,P15,1,17.14
84e369bf-720c-4a6d-8a4e-2176374de978,O2332,P1,1,386.89
5c4936ee-f59c-48b7-85df-8d9e3fac86ac,O2332,P32,2,205.58
aa0efb45-575a-4063-b2ef-24047f46a2dc,O2332,P43,1,451.76
6e69da67-9778-4149-be52-01b436746488,O2333,P2,1,153.08
8c0915ad-b346-4ef3-a32a-ef3e1429f27f,O2333,P28,3,45.74
813c88ca-2e9b-4e4b-b2b2-54006f10e3c6,O2333,P1,2,386.89
8dd0762c-3705-4395-ab65-09a70043c5b2,O2333,P23,1,218.14
0119f2c9-edc9-4a92-8b67-bb59ea01163f,O2334,P46,1,297.7
7773f884-eaf1-4e98-a684-0f3e168615f0,O2335,P0,3,29.14
d2655449-e360-407d-941d-b1dc9621985e,O2336,P15,2,17.14
6ebd65bb-2f90-47ea-8fa3-3084928741f6,O2337,P35,3,199.25
aef041a8-0273-4e76-bff4-585020ad5862,O2337,P0,1,29.14
70e9655d-0161-47e3-b1a6-c609173b59f4,O2337,P20,1,322.96
64c22701-238a-485f-b964-355e0d204c62,O2337,P40,1,61.97
e327a65e-e40e-4d15-9aa0-cf2d97b3cebc,O2338,P45,2,488.83
040ed1e1-07ad-47a9-a603-06cf096ab959,O2339,P4,1,428.84
d699e859-3957-49b8-8b9a-d8d0a1c1574a,O2339,P34,1,23.19
e18e2585-61c4-4f89-9e72-dbe31245889a,O2340,P7,2,40.44
7afb3442-0bf9-4a5a-b0cc-7ca6250b2651,O2340,P31,2,92.64
8d9baaf3-5e8e-4009-8148-56b16a1fa0f0,O2340,P8,3,13.01
bb7a7be7-9250-46e6-9c24-4485a6c4fc32,O2340,P40,1,61.97
0a5d23b1-a303-4287-8534-7bab5b04c1c3,O2341,P44,2,165.78
34fee884-d5dd-4261-8701-cb7b4c7e35bf,O2342,P23,1,218.14
fba9abd0-7d3f-4947-8c6f-7454be16531a,O2342,P28,3,45.74
8ba141df-02c3-4d6d-81f6-ab929a9fadd4,O2342,P24,1,327.27
1528e9ae-0795-45d1-bc03-5e0beb32044f,O2342,P27,3,329.1
9ce6e2af-6a6b-4930-82c5-8175fa32bbc6,O2343,P31,3,92.64
bb2ba376-f3d7-4088-97a0-05c542876091,O2343,P11,3,422.06
8c632b1e-cba5-458a-b507-2aa443767b1c,O2344,P31,1,92.64
801a02ed-d040-4283-9bd0-59c90409f5a6,O2345,P41,3,227.6
88ae427b-9d06-4196-a1ac-9800a375aa45,O2345,P49,3,16.6
c57c15d6-848e-4a62-8059-39fb698e0f97,O2345,P27,1,329.1
a281231e-02b9-4ebf-93a4-1cd3ed598c20,O2345,P16,2,150.17
6f81040d-494d-4a1d-b01a-d9453bb9efa4,O2346,P46,3,297.7
58ee2f9f-96b4-470c-bb8a-0318e0c87e15,O2347,P42,3,364.27
33217861-d76e-441d-a766-8e1b051c19d6,O2347,P11,3,422.06
a50534a0-a0c1-40ef-b38b-e9868a47e9b4,O2347,P0,1,29.14
8ca6226f-0e99-4125-826d-8a719ae75094,O2347,P22,2,315.67
89ab7db0-51fa-4a07-a88b-4e6ef747bce7,O2348,P30,3,469.52
d60a1060-4fd3-491d-a17c-c6d501c538d0,O2348,P45,1,488.83
15329bbd-36a2-4fe5-a874-947ef9233892,O2348,P6,1,288.13
71f0f233-b5fc-44b4-802b-707f2bc04379,O2349,P33,3,410.57
5f5adf58-fef7-412d-bf31-0c9708af5df0,O2349,P34,1,23.19
faa38f01-e6ef-4cc0-aec0-cd5d8a2b98e1,O2349,P28,1,45.74
6c67136f-abe3-4ec3-be56-bb7cc55a4c44,O2349,P48,2,51.12
48cb639b-82de-4842-9d67-68b96178f793,O2350,P26,1,251.1
cca0cc13-dafd-4072-811f-ab0dccb4369a,O2351,P38,2,28.25
013a3594-db67-46c1-a715-096e4e32e032,O2351,P6,2,288.13
b709812a-bb59-4f9f-850a-8395cf3433b6,O2351,P22,3,315.67
6f9b7ece-fc58-43ca-82c0-3727f1beb922,O2351,P19,2,318.26
2a0e7fbb-74b8-4fae-9802-64fb01672849,O2352,P16,2,150.17
f294f57c-5097-4ab6-851b-a754ac74ca1e,O2352,P46,1,297.7
2de26e80-15ad-4666-bf81-d1362ba0df4a,O2352,P12,1,196.5
c6378c79-1e21-424b-a1c3-60168aa0ed0f,O2352,P1,3,386.89
52ca6f5b-630e-41f0-a8be-abbfb14b4da2,O2353,P0,1,29.14
0e870c0e-69ac-4486-90fa-3d8f7629404c,O2353,P17,1,165.71
9d43183e-07a6-4703-9a60-24f8c50d2ed4,O2353,P40,2,61.97
6f63124f-369c-4973-80a6-6ae188584e7b,O2354,P11,3,422.06
0fffae95-63ea-4557-8844-c240bd4f85ad,O2355,P10,3,192.31
27f98e16-8dea-480e-b0d1-200bc4ca09c7,O2355,P39,3,382.01
331ab3d3-b0f6-4ed9-bf1f-fde2b13984ad,O2356,P40,2,61.97
b011d7bd-d889-436b-9895-5f28ffb86cec,O2356,P30,2,469.52
2dc9d87b-ca4a-4a6b-9ee8-e9e9a6723f21,O2356,P41,1,227.6
3a89642f-9251-4014-abec-38249e8debb2,O2356,P8,3,13.01
2d76d955-080d-4cff-8fcf-f316805f1f0e,O2357,P9,2,114.1
6e0c9b02-4942-443c-9a43-9b21497184f9,O2357,P28,3,45.74
1be90ce1-7053-4eb7-bc45-6d179d3480c3,O2357,P25,2,204.24
cf574e84-0f90-4322-8984-4ecb2116180e,O2358,P25,1,204.24
345539e4-a919-4a86-a542-807d466e19a1,O2358,P22,2,315.67
1649dba4-cf25-4851-b699-cd664d758f26,O2358,P9,1,114.1
b5407b83-12d9-4bd2-86fb-44d5f6f5488b,O2359,P14,2,30.25
04ad8c70-4d4e-4a34-8d51-832ee3d50a80,O2359,P6,1,288.13
1ebb3b6c-9a78-40ed-9f7b-f3b40b1d980d,O2359,P10,1,192.31
edc6c993-346c-401e-b912-499836823eec,O2359,P37,3,344.86
4b502a1f-413a-43f3-876f-55fae2d7630b,O2360,P11,3,422.06
626fc616-1052-4c84-bae6-9c9ede86ddab,O2360,P0,2,29.14
805fa630-34e7-49ae-9794-abe9138bda65,O2360,P29,2,495.24
23dfe9ad-2f26-43c2-bb37-cfd6c2b4920b,O2360,P32,1,205.58
0f28e304-305e-4125-b565-3aac89a852c8,O2361,P13,3,195.01
ce4a7f37-5846-4790-aa33-6b5f4bcef85b,O2361,P6,1,288.13
d1479e27-18bc-4cbc-a412-8c878fd9e6d9,O2361,P6,2,288.13
b6722cb8-8e68-4889-a7b8-c460877bd29c,O2362,P28,3,45.74
48bd934c-15f6-4a31-8dd8-6a0d4512844e,O2362,P41,3,227.6
e187561b-28e0-4061-9543-7b76aa99e932,O2362,P42,1,364.27
895bb7d5-4009-4a20-9f14-27f0acdf1b69,O2362,P27,1,329.1
272791ca-5f80-4bb6-90b4-3c94e19f3d79,O2363,P27,2,329.1
43ab371d-4632-475c-bf42-7d93fc99000e,O2363,P29,2,495.24
5c3f6fda-ee65-4a6c-8525-91d9fb5a7165,O2363,P45,3,488.83
55aec2a5-bd2f-49d4-86fe-bf9a5fc9232e,O2364,P42,2,364.27
e5cc4809-b7c9-4876-9a1e-56f9de6613dd,O2365,P46,2,297.7
023aeb9c-c4eb-40a1-8dca-ba719d4d1512,O2366,P31,1,92.64
df3fcd58-88e2-4caa-b198-5909eabc5b4a,O2366,P11,3,422.06
edfef9e9-96de-40d4-85ce-7ceea2f746f3,O2366,P29,1,495.24
8da9fd4f-d621-44b1-b2d5-7f46e3a6f306,O2366,P24,3,327.27
cae38970-9b41-415b-a88d-08fee180ca87,O2367,P48,3,51.12
df817390-58fb-461e-8544-cea9c928abcc,O2367,P37,1,344.86
fc56c471-17df-4e80-bee9-5b939a71d23d,O2367,P36,1,229.21
0e5ee6e2-96c4-4a4d-bca3-ae7f0d86ce2e,O2367,P35,1,199.25
6f5bfe68-1b4d-478d-8d71-106e7419ab7c,O2368,P8,1,13.01
916d94f5-408d-4c74-99b3-542e21e0edfa,O2368,P41,2,227.6
caaf0373-cb16-4adb-b2d8-c80d9a347786,O2368,P10,2,192.31
48a5ef88-bbe5-4bec-8c4b-536f685a60e8,O2369,P42,2,364.27
63244b91-e57d-4be9-8623-b68cc0c4988b,O2369,P18,2,164.27
edba4e78-f01b-4d3c-a776-5638bc78f026,O2370,P2,2,153.08
9921c90b-0626-4862-bd9b-6d5798e9606a,O2370,P25,3,204.24
6ef0d4df-629c-4811-b4db-a77b5b425551,O2371,P18,3,164.27
e29b70a1-a2b1-4adc-8ede-8ce76e73cb37,O2371,P38,3,28.25
a8bb9e0d-6199-40d1-92db-f7197f288cce,O2372,P13,2,195.01
0f8a7dc7-55a3-4417-b220-2097e6e561f7,O2372,P34,1,23.19
23c9d672-284a-423f-be64-98eb3686ef6a,O2372,P27,1,329.1
aaa9b8e1-f2da-43e4-8c74-1173af9468b3,O2372,P47,2,397.61
8de43df1-1ce2-490d-9c08-af6c9f1ed5a9,O2373,P12,2,196.5
e4caa25f-2f17-4fcb-a982-288fc0fba02a,O2373,P28,3,45.74
2521b9f4-ad37-4fd1-a199-5eb233361d9d,O2373,P34,2,23.19
17704639-d888-4fd5-b224-d099937c82a0,O2373,P28,3,45.74
ac11c204-1661-45d7-a1df-7a95e6e084d1,O2374,P44,1,165.78
51714eff-9feb-4daf-bb87-534a97574b65,O2374,P27,1,329.1
d2ac4530-ccba-4403-a273-7ed4c3b173b0,O2374,P41,2,227.6
f7bb468b-f7ec-4552-9300-7807dd2ca197,O2374,P18,1,164.27
261dc6ec-a46b-40f7-a742-ed44781824bd,O2375,P13,3,195.01
5c4bd136-1995-4e9d-8fd8-46e834f53158,O2375,P11,1,422.06
dade31ee-7b53-4635-af25-a07b945595ec,O2375,P23,3,218.14
61f78a51-999c-4326-9453-59a20e80ba4b,O2375,P6,1,288.13
d29f10bc-778e-4b93-a032-b6a88f9b7bbc,O2376,P6,3,288.13
5bed4a15-f76d-4699-85e2-873194a14085,O2376,P48,2,51.12
72a363d7-0788-4b74-9f29-4cde80cf43f7,O2376,P10,3,192.31
86fb8319-84ea-4c27-bb73-0e5c2ae6c978,O2377,P46,1,297.7
2b95d30e-7c78-48ab-87a4-e8027087c161,O2377,P15,2,17.14
88be8c57-b684-4a0e-91c1-9ac45164d5b2,O2377,P47,1,397.61
1cbbf492-aa3a-4509-95fd-e7e3a6dce926,O2377,P41,1,227.6
93695c3f-56fa-4f76-be12-ab7496d71431,O2378,P0,1,29.14
f5a55fce-fbc3-4316-8bb0-661915284e44,O2378,P44,1,165.78
f19811c2-139e-4272-a362-5cb31b33c770,O2379,P44,3,165.78
ac6cf128-f66e-43e7-9ba4-7fbbd5f94186,O2379,P1,3,386.89
8bea24ca-777f-457b-b8c5-bb9ab972a643,O2379,P38,2,28.25
64be2261-c242-41c6-99f8-f34d530f2a92,O2379,P41,3,227.6
b2b9bcd1-a23f-4b68-bb56-622c3b954925,O2380,P24,3,327.27
77109e3a-3b88-4072-912e-f1fc6b9b972c,O2380,P36,3,229.21
21f2ecc3-4ae5-4e7d-98dd-1a4d5dfbf324,O2381,P28,3,45.74
e51a6a4a-8254-49f9-a17b-871960d32553,O2382,P46,2,297.7
e1b8b99d-3c71-4e6c-bbd4-d06c49fd6646,O2382,P42,2,364.27
579388e3-b658-4241-8a7e-6d8d7cf490f8,O2383,P47,1,397.61
61b0ca11-83bd-4eb0-a785-3db61d52d66c,O2383,P14,2,30.25
8373510e-d810-44b9-9da6-c420c658445f,O2383,P25,3,204.24
175f2582-c530-4a9f-9857-6733ae03890a,O2383,P32,1,205.58
e4a10fed-42f0-4905-8ee4-c8feb162e4ea,O2384,P4,3,428.84
e42ebc02-9d0d-437d-a7b7-68105d7d0f75,O2385,P43,2,451.76
049fcb4e-401c-4834-99a7-00138e6ec8b3,O2385,P15,3,17.14
40e40757-24d6-4ce1-8b8e-303905b27af9,O2385,P25,3,204.24
8864e3d0-3cec-4bb6-b21e-4abdf410fe58,O2385,P9,3,114.1
e02283f0-8454-438b-82f0-b6cfb78eefac,O2386,P16,3,150.17
fcfebfa0-4c9c-4e97-a411-f22609aa1750,O2387,P3,1,210.16
692a2ddb-7f65-4d09-8d1d-0bd5f4637f3e,O2387,P2,2,153.08
86ef671f-6761-46ff-ba56-01d0d87a6799,O2387,P18,3,164.27
90beee6d-c129-4cf7-ad08-f03c96903238,O2388,P13,3,195.01
dc81fd7e-7425-46cd-a841-60e43e43552c,O2388,P6,3,288.13
af914f8c-c2ef-4596-956d-feb221a2dfd1,O2388,P30,2,469.52
96ddb5c6-03b6-4ccb-bc73-4ca3b5bd17e0,O2389,P42,2,364.27
4f663fe0-4af4-4336-865a-965056d3fc56,O2389,P38,2,28.25
38de82bc-919a-4fc9-943b-957a8a808ab4,O2389,P9,3,114.1
ce84dc39-b4d7-4ab4-8ae7-175b08f1ae6a,O2390,P23,2,218.14
69abd3ba-bd23-4040-a6c2-23ed68694d7d,O2391,P30,2,469.52
7d83811d-3f9b-4b60-9596-02b0c1bb8b55,O2391,P22,2,315.67
87605bfd-6f46-4b51-bc6d-b59b7160c281,O2391,P22,2,315.67
5caae40f-ce29-444c-b057-caf9b5f4c05d,O2391,P29,2,495.24
b29fdc4e-b19c-462a-bf20-d3a58462dbaa,O2392,P11,3,422.06
5955182e-3417-4cc6-895e-28b4b6347249,O2392,P21,3,243.54
fec2ba0a-f6ce-4ff2-8386-350f7b28a37b,O2393,P44,2,165.78
8eae09e3-e844-44a3-91b9-080f0afe1aa8,O2394,P48,3,51.12
b1ce49c2-73aa-4196-a757-88c5b9f48598,O2395,P19,3,318.26
d4ac7b5c-feea-40c4-84ed-0a2cb34d8acc,O2395,P37,2,344.86
5c565961-2420-4f55-9636-47db2ffe2988,O2395,P7,2,40.44
71904158-d59d-4a11-8ee4-8c09ed72d46c,O2396,P10,2,192.31
b8ea9e2f-df45-4a01-8515-ecec2ec6e8ac,O2396,P14,3,30.25
2cdc7d10-93f1-4850-aed2-0482f5b79b66,O2397,P34,2,23.19
e6bdfc5c-7a6e-413d-8af4-7408b34386ef,O2398,P29,3,495.24
6e0f0ce7-9a2c-4f3c-9d80-de7d73ee7de0,O2398,P20,3,322.96
bfd2a45d-dabb-4cd0-99ff-3a64e3217125,O2398,P3,2,210.16
a6e37e95-40ea-4c37-924f-df30de6c80fd,O2398,P28,2,45.74
a82acb29-3d4f-4b62-a9a3-4c2d7aa5a878,O2399,P33,1,410.57
804d8f76-1595-486c-9660-28466902a0d3,O2400,P35,2,199.25
143674ec-107a-4782-bbaa-d2b25ab48de8,O2400,P33,1,410.57
103173d5-8f15-4bf1-9d45-8c92d95af4a0,O2400,P0,2,29.14
2186b081-adf9-4207-9a09-05a8ab25ce56,O2401,P29,1,495.24
e3feff0f-7c67-4371-967d-c412088e097a,O2402,P33,3,410.57
317a2983-1953-4199-b86f-83748cb10a0f,O2402,P41,3,227.6
e53aaa79-cd78-44ca-a544-b87df1c47b51,O2402,P8,3,13.01
ad763321-8160-4ff0-aa17-25adfe1d46c1,O2402,P33,2,410.57
f5975cfc-9092-4edc-b181-9aceb7b3accd,O2403,P43,1,451.76
e5d4475e-80e4-4e62-b24b-b7a05710b687,O2403,P6,1,288.13
5345418f-5037-4ea5-ba04-99ed9e9f3c88,O2404,P3,1,210.16
4a10754e-df42-43f4-bd11-ae83cea6a563,O2404,P17,3,165.71
3a6fdb0d-3489-4595-8e7d-9b66528c5222,O2405,P19,3,318.26
1b4ad34a-9923-4714-ab23-b8ae41ad442e,O2405,P45,2,488.83
553b6504-5923-4edb-a94c-c2f6fcfa61af,O2405,P48,2,51.12
fd296089-4098-4ba1-b19e-459765b6979b,O2405,P17,1,165.71
ac2f3bb6-4e92-46d9-b013-e847dba43b16,O2406,P8,2,13.01
adc28ad1-23b4-4ab0-83ed-bdae11dbbadc,O2407,P24,3,327.27
1ab53260-1062-4991-bf0a-0e140c254c3f,O2407,P42,1,364.27
8f2b2c0a-6169-4ab3-8e1e-63a5bf639cf0,O2407,P48,2,51.12
eca4bf05-ed8f-430a-9e3d-d3ef38925a10,O2408,P24,1,327.27
a25daf3e-761d-480f-92e0-765134d15eab,O2408,P29,2,495.24
2f36d2f1-7c9f-4abf-9518-c3907d168c6e,O2408,P19,2,318.26
db373451-29d8-445b-80bd-35542a55d3fd,O2408,P11,3,422.06
2d43966a-0b01-46dd-b298-a47183e75228,O2409,P35,2,199.25
6e2d48df-8eb9-4e54-bc6a-6ce93e14ae1d,O2409,P31,1,92.64
c8dce039-61ff-4f2a-ae1f-cb031deb54fd,O2409,P32,1,205.58
86ade389-cce9-4d27-9c7e-e341cc9962dc,O2409,P31,2,92.64
acff9243-dfa3-498b-8cf4-c302d89e1fee,O2410,P20,1,322.96
367390e3-78a6-4a42-8a15-2a74522fb1aa,O2410,P20,1,322.96
44e7d9c6-9930-455c-bc10-287a4f0af506,O2410,P35,3,199.25
943d60f1-5a81-47bc-847b-dedc4cd388d2,O2411,P0,2,29.14
df123a42-62e3-44d1-9399-119e23eea676,O2411,P43,2,451.76
125203ad-3fcf-4a90-b223-8b86f694db28,O2411,P26,2,251.1
3119e49e-24c8-4776-8ef8-b00ebf75080a,O2412,P1,1,386.89
79c1af9c-718a-4baf-b3a6-25d8b4f2d46c,O2412,P46,3,297.7
8375e58a-0aec-44fa-8e78-7043c48a9c4d,O2412,P33,1,410.57
c66ab5aa-420d-4bce-9d04-c76d93a6f4cd,O2413,P6,2,288.13
dad34fc7-1a67-468d-98a0-591cd247886c,O2413,P42,3,364.27
b04edc4f-d063-4b2a-ac9b-e5e09692f397,O2413,P5,1,428.82
6fd2e18f-adfc-4d17-a867-30e7f0848ada,O2414,P42,3,364.27
4c360eb1-f8ac-4d0e-958e-05dab4f06148,O2414,P16,2,150.17
96f097d4-d1aa-4007-a7da-a7635ec4ae16,O2414,P49,1,16.6
4bd1a7d8-60e7-49e3-9311-39adecf6070b,O2414,P24,1,327.27
49ad2dc8-9d53-419f-9cfd-f8571903eb31,O2415,P33,2,410.57
d344bd66-44f5-49ee-a8d8-95483a6a07d2,O2415,P28,3,45.74
95ba270b-8d8d-4c32-81cd-8bbd0de2781d,O2416,P8,1,13.01
b322f35a-7f8c-43f9-9021-4b4ca9be288c,O2416,P48,2,51.12
51b2b3fa-82f1-4029-b568-bcfeece47e93,O2416,P43,3,451.76
12d5f2be-96b3-4961-810f-65be2d571f42,O2416,P12,3,196.5
7d9919a1-1b20-4a78-8a5d-1bd9ef225c31,O2417,P29,2,495.24
01ca9187-0870-4a3d-a8f9-db93885045f1,O2417,P4,1,428.84
f37af05f-7363-43f8-8757-04b19482f8da,O2417,P39,2,382.01
530298b5-e583-4f60-806d-8d692e68bb83,O2417,P9,3,114.1
1c9e385c-0190-4f63-b07a-fc7978f709d5,O2418,P19,1,318.26
dc200a8e-d475-4d22-b7d6-3431e1a237e2,O2418,P5,1,428.82
f0d8facd-906e-4d83-9fc0-a701ad62471c,O2419,P33,1,410.57
1fd596b5-d76a-4664-9d60-8e51a3f71264,O2419,P34,1,23.19
168c96d6-a787-4538-ab2a-3ff08f976a89,O2420,P20,2,322.96
5518a93f-cbbb-4bc3-a1d4-fc64f037195d,O2420,P36,1,229.21
dc8cfb75-bb7c-4977-b000-05a1c809c13b,O2420,P27,3,329.1
e2601366-b697-4694-a677-93173b962a3d,O2421,P2,3,153.08
3f9723dc-624a-4374-9e69-5276a9068ecf,O2421,P6,2,288.13
52c4c299-370d-4297-b5c8-b215ea55aab8,O2421,P49,1,16.6
73964baf-d1f7-432f-891a-33614944ae62,O2422,P26,2,251.1
08ae0808-1dba-4783-b17f-056546539a85,O2422,P39,2,382.01
8ef85123-67a8-4381-b5ca-526dbfc35dca,O2422,P1,1,386.89
9a0e16ee-0c9a-4bba-b517-d16d811e2915,O2422,P0,2,29.14
721bb379-6922-4949-a1f5-c6282a49f8db,O2423,P17,3,165.71
b13c18b9-6f90-4820-9222-7daa56f4ad34,O2424,P27,3,329.1
6d35689f-a236-45b8-9b44-b1c1ef480d9a,O2425,P11,2,422.06
8e098a2d-22e7-46cb-9961-4b92a0771e0d,O2425,P5,1,428.82
608c02bb-a3b1-439d-8737-777861e2c3dc,O2426,P1,3,386.89
eebb42b9-c8a5-4d6e-9670-2f563228a8eb,O2426,P40,3,61.97
a0957552-a1aa-4694-bcf8-5d05c58e9c66,O2426,P36,3,229.21
faa6108d-dc5a-420c-ba73-a8fe0f0b93b5,O2426,P0,3,29.14
a6c7a833-225f-4ef2-af8a-e5cd94b9e6d8,O2427,P12,1,196.5
a77ad7d5-de73-4069-9378-2b7d7b9d57f9,O2427,P19,3,318.26
c71c8170-6fd3-41f1-9fc6-bea21d50e73f,O2428,P28,2,45.74
14aabe23-e73e-4ff8-b166-bddc3610ade0,O2428,P1,1,386.89
6469df02-62c5-4d4c-b386-ebb0366370f2,O2429,P11,3,422.06
e662addc-8bce-45f1-8fbd-df6062d1a94c,O2429,P3,3,210.16
06565a90-c8ab-44bd-89fd-4abd4fa343b3,O2429,P29,1,495.24
f4b8d173-2cee-4ead-aefb-98398034bdd7,O2430,P14,1,30.25
c30578ad-9ee3-43c8-ab4a-04f9cf31e45d,O2430,P38,3,28.25
3ab8dfa4-1686-46d4-bfb2-5190f43d3740,O2430,P11,2,422.06
967ca3ec-54c0-44e3-a61d-c6c50cf9f631,O2430,P28,2,45.74
8494a280-7fb0-4d1e-b649-e99108e8bdba,O2431,P17,1,165.71
13f1f6d9-667c-4dde-93fb-3e656953c521,O2431,P15,2,17.14
2d5f8325-ac08-4693-945a-7b78b7e773a2,O2432,P12,1,196.5
06a8d5c0-dd44-4d93-9853-67054590092b,O2433,P10,2,192.31
9968911b-a0bc-413e-ba89-f101c1f7023c,O2433,P15,1,17.14
de476e50-0003-447d-894f-80bd7900142d,O2433,P4,2,428.84
1dba7c6d-0457-484f-b5b7-1cb3ee4e0623,O2433,P22,1,315.67
08ba7a07-0a3c-424d-baf1-e1e5c768331c,O2434,P26,1,251.1
2664ad91-b4bf-4b29-a0f9-959cb38c1c9d,O2435,P10,2,192.31
4235b703-a44d-4614-91af-032516b5412d,O2435,P12,2,196.5
bd65b251-ba29-431d-93d7-3eade9a3a1cf,O2436,P24,2,327.27
b940fa13-d2f3-4c5f-abcd-667fdcdf491c,O2436,P3,1,210.16
c99ff5c7-c9f4-4391-afc1-c8a50c50f3d3,O2436,P49,1,16.6
2acd2720-43db-4764-b70b-d139ea505c99,O2436,P9,3,114.1
e81ed7a6-423b-4d52-95f8-fb7ed4e1ef93,O2437,P39,1,382.01
f58c2def-a267-4cf4-9098-5a7213d923c8,O2437,P21,2,243.54
45c3feef-93b5-47f4-b13b-70ccd3da7644,O2437,P17,2,165.71
d009c0e9-0e44-4276-90af-9a268b495285,O2437,P22,1,315.67
cd85deb4-ccf5-453c-9ab8-2571a3934d0e,O2438,P8,3,13.01
ad7afde9-4c5a-402f-8de3-ff981205c24d,O2438,P2,3,153.08
dad309c6-c832-4c58-b7a5-ab6303b01698,O2438,P18,2,164.27
2b525152-0035-4e2a-8c0a-bd297888fd7a,O2438,P15,1,17.14
deb13333-1fbd-4ffe-9bf3-63e2264cb997,O2439,P5,1,428.82
93ee987b-3ee4-499d-aa38-6c95cad8c898,O2439,P16,3,150.17
2bdf03d4-b19d-4a72-bcfb-a05b76e2c386,O2440,P36,3,229.21
227dd2be-369e-4097-ac93-8b28fbcb2d0a,O2441,P4,3,428.84
726115e5-0c9a-4ceb-828c-0273588aa9c8,O2441,P25,3,204.24
f4b2467a-686e-418d-8a9c-2b32cc4838a6,O2441,P7,1,40.44
5ccda43f-1198-4f95-99ae-6704d0f35a2c,O2441,P2,2,153.08
de70d207-1f88-47a2-8f28-7316432887d7,O2442,P21,3,243.54
6c1cce0a-d0be-473a-9d2f-92c8ffe15d50,O2442,P5,1,428.82
05851a02-f30a-460b-b836-cfd32077f035,O2442,P5,2,428.82
5a1ba227-0aca-42e2-837f-f727568d94e2,O2443,P18,3,164.27
3eac2e08-ccfe-407d-867c-72abc2a5ab94,O2444,P4,2,428.84
3faf006f-13ef-4993-8699-e668be94d7a8,O2444,P22,3,315.67
91466bff-e69e-4409-8161-7f2a8a19c602,O2445,P36,1,229.21
10e7a0a8-551d-4aae-87f8-bb4cfdd5dfd7,O2445,P36,2,229.21
af7ced38-78aa-4939-a37c-5fa97ab31220,O2445,P30,2,469.52
69452776-f0ae-4639-8be2-c7b68426c8c1,O2446,P18,1,164.27
8a5152c1-77b3-48e6-abe7-4df22b261c12,O2446,P6,2,288.13
6200534a-a910-4950-b06e-83f6a8a1f560,O2446,P19,3,318.26
c3b95700-c030-462b-8a51-398e2991ef67,O2447,P26,1,251.1
36c21256-3252-4c5e-9fcd-7f98dc18f218,O2448,P41,3,227.6
b697d5b7-8689-485d-9899-6736641ccebb,O2448,P1,3,386.89
3c46b8fa-ee3d-431e-b9b3-bc7087680ed2,O2449,P41,3,227.6
e99bb05e-be7e-4b8f-8fb4-152165df02a1,O2450,P32,2,205.58
d9a9264c-3495-48df-89e0-a6c7b2d9fbcf,O2450,P40,1,61.97
eda85f42-e3c0-49ee-abfe-50461e8c1a63,O2450,P14,1,30.25
250f6a8c-98b1-401e-a36a-5381d1766834,O2450,P17,3,165.71
681eb51e-18e6-4efc-ba5a-de6819e5758d,O2451,P26,3,251.1
eef23b19-f93a-48be-ba59-89a68cef114d,O2451,P13,1,195.01
ab0d01b4-121c-42bd-a07d-199718dbb413,O2451,P40,1,61.97
34f4ae77-f67a-4780-b098-82f18f465b1a,O2451,P40,2,61.97
ec596817-1edb-4e70-9f2c-b5778a517365,O2452,P13,1,195.01
050455ec-98da-4e6e-9706-9dd7cef162e1,O2452,P11,3,422.06
b2f41e63-31db-43c8-bb4d-05879df76cb0,O2452,P26,2,251.1
61d75b77-48c1-4a1e-b817-ceb661b04110,O2452,P4,1,428.84
97aaf62d-7ad6-4d7d-b173-c03e73876692,O2453,P19,2,318.26
363ca51b-8a3d-4b7b-91a9-36dcc56b5a00,O2453,P37,3,344.86
81ba14da-1d46-45d8-a19a-1fc83aec5dd7,O2453,P48,3,51.12
9ef82e67-a01c-4657-aae6-235cc095659f,O2454,P27,3,329.1
c0c62e92-2d28-4adc-9a82-d0c3e37239ee,O2454,P33,2,410.57
22fa1382-988f-42a8-b700-0e1c3c40fe23,O2455,P39,2,382.01
fca11078-049d-48f7-b103-df0535194e83,O2455,P0,2,29.14
a2b74c9e-10b8-423e-a567-c281d2210882,O2456,P44,2,165.78
b781419f-7ee2-4902-b571-3708b01ea06b,O2456,P7,3,40.44
8b636e05-3f56-45cf-ad78-c9af1211544e,O2456,P43,2,451.76
f4898c21-cf9d-4c39-ae60-3400c22287c1,O2456,P7,3,40.44
5b806ae7-ab22-4393-9dc8-89c991023fe7,O2457,P12,2,196.5
ed3961a1-4315-4cde-ae2c-3ca31a197bf5,O2458,P32,3,205.58
a689aff2-c56e-4c78-ac5b-804aacff60a1,O2458,P48,2,51.12
cc16e3b4-013a-4243-a131-b1c3f31867e7,O2459,P14,3,30.25
7e0b2cdc-35dd-498b-b012-a5dcb8dca976,O2459,P47,3,397.61
e24bb494-cbb8-4289-a41c-fc2afa8336ed,O2459,P8,1,13.01
82f6fb8e-d78e-43ef-99fb-1076a5f4e54e,O2459,P34,1,23.19
e3c7c657-2172-449b-984c-ded86cace42b,O2460,P36,2,229.21
804e4bfe-e04e-4f9a-9a6f-b73f67f5f7c0,O2460,P27,2,329.1
0def140b-4eac-4855-9ced-c01348a3a33c,O2461,P48,2,51.12
8ed077e7-6e6d-4281-ad8e-03e002c92780,O2461,P22,3,315.67
c9cc66f1-a1d1-468d-be04-f2c4ccd84c9e,O2461,P49,2,16.6
1c94fa1b-6d11-41e8-b37b-eca12af9d586,O2462,P10,2,192.31
3c8b52f1-4125-4621-8c29-d1cdb6c352e9,O2463,P11,1,422.06
714988b0-d854-42f8-81ba-a8f0bdeb6fc5,O2463,P14,3,30.25
264c78dc-c924-4391-9f6a-45d70a314d4e,O2464,P40,2,61.97
bad9ced0-ddc3-464e-97c6-872d3cf55e50,O2464,P8,1,13.01
fb888b63-1e7f-418d-b3eb-15be45d05fb3,O2465,P21,3,243.54
33335136-d88e-4e61-b8d0-6753247e0f60,O2466,P3,2,210.16
b8f192c9-f767-43f2-bc25-1a9808c82793,O2466,P4,2,428.84
9859804d-b9a2-42eb-a019-ceb222e1e1f7,O2466,P13,3,195.01
d32796b2-6a68-452d-adaf-074ff559109e,O2466,P18,3,164.27
9a782a8f-f515-423b-bb57-4a1ae4a38e61,O2467,P22,3,315.67
32015cb0-651c-4214-af83-c50dfac74add,O2467,P39,3,382.01
57058d02-d4f7-4b94-92fe-0a0e79f45a3b,O2468,P40,1,61.97
653af447-30a0-4aa4-a11f-d5a9bd6c110b,O2469,P44,1,165.78
44b5c5af-e777-4390-9db0-2a029b22e1ce,O2470,P30,2,469.52
da91214b-73cd-4c1a-b7e4-e9018ffbdabb,O2471,P0,2,29.14
8ddb6dd3-587f-4fdb-ad57-71589bb2e301,O2471,P32,3,205.58
13a98e70-45d8-4b02-9923-3aadb679efac,O2471,P27,3,329.1
438b42d7-18e0-47e0-8e04-421ac3ea6e91,O2471,P29,1,495.24
953993c8-0966-4400-90ce-c171e4883f76,O2472,P32,3,205.58
d91c4f49-2873-4838-9ef4-53ccfbf90dc6,O2473,P44,1,165.78
d2845d71-223c-4827-bf49-2c7e5d7b73fe,O2473,P35,1,199.25
b491e93f-112e-41af-9461-2b79ff4c8b18,O2474,P12,3,196.5
a54b1c3a-812b-4000-bbfa-75264080a947,O2474,P49,3,16.6
17c876ec-3059-49c8-a284-1319deb325cd,O2474,P9,2,114.1
85873387-8bd8-4652-8cff-ae6d21f4dac1,O2474,P18,3,164.27
e243c9d8-6710-4d8c-92d3-1897eee98252,O2475,P40,1,61.97
3be12e4d-1ac2-4325-890b-04f151891c81,O2475,P7,3,40.44
65402626-4b08-41d2-95d3-c05793f3fb97,O2475,P37,2,344.86
d9365c86-bb64-4927-962b-11e91dc3dc11,O2475,P41,2,227.6
c9d0763a-39fd-4ea0-b323-c095ad4f8df3,O2476,P21,2,243.54
314b5404-65c3-49a0-8721-27af456ccb47,O2476,P11,2,422.06
589fc5a3-90aa-402b-ad54-68869ed7fa15,O2476,P20,1,322.96
14302bdb-05fc-4025-a727-bf0bd55b4251,O2477,P8,2,13.01
5c8eedc2-da4f-4c4f-86f2-a2dd7f70c981,O2477,P1,2,386.89
f7db772b-caef-4714-a0c5-e22d888b41ba,O2477,P45,3,488.83
448f0ecc-7de5-4084-8769-1c9748061e44,O2477,P14,1,30.25
240ca7fa-b663-4743-81e6-ce6ada432ea7,O2478,P8,1,13.01
ae6db514-83c4-4597-8245-6b689eb80673,O2479,P19,1,318.26
fd97c35b-025f-4908-8a01-6453e56ddfa0,O2480,P36,1,229.21
b2ae02dc-2a5e-4534-af08-f30b06f1ae26,O2480,P24,2,327.27
781eee27-0c90-4117-9683-2c2027daecd5,O2481,P23,3,218.14
02daa388-d3b7-43e8-90b3-c196e1298027,O2482,P3,2,210.16
c201e08c-e4fa-469e-9ccd-d36ad9a48d6b,O2482,P41,3,227.6
06283d0f-a5ea-473a-947f-3e57adaf9c58,O2483,P0,1,29.14
4644f5ee-022f-4678-b43c-81d1e0bb1fe4,O2483,P26,1,251.1
ae3848ef-a36c-4fdd-855d-e913cc39edab,O2483,P29,2,495.24
ac87b6a8-7e6d-4878-b594-2f239c0afa43,O2484,P9,1,114.1
5f63d00c-22a4-4a64-8074-cfc65af7d97a,O2484,P1,3,386.89
8b63d9b0-f2a5-4915-9063-6b3087af19ea,O2484,P40,3,61.97
93314e71-0d9b-4256-b865-37a60e6aee3b,O2484,P10,3,192.31
4db70d3b-10a3-4547-a9ff-9549cbeeff05,O2485,P15,1,17.14
63be5142-340a-45f9-b054-7731694409a0,O2486,P16,2,150.17
a6abec3f-4355-401d-9fd6-aa1c8eac3615,O2486,P39,2,382.01
a86b6dfc-c962-48f9-8fe0-b93091942350,O2486,P3,2,210.16
da06cc49-680e-4717-97c3-c91f41338fc9,O2486,P21,1,243.54
bafd38e3-b8cd-4e8e-ad33-1cfb03aaeef2,O2487,P8,2,13.01
16b326f1-e9c9-483a-8b87-8cc47531c210,O2487,P16,1,150.17
25d097a6-8fff-4c9e-b24b-1751207d4380,O2487,P27,3,329.1
f9193bc5-9828-4ac8-a1f8-d7498fab41b5,O2488,P11,2,422.06
8318a030-e394-41f4-90a9-5e4b552f446a,O2488,P13,3,195.01
e263c966-9da1-4e42-bf1d-8f017de823bc,O2488,P24,2,327.27
ac021abd-371a-410c-9476-cd6ce036f9e5,O2489,P23,1,218.14
79271b5a-1d3e-49ce-98ac-1c96abe07642,O2489,P15,2,17.14
386fae66-75be-4ac1-8221-bde7ef6b08b3,O2489,P17,3,165.71
0757185b-eee2-4da2-bf14-71340937922e,O2490,P43,2,451.76
e96bc5e6-f2ef-444c-8b53-b690cd714069,O2491,P11,3,422.06
a7e614a7-e4bb-40a4-b7c0-5b85b2d5855a,O2491,P40,3,61.97
861f83f4-d4e6-48cd-a3e1-78394c2e392d,O2491,P34,2,23.19
6f108168-5a92-4c22-b707-499f0e0edf93,O2492,P43,2,451.76
5ba0984a-b635-4eef-aa00-82443705e2e1,O2493,P6,3,288.13
76b7de85-5b8a-4beb-85ff-d5b9b9b352aa,O2493,P43,2,451.76
dc3e5d6a-f0e2-48b9-9e77-a83f58c7a783,O2493,P20,1,322.96
47346718-49d5-44af-a72d-b37e96bf953e,O2494,P39,3,382.01
acffee13-fb8d-4c7c-91b9-37a9c4fae2ac,O2494,P35,3,199.25
b379c003-57c1-483c-a853-f2acf7ef1608,O2494,P16,3,150.17
9e605313-247a-470a-9e55-017c0d8204e3,O2495,P24,3,327.27
75d13770-9ccd-4e6f-8875-9259bbefcb07,O2495,P35,1,199.25
13df8ddb-5acd-47da-b381-5b8911bf3974,O2495,P20,1,322.96
b7eb3dfd-ecbd-4d81-8549-641ed0c4c698,O2496,P43,3,451.76
2c20251f-59c7-48f9-b54b-ddd0b37b255e,O2496,P22,1,315.67
00f27511-0259-4f28-815a-b7bf48f2e973,O2496,P8,3,13.01
8324a9c2-3698-4201-b81d-628e7246a1e5,O2497,P42,1,364.27
0c020e5c-7c9c-4a3b-93f1-e51c9f127d42,O2497,P21,3,243.54
231680a7-8a64-4561-9b64-c1cfc0b26587,O2497,P45,2,488.83
e64eb3a8-469c-49df-85da-f16cfbc529f5,O2497,P2,2,153.08
7675f9a1-74a6-4966-a9a0-5bd4e04e9d5c,O2498,P0,1,29.14
2b826c16-1b18-4869-9b6e-bab50b719c8e,O2499,P31,3,92.64
62f6d75b-ce93-456b-b930-ef6abeecbd36,O2500,P26,1,251.1
eb79a84c-219f-49ea-8b8b-f9aaea904683,O2501,P21,1,243.54
7746c0da-b63a-4880-866e-cb2f0ee9e278,O2501,P13,3,195.01
f38a52a3-0ce6-45d7-95cd-04d9c93e764d,O2501,P35,3,199.25
4be79357-2bed-4229-83a6-65c357ba6933,O2501,P38,2,28.25
d2f533b6-efdb-46ac-bb21-ad4f428dd3a8,O2502,P34,1,23.19
a5240fbb-da4e-4e89-9d39-2ed51fd785c9,O2502,P49,2,16.6
2ab0fa6d-d69a-48fb-8465-91a36fa9432a,O2502,P21,1,243.54
0f8189d6-2730-46cb-997e-00a3191c6e18,O2503,P29,2,495.24
d74a5cba-ae7b-4ce3-b027-2d79c1ff9763,O2503,P30,1,469.52
8a3eee75-802b-47a5-9148-be290a383948,O2504,P34,2,23.19
a422f095-7928-467d-b743-cd8eae743ca3,O2505,P45,2,488.83
bdfe6db0-1dab-4e7e-8f96-1f460d94bc87,O2505,P27,3,329.1
fa243e36-6bab-4676-a4b4-70bc8397faab,O2505,P20,3,322.96
b7b54edb-b9fc-46b7-8c56-5609b8d16acb,O2505,P36,1,229.21
ffed51b2-1f21-49cb-873b-abca0aab5e2d,O2506,P45,2,488.83
66c12df0-8057-4053-ad68-b8c97b1590bd,O2506,P22,3,315.67
237fa98a-f590-49f4-ab40-d83d3e523868,O2506,P24,2,327.27
97e33c4d-77d3-4813-99e8-02456b3cffe6,O2506,P24,3,327.27
b50f8514-f9a9-41a6-9803-975d122cc512,O2507,P26,3,251.1
2f21b8e7-fa3a-42c8-abed-faf514c42dfb,O2508,P16,1,150.17
8acd6a4b-8588-40de-8d3a-f7dd8ee0f14f,O2508,P34,1,23.19
e006393f-8bcf-41a4-a510-9f38274cfb14,O2508,P32,3,205.58
60915f70-a9bc-4697-95e6-088fa80e73f2,O2509,P16,3,150.17
6a4853cc-2366-4150-8d15-f4aca3fe6080,O2509,P21,1,243.54
d6a8ee12-ce85-4a07-90f3-5e81814fac96,O2509,P37,3,344.86
ed0a6f70-e0dd-4970-bbd7-787df3184c8d,O2510,P49,3,16.6
df5e3f65-20f5-4b85-97e6-609d6d70ebda,O2510,P42,3,364.27
031016ed-6473-49fa-b295-a4ed144cf492,O2510,P36,3,229.21
2699126f-f93a-4186-a172-a6d7c3cfab9f,O2510,P14,2,30.25
4ca20157-6a66-485d-8f58-82196726c0b3,O2511,P17,1,165.71
d25e3fa9-5120-4835-a69e-311b462e2572,O2511,P2,2,153.08
4dec0d30-bd5b-4c39-9a81-f5604dd8c5c5,O2511,P20,2,322.96
3d7f08c0-309b-400e-85b2-e5834f5d4997,O2511,P15,2,17.14
fa053354-a9ca-426f-ac53-3e3a4036c42a,O2512,P19,3,318.26
6d73718e-06af-4403-88d5-b284e112851c,O2512,P47,2,397.61
f3f9d222-9798-489f-b297-a2b63e24e5d8,O2513,P43,1,451.76
a72ba428-9bae-4754-981e-1ed101090d7c,O2514,P41,3,227.6
21d91704-2457-4fe2-9034-5cba2a90342b,O2514,P7,3,40.44
edea6b19-6879-4cc7-a167-64a61e067781,O2514,P12,1,196.5
19449612-a63a-4eca-b658-2810b26b6fbe,O2514,P49,3,16.6
98c24b4f-ca12-4121-a2e3-4c133763336d,O2515,P47,2,397.61
b3b20bd8-4187-45a2-911e-42b112de22c0,O2515,P29,2,495.24
c3bfbfeb-f5f8-44bd-b128-e9c37818ed6b,O2516,P31,1,92.64
628f9ed9-9cd5-4fa0-adca-db29538c28c2,O2516,P39,2,382.01
39840ab0-396c-42f3-a7b9-fe1e0d16eb1d,O2516,P43,2,451.76
9847bef5-36d0-46fa-b5f4-55db6a43fb46,O2516,P26,2,251.1
e87ddba2-3520-4677-a879-373a442ae97d,O2517,P21,2,243.54
089192f4-14b9-4585-921a-24497691055a,O2518,P49,2,16.6
3cb6e03b-0ca9-4aac-81b1-aee6bc755127,O2519,P8,2,13.01
c6f37c6a-e508-4cf1-90fe-090497703392,O2519,P2,2,153.08
46d700ff-e0ed-47d1-94f8-8a71c2a2098a,O2519,P9,1,114.1
eb89e536-7e02-494c-a4f4-ab294853b751,O2519,P47,3,397.61
c3326a64-ec99-48bb-aaf9-ba9b14db6a0a,O2520,P40,1,61.97
dc706cfe-f948-4747-82d9-09437bed6690,O2520,P40,1,61.97
cc8c3c2b-9ed6-4e81-bc07-11214639c6b7,O2520,P20,2,322.96
c2a6605d-d901-4f75-a65f-7f559bc4d102,O2520,P40,2,61.97
339f65c6-6086-4639-a26f-c499a22ea239,O2521,P35,2,199.25
c067940b-f019-49bc-9d75-adc843096324,O2521,P31,1,92.64
6e606c7a-d6d9-4ca5-8ba1-22e95e2a8570,O2521,P19,1,318.26
a268e121-6b4a-48bc-8225-81193b520f92,O2521,P43,2,451.76
2a86563a-6d29-4d67-a2c7-54d9591e85f2,O2522,P22,2,315.67
2f2c633e-4bff-41e4-9a8d-f9ff58cbdbf8,O2522,P15,3,17.14
6feb4c2d-7293-49cc-8114-c7fc224555af,O2523,P30,1,469.52
51e8e1af-5b24-4abe-aaba-c13ea2c319d8,O2523,P3,1,210.16
4040bd5c-8a65-4a5e-af21-2cb009a76a48,O2524,P2,2,153.08
28e1b363-9866-4198-ae23-24f82895e29d,O2524,P34,1,23.19
df3e836d-3fb8-49d5-94ed-e9a856698803,O2524,P21,1,243.54
4ce4b27e-6f88-4429-9593-810547132465,O2524,P30,3,469.52
3008ae9a-72d2-411b-b711-0fe4abdbc6f6,O2525,P26,2,251.1
d4aba6b4-0cd0-417a-a10f-b2a0fcb61773,O2525,P28,2,45.74
bcd8a247-80d2-4a65-91e5-2d14e26275c2,O2526,P35,3,199.25
008eb8f8-186f-44a8-ac8a-c577c64dfff9,O2527,P33,2,410.57
b6b024af-2705-4701-aa33-a00a05165f74,O2527,P11,1,422.06
79ef748b-d008-472a-a58a-dc1aa2f4526a,O2527,P14,1,30.25
d9a8a7dd-8c94-49aa-b33d-6bb49cd6e582,O2528,P16,1,150.17
72c507d6-285f-45ad-9235-28897495a76b,O2529,P6,3,288.13
6596b53f-b8d1-45af-b659-f3cbcf26a99c,O2529,P9,1,114.1
e429bdb2-2870-45e5-b2c2-2a7ab6f7bfc0,O2529,P7,3,40.44
273ab6d5-2b1a-4fe0-8b2f-08f568dd8f34,O2529,P12,1,196.5
2b4e4984-6fc6-454d-8e6d-7877383f20e1,O2530,P48,3,51.12
b82780cf-627f-4705-9c98-29a0d4514d8a,O2530,P49,3,16.6
abd90216-cd2d-477b-9032-f485e0ffe0fc,O2531,P7,3,40.44
4f38d8fe-3d23-494d-afa4-27d3f42925fe,O2532,P22,2,315.67
339bc5b7-4808-44a2-9ec6-5ca29e5913fd,O2532,P48,3,51.12
d6676c49-9a92-4140-8da0-1bb41130ee7f,O2532,P23,2,218.14
1d67c809-2946-408b-9e7e-dcbbe604eb07,O2532,P36,2,229.21
3c413b3c-a0f0-45c9-ac79-1eb652584231,O2533,P48,2,51.12
7fcd5310-bd14-4c35-b33f-15e9eae0347c,O2534,P17,1,165.71
ca2cf727-c288-4e01-90da-624442141393,O2534,P45,2,488.83
c105c115-4ecc-47a8-a71a-7b55260f9755,O2534,P2,1,153.08
7c4cc672-61bf-4247-b4a7-6d911f97866e,O2534,P29,2,495.24
f8db9039-b755-4e41-a3ce-5a3488a9fb47,O2535,P47,3,397.61
2ef0773f-1654-4ef3-8c7d-9d342e0e3fb9,O2535,P48,1,51.12
e5a94e1d-4b25-42c6-af26-b052fa3265c2,O2535,P3,3,210.16
458a235e-8a9b-4587-b30c-f0f78e55d4bb,O2535,P38,2,28.25
ebb73970-ec0d-495b-abd1-41a5ef6ee575,O2536,P14,2,30.25
6854dff0-4ab2-4203-99fd-6744810a527c,O2536,P14,1,30.25
f35f72ae-0bec-496a-ae1e-c0c4a5dd9eb2,O2537,P30,3,469.52
796ebeaf-a4c8-47ad-a9e2-bbd3e24831de,O2537,P27,3,329.1
91e8c218-70e6-4eb6-9fba-312422616d71,O2537,P28,2,45.74
bf8399d6-c167-41c1-88e8-7bcbbd16f9b6,O2538,P9,3,114.1
793dff1c-2bc6-4e59-b553-4cdb1670cb9c,O2539,P23,3,218.14
e8baf53b-7b1d-460d-9dc9-52626aa19200,O2539,P38,1,28.25
72f070d0-cb4e-4010-acfd-b2be65410edb,O2539,P2,3,153.08
c60c0a17-7706-4364-995e-a7516a908ceb,O2539,P11,2,422.06
8d0d0ff9-aecb-4a23-9cad-c0d7f9ad695d,O2540,P44,3,165.78
111b5b60-9950-4d54-85e0-a5c43982acf2,O2540,P41,1,227.6
f75682c1-595f-4de6-8918-b2bd75f93b5c,O2540,P40,3,61.97
a67ca3d5-083e-4dcb-8289-8efef80f50d7,O2541,P41,2,227.6
c3c280d3-872d-4235-9844-2a07b9f3c54d,O2541,P22,1,315.67
838595c8-ee41-4974-9818-858aa49bf6bf,O2541,P37,3,344.86
62fed960-ac2c-4e48-8791-dff00bb2e168,O2542,P13,3,195.01
79bea786-25e9-4671-91ca-8afe4f1e1eea,O2542,P11,1,422.06
74ae702d-6e1c-4e1f-bee6-3eeb2af2039c,O2542,P32,2,205.58
4f8a373b-5f39-4811-84c0-6af24efe9989,O2543,P15,2,17.14
3417b003-3f5c-4edf-9582-c455f8c52d1d,O2544,P30,1,469.52
a3b185c9-8363-4cd7-9a9a-d65f60866625,O2545,P13,2,195.01
f8643de5-d1b6-45a1-8768-a36f7b92bb93,O2545,P24,1,327.27
835cfd18-7fa7-48fe-8ef8-fc9b329d51e0,O2545,P0,1,29.14
ab7fa9a1-4510-4e4c-9cff-cfa397259ee2,O2546,P15,1,17.14
daefe509-2228-4ad5-b0be-083cc2dbe592,O2546,P4,1,428.84
4518a235-ac9c-4c18-a37e-9508545c8a42,O2547,P25,1,204.24
719527b9-0260-44a7-bc51-96567319cc01,O2547,P7,2,40.44
fb2b648c-a2da-4773-974c-cbbff89114ac,O2548,P35,3,199.25
4e9a1fa9-5ab7-464d-b2db-071092eb7e89,O2548,P23,1,218.14
d4394cf6-1129-4872-bb08-09d4e9d6cd74,O2549,P12,2,196.5
81e278bb-5a47-470e-9f9e-a348000b45f3,O2550,P10,2,192.31
435d2417-599e-43a4-9906-54d842bbbcb3,O2550,P30,2,469.52
651a8aca-827a-4d3a-9e5a-1c7930cacecd,O2550,P34,3,23.19
1bfdabbc-9b14-4a58-ba6a-16bf9631323b,O2551,P3,2,210.16
9cfb047d-983f-4fff-b68a-ecc3e06c1034,O2551,P38,2,28.25
03699f2c-972a-4903-a635-641cf05ee41b,O2551,P37,3,344.86
039b4e69-2802-4969-b27d-91e1df1ee5b2,O2551,P15,3,17.14
ccde2c7d-533b-4f03-8341-02f0f5c6c547,O2552,P27,3,329.1
b89e72fe-821d-4f10-bec7-4c0deb271a79,O2552,P25,2,204.24
5711846b-d956-41fe-8b51-3941fe7878c9,O2553,P10,2,192.31
0f7e1198-48d5-4534-9b54-1caae533dd0f,O2554,P46,3,297.7
3bc559d1-c6ad-40bc-8e3d-8524b28b4f46,O2554,P25,1,204.24
739eb04a-e23a-49fa-926a-966e4f0408ab,O2555,P35,1,199.25
ca82dac3-75ac-4a29-a975-43119ada5894,O2555,P38,1,28.25
c189d718-d13c-4334-aa96-2be86bc064b0,O2555,P46,2,297.7
bf15347a-9e36-4082-bb11-1daf711dfcb8,O2555,P44,1,165.78
60710dba-90cc-484d-9c0a-6f77a246d6a0,O2556,P1,1,386.89
c19ab15c-969e-4e47-ad6a-6ca5f5ec6eae,O2556,P42,1,364.27
251df01c-d826-4ee8-8655-334bd6bb00e3,O2556,P45,2,488.83
ece201b3-7268-44a0-99d6-e8224a8d526c,O2557,P12,3,196.5
df0787c3-0e29-4b1d-985c-0592d23878f2,O2557,P47,3,397.61
74a41d6a-6103-43ea-b079-5c3bf6ca85cb,O2557,P11,2,422.06
21823fe0-1123-4991-aeb9-872c987caa25,O2557,P42,3,364.27
72504b19-8e10-4b42-92f4-348143d6f593,O2558,P42,3,364.27
8bfcb7c4-f3b0-4d7c-895e-d5d636de16dc,O2558,P13,3,195.01
db12f7a1-a474-42d9-abb5-5230eb5405a3,O2558,P42,2,364.27
43d441ac-35f9-4277-a8ca-cd1fb65ff702,O2558,P25,1,204.24
fd0b532e-61c4-47c3-9a97-e0a47e97e609,O2559,P10,3,192.31
07a095eb-58ec-43f0-ae94-53ea96429164,O2559,P22,1,315.67
ce6a41a0-c841-49de-9a60-2aa0210ba8fa,O2560,P46,3,297.7
4c22459a-6600-422b-9288-17abf6526bb3,O2561,P40,2,61.97
2537e5cc-9d5d-4a6d-a98b-58fd23cfec11,O2561,P9,2,114.1
b95c5898-977a-43ed-a344-b68e13cdbd29,O2561,P47,2,397.61
48f051bb-2b98-4ca4-863a-34e42aca05b7,O2562,P34,3,23.19
0f498cca-2fd2-44dd-9a55-5e7b2724284b,O2563,P47,2,397.61
4353db82-bb7d-4ffb-99d7-705df733918e,O2563,P45,1,488.83
a4438a6d-5e45-430b-a519-7b397ec33491,O2563,P16,1,150.17
533c712a-e923-48bc-a59b-1c25e5eabbb8,O2563,P23,2,218.14
886020af-b869-4dba-bfd7-92ba968741e2,O2564,P43,3,451.76
e21340e3-68ad-4a9c-a7d2-74270ec41159,O2564,P24,3,327.27
5203ec68-0bdb-4e12-b8e6-a41c3e8f0353,O2565,P36,2,229.21
6b15d0af-7d14-4f82-a7bc-cfc817a64dbd,O2565,P22,1,315.67
f49c5afc-4b89-4ea2-854e-575e4f62500d,O2565,P21,3,243.54
d0c347da-1b31-433e-9c82-a9062feb37b1,O2566,P44,2,165.78
c4cdb570-b2cd-4398-b2ee-26e26a472288,O2566,P38,1,28.25
805155c6-d47d-4eaf-ae7c-f8aacea7902b,O2567,P41,3,227.6
93af9572-d415-4de9-a13f-1a466fa45fa3,O2568,P34,1,23.19
9698a45d-4bef-4e44-a0f4-7a486733eeea,O2569,P32,3,205.58
831a8c2d-e21c-4a90-9179-ab747643ff82,O2569,P2,1,153.08
749f07fe-432a-481b-a3d6-ad0865e8ea91,O2570,P43,2,451.76
3abb6660-cba0-4ca3-887e-5d8054b6a338,O2570,P37,2,344.86
56722f38-ca21-4c25-9612-83b0c3135ae9,O2570,P23,1,218.14
57be099e-0b4d-470a-b544-281273e53f1c,O2571,P44,1,165.78
72b5e107-68ee-40c8-ac41-d3ab78cb0cc4,O2571,P12,1,196.5
c4b8b6b1-3071-4786-bdcb-75e42f8a6d90,O2571,P1,2,386.89
012fae89-2ccb-41a4-9188-55e17998be84,O2572,P11,2,422.06
89aa8a52-07ff-4597-a36f-e13fadfd8292,O2572,P25,3,204.24
9cff1f94-3fe5-4127-b49f-dd4b9f61ba1a,O2572,P45,1,488.83
c2381705-56a4-4984-9999-1c41277d04c3,O2573,P49,3,16.6
618a09e9-f209-4eb8-ace8-3efc2220ff09,O2574,P22,1,315.67
ac43b1ef-8515-4419-b99b-51851e9206df,O2574,P45,1,488.83
1bea63d6-ddc8-4e9d-a973-f3db0555b49d,O2575,P14,2,30.25
d07b70f1-07ac-4d5b-bb52-614023353eeb,O2576,P49,2,16.6
5b76310e-3e21-47e4-90c7-ab5f2f0280e0,O2577,P39,1,382.01
6213795c-d71e-4e2d-8e73-b7ccf6b03edd,O2577,P23,3,218.14
262c508a-abf2-4102-b1ff-e1146d729b29,O2578,P19,3,318.26
94870aac-b956-418b-a44c-8ba777a10796,O2578,P16,1,150.17
e6106260-e6dc-48c9-b99c-5294c1a6e6c4,O2578,P20,3,322.96
0c3725bc-87f8-462f-9932-953e61791d4a,O2579,P39,2,382.01
8ec4cf89-6044-4c5d-99a6-edbfaf3fca78,O2579,P11,3,422.06
35725de7-98b3-4079-aa24-f559996b30ca,O2579,P32,1,205.58
40a72569-b4dd-44d7-9a0f-2bd99b63fc27,O2580,P7,2,40.44
8192e805-02fe-48cb-9790-26ca409511ca,O2580,P0,3,29.14
da46d021-dfd2-4def-8eb1-c6d8890316d8,O2580,P3,3,210.16
5157a473-067c-468d-a19d-289a82251dc7,O2580,P38,2,28.25
7d771e69-9b3a-4fae-ad15-8f837e53fdd0,O2581,P45,3,488.83
f30fc140-9856-4449-90bf-244a10e125fd,O2581,P30,1,469.52
67ae120f-3dcc-4650-8105-f0434eb8318c,O2582,P44,1,165.78
b21a6f52-2a9f-4da6-9824-28e068fb8dde,O2583,P16,3,150.17
b1da4848-878b-4040-9bc3-9d30098f09f5,O2583,P25,2,204.24
e6468118-9164-4eb8-abab-1010dc6ce409,O2583,P46,2,297.7
4baed703-153f-4a9e-bb87-285e76964b67,O2584,P5,3,428.82
b274a7b4-fe29-4bbb-a31d-678de0f0b1b3,O2584,P26,2,251.1
d6389eb7-ea11-4be5-88dd-01bd86810f37,O2585,P10,1,192.31
5663531c-c2d0-4e15-9e00-d1a8f68989fa,O2585,P33,2,410.57
66cad0d3-53c9-40c2-8f6b-77cb8e53f83a,O2585,P21,2,243.54
0b2041d5-af27-4523-8933-ffc723adfa52,O2586,P43,1,451.76
ab916eb2-cd62-460a-83f7-1042f83de50c,O2587,P42,2,364.27
08323fbc-2267-4769-b3d8-2cccb8d431a3,O2587,P45,1,488.83
77c8166d-1a36-485f-8da9-58a7afd5d42b,O2587,P25,2,204.24
cb1c5069-26da-45f5-b292-05f9f4cba66c,O2588,P45,3,488.83
01464f0c-e077-4b76-a8c9-185670b33325,O2588,P4,1,428.84
a4bd17f3-f4cc-4d07-a5bc-12fffd4976e6,O2588,P9,1,114.1
3bbb107c-403d-4991-bda0-0809b7ca6645,O2589,P33,3,410.57
8fc39fef-0337-428e-a452-ae431707df3e,O2589,P33,2,410.57
07f69999-52f9-4b2d-b175-713451df9fc9,O2589,P2,3,153.08
a1aef60b-a8cb-45cd-9a8a-7c8117faa2a4,O2589,P21,3,243.54
8df99d2a-c100-49cb-b2e2-ea30ac08a61e,O2590,P35,1,199.25
cc61a42b-9092-4e4b-ba86-3171903c6338,O2590,P11,2,422.06
f0047267-5783-4b3d-b407-6cafd79c4b12,O2590,P45,3,488.83
4413d6a8-cf0e-4f98-b651-bc47fbf49064,O2590,P49,2,16.6
9aaa8670-e9d3-43d3-9191-6b9fb10c5470,O2591,P44,1,165.78
2ea16749-7a5b-4f05-97c5-e92108b63ddb,O2591,P21,1,243.54
821a6e72-8761-4c70-8701-48b806462524,O2592,P19,3,318.26
31f5f781-4e09-4762-b061-c96997b945af,O2592,P44,2,165.78
8acca932-78bc-43fe-bb4a-e2d1c8f7f75c,O2593,P23,3,218.14
95706737-ff25-42f4-bd04-269dc442abca,O2594,P18,3,164.27
0205c0ed-6524-4a92-bd9e-d290d4ef4941,O2594,P35,1,199.25
fe09b290-af11-4a2d-b74d-b86da6d5d257,O2594,P27,2,329.1
70134274-ebdc-42ed-979e-af2991c6088d,O2594,P16,3,150.17
8727bb1a-fe7d-44d6-94a0-51df137ee2a7,O2595,P28,2,45.74
debb2636-aaf9-4418-85db-84f4104a2e80,O2595,P43,3,451.76
f589367a-2b1a-48d5-8874-1f807983a037,O2595,P43,1,451.76
ce9ff7bc-a9c1-42a0-8174-2a2cfe5d5a73,O2596,P38,3,28.25
a9a9bafc-35f5-4877-acba-524bc478d01c,O2596,P22,3,315.67
63ea18a1-e235-4cae-a37e-f056de151130,O2597,P41,3,227.6
584ef443-dc34-40d9-8156-11d599ece169,O2597,P43,3,451.76
071af005-8bdf-46b9-beb3-d748b05843af,O2597,P48,3,51.12
6ae5d674-646a-42a9-8161-2b6f15552622,O2598,P18,2,164.27
54011e25-01c4-4934-b696-bfd8442b5b17,O2598,P24,1,327.27
08cf94b4-b5e5-4b13-b7eb-15cbbca7f952,O2598,P39,2,382.01
b6b9bb46-3a12-4cd2-bbb9-e1ce3cfa5684,O2598,P11,3,422.06
0efcb0af-2a2e-4d0b-9ebb-7063b82cc9fc,O2599,P24,1,327.27
906a95e9-6c89-479d-bc32-2c5cfc8e61d3,O2600,P33,3,410.57
bb92b86e-c958-4dac-af8e-fc040eb2f90c,O2601,P13,3,195.01
b66ff8b3-8f41-41ef-bff2-e501d54b9281,O2602,P29,2,495.24
541b5c7d-7f60-4d1b-8ae4-df62dd1c38cc,O2603,P37,2,344.86
d44cba4a-39c4-40ff-b94b-698fedc1e9c1,O2603,P15,2,17.14
980a1810-3b8d-46d9-a4fe-ca50b3a1ecee,O2603,P33,3,410.57
dc547434-b389-4a7b-96cb-d0089522d0ca,O2604,P4,1,428.84
8c277947-8b6a-42f1-8fc5-05263ffbaa32,O2604,P40,3,61.97
99192856-e232-498a-9f07-c287705a28a5,O2604,P31,3,92.64
3bbe3166-f88d-4ddd-b1c6-71f4d57ab259,O2605,P48,3,51.12
4a1e9f0b-4864-40ac-94b6-e399cccbb7d7,O2606,P27,3,329.1
617869a5-7a9f-4d89-aa73-68e4ccdc077f,O2606,P31,2,92.64
3105a757-2be2-43f1-abc1-dc3006e054e6,O2606,P23,2,218.14
844fbcd9-f013-4b60-a631-6daeb226f017,O2607,P21,2,243.54
ca3ee627-e14a-4a51-956d-8e22d86b405d,O2608,P36,2,229.21
eb38ffd0-87fa-41b3-a7b3-00df22732144,O2609,P2,3,153.08
4cc54363-cf6d-4823-bf7d-aad81770611d,O2609,P3,2,210.16
e1464982-415d-4cf3-9928-17592b57e4d0,O2610,P13,2,195.01
88479669-6556-4fb7-9131-0dc5fe68f6f1,O2610,P23,1,218.14
055ebf7e-5700-4d5c-8bf0-7cc0ff82c8fe,O2610,P6,2,288.13
4dad80f3-753b-4c19-88ba-6741d91b42ad,O2611,P42,3,364.27
8e2029c1-1df8-4504-ba3e-04bbac6aa38d,O2611,P2,3,153.08
bb9a3a73-4645-466b-ad6e-51665923d6e1,O2611,P42,3,364.27
176064b4-cd23-4705-addb-272acd703cad,O2612,P27,3,329.1
d5b6c507-5f13-4994-822f-30676fbcb3e1,O2613,P30,1,469.52
5fa9eb0b-f9bb-4e14-8aee-52d21009ddfd,O2613,P25,3,204.24
0e813ecc-b170-4bf6-94e1-37c1c0db2fa1,O2613,P34,3,23.19
f9890b3e-6308-4309-b4fb-bd0612b4d04c,O2614,P17,3,165.71
240a7b1f-33ac-40c4-97a3-c4bddb22bab4,O2614,P5,1,428.82
77800ffe-8a0b-4208-98ac-1e67183ff747,O2614,P43,1,451.76
1e2cde07-bb7f-4955-8c35-c2501c1f3312,O2614,P2,2,153.08
8f7f7f28-a867-438a-8b54-fe67fcebc0a8,O2615,P37,2,344.86
b92dae06-8253-475b-a49f-0c1de14f5988,O2616,P34,1,23.19
d2166952-2b07-4806-b0ca-3aa96f0921fb,O2616,P41,2,227.6
4c23c2cd-2485-44ed-9421-fb72fa66a246,O2617,P44,1,165.78
f5cbc49f-2329-459f-bdca-b44e5e5f145b,O2617,P39,1,382.01
55bcd944-ebba-4527-8871-fdc88df417b6,O2617,P45,3,488.83
aa2d27cc-3ab7-4138-a7d8-34a65273a05d,O2617,P18,3,164.27
80426442-6789-452c-bfb9-706399d2ccc4,O2618,P19,2,318.26
b456c654-336d-4494-b5b2-3c00db1b59fa,O2618,P31,2,92.64
065f14fc-cadd-4ff9-8ab4-de7f503b718b,O2619,P27,1,329.1
35a4a0e0-eb6b-45d3-bee2-2b21b858373f,O2619,P12,3,196.5
4928291e-a4c8-4537-9bed-c94edfc26ac4,O2620,P21,3,243.54
140dfec0-ee7d-4d0c-b6ae-b67133fc6387,O2620,P22,1,315.67
2015a2eb-4142-4c5a-92d9-4ffd2df68c1f,O2620,P49,2,16.6
bb34a70b-4468-4add-b541-fe4c6673d064,O2620,P25,1,204.24
c8a778ed-c722-4621-aabc-4b9d9bddd6cc,O2621,P41,1,227.6
3ea30315-5d2f-4c6d-89a4-c08d46319f52,O2621,P20,1,322.96
ff0f9f67-3bdb-4b36-aca0-a92cccf57664,O2621,P38,2,28.25
e6b8575f-37a3-4ee0-bd1c-a0db5cfceecc,O2622,P29,1,495.24
40034116-9f67-4994-bdf1-7d58de89bd54,O2622,P25,3,204.24
7a628c48-66fa-4010-91c1-a1479bec6af0,O2622,P45,1,488.83
49bfb605-d276-45d5-9b08-a5ec13f2a069,O2623,P40,3,61.97
6deb7834-306a-4fbe-bf38-aa49090e2df5,O2623,P27,1,329.1
a3aa3bcd-c55a-4279-afa6-70d6c7d6b096,O2623,P15,3,17.14
00a919a7-2257-40f4-a882-179391b7158c,O2623,P35,3,199.25
26a4f765-7a72-4243-a24d-62f0375b9a4c,O2624,P19,1,318.26
8d579bce-a1e0-4fd6-87c2-e4ced192e1fd,O2624,P10,2,192.31
18fb49e7-9225-4eb8-83e6-96a805fcaaff,O2624,P45,3,488.83
4fdc89aa-7f81-4624-9718-ad742036c026,O2624,P27,3,329.1
a07d9dd4-449a-4222-8953-de878290c376,O2625,P34,3,23.19
c22fd998-2f73-4b0d-876d-d0393542676a,O2625,P2,1,153.08
eec2cce1-487c-4cd9-9559-5c42bdc8d601,O2625,P1,1,386.89
ffdc50ca-403e-49ae-887c-ccdac4007837,O2626,P18,1,164.27
207d4188-68b1-432b-ae92-d19214f5bf65,O2626,P40,2,61.97
091336c8-6b59-4b28-a763-a707cb457031,O2626,P47,2,397.61
9cbe06c2-5120-4e8b-bb11-0e9bd5130af4,O2626,P30,3,469.52
8c3004ac-7d9c-4167-93a0-2cc0dc609912,O2627,P13,2,195.01
f88c43e4-af2e-4a1b-bc87-30d436972180,O2627,P8,1,13.01
4e0bbefd-1699-424e-96a4-7a6db89f8151,O2627,P2,3,153.08
f87f1ff0-08e8-4442-b2b8-12f926b362a6,O2628,P33,3,410.57
e92122e4-f4fc-4045-8f76-000ecbead3ad,O2628,P46,3,297.7
d681eb19-0ffa-4313-b2f1-796a4dac4071,O2628,P17,1,165.71
408c1a45-214e-4c75-adbc-baace52a3d56,O2629,P31,2,92.64
d9f35ef4-f121-4567-b0ae-d92c83008649,O2629,P39,2,382.01
c232bc3e-1275-47c8-a13f-adc45f17340a,O2629,P8,1,13.01
4b310b22-d8d7-4969-886b-21b65acdeb55,O2630,P3,2,210.16
0c76ef82-f0b3-4d55-a998-f92ddcc4ae7b,O2631,P6,1,288.13
72a9eea6-3a6c-4abb-b57f-7bb48c2d0de5,O2631,P14,2,30.25
86189c64-8cc9-4b2b-b574-efd125fe374f,O2631,P31,1,92.64
a0f6a0f3-a760-4489-b72b-22183ea4178f,O2632,P3,3,210.16
af3a064d-fe66-440f-8def-bca97af99147,O2632,P13,1,195.01
ddaa83fe-44df-41b3-b537-e056c917a8db,O2632,P21,1,243.54
a9be62d8-9137-4cc6-8cc2-137f2329603c,O2633,P26,2,251.1
3f669e5e-a594-4d22-ac8c-93b7915fe275,O2634,P35,3,199.25
68af5f98-8343-40b5-b4a1-52e238518d20,O2634,P5,3,428.82
dd062ced-2798-4dad-a482-5013bed2ef65,O2634,P10,2,192.31
6ae85890-093d-4dcc-adb6-a0e319a8a2b5,O2634,P37,1,344.86
12bae8c3-dd32-4c5a-896a-fe4b4de09fcb,O2635,P30,3,469.52
b57c7c4e-8dc1-4e68-a793-7156ff34524c,O2635,P23,1,218.14
58df4966-178b-4ca0-8d35-562c5634ca20,O2635,P45,3,488.83
615f201b-125f-4657-86c4-7b2b1bb67c44,O2635,P45,1,488.83
55f68882-30e6-4dd1-8771-c91469c7c22e,O2636,P11,2,422.06
f6c92397-0952-4ec0-9f05-8fa6afd1fe58,O2636,P6,2,288.13
01097861-34d6-4ead-a800-a8a266ba81fd,O2636,P34,2,23.19
11a7b38c-cf11-4968-b641-eb06c528c144,O2636,P32,3,205.58
7de8d24e-c09e-4906-88f1-a20ca0328f57,O2637,P27,2,329.1
965c41c4-aa6d-4e55-8cb0-7317a3b6cf5e,O2637,P17,1,165.71
54c20df2-d2b8-45e7-b8ea-8c05d360537d,O2637,P13,3,195.01
d7be3881-0457-498e-a103-8363cede8058,O2637,P0,3,29.14
d3d8a157-0e2e-4cba-89f9-9c9b3a815a8a,O2638,P38,3,28.25
de31436f-3ba2-4b1e-8015-2eeefca4715b,O2639,P12,3,196.5
95dc7a04-f168-4f80-80ec-05933155f722,O2639,P10,1,192.31
95575b34-ff75-44cd-a169-2490d3a04e32,O2639,P14,3,30.25
12de98d9-7d78-4943-9bc4-3c6eb5fac0fe,O2639,P21,3,243.54
bb5ebc21-646c-45cf-b433-91f6c029ea19,O2640,P29,1,495.24
8247b009-521f-452e-a43b-4e82067121ba,O2641,P12,1,196.5
9aeb5fda-8fde-463b-95a2-21657712c2de,O2641,P3,2,210.16
053cb131-8bc3-48f3-ae4a-b3c52885b9bc,O2641,P27,2,329.1
a6121fa3-6675-46bf-a85f-32384251e781,O2642,P16,2,150.17
993314df-a687-461d-a261-1a24e0ca5534,O2642,P28,1,45.74
e18fe9c9-a89d-48a3-9122-01ee2409b040,O2642,P34,2,23.19
c48e5ef9-690e-4918-a5f5-24045a6e5b81,O2642,P20,1,322.96
9fae3cda-5a05-4449-aef2-3253276ed245,O2643,P4,3,428.84
95c78bf6-fa97-4983-a946-8b1e20e46b98,O2644,P14,1,30.25
068e8e4a-4864-455d-818a-514239ad8256,O2644,P18,1,164.27
faf81340-cafe-413e-883e-de72d3065536,O2644,P18,1,164.27
3c373429-dbed-4172-b8e8-5a2e796ba99d,O2645,P30,2,469.52
2002046f-2677-4937-bc14-6c85a4547ebf,O2645,P4,3,428.84
c87cf669-66c0-4f66-8835-033ea78d03bb,O2646,P42,2,364.27
d27731c7-7449-4584-b4c4-1ff0f5fd836c,O2646,P21,1,243.54
9377391b-5bda-4db9-a783-1e565aa5054b,O2647,P32,3,205.58
d59192fb-1698-4125-aaac-c0bc3f1b88f6,O2647,P39,2,382.01
88ab7be4-0fc6-4f82-ad20-2a2362c75100,O2648,P36,1,229.21
018330d6-d983-4667-ad67-f42c45527407,O2648,P15,3,17.14
1085c34c-b9ed-49d2-a4e2-50bbfe6f51a6,O2649,P24,3,327.27
187848e2-8020-46be-91e8-eadd32fbc5c3,O2650,P16,2,150.17
3a4592d0-5dfe-4816-a62c-8b5bfc6c1f27,O2651,P4,2,428.84
492a9334-7271-4102-a6fe-dfccc8590278,O2651,P29,3,495.24
2d9ed9bc-627b-445e-a748-db004a766a9a,O2651,P49,2,16.6
02cc3d28-1157-4419-9903-4b2a8345da56,O2652,P32,2,205.58
4a79c622-0dbf-4cbe-afa3-6e307b5b8839,O2652,P4,2,428.84
2c39a5e4-5af4-41f5-9f84-abd30d4a82c7,O2653,P20,2,322.96
d80cbf90-3426-4b78-b4a6-08988d9869aa,O2654,P28,3,45.74
3a814235-aa60-47a3-a5b1-8d06f3b1d1d3,O2654,P13,2,195.01
91efd018-d85c-4f62-9f3a-eaae380c47c9,O2654,P35,3,199.25
1def4a74-ccba-44b6-8fe4-d07db875d164,O2654,P33,2,410.57
352a1843-f59c-401e-a2e3-4ad0213f9165,O2655,P49,2,16.6
997f1065-085e-4a14-84a9-8d5d833f3495,O2655,P47,2,397.61
0c80c96b-dc5a-4a77-9e7a-3cc4fe82bb55,O2655,P36,1,229.21
8ce0b522-f68d-4c22-8fd9-f650e24df6ae,O2655,P31,2,92.64
4b9a6fe5-db9b-4021-8934-1ebef5771a96,O2656,P19,1,318.26
8f465975-f5af-4ea9-b3f3-7c1442b50380,O2656,P38,1,28.25
22ec48e4-38c4-497d-9f23-bb2e20a776a1,O2656,P18,1,164.27
f0de5a6f-cc9e-4888-bd9d-d37e6783082f,O2656,P27,3,329.1
313baa3d-f2e7-4411-a4ec-7aad6c77ac82,O2657,P2,3,153.08
e0e702dc-fc40-4d85-a280-789909a8a6e9,O2657,P32,3,205.58
e991ded7-60c9-4fe1-8da6-d5672ce30bab,O2657,P29,2,495.24
3eda25a9-497e-4efe-98a2-93708ee10526,O2657,P31,3,92.64
09c3ac40-42f2-4d22-894e-18186c628b10,O2658,P18,3,164.27
994d527b-9194-4261-a4eb-634027d77ce0,O2658,P37,3,344.86
b7ba5dae-ed68-445f-ab2d-984ac97885ee,O2659,P17,2,165.71
5a1ab369-d8bc-4d18-9547-cf563328436b,O2660,P2,3,153.08
f3b24e4b-46d9-4348-a68b-6e7f7c0dfa22,O2661,P34,3,23.19
a82b6394-6c87-494f-a9b9-3a0b1ec13d52,O2662,P25,1,204.24
bc3f8f98-120f-4480-9698-52669e067f18,O2662,P31,3,92.64
30520d6e-85d0-4d6a-90eb-5a77199ef8ec,O2663,P39,1,382.01
4c520f06-e75e-42fa-aa73-2b9975e7a1af,O2663,P26,2,251.1
122e6db0-9d21-4476-b16f-e572617b668b,O2664,P37,3,344.86
4dc359fb-4117-474b-bc27-083b96c03235,O2664,P7,1,40.44
fc5b3315-bcd8-47f2-9e73-5702d4ee1216,O2664,P8,2,13.01
5ee702a2-ef8a-494c-8b7f-a1168f52393c,O2665,P17,1,165.71
7a159d45-b274-47bb-b29c-5f7f029a2a01,O2666,P22,2,315.67
fd44239b-6110-4132-8c7a-1262d62b01e4,O2666,P33,1,410.57
b4c1bcee-edfe-445e-863e-75406bd88dd8,O2666,P22,2,315.67
122afde4-5bd6-4c46-b36f-9fee4c12f4d1,O2666,P34,1,23.19
ac339967-b08e-4dc2-afcd-65825516a679,O2667,P47,1,397.61
30bb1f0a-666c-4a7c-a511-f6ef00534add,O2668,P37,2,344.86
46b21779-edf5-4f95-a951-415df0c2caf6,O2668,P3,3,210.16
8b927399-11ec-408d-a99e-2b8ee4b58ec5,O2668,P28,2,45.74
adf47d79-c2a6-4c85-b450-fe1de5e56c23,O2668,P19,1,318.26
9cba5c7a-1526-4cc1-a0db-167617416cc6,O2669,P45,3,488.83
30916ed8-9327-42c0-a043-ebe1e54dcb30,O2669,P41,2,227.6
54aa6bd1-c530-45d2-84cc-a8a9d4695067,O2669,P26,1,251.1
e268513f-d02f-4c5a-ae9e-77df94cd68ea,O2670,P17,2,165.71
88f0aad1-c788-4f90-99c8-1f9655f36ce2,O2670,P43,1,451.76
a20fd71b-6621-457b-9227-027d87368ec0,O2670,P31,2,92.64
b5acd69d-5d75-4763-8b76-12bf9dcbd8e0,O2671,P28,1,45.74
b08df0ab-9c1f-45cb-8e94-ff97ec2ce1aa,O2672,P20,2,322.96
a0e5e146-43a7-4b89-8d27-59e506c67088,O2672,P17,2,165.71
1b9e07c2-3280-45db-975e-a7c56e1146d0,O2672,P0,3,29.14
39edaa4d-97da-4639-b48a-1998e298e7a7,O2672,P6,3,288.13
36b1b6e1-4951-47c6-9c3d-93f33d212ebe,O2673,P8,3,13.01
23cda6b8-47b1-40be-b379-e204a4aef6d9,O2674,P47,3,397.61
70f684f7-c952-4712-9563-25e6a5cfdb00,O2674,P38,3,28.25
31731e58-33af-411a-8403-3112f7341bd1,O2674,P40,1,61.97
7c61ab9f-438b-4fff-971c-f242cfe8998f,O2675,P32,3,205.58
019fa7ec-1984-4841-a5a2-612d7878f4e4,O2675,P16,3,150.17
f2d80c7f-2641-4903-89f0-d2c3b528ae8f,O2675,P19,3,318.26
f96c2f38-9352-445c-8886-edca54924bd2,O2676,P22,3,315.67
72270150-9084-4410-8347-81465e5734d0,O2677,P8,3,13.01
060197a6-36ff-449c-84fb-97ef87fb950a,O2677,P36,2,229.21
e95bda46-2a5b-4020-afbc-387772929667,O2677,P4,3,428.84
0ac7178a-e6a2-43c4-91f1-e4276b0e93ef,O2677,P47,3,397.61
2eba3023-8540-47b9-9a03-241e6b936343,O2678,P9,3,114.1
7c26687e-9d69-41c9-ae14-0b28bff1c23d,O2679,P29,3,495.24
32ec731b-b577-4563-8077-625bdb6e6768,O2679,P14,2,30.25
b9096a13-91af-41bc-8735-b2c1e5933f87,O2679,P9,2,114.1
385d7686-369e-4d47-a47b-3dd290d58a5c,O2680,P15,3,17.14
f3238c38-5f85-452d-a172-595e5b7a5f5b,O2680,P16,2,150.17
92a378d2-e1b5-44c5-808f-41ea0692ad6e,O2680,P14,2,30.25
edf5583f-d11f-477c-87e9-76761297b97b,O2681,P42,3,364.27
b0e77a55-59c3-4461-bace-8daf8eee3c34,O2682,P15,1,17.14
a495ff5a-1586-41d3-9493-7eeb1bc4ebf3,O2682,P27,3,329.1
d0c93295-b518-45ee-97b4-e0defddfb17b,O2682,P47,2,397.61
1c716fef-f42f-4965-ab17-b7e0953bbad8,O2683,P14,2,30.25
93fc8266-5d1f-447c-b675-132c8b3865de,O2683,P46,1,297.7
309339d7-ace8-427a-a295-8ebfd87ed33e,O2683,P36,2,229.21
cd5806ac-d385-4e14-9074-66f5e5c08be6,O2684,P35,3,199.25
2016d555-b1a1-4ce9-b608-76675e92e6a0,O2684,P12,3,196.5
a7bad3bc-fa21-4935-8fb5-91444a9f0525,O2684,P13,2,195.01
667fee4b-a6cb-48e3-97a1-06bffc818815,O2684,P27,3,329.1
14cbd535-2c66-45e8-a5d1-cad8df6300a0,O2685,P22,1,315.67
a39474ba-ff37-463a-b479-c35722609483,O2685,P13,1,195.01
a6821ba0-7899-4198-bc42-a565ba3c60e2,O2685,P30,1,469.52
8f5be473-9060-4004-9ffa-8122e9bdbb9f,O2685,P33,1,410.57
46990f16-072a-442d-8bd3-dd788750e44f,O2686,P40,3,61.97
0e47cc49-e5a2-4522-9152-c5f1e68de94c,O2686,P46,3,297.7
d1d55789-cd22-49bb-a968-c35e84cc7370,O2687,P13,1,195.01
8d7fde1d-506b-484d-9a7e-2c6060b13dd6,O2687,P29,1,495.24
915a2a08-1d0d-4a82-aa0b-1eb7145bb9b8,O2688,P47,2,397.61
1d2d1346-d16e-4b8a-ad1f-91193148a232,O2689,P46,2,297.7
a744cd68-2cd4-4bed-9493-9f7f1725d65a,O2689,P19,2,318.26
518be1f9-ea84-4653-b6dd-ee1f1288b38e,O2689,P1,3,386.89
f0fd958b-9619-4cc8-a6e8-7bfc1962e600,O2690,P39,1,382.01
31a19bcc-0340-4d7a-a51e-a312842034e3,O2690,P27,1,329.1
60fd480e-69db-4775-aa3b-ac0d7f9d24e5,O2691,P42,1,364.27
03c304eb-095f-4105-8396-c6f46e9058cd,O2691,P8,1,13.01
1255f1f8-4f7b-4edf-b5f5-788a89cee358,O2692,P36,2,229.21
c8e90443-260b-4284-aaf6-5a6e03ddeb27,O2692,P39,1,382.01
4fa79e17-5e6e-486d-8deb-42b35be56169,O2692,P49,3,16.6
704937b6-12af-47d7-b438-99b588c9fc4f,O2693,P28,3,45.74
d23687a5-911b-49dc-8a7c-56431e44eea3,O2693,P29,2,495.24
cea662cc-7be3-42ef-9563-a01e631cea1f,O2693,P8,3,13.01
a25de12e-d1c9-4782-bfec-b09c17a65b77,O2694,P34,2,23.19
a3408933-80d3-4acd-b4da-2affc0278c7d,O2694,P23,2,218.14
7963d8b0-43d2-4925-8b86-b620ef448214,O2694,P22,2,315.67
d3cc033d-4d76-4130-8dc3-bf0981e0ec4a,O2695,P10,1,192.31
6fd2b3f9-373a-43fb-bc2c-d58611f7928a,O2695,P17,1,165.71
136ee5f1-da0e-411c-a09f-d4792b85affa,O2695,P13,3,195.01
f3559775-2128-4a4b-b08d-33db5528bada,O2696,P48,3,51.12
0c5e846a-675d-4f04-8672-dda80f59c40d,O2696,P15,2,17.14
9679c844-6a43-4c42-9584-0f3c478c59a8,O2696,P24,1,327.27
9bce8690-72d2-44ef-9dd8-b223f81ccdc5,O2696,P37,1,344.86
5c1f370b-5861-4ee5-a46d-7a791026c34d,O2697,P37,1,344.86
240ca42a-8f6a-4fdb-96af-07b49ddf4711,O2697,P30,2,469.52
e0a1fb30-0112-4f86-99fa-679eaf8bebb0,O2697,P4,3,428.84
0468b948-570b-453d-9633-f4dd2bdc57e4,O2698,P45,2,488.83
d4733c09-c33d-45d6-8a14-fb526dd68c89,O2698,P2,1,153.08
57ade42e-bfb3-4ce7-95da-51c38445c77a,O2699,P29,2,495.24
d476353d-5509-44a8-9655-9a358b3e760c,O2699,P11,2,422.06
32831345-93e0-4dc7-bcf3-6583b96ed20e,O2699,P49,3,16.6
67697770-65e5-4594-83ac-b2a826d72849,O2699,P16,2,150.17
c8859b19-788e-476a-aa30-815589f489af,O2700,P42,1,364.27
abec51ec-a60d-447a-b144-bc2b84bdcefc,O2700,P20,1,322.96
1762eec8-c0d6-42da-b953-5639fd08bedf,O2700,P15,3,17.14
5a0154ba-0258-47bf-b62c-049f4c858c11,O2700,P31,3,92.64
12c5ec5d-bdcb-41b9-b40e-03992578026b,O2701,P14,1,30.25
67500fb6-f5ca-4800-9ae7-78efcdaf2633,O2701,P33,2,410.57
84240f82-0459-4543-9a5f-9d0e7c9ff797,O2701,P17,1,165.71
8aa5656c-f611-4c4c-ae17-29791c1e6447,O2702,P19,1,318.26
72d5cff9-00b3-4270-abb6-5c66db730112,O2703,P36,3,229.21
bed096e0-59ce-42cc-a780-3d1a0a3cb025,O2704,P46,1,297.7
743164a3-fd1b-4d6f-a659-114ba9aafad4,O2704,P39,3,382.01
28cd266f-f268-4cd6-866c-2853d0d02e8c,O2704,P10,3,192.31
c124b64e-2c1f-4967-82c5-2555e5173b33,O2704,P16,1,150.17
87666f33-b463-4dc1-915d-46088e0dc438,O2705,P26,3,251.1
7468c822-8f2a-4c84-81e9-cacc61423ce3,O2705,P3,2,210.16
c58cdb1d-25d6-4dcc-9e37-aef8a4da3dd4,O2705,P3,1,210.16
f7b50d2f-3f8a-4e3d-afeb-d1269643a30b,O2705,P27,3,329.1
e5d59c46-25b4-43b1-bfa5-140dba2be9a4,O2706,P33,3,410.57
65c3f5bb-e6d0-4149-9115-1410ec1ff9e2,O2706,P8,3,13.01
a1b3b29d-aec7-4222-a408-19d76442f4b2,O2706,P31,3,92.64
40c7838b-ca9e-4dcc-b86b-253089250f86,O2706,P7,2,40.44
a8932c02-9095-440a-b861-0a87d0ef6117,O2707,P11,1,422.06
7ea614d3-0409-480c-ac2f-0713dcb9cf3a,O2707,P19,2,318.26
7ee6872f-a41f-4721-879f-01327da3c9fe,O2707,P9,1,114.1
8c6902e2-088d-4657-baa4-4a4657a00acf,O2707,P37,2,344.86
16f83eb5-48a0-402a-9652-e0c4e42ec39e,O2708,P15,1,17.14
12edf5fe-cbf2-4b22-9546-2a397dc41016,O2708,P3,1,210.16
93458b9e-b528-4843-b423-2570925ea88c,O2708,P8,1,13.01
cd6d6a07-7c01-490b-8268-ff09296b3c1d,O2709,P42,1,364.27
2131fb19-9925-4eda-adba-6d563cb1dbea,O2709,P45,3,488.83
23621f4f-997a-4d46-8029-c7b416a6030b,O2709,P14,3,30.25
9ca12e89-0cbb-4a0a-b89f-fb739505b4a9,O2710,P17,3,165.71
1824115a-8a46-4a51-9573-1374f015141b,O2711,P14,2,30.25
d31644ab-e2e1-44cc-9886-a9486a325123,O2711,P2,3,153.08
54761ba3-bf9e-4547-8eb0-6abb2901502c,O2711,P3,3,210.16
92abd9fe-f607-49d0-a552-8cc527032aab,O2711,P5,2,428.82
e2a3512f-34e9-4b52-ac13-bcaf61831224,O2712,P33,1,410.57
20c202cb-aa4e-4db5-b602-2683c4db5ec5,O2712,P35,1,199.25
c1acdaaa-ed42-4018-b94f-d110955c49c9,O2713,P45,1,488.83
e2a6d030-f4eb-4ed7-a185-101d62293f81,O2713,P46,1,297.7
4abb4031-bcf1-4659-8032-5b2109f0e2c0,O2714,P1,3,386.89
7233d541-3d28-4a50-ad14-78a04ce044ba,O2714,P31,1,92.64
671ba3ca-75f8-4096-9632-d000c9d791d5,O2714,P9,1,114.1
f5e48485-7aed-4555-9840-d90ff3326bc1,O2715,P6,3,288.13
b08dde67-6f52-4e35-823c-802df6e6fdb1,O2715,P27,3,329.1
5c75c012-29c1-4c16-90e5-46c268235e48,O2715,P44,2,165.78
743437e8-8b42-4ae5-b2b7-d590a9c6efdf,O2715,P37,2,344.86
744f9111-59a2-446e-85f1-c87990304b15,O2716,P25,1,204.24
074b3335-b8e1-4484-8607-d8616f760cf4,O2716,P0,2,29.14
c181a1f2-10d4-4d2e-99e0-bb3ae27ccb95,O2716,P47,3,397.61
a3d9c32a-1c3d-4a8e-bf9d-2245afd82891,O2717,P33,2,410.57
76d01705-7945-4385-b716-832afbcef10e,O2718,P41,2,227.6
fe230629-8d3c-4142-b62c-2e94e5f60806,O2718,P36,2,229.21
439e73fc-6f8c-4d7b-bc70-a6158979df56,O2718,P2,2,153.08
3f574959-db3b-4ece-ae19-59e7dec36110,O2719,P24,2,327.27
1f6669bc-6e4f-4f41-8ff1-fa98222c4bbe,O2719,P28,3,45.74
f971e536-9249-4aab-9bcc-9ee1395c4aba,O2719,P38,1,28.25
749f0fb1-bc77-476a-9414-d4fb026aff78,O2720,P9,2,114.1
02822bf1-ec3e-4593-807d-b06e06b7177e,O2721,P5,2,428.82
0c36a29f-0c18-4162-8249-b9f2cf3a108c,O2721,P24,3,327.27
867a8081-2dee-43c8-b2fb-c2081f84cf37,O2721,P12,1,196.5
da79bc0d-641c-49b6-961e-37533f8458e6,O2722,P17,1,165.71
ea71a8fa-d54b-46b5-b1a8-6b1f8f30aa83,O2722,P36,2,229.21
ad9aa81b-1344-49d2-a9b9-a610228b26f4,O2723,P26,2,251.1
bd4ad146-110a-4dca-bcaa-7b7c95b75b7c,O2724,P30,2,469.52
66e028a5-0c50-44f1-bdfa-4931044bd73c,O2724,P47,2,397.61
d1b8338e-f597-4f9d-a0ae-78e600af8c26,O2724,P17,3,165.71
14443903-830c-4403-89e9-eaca43b72b97,O2724,P15,1,17.14
e1312ea4-2dbc-474d-9565-548cc46eb409,O2725,P0,1,29.14
529e4638-ec52-49af-8ff0-b12c4bb25139,O2726,P20,2,322.96
cbea5caa-f9ba-4016-908b-8981b31834c5,O2726,P29,1,495.24
dc0f555c-0d94-4077-b5c0-504a6ddcf94c,O2726,P49,1,16.6
b67a8061-8157-4a9c-a65d-92d57658cc57,O2726,P5,2,428.82
dedc0192-58c1-49b9-a3e5-137952ebc7a2,O2727,P14,2,30.25
99d12560-2680-4170-9abd-98b7d44a89d6,O2727,P10,2,192.31
697b3802-0631-4470-897c-dcaf8f376b69,O2727,P9,1,114.1
7a75c1fe-3587-4164-a795-daf0d7afd83a,O2727,P6,3,288.13
7c6e4631-08c0-4c18-a61f-b6848c25df56,O2728,P19,2,318.26
f291f276-66e0-42a8-8ea0-7d77c721bdec,O2729,P42,3,364.27
f217a413-c027-40bf-9ec0-e94eac16442e,O2729,P32,2,205.58
99338932-8477-49f0-aa7f-846fe97bff73,O2730,P28,2,45.74
cdc99d3b-1125-4bf5-a4ac-6070dd07d47e,O2730,P36,1,229.21
094423d5-1172-4361-bf6e-ad20b76264de,O2731,P20,1,322.96
d638b655-402c-4dd5-b0e4-559afd9a90ce,O2731,P20,2,322.96
7d111131-6e49-4e0f-abb3-3a8ba30deb2f,O2731,P36,3,229.21
4220d737-b006-49bb-a8ed-427948fce79b,O2732,P18,1,164.27
81ade330-9932-47b5-9099-d89c16df552b,O2732,P14,2,30.25
609a9fc0-6a54-44ae-ad9d-fe158f6d69ba,O2732,P30,1,469.52
7a418bbd-680e-4ee9-957d-438a9c5246c9,O2733,P35,3,199.25
badff9ac-d6c2-4c29-9d2c-35459dec13d1,O2733,P11,1,422.06
899468ab-a911-492f-9696-d388d7dcaffc,O2734,P23,3,218.14
c2ad013b-52a5-477a-8a75-51fd8d8ad2a3,O2734,P17,1,165.71
bf31c56a-d545-4874-be1e-cb92705443f8,O2735,P13,3,195.01
87b3a965-9889-4040-8928-b53330e2ebd1,O2736,P7,1,40.44
0f48efa4-e3ab-4082-a744-77ef226c11f9,O2737,P23,1,218.14
0892fdf0-c32a-4b4a-8f2f-0d11843a7ec8,O2737,P38,3,28.25
2f55cb33-1111-4a80-bd86-0df32e19d717,O2737,P25,2,204.24
6202e9a2-5bda-4da6-91d6-fb6da85930bd,O2738,P26,3,251.1
6f030930-0172-4aa3-9557-528f023f727c,O2738,P16,3,150.17
df1bfb7a-fed0-4721-b484-61564f4f9bb5,O2738,P39,1,382.01
9721dffd-8ff3-4921-99cf-b2b639fb59e7,O2738,P37,1,344.86
b62d0c49-b69d-47eb-8f02-5b1891b80faa,O2739,P10,2,192.31
3e5dacdc-cdef-4545-a0a5-0b603a13f937,O2739,P38,3,28.25
a8a4ee5f-1d24-4a58-a08a-1e431c480e8b,O2739,P24,1,327.27
49e24b56-9972-4e36-bf76-5dcf19243d8a,O2740,P22,1,315.67
87e4e4f2-2936-4fd5-8894-a5d1915a1c71,O2740,P6,3,288.13
4294d5c4-7339-4eea-a96c-d8d029cdb65f,O2741,P3,1,210.16
02846517-314b-4854-82b3-7179ddb4c9df,O2741,P22,1,315.67
907e72ec-299e-486f-9da3-890b0e262ab4,O2741,P39,2,382.01
cce6d4e1-054e-4ab7-afe8-f1e32338b8c9,O2741,P41,1,227.6
647e3374-6933-4f6e-82fa-c286c15e66d3,O2742,P36,1,229.21
b7dc5740-f88f-4ed2-9a61-3bebb4035615,O2742,P38,3,28.25
53746e38-894c-43d7-a49f-c5f5c15968c9,O2743,P3,3,210.16
ac80b751-07c5-467b-8e44-f336ea167b83,O2743,P35,1,199.25
24150d23-7025-4075-8596-95fae506c19d,O2743,P23,2,218.14
74e381fe-4c0e-4191-ae93-fe00a19c10c0,O2743,P31,2,92.64
df99e146-c4bb-4b53-a3c3-1ee682c0a3fd,O2744,P46,3,297.7
cad90c00-dfb3-4ff3-bfed-dd1787f25279,O2745,P39,3,382.01
415b6a5d-57d2-40bc-9586-37977a7e4225,O2745,P16,3,150.17
5b94c904-d803-473e-a83f-cadbbc5d13ed,O2745,P11,3,422.06
da995156-efa8-4e32-95e0-f397a9167ae0,O2745,P48,1,51.12
7ff8f2e4-6585-4b8b-96ea-78c2292d739f,O2746,P45,1,488.83
3ec6a122-44ad-4e17-872d-d08cbb2a603a,O2747,P6,1,288.13
8a3156c6-45da-4439-a59c-1076e1a922b4,O2748,P34,2,23.19
6ea833b1-a05c-4a0a-9925-c921801edd51,O2748,P10,1,192.31
eddf6a34-1018-49bb-bbca-bebc5bda9ece,O2749,P6,1,288.13
868a88c4-5187-48f3-8766-a19b24960221,O2749,P5,3,428.82
92ac94a5-a31c-4a04-ae4a-d584d3315c85,O2749,P21,1,243.54
5b43cf59-0a51-4750-98f1-1e3241f8252e,O2749,P20,3,322.96
643446a8-8300-4967-a8ef-63facb886221,O2750,P20,1,322.96
344db982-08e1-42d0-850d-b6aaed1d8ac6,O2750,P41,1,227.6
84483d17-30da-4cd4-9c28-1c532bad9e81,O2751,P24,2,327.27
c37102c5-9c1b-4226-8048-f4a437640ac9,O2751,P43,3,451.76
3af1f5d4-6479-4d02-80d8-fb010647ef69,O2751,P24,3,327.27
2075bc20-53ee-444a-ab1a-1850a547c0cf,O2751,P2,1,153.08
a50bde4c-f32a-438c-808b-917ff7b3445d,O2752,P22,1,315.67
a747e633-925a-48bb-90b6-b219da0fbe17,O2752,P12,2,196.5
c52cc407-7f0b-4820-82a7-55bc976d7011,O2753,P27,2,329.1
a6c36d14-84b6-421c-87d2-3f7463fec749,O2754,P9,2,114.1
781cdb36-6a75-406d-872d-065e432dc010,O2755,P9,1,114.1
9eace7b5-5fa7-4e55-bc2e-3aa39a24481f,O2755,P49,2,16.6
8dddb5d7-28dc-444d-b64b-8255822999a2,O2755,P22,1,315.67
85554201-99f8-4c9d-b9fc-adca99ca60d6,O2756,P41,1,227.6
0b0a2ac7-a88a-41e0-ab31-073c93e113be,O2756,P5,3,428.82
64d66c0d-9800-4f18-b019-f8ddcf1b8dae,O2757,P42,1,364.27
7e3df70d-bbac-4ce2-89cb-f97198a85091,O2757,P20,3,322.96
267ea136-e2c0-475a-9ff2-dbc1c3fd151b,O2757,P40,1,61.97
782b9331-e91a-418e-9536-0f187767c78c,O2757,P40,2,61.97
3f65a49d-3999-4122-a20d-005995682fbc,O2758,P2,2,153.08
b9dd569e-bc55-403f-aa36-c8c9064bad77,O2758,P12,1,196.5
ba120118-96e9-459a-aac1-b96d2602cf58,O2758,P18,1,164.27
4478852d-ec79-43eb-989e-adca968eafff,O2758,P28,1,45.74
e276dead-025d-46e1-8194-b7e98de0f7f1,O2759,P13,1,195.01
c8d6b6bd-6c79-46a1-b852-4dec4a214a83,O2759,P17,1,165.71
f1e1a375-bc7f-4dc6-92c2-0bf69f504053,O2760,P47,2,397.61
d77c4999-be4a-47fe-aabb-f7672f66e0ab,O2761,P45,1,488.83
216429a0-2ce8-4a53-b31d-78b6250da1d1,O2761,P1,3,386.89
1a3128c6-560f-42b4-956c-a07347961cd4,O2761,P43,1,451.76
40e8b158-922a-44c0-b8b0-f19e29b7328a,O2761,P18,3,164.27
437ca4d5-8201-4e56-a5c3-849a4f2bbc40,O2762,P11,2,422.06
5577f032-4c52-4f5d-9713-b7700d732ef0,O2762,P48,1,51.12
619bf819-dc95-48f3-bbfc-4de53edaf70f,O2762,P39,2,382.01
945af89a-e20b-4f45-b30f-fe314c352575,O2762,P13,2,195.01
93f43028-aef7-4c7e-8fb6-e464d44daeaf,O2763,P30,3,469.52
2bf7875c-ab40-4289-a487-110991907e34,O2764,P24,3,327.27
ccbf13be-fa31-41d5-b923-2696098847b5,O2764,P24,1,327.27
1197a6f4-a01a-4f80-94dc-e2ceb6e37e8f,O2764,P8,1,13.01
cb4dd57d-2117-4100-af89-72af7e61640d,O2764,P1,3,386.89
ac0bcc80-2ca0-4615-b130-cd8dd23afa0f,O2765,P18,2,164.27
28cc80e5-75ba-4d37-b65e-dd76ce7c63a2,O2766,P24,2,327.27
f99bf44b-891f-4de3-9c2c-93ef0960f76d,O2766,P25,1,204.24
97ee0f98-6f3b-421e-92d5-3b9c663a14eb,O2766,P10,3,192.31
aa2403d3-22d6-49db-a006-c7bcd97efedc,O2767,P26,1,251.1
bc6ca4ac-500f-4cfa-8d76-c94e6a2af06e,O2767,P42,1,364.27
c902a5e2-acea-4329-bac4-e7904ce5b9f6,O2767,P22,2,315.67
733b325a-3093-425e-b84f-13523fa71835,O2768,P27,2,329.1
dd6f5121-dd23-4df4-9696-53ee62c83d73,O2768,P25,3,204.24
62d94d21-4811-4f67-851c-e00138229a21,O2768,P2,1,153.08
bfa17a9a-93fa-4590-ab65-587d99e41444,O2769,P34,3,23.19
6b226645-3bfd-4cee-b2c6-a057bb4f62be,O2770,P29,1,495.24
46014195-eb39-4278-8299-8ad336bf1f09,O2770,P45,3,488.83
e5fc1a7d-6319-48d1-8064-2385c62f3d02,O2771,P2,3,153.08
42d8ac36-8580-49c1-af81-0a7b46e3ee42,O2771,P32,3,205.58
575dd77d-84cc-4b7b-94b4-1632856ef46c,O2771,P22,1,315.67
eb760127-5f0d-4e63-bae3-2af75820e317,O2771,P41,2,227.6
a9bc8434-0169-4070-bc2a-470efbb831fc,O2772,P45,2,488.83
6110cc78-abf7-4e1a-a523-5963f9210c9f,O2773,P37,2,344.86
2277d831-f7a0-40a0-97a8-b5d988ff327c,O2773,P44,1,165.78
1a19b8c8-db91-40c1-83fc-1134b98e7367,O2773,P40,1,61.97
30438397-3a2b-4d24-a874-240763b9d3ac,O2773,P6,2,288.13
6b81cf42-6fa2-4f16-bf14-768996c7b7cd,O2774,P43,1,451.76
746e25c1-e000-42de-8dde-70e74ba0ebbf,O2775,P30,2,469.52
8f9c404a-8336-4789-96d9-848d6b4a089a,O2776,P37,1,344.86
7e338cc0-3bc0-48af-802b-937d4c6dd86e,O2776,P46,1,297.7
832dd971-1d7f-427a-b520-7f0e227d3fa2,O2777,P41,3,227.6
dad8bb33-2691-4845-a7dd-3f39e2887255,O2778,P26,2,251.1
0a3c2758-dabc-4f11-ab99-f0ad7bbf5dac,O2779,P7,3,40.44
095a02ae-f1b1-4c9d-ba6f-b92aed9d667d,O2780,P10,3,192.31
2d45d27a-c86c-4df4-9abd-7b68a84c6b5b,O2781,P38,2,28.25
12bd86a4-a62f-4e68-a97a-31836f24577a,O2781,P2,3,153.08
a39a24ae-c275-40ba-952c-697041e8a012,O2782,P31,1,92.64
7e82624c-2c85-445e-bc26-d9eb5a88ba8d,O2782,P28,2,45.74
71eb6a52-2c9b-4adf-8f35-75d76f3f5112,O2783,P44,2,165.78
f0448590-4ebb-4d86-9cc0-a0590ab69e1b,O2783,P34,3,23.19
b6b1cb06-47f8-493f-89c2-8caf10bf828a,O2784,P3,3,210.16
69fecee9-956e-471f-b43a-974ef79f331c,O2784,P25,2,204.24
6472e57a-66a9-44e4-b0fe-68dc89822e75,O2785,P26,3,251.1
52a9fa8b-445c-4793-a8f3-c4bfb6161da6,O2785,P1,3,386.89
21666254-fc5c-4afd-8451-64eed14a2eb9,O2786,P7,2,40.44
f5e8e621-01ea-464e-9d10-cb3791096243,O2786,P46,2,297.7
03dcfee3-83d4-463b-b0f1-70ca83c91733,O2787,P42,1,364.27
d16e3156-064e-45a5-84a4-4d19b409b7f6,O2787,P36,2,229.21
6d6561f3-c3be-499c-8dff-1d06d333998c,O2787,P33,3,410.57
9921b4d0-b649-45e9-8c83-eefb4fcdafb4,O2787,P18,1,164.27
2ce272fe-38ee-4199-bd87-2a18006e414b,O2788,P16,3,150.17
0ea6fdc8-07b0-418e-803f-3877c6b65aaf,O2789,P21,1,243.54
1f67b57f-fdb4-4e28-8200-26cf55eeb703,O2790,P41,3,227.6
5131d992-bd05-4ba7-a758-8187713647da,O2791,P13,3,195.01
e2285910-f655-4810-aa66-c035abb2f245,O2792,P17,1,165.71
c6183172-13b5-40d6-b77c-8110db23cacc,O2792,P46,3,297.7
eedb5638-02e6-4e66-98e0-153f8b36eaef,O2792,P30,2,469.52
8a6c800a-2592-490b-b7f6-c25f93bb2621,O2792,P17,1,165.71
4a6955d9-e6c4-4799-b4c1-225c2dc51a89,O2793,P24,3,327.27
93258c1c-83fb-48e6-940b-55adb1b1c684,O2794,P44,1,165.78
5d56ad7e-9c7a-468d-9b24-0c5488914b8a,O2794,P4,3,428.84
12aa7856-47b1-4ae1-abd2-471dd8d4929c,O2794,P7,1,40.44
31e2a490-8ca7-4ad7-b956-1079754ea6ea,O2794,P33,2,410.57
5f99f76a-7dce-44f8-b8a9-74872492dfdd,O2795,P44,2,165.78
2d28bb0c-ea1c-4bdb-ba22-327c5b999cee,O2795,P12,1,196.5
7f034f0f-1e5b-4c9e-bea4-7943c351ffe0,O2796,P38,2,28.25
cddd14ea-b81e-4473-9e71-770dd791f9b2,O2796,P4,2,428.84
4e7173a1-56ad-436e-a270-9238d4e37a28,O2797,P28,1,45.74
31bde241-dcf4-4b91-b2db-d58ec6376d4f,O2797,P32,1,205.58
660e97f1-048a-434d-9779-0076ed63c252,O2797,P46,1,297.7
f0255161-50d7-424b-9e7f-b374dea40109,O2797,P0,3,29.14
6e5bdc2d-567d-4926-9ea3-465464d5dc27,O2798,P45,2,488.83
9a467d21-7dc3-4c8b-b445-da3639f884a9,O2799,P6,1,288.13
7c4d7699-4c48-412a-8aac-30c36d81d178,O2799,P17,3,165.71
44b4d103-4867-40d9-842d-e7c26f809088,O2800,P23,2,218.14
02769815-9488-4c8f-88f9-a9f00381656a,O2800,P0,3,29.14
475ff71a-24c2-41e0-a07a-a091732b6b6f,O2801,P24,2,327.27
267a8bc2-6f33-4e29-9755-af61a8c78adf,O2802,P22,2,315.67
cc0249ee-6b91-449b-a064-848f1220a651,O2802,P12,3,196.5
0bfca25b-531b-4fc0-bf34-6dbeca91d4b6,O2803,P21,1,243.54
39006191-ae6e-48e1-b7d8-67021cbcec7f,O2803,P26,3,251.1
23ba7b20-e592-4867-9056-cabc6f2b3a86,O2803,P16,1,150.17
3492b7f8-bdea-441a-a75c-664585098847,O2804,P30,1,469.52
4eb99c4f-4f7c-4ffc-abac-833c03a1555d,O2805,P35,2,199.25
fe3cd33a-20b5-4c24-860e-b1c6f1e3cdeb,O2806,P4,2,428.84
e319a782-6658-4b76-9b2a-7a3fe7e67277,O2806,P44,1,165.78
89834b3e-fee8-474d-ac38-c42cbade875f,O2807,P35,3,199.25
080577b7-22e3-4be8-9b60-563d6741e87b,O2807,P46,1,297.7
69f1dcaa-963b-41f8-b72a-4a49587dd051,O2808,P33,3,410.57
e97ec2fc-47c5-4437-98ef-662d24ccc0f4,O2808,P4,1,428.84
53088839-9ef8-4777-afff-abb18c286bd6,O2809,P18,2,164.27
baf258ca-4047-4264-ba23-a86d10b87212,O2809,P40,1,61.97
be07fb0b-420a-42d3-b541-729d34833096,O2809,P35,2,199.25
ad553063-b563-4438-b8b7-af65f40b6155,O2810,P3,2,210.16
413d1a1e-93d4-487c-be10-cb2df2fbdef1,O2811,P27,1,329.1
cad93668-3cc4-46a2-9407-56300d77ab7e,O2812,P49,2,16.6
bd56496a-b066-408f-96e8-0f271a306125,O2812,P39,3,382.01
b85af7fb-9523-41a7-8d50-6010460244ec,O2812,P45,2,488.83
2d1e548b-8903-496f-aedb-39e06443179c,O2812,P17,1,165.71
58925fd9-32c2-4ac4-9c7a-249a111aad0f,O2813,P10,2,192.31
7230aaed-f9f5-42ac-9a3b-510e65d03806,O2813,P25,2,204.24
60075442-3191-4185-a2ff-7ceec91ce3b8,O2813,P2,3,153.08
e44fd618-e892-49c3-9f93-ebc121465c77,O2814,P2,1,153.08
46d222cf-4045-4e9e-a83f-80f9740876c4,O2814,P7,3,40.44
17e9c9b9-acef-4a04-a5f1-4c887c2d89d2,O2814,P19,1,318.26
38c9fb1b-b413-45d6-b834-243be91390e7,O2815,P37,1,344.86
74549c9f-cc6a-4a11-bfeb-51f6568597f5,O2815,P35,3,199.25
bee7745d-27df-4a9b-a9b2-d54e56d04e56,O2815,P41,2,227.6
16310a3f-ddf5-4f05-a152-a848dd8c5cd9,O2815,P37,1,344.86
237084df-4deb-464e-9e9a-7f2c07fff7c6,O2816,P11,2,422.06
8e758c80-47c1-44a2-8fcb-f8f9aef94a5d,O2816,P44,3,165.78
ca19ef90-1d67-443a-b599-1dfc8163fad7,O2817,P29,2,495.24
3d8f0eab-77e7-47bc-b3f2-cb629e4a1ca3,O2818,P12,2,196.5
458008d7-b959-41d5-9acb-2cd1950b4cf9,O2818,P31,1,92.64
c36e99cc-5bc9-47ea-9c74-90a5f79eae6f,O2818,P15,1,17.14
f9de2afd-5821-4bee-b9f0-eb33aa194522,O2819,P38,3,28.25
b3da0d44-6827-4211-97d8-b9a0153c3f1d,O2819,P23,3,218.14
10833142-c671-43d6-96ee-42ff2db78d1e,O2819,P28,1,45.74
ccdc0cea-0a93-4622-a5bc-00ab8f16ebc4,O2820,P15,3,17.14
4cfd5e27-74d5-4c5a-8649-a9cded846fc6,O2820,P18,3,164.27
b2259e20-04a2-4d20-96df-55de4c9acc0c,O2821,P28,1,45.74
88df7583-819e-43fa-ae68-a29c7eefefef,O2821,P27,3,329.1
c82f2ce8-10be-4fa1-973b-eeb24a2ad7d4,O2822,P13,1,195.01
02c2dd61-6475-448b-aca3-f9ad9c7b0663,O2822,P24,3,327.27
ea057876-f2dd-41c6-bc00-5355fa11c3fb,O2822,P11,3,422.06
7e90a2a8-c8ff-49a5-9d4a-09b9e947067b,O2822,P42,1,364.27
74540e64-2809-432e-8a5e-c1a9269ee58d,O2823,P12,3,196.5
99450209-5f51-40bb-ae26-569d6d10ff08,O2824,P18,2,164.27
0a2e5239-3dad-42e8-b754-7373ff5d3031,O2824,P9,2,114.1
d2262983-8ce1-432e-8021-1dcb9404e0a5,O2824,P42,3,364.27
844256d5-7d85-4db9-8b00-e0699660d5f9,O2825,P43,2,451.76
80f4577c-3109-47fd-95c4-5380149e1d64,O2825,P7,1,40.44
62822ed8-1d55-4a52-92dc-34c416c129e3,O2825,P4,1,428.84
348ba79e-c2a9-4537-a3ca-1b9f909c2a8b,O2826,P49,1,16.6
570ea870-795a-4de9-a2ad-00ffb431766b,O2826,P33,1,410.57
9521d127-021c-4f2b-8806-f91fccc2755e,O2826,P28,1,45.74
d99ceaaa-a99c-4916-8daa-d5a98a64b647,O2827,P35,3,199.25
efe4f147-8c54-4805-9f0f-c0b4284038ec,O2827,P1,1,386.89
c88a9604-3907-419b-8a37-d1b22397605b,O2827,P38,1,28.25
7af1a2b3-6e71-4b1d-a1e5-8efde358472e,O2828,P5,1,428.82
b3451270-2120-430b-822c-df4305d4004f,O2828,P5,1,428.82
c5fcf8d4-f5e8-45fb-9dc5-3c6de4a4e14e,O2829,P2,2,153.08
c6a91d25-c4af-4ca1-9383-4b5995d80064,O2830,P30,3,469.52
0c364deb-7bc3-4177-95c3-1cbd0d632d85,O2830,P2,2,153.08
ef2f7140-0a15-4d62-900f-84a19b2c89a1,O2830,P46,3,297.7
6d8a75ef-4d0a-47d0-8068-b7739eaf3dd4,O2830,P6,1,288.13
ff655e3c-5922-4564-b5f1-30dfc2452ea4,O2831,P16,1,150.17
1e68816f-b8ed-4d63-8b46-572e82a7c30a,O2832,P27,1,329.1
f7d66a9b-74f3-42bf-ab03-30410836d7d9,O2832,P24,2,327.27
4aac1e06-0dc2-4516-ae5f-7ad47940ae40,O2832,P46,3,297.7
2fb45ee7-47de-47b9-b1be-1daa8fa991fb,O2832,P5,2,428.82
5fea9546-8274-4500-89a3-7c0ad6bc923a,O2833,P20,2,322.96
1dcb10c7-4283-4f09-aed8-a908998c7c41,O2833,P38,1,28.25
a614fbd5-24e1-47b1-a67b-5f6391ddbeae,O2834,P6,3,288.13
11ed7f60-bc63-4c7a-9acf-007f0d8c5897,O2835,P12,2,196.5
be536abc-575e-4078-870f-348427902036,O2835,P16,2,150.17
0d695503-afe3-4c95-83e3-83a971246e90,O2835,P30,3,469.52
74a8088e-cdc3-4119-b8e3-f905f655e3fa,O2836,P28,3,45.74
6341b47c-b340-459b-b9c2-b49b601a86a2,O2836,P49,3,16.6
6010c18b-39a8-4b36-98a2-a02d745c3cd4,O2837,P48,1,51.12
5f168442-8080-4553-a232-cddd7ab7acfb,O2837,P44,2,165.78
c38e8d9a-754f-44b2-ab19-a2dc75d1c5f9,O2837,P36,3,229.21
480befa4-50a7-4d56-9c37-c10d1facabe6,O2837,P1,2,386.89
ecb5044e-d1e6-4d4b-8869-83f9b90c42d2,O2838,P18,3,164.27
2d122c8c-f224-4209-aeda-b4a46eb13b59,O2838,P1,3,386.89
a0c61aaf-aa48-4d3a-88d3-b7391b98327a,O2838,P21,3,243.54
33004684-cdb6-4976-a2e7-500d394da740,O2838,P19,3,318.26
28b0474a-ae57-46c2-b3c9-cf5473e1e45a,O2839,P39,1,382.01
397c8273-58ed-41d9-bd59-0c6bf885c817,O2839,P10,1,192.31
07e45c1c-4409-4a88-a485-ad150a0dc43e,O2839,P14,3,30.25
192ddffc-200c-478d-abea-d907b858bc27,O2839,P20,2,322.96
dc282d34-42d3-43ec-912b-781a5b5303d6,O2840,P14,1,30.25
1f166eda-744c-419a-bce2-130511830155,O2841,P2,3,153.08
469fc1e0-04fb-44c4-a749-8148f5dfe5ef,O2841,P15,1,17.14
2844c54b-c662-4ff3-bf34-dcdeb642aed9,O2841,P4,2,428.84
466e8f3a-373a-4bc6-81c7-d9d33124ac8b,O2841,P8,3,13.01
aa9f63cd-a02f-4127-bf71-126346e11a00,O2842,P3,1,210.16
d212487b-238d-49a7-abe9-6b2e6dc69b53,O2843,P23,3,218.14
938d595c-eb6a-4a70-b523-302f57aee971,O2843,P46,3,297.7
8ab0b91a-099d-4dd2-b5d3-b517000452ed,O2843,P46,3,297.7
8e28be9d-7132-4a73-bf1b-e54b11a27381,O2844,P31,2,92.64
c61e0cda-13e7-400d-a2a6-c0c6b3747305,O2844,P2,1,153.08
3221e9c9-958f-4f77-9844-a73da9449455,O2844,P22,2,315.67
ffa217c9-730a-4217-924e-1d503315b233,O2844,P36,1,229.21
cdd37121-f6ba-4160-a173-f5915e3ec6c6,O2845,P4,3,428.84
7d2f2c31-9a9e-4eb3-ad20-f824212b27de,O2845,P16,1,150.17
16c41822-3af6-43ea-a7df-a23384e8145a,O2846,P19,2,318.26
ac16376e-4e25-43ce-8cdd-695fbe9f6fe9,O2846,P10,2,192.31
6dce0864-308f-4c49-b730-5f2cb66aae8e,O2846,P39,2,382.01
5435be4c-ad93-4160-b589-2c5d50f0769e,O2846,P15,2,17.14
7d4abbe5-fdd4-44d5-8dd4-20dff470341b,O2847,P28,2,45.74
0181d373-62b7-4192-958d-05ed10b754d7,O2847,P9,1,114.1
6b5bf1df-b0f9-4b3c-a04f-9e6c33dec534,O2847,P19,2,318.26
2cf75ca6-867e-4aa4-8cb9-b22024e67942,O2848,P15,2,17.14
301b0763-661e-4564-afb5-6441aec96b48,O2849,P40,3,61.97
7a8eab49-9aa2-4e0e-b85f-4b90d967c692,O2849,P37,1,344.86
5f6a5814-9076-468e-949f-4986a3c3ecdb,O2849,P20,2,322.96
27faf2d3-547f-4475-9cb1-8104850c4ee2,O2849,P4,2,428.84
7d9cdfed-723e-4297-9a60-6c7726dded53,O2850,P33,3,410.57
ab2411a1-b2d7-4f6a-a9b0-f5a45220bcb0,O2850,P45,2,488.83
bf3fd6ac-af91-440d-afb5-061faa8ffd13,O2850,P25,3,204.24
45fc15e9-0522-47e7-baea-2a0ecbe9e8a1,O2851,P33,2,410.57
415efe18-e253-4c13-8099-b6533de8dea1,O2852,P10,3,192.31
b4039d4a-6543-4b73-a347-512f1d22d5ba,O2853,P6,2,288.13
413cff31-cb27-44a0-a3dc-83d68cb818e4,O2854,P49,2,16.6
2a7c1b6e-54c5-4a5a-990e-ac749b036325,O2854,P33,1,410.57
6eb709f4-91a1-40ef-9bc0-2a8e66976353,O2854,P40,3,61.97
90781bfe-f845-4c6b-9e5e-c9688eb0571c,O2855,P48,2,51.12
3b7fe9bf-dd80-450f-af00-5af673658515,O2855,P32,3,205.58
3e012404-5b1c-421d-b1e7-dd6adedd1028,O2855,P44,3,165.78
c53140f3-80fb-436a-9845-0e53da5cc975,O2855,P7,3,40.44
ce66a393-d243-47b8-8572-61aa2c3a6265,O2856,P40,3,61.97
a318cab8-494a-4574-81da-a7761f2662cd,O2856,P34,3,23.19
8e830933-3bcc-48eb-9654-564636454cd8,O2856,P13,3,195.01
3ec85c62-3bdc-4832-a983-571dfe803e2b,O2857,P17,1,165.71
9a77da09-c64b-495d-ac1b-6a41523e07f3,O2857,P38,2,28.25
6642249b-29de-4364-adce-af6f1a805de2,O2858,P29,3,495.24
e6f0f0ad-52ec-4442-937b-c56bcd6188bd,O2858,P6,2,288.13
0271dbad-a372-4c98-82cb-d02c2a398482,O2858,P15,1,17.14
e87546c1-9259-4d3f-8b8a-06985ac7b9ee,O2858,P48,1,51.12
ae26a1e6-7a48-4852-80ed-1ca78acfa02a,O2859,P25,3,204.24
15b01712-9d6a-4935-8983-2164e57758f3,O2859,P16,1,150.17
34a247b3-149a-447f-8477-93c6a948c61e,O2859,P24,2,327.27
9e1041c7-1d3d-4055-adf1-9345a65bc839,O2859,P9,2,114.1
24ce4300-9382-4258-a599-de2ee41a723c,O2860,P38,3,28.25
c6f01118-3e02-4d5c-ade6-612513d5fd1c,O2860,P31,1,92.64
93d9c587-367b-4b86-8a18-32fafde5a4b1,O2861,P21,2,243.54
8ee86613-6743-4a33-863c-3c1d9589c628,O2861,P42,2,364.27
cbe20388-1d32-49e3-a341-53fc8c68f519,O2862,P37,2,344.86
d6a225cd-e4cd-4120-a7eb-8d2691bc3166,O2863,P31,2,92.64
64759d58-b2b4-457d-bb68-1240494741ef,O2863,P35,1,199.25
26085bd2-d072-424b-8eba-751a2f8cb9de,O2863,P1,2,386.89
5053f65b-89cf-4bbd-8a62-29b17139886b,O2864,P49,1,16.6
b7dae8f8-da98-4eab-af1f-01590a530238,O2865,P6,2,288.13
2c920037-f0f8-4436-822a-2b31691be510,O2865,P19,1,318.26
c4fb9733-df62-4335-91b3-0d8c456ae48d,O2865,P2,2,153.08
c5be8720-8f91-4eb3-84e1-4ef9478744b1,O2866,P16,3,150.17
5acbfca8-8483-4119-97b4-7eda4ea29e31,O2866,P34,2,23.19
0ea15a36-c8c0-4703-b6b8-ecea7bf16093,O2866,P2,1,153.08
0dafd4dd-d2e0-4b00-82cc-693fa14a551c,O2867,P24,1,327.27
26b149eb-f43c-4b7d-81e7-f9a1ae67be71,O2868,P34,3,23.19
a341fef9-abeb-4344-93be-5951d7ce2e4d,O2868,P11,2,422.06
f08f6c1f-f1ae-4b77-b0b5-8582dad10780,O2869,P18,2,164.27
224f6f33-c734-4e4c-b1a4-d9dfaac97d0d,O2869,P3,1,210.16
1a57b0a2-c2ab-4a2a-9de5-d08557b83487,O2869,P29,1,495.24
9acb557e-87ab-466c-bc14-f40ca20d12a1,O2869,P34,1,23.19
a5391657-df60-4b6d-8f40-dcb9600825d3,O2870,P13,2,195.01
f1019fe1-9879-415b-866a-7e408a4ceb0b,O2870,P31,3,92.64
961477ad-26dd-4528-a7a1-68f6b91ee06f,O2871,P14,1,30.25
9e729700-8fbe-48fd-9fc2-e4429cbc21f4,O2871,P31,1,92.64
c81f5b65-4077-46ee-9c86-d21eb2a9cfb0,O2871,P47,3,397.61
bb47a58e-d80a-4a88-9a1a-fa6c20a57714,O2871,P43,3,451.76
f95b89cb-a8e8-410f-acc1-0d147b044b48,O2872,P6,2,288.13
cd012fee-3dd4-450d-9936-4f69c4b1f866,O2873,P23,1,218.14
8ceae33a-98d6-43fe-b025-8934ab86c52b,O2873,P12,1,196.5
ae1b1ace-c7fd-4d82-9355-69befaec1496,O2873,P20,1,322.96
6254fa1a-2893-4775-8003-71f7f69aece7,O2874,P7,2,40.44
a4040580-d7fe-4a7d-aef4-9fad5b4ead49,O2874,P29,3,495.24
a487bc99-e2a6-4e33-8782-cf7c4c80f0c6,O2874,P17,3,165.71
f9303392-11e3-4f4a-972a-d7caca515c1a,O2875,P42,3,364.27
9d64144b-0a02-4162-8de9-fc06c5928760,O2875,P19,2,318.26
bb64bf16-f270-4136-8ad8-6436a7165736,O2875,P14,1,30.25
0a02f84e-3006-4db5-b8bd-c848066805ab,O2875,P33,3,410.57
cf181e2b-33f0-4f1e-9248-85ea667cffb9,O2876,P46,3,297.7
bc36619d-5499-4496-9381-cea66bcd644b,O2876,P47,2,397.61
87463b36-c12a-44a2-a55f-29ebecaf46d8,O2876,P37,1,344.86
883e316a-3c93-4327-b807-e9bb2c7fa200,O2877,P9,1,114.1
a016e5ff-e9d5-4588-b5b0-e749e36a491c,O2878,P43,3,451.76
41c25820-9486-4086-8db4-d96e45466fe8,O2878,P31,1,92.64
c38d8d27-c828-4426-a494-8102cdfae4c6,O2879,P25,3,204.24
06a7def0-e95c-44c6-8383-bf3d94724913,O2879,P37,1,344.86
e071f780-06df-48a2-b087-5597f6125b9e,O2879,P14,3,30.25
fb304f3e-a96e-4a96-8d69-96d0349807ca,O2880,P19,3,318.26
de40c835-4ec3-4c8a-b529-10b5f7b73e1a,O2881,P19,1,318.26
598abbfd-a3b1-4b53-b5e3-8b0b1d9e8b30,O2881,P23,3,218.14
f0e7613a-c111-49f9-bd71-9a6f890fde7b,O2882,P14,3,30.25
c89288de-6d6f-4693-be0d-0567a0659417,O2883,P23,3,218.14
bd9f79e6-1fec-4b4e-8a22-30c6ecb212b3,O2883,P15,3,17.14
d0e83588-d5da-45f0-b4d6-ef1d8e3e5d7c,O2883,P5,3,428.82
2d3c699f-885d-4224-a870-45473abf7c76,O2883,P35,1,199.25
8d73fef3-e667-4361-b2ea-ac1108f6996e,O2884,P28,3,45.74
23f75ac8-4b32-4230-bc84-4d9d23d6c008,O2884,P8,3,13.01
9e5cdf79-c7c6-44ad-aa8a-28a1bcab8c20,O2884,P19,3,318.26
f8c3f640-b7e8-4fee-b0ba-d841fd0ba9fd,O2884,P47,1,397.61
1bf40e65-7484-4918-b540-edfb116ae252,O2885,P38,3,28.25
1aac53d2-fbac-44d7-ad88-fd0f00ac586f,O2886,P14,1,30.25
cfd25cab-dca5-48a7-a29c-6091697bc796,O2886,P29,2,495.24
8d2de6d6-c707-4e64-a0c0-84b6b621fb63,O2886,P43,1,451.76
684ca060-d4cd-405f-8e2c-2fd6568067ed,O2886,P46,1,297.7
ed08ef9d-5081-4e31-99be-682fec1e70d8,O2887,P45,2,488.83
3e3c1f27-de04-45df-b56f-04002ad96c4b,O2887,P40,3,61.97
c80db83b-8dfc-4ed2-94d5-23eb2b49e42f,O2888,P41,2,227.6
9092550a-5fb1-4b8e-9e27-abd5d7be67ae,O2888,P25,1,204.24
928630e7-199c-4dbe-b195-18ba021c3474,O2888,P21,2,243.54
c0e4d8e3-f66f-4c12-abfe-d9ab78dd2c16,O2889,P41,2,227.6
6d7bff44-533d-47df-8747-39abe3530bd2,O2889,P19,2,318.26
0056c00e-5827-46af-ab22-e01166d87fde,O2889,P47,2,397.61
9bf9be00-311d-4015-99f2-840e980a0f54,O2889,P30,3,469.52
5ecfa4a9-e4e9-4ddd-a67e-a664005e637c,O2890,P34,2,23.19
3ca282eb-3877-40d2-a9a4-eb76b6ff51b6,O2890,P33,1,410.57
d538a4d8-e8bd-4d43-94f2-49c7f4ecfd15,O2891,P22,3,315.67
abaf67da-58be-4357-8265-6999a6e9ddb2,O2891,P33,2,410.57
0e838760-2cd7-4402-8c9b-4c3629861f79,O2892,P26,2,251.1
d945356a-9e97-43cf-8fad-77bb4e894ebd,O2892,P24,1,327.27
23054fa8-58ac-42f4-9fd2-d7b054d61aa6,O2893,P34,1,23.19
ebcb1428-dcfe-4f48-8442-4275994ebf2c,O2893,P25,2,204.24
60faedae-bff0-4565-9837-9af154b4a73d,O2894,P13,3,195.01
c0aebfce-607f-4d23-9ddf-334355129a83,O2895,P28,2,45.74
7ce4939c-ef90-4368-b15e-ca000a2382bd,O2895,P29,2,495.24
6a588326-7365-466c-a4aa-1d1b32de51e4,O2895,P33,1,410.57
4b309d6f-5426-45a3-a7ba-6fee74e8ee78,O2895,P14,1,30.25
864a2693-cac4-4d6c-ab2f-795e86e492ae,O2896,P41,2,227.6
ba4cfc6c-67a3-47cc-bfad-d9608a10c207,O2896,P32,3,205.58
bcd0f2fc-d0a6-403d-99ea-025fbfdfc8de,O2896,P41,1,227.6
ef594d58-a120-4ed6-8eb3-b50276dfec12,O2896,P42,2,364.27
72efbe9e-cc43-4ee6-8d6f-1a6f75f564ea,O2897,P40,2,61.97
2961515a-2172-4d81-9978-1e5cc6080023,O2898,P9,2,114.1
67f31049-591d-47a9-841f-7e554494f39d,O2898,P32,3,205.58
284fe963-30aa-4ab6-bdfc-a3aa337b915e,O2899,P31,2,92.64
41017b5c-9802-4bbf-b223-6d25c456b20a,O2899,P46,1,297.7
47a38557-12b6-4fed-8ae0-561a5ccbb543,O2899,P43,3,451.76
76e0054b-a4a8-4b75-a48d-534724595896,O2899,P47,2,397.61
725ab411-7d4a-44de-ba37-43a8ba14722a,O2900,P47,2,397.61
c45db64a-59aa-4f75-a9f0-585dfba26901,O2900,P16,1,150.17
825db030-a98b-488e-a0fb-acb2fe093179,O2901,P38,2,28.25
c5e28398-fe03-4062-8af0-6a5eb8d3132d,O2902,P25,3,204.24
f58c4e24-d1d3-4de2-b76d-4db0dc6366c8,O2902,P16,2,150.17
a0d974bf-1263-4e17-993e-f83bea1fea3b,O2902,P33,3,410.57
676e0e32-503d-4adc-afcb-74e324f6be9c,O2903,P19,2,318.26
9526175a-fb01-4398-88c7-0c81ec0cbb0d,O2903,P5,2,428.82
aac3134f-2114-44cd-8b9f-5f616148cdad,O2903,P31,3,92.64
b0deec9a-b837-4482-a194-e0debf55c8be,O2903,P3,2,210.16
bbf90f28-62e5-4cc6-902a-4d688ca67505,O2904,P3,1,210.16
08a3717a-59f3-4a70-8190-140e71dccb79,O2904,P45,2,488.83
fc8a84ee-e3b9-4839-a1a9-740ad768e8e7,O2904,P29,2,495.24
57d60498-e6ef-4852-8b94-35b0ef5ac046,O2905,P29,2,495.24
d2f5214b-895f-4bcc-9fbe-cc4ae1f17e68,O2906,P17,1,165.71
69578caa-89eb-443b-b619-38043452d048,O2907,P16,2,150.17
37764c2c-b050-4988-a3d5-8d4ab4109367,O2908,P37,2,344.86
54234e1a-aa1f-4e39-814b-e26d21476e73,O2908,P48,1,51.12
fc482bd0-d0a7-4833-805e-8de434905eed,O2908,P33,3,410.57
4e4fdc2e-85a7-4ccc-93e3-24829ae9e6a7,O2908,P45,1,488.83
ace54756-31a8-431a-a6bf-55b1006b9fdc,O2909,P11,3,422.06
e3263fe1-d40b-4ca8-9261-f7bc2de8ce78,O2910,P40,1,61.97
649872ba-881f-4bd1-9988-4972ebef5a44,O2910,P8,1,13.01
99e2ddad-226c-4708-b918-0a6127221583,O2910,P49,3,16.6
56f932f7-e3f7-46f0-acf6-e1b51f2c08de,O2911,P47,2,397.61
4c7cc9c3-f00f-44ab-8ea0-a8a91b476b04,O2912,P20,2,322.96
4709477e-2d95-41d0-9757-3630ba07e6a0,O2912,P35,3,199.25
8e148b8b-488a-4948-97ef-cd8d9b1a0b9d,O2912,P11,3,422.06
782111c5-a310-4070-84c6-a1106b64f8d0,O2913,P22,3,315.67
715ae585-f5ec-429d-a6e5-cde3febfeab1,O2913,P20,2,322.96
32fbc00f-c2b2-4798-ac5d-e0c77b2d7de8,O2913,P44,3,165.78
5e6df5bf-4397-4161-ae5f-7e4d6a521b59,O2914,P35,2,199.25
1fffe9c1-5de8-4a08-bb33-e4dbacb9bdeb,O2915,P41,3,227.6
fca311b0-50c0-47d7-b3c8-c1735cac9734,O2915,P13,2,195.01
e5e9f5f0-55d7-4cc7-ab22-3efaec081864,O2915,P22,3,315.67
79d60319-f6b3-4bf1-bded-4280e53a72ef,O2916,P4,3,428.84
534c817b-f67c-4300-95e1-3ecaf4837713,O2916,P30,3,469.52
3ca73f53-d362-48bd-8cae-c5cdd4404e36,O2916,P18,3,164.27
77e6e9d8-7033-4041-9b33-8c9b58e68af0,O2917,P45,3,488.83
6cea02be-6588-4ffa-ab13-042799a2bef7,O2917,P45,3,488.83
e35749d4-6e9b-4d59-8267-736db3ed7c21,O2918,P40,3,61.97
fd2cd823-7563-4a71-a709-93af26cfe7f0,O2918,P17,1,165.71
33b78f9e-c63e-4093-a169-c8d856025caf,O2918,P34,3,23.19
9325aba2-5adf-4ed0-a0d5-331d40416a0e,O2919,P1,2,386.89
d2378bba-e3b5-4442-a71a-ca9056c29d20,O2919,P39,1,382.01
b4e6edac-8074-4272-b238-68f931ee7780,O2920,P3,2,210.16
7d3a2f29-80bb-4b90-b02f-7c8c8dfd9e23,O2920,P29,3,495.24
35f7aa51-1874-4022-82ee-24dab3647232,O2921,P22,2,315.67
b34589ca-5990-4644-a8ce-c94c19a4e9b2,O2922,P26,3,251.1
3978dfa1-447a-4993-82ce-db8a18e084bc,O2923,P30,1,469.52
45b3a47f-018b-494b-88fd-d2c9fdb2941f,O2923,P46,3,297.7
2d3cfab8-43a0-4e6b-be9f-8b0f72cf6462,O2924,P24,1,327.27
9370ce7a-7f7a-42fa-aaba-ed2b34bf97b2,O2925,P13,2,195.01
3b2a9d90-b7c5-40a6-8394-92ed59fd8c17,O2926,P20,1,322.96
14917e02-9de9-4091-b50e-2b9c03f52f57,O2926,P2,2,153.08
72c62a17-823e-408f-b86f-26e52aa89e8a,O2926,P37,1,344.86
aa771a6c-54d8-4901-b3ee-e70132e54639,O2926,P10,1,192.31
85e6cac4-d785-4bce-85a8-75eba66e59ab,O2927,P47,2,397.61
02f9aaf1-ae6b-4057-a758-6adc420cc906,O2927,P25,3,204.24
13a4515d-eb14-4330-93a8-472139979ac7,O2928,P1,3,386.89
e1d7c880-6a22-4490-9235-792a8ef96e62,O2928,P20,2,322.96
2843916d-3d57-43cf-ba2d-8b658e0d39a1,O2928,P12,1,196.5
36a70585-493b-4f36-b4ae-8c7a2c8d01c1,O2928,P20,2,322.96
fe4a7bc3-3a31-4d5e-908a-ff71f9ab8615,O2929,P44,1,165.78
802c54e3-ba25-4ff8-964d-40232592c850,O2929,P18,2,164.27
7f6fceab-27db-4d21-89e0-e01bb2f8a22b,O2929,P33,2,410.57
4a36edf7-9d16-470f-a594-93c4e0a0680e,O2930,P34,2,23.19
4c31bb60-7d72-48c4-9d8a-265bda52df39,O2931,P25,3,204.24
bd9f0838-f934-4c56-a995-7a6daaf4aa83,O2931,P29,3,495.24
750d187b-0146-49db-bd3e-b1e7b8c2b6a0,O2931,P28,1,45.74
cab1a37d-0f6f-4d18-8670-d31ef8defec2,O2932,P46,2,297.7
777e933d-f76e-49a0-b01d-0c89c82b81f4,O2932,P0,3,29.14
046ed05f-4a68-4d2a-8fc7-f3e9f574017d,O2932,P31,1,92.64
9ae4f26f-2efb-495d-8fa1-e8e163073df1,O2932,P29,2,495.24
401ff6d8-e1ad-47d3-9b6d-8ddc6ca1acb2,O2933,P34,1,23.19
3313cc0a-ecc0-4ca6-9d32-4740ec66d5b5,O2933,P7,3,40.44
1eedab2b-6695-4306-9df5-9c564a657abd,O2933,P43,3,451.76
1dbb7fd1-006a-47a5-9e87-a218abbfa4e3,O2933,P27,3,329.1
ce3c13e8-b1f0-4d8f-b6dc-b15d049e6cfd,O2934,P34,3,23.19
1e97840f-9c5c-446d-9fb4-a93152a85e7e,O2934,P1,1,386.89
5193cef4-2568-4943-80f3-34b5e00dee99,O2934,P29,3,495.24
ecedecb3-1071-4ac5-83c2-b41fc9b26ec0,O2935,P16,1,150.17
2c3dd483-d366-4f11-b236-a7aa6e255587,O2935,P39,1,382.01
3b32969a-c5a5-4a9b-b81b-60f382722620,O2935,P30,2,469.52
443921d9-e056-4963-83fa-5164d9d60c15,O2935,P41,2,227.6
e50586db-60e2-42d3-93c7-a280ad01d594,O2936,P26,3,251.1
df9035ab-1ce5-452d-a438-db7bd413be05,O2936,P16,2,150.17
de5b313e-4008-4b64-9f4e-61db8eca68b9,O2936,P3,2,210.16
764b6248-243f-4e62-91a3-f2808eef24f6,O2936,P8,1,13.01
e5de74c1-6d72-4dc6-8386-53a4c14cd978,O2937,P46,3,297.7
10eecb59-2b47-4187-ab37-8bc2f33c3c75,O2937,P32,2,205.58
dfaca170-955e-4a94-be5d-942d5be3998b,O2937,P10,2,192.31
b35f256a-a396-461c-bf9b-4b3f7cab009f,O2938,P11,1,422.06
3c202e2c-51ab-42ad-8b6b-555cc6cc4301,O2939,P42,1,364.27
770c77fa-f1c6-444b-9c2c-bf56aa6d6ec3,O2939,P29,2,495.24
c88a84e5-fe82-47ef-8bf6-4dace27f9988,O2939,P37,1,344.86
b735d2cd-ef28-4ea9-b8a9-5821f2b325f5,O2939,P48,3,51.12
f0909472-8a6f-4965-9f1b-1048a4f0bb3d,O2940,P7,2,40.44
ba3c50d0-a191-4c44-9f84-4959e3259b4e,O2940,P9,3,114.1
91163a5d-fcf7-48fd-979c-23c675736080,O2940,P31,2,92.64
d79ef414-463c-4b5f-9554-fbf3e28d599f,O2941,P22,2,315.67
08fb4ad9-abf2-4fb6-ba78-888f26e1b6bc,O2941,P43,3,451.76
9e849d21-5b99-465b-b7fe-1c83ee882214,O2942,P20,3,322.96
cb09aea7-e8ef-45be-bfbe-76476c1e2653,O2942,P37,2,344.86
f971e60a-8f02-4f00-bccc-ca040d3748cb,O2942,P5,2,428.82
9e9f9955-4be5-4065-8ee7-8f1af46a073e,O2943,P43,3,451.76
3b8c79ab-5c1b-47c9-a0d3-c4d68b2a5bb6,O2943,P13,1,195.01
b4f72607-9788-4663-8814-98317691f324,O2944,P20,3,322.96
d719880e-07a1-4659-a73d-1b53129267f5,O2944,P24,2,327.27
52a45146-335e-4d79-9f4a-4e21207671c1,O2944,P45,3,488.83
b1d48799-c9bd-40c8-9c7f-d9e580a12e52,O2945,P45,2,488.83
17de6727-4fe6-43df-8020-2cf933d6128d,O2945,P9,1,114.1
2d06eced-78ce-44cc-bc3a-b6cd782392ab,O2946,P47,2,397.61
e474a50d-4352-4004-9dba-7f80bf07721f,O2946,P36,2,229.21
8e708327-7384-404b-85a7-6b73458ad03f,O2946,P0,2,29.14
882227af-9487-4b34-a8f0-d9c669a0a875,O2947,P41,2,227.6
65b9922d-f556-485f-9ef5-04af72a29beb,O2948,P47,2,397.61
3397b08a-1408-4dcf-9164-8302e71ef2de,O2948,P2,2,153.08
0a5fe01e-5c10-497c-bbbe-7160e34208e2,O2948,P25,3,204.24
4f0be010-f962-45c1-815d-7078e9d4341b,O2949,P6,3,288.13
33d23e75-01f3-430b-a930-4fd9030c3f42,O2949,P32,3,205.58
74264eb3-e6af-4acd-81a2-bac2f5e9ca40,O2950,P23,1,218.14
45c7e431-e1a0-4da8-9d3b-156629e1e375,O2950,P1,1,386.89
a694bb7f-73ef-4c2e-b048-8510c14e589b,O2951,P35,2,199.25
694f7053-7f80-4291-9835-c53a007c1402,O2951,P10,1,192.31
300258b9-6028-4300-98e9-73b7478acf05,O2952,P9,2,114.1
a8b4ec61-4495-450a-9b43-34a28b1d8a08,O2952,P36,2,229.21
ef55397b-cc3b-497c-8c18-09200ed74e98,O2953,P31,1,92.64
848b1048-fad5-45f3-9a46-af279ec0e6dd,O2953,P41,2,227.6
ebe4e1b4-c5b8-43ee-9ce2-850071a274cd,O2954,P29,1,495.24
fffc1c07-582b-4611-bf96-619c88396562,O2954,P11,2,422.06
4881b5f9-ff23-4da1-97ea-5da279e71d8e,O2954,P35,2,199.25
26072aa8-d80f-4e89-ae62-daf407c372c1,O2955,P22,2,315.67
af27191b-c3e1-4f00-a755-e5d145d54a58,O2955,P32,3,205.58
e44d7b84-7fed-4f46-9a35-7384a2008f84,O2956,P2,3,153.08
66ef1de3-6965-40e6-a13b-bf015bfc7e95,O2957,P42,2,364.27
350e1096-3fd1-4b77-9067-98719ef0afa1,O2958,P24,1,327.27
c13f2fea-4d6d-4496-aac3-f81c94398faf,O2958,P24,1,327.27
e5ea9342-3df8-464b-a04a-a16492051405,O2958,P14,1,30.25
e10463f5-67b1-40c4-9d79-40241a9ef572,O2958,P26,3,251.1
f003c50a-71c3-4aee-8a4b-406c0997b7ee,O2959,P24,2,327.27
963ae349-6272-43b0-9c73-bcbdae0f184a,O2959,P42,3,364.27
d92d326a-9d74-47d5-8539-06e30a85d23b,O2959,P39,2,382.01
6e59acf5-b13d-4b91-b548-575c0c6e027f,O2960,P16,2,150.17
b0e8173c-761e-4177-807c-8ee5740b600a,O2960,P44,2,165.78
0c1c9aad-87fe-4de5-b042-41d32f892180,O2960,P44,1,165.78
407b8b70-5a3a-4ace-ab97-17241000acc0,O2961,P21,2,243.54
2182e3c8-0a13-464b-9689-81febf538589,O2961,P2,1,153.08
fe2ed935-3561-4104-ac24-f74cb0429834,O2961,P10,3,192.31
5fe835d8-5791-440b-8ac7-427aa7a394ab,O2962,P43,1,451.76
3abcc2e2-0bc2-4ed5-9420-712856954ea2,O2962,P27,3,329.1
e0cfe2ad-e55a-4af5-99a6-aa6dde6aa1a7,O2962,P40,2,61.97
a665148f-8586-4f57-89f5-f935bf0f0bb8,O2963,P44,3,165.78
58216971-d735-4f0a-af51-e8e106098e1f,O2963,P4,2,428.84
85214a0f-8484-4ee8-9701-36d7ca0307df,O2964,P34,2,23.19
139d8be5-4a22-4c6e-9e1f-1a01cf463412,O2964,P30,3,469.52
72ec0e33-23f0-4367-8046-4e5e380cf7f0,O2965,P36,3,229.21
bd1cdeb7-c98d-457e-8016-139a2baced1d,O2965,P27,3,329.1
34e83b09-b40b-413f-9839-9e7b619c5d30,O2965,P13,1,195.01
be83ce1c-38ed-45cb-956a-22965373dc18,O2965,P41,2,227.6
022a5b1b-fa19-4fc9-8d56-c8d22040d94d,O2966,P49,2,16.6
350ef1be-392f-4819-86d0-a9f3b87b645a,O2966,P27,3,329.1
7b45262a-f917-464a-8322-fcb4001b9224,O2966,P39,2,382.01
85f72d8b-025c-4f5f-ab1a-45ec56998755,O2966,P27,3,329.1
6b50f2f0-0371-4ad9-8208-c547ed384e39,O2967,P32,2,205.58
f6bc6665-6570-48cb-acf6-2d42a2368fc5,O2967,P49,1,16.6
62a1e99c-2f25-4b4d-8069-564b3212f40f,O2967,P4,1,428.84
02d2c85b-4151-4691-a1df-4dd691f7f832,O2968,P28,2,45.74
8a976287-1900-4876-bc47-729c3d7140d4,O2968,P40,1,61.97
737d3242-fa7c-48c5-9186-636380721a7c,O2968,P36,3,229.21
b31cd634-2673-42f7-b203-3c5d0069912f,O2968,P37,2,344.86
b2daf95a-ca89-41ef-a3c1-af3af24c7181,O2969,P25,2,204.24
d34edd48-50ba-4878-af9a-623dabc0935c,O2970,P23,1,218.14
96669724-44e1-463b-9c03-d89c55b5caa0,O2970,P34,2,23.19
ef13ceb8-c5c3-47fe-9712-52cdb38d9181,O2970,P17,3,165.71
fea55aed-1ee7-4fae-86c7-1512d914103e,O2970,P20,1,322.96
091fca8e-e4ad-4047-b62f-30e3594a20bb,O2971,P47,1,397.61
e47ca6f3-e0c9-4127-8d14-3467f2ae1ce5,O2971,P39,1,382.01
b0a2fbc0-ee45-48e5-927f-569206ef0dd0,O2971,P0,2,29.14
2ecf01b1-38a9-43c0-96f8-1b773b71d26e,O2971,P23,1,218.14
7f60e86f-fef0-4e82-bb08-f518ab261bc6,O2972,P40,1,61.97
082310bf-6ee9-4c9d-8225-e1acb257da62,O2972,P31,1,92.64
2246c233-2834-4da3-8c62-1541c47c6169,O2973,P41,2,227.6
b34d30ba-5842-4092-a69d-c5f4744bfedb,O2974,P1,1,386.89
97624bba-15f1-443d-90bc-f70777cb5784,O2974,P31,3,92.64
4be37645-0ff8-4abd-94cf-ad4fb9dfa425,O2975,P21,3,243.54
ea26f90a-250f-4816-987c-ba05625de60e,O2975,P30,3,469.52
73b2c539-676c-4778-b6c6-b9215a559681,O2975,P8,1,13.01
1777c66a-4881-4f66-ae91-93f41594bdf6,O2975,P36,1,229.21
d39027fa-42e8-40df-a891-3fd44894f5c9,O2976,P43,1,451.76
8fb03c31-f106-4d1f-b36b-7e321600d71d,O2976,P25,2,204.24
f073ddaf-2525-4c68-bf96-847f99b5b159,O2976,P22,2,315.67
598bea6c-2959-4cda-8504-b171502aaf55,O2976,P33,1,410.57
b7c0d975-ed91-420c-a774-5765a966098b,O2977,P13,3,195.01
7084b063-336c-412e-a3d7-d05e42ad3aec,O2977,P48,1,51.12
dd045879-0cbb-419d-b0af-571b36b6e623,O2978,P10,3,192.31
2285af82-bb27-4dbd-9b01-0157c1efbbfb,O2978,P45,3,488.83
77c5636f-7ea5-4d17-acf2-467613f4b275,O2978,P25,1,204.24
e6f251a9-588a-48d5-bfd8-f954bc876c41,O2978,P15,3,17.14
de0683e4-fbc5-45a5-8c4f-83212c51d92d,O2979,P20,2,322.96
99023a75-2db5-4e55-b503-a040d6384bab,O2980,P42,3,364.27
1e50a658-0799-4aa3-ae7d-d7987dba4b26,O2980,P36,2,229.21
54c08a45-8acf-4fa3-ad44-ff148ba4fea9,O2981,P30,1,469.52
aa4076a9-5eb6-431c-8075-9a8211781bef,O2982,P14,3,30.25
782bca6c-025c-4d72-a4f3-45e3860381a3,O2982,P20,1,322.96
3c849b1b-a150-4e9c-8fe7-32a3d47215cc,O2982,P27,2,329.1
7944ed7e-ab5a-43f4-b3c6-21ca3dfcb24f,O2982,P35,1,199.25
69259133-897f-4b29-85c7-6f9c61684367,O2983,P7,1,40.44
c8dbc379-4ca3-402c-b97c-fa6ecc6a859c,O2983,P40,3,61.97
d61e9006-941c-453c-9484-8535021792c9,O2983,P11,2,422.06
9d7f5010-55ad-4b48-8c3e-ffb44f33ce56,O2983,P12,2,196.5
bc8978e8-b5b3-44f8-8233-1f45d45662b4,O2984,P28,3,45.74
9c383fac-ff9d-4194-95be-c51b46b9e01c,O2984,P2,3,153.08
942e3a36-0d80-4976-9171-e910c2a244e7,O2984,P24,3,327.27
9610574b-508c-447d-a203-833b207db7cc,O2984,P7,2,40.44
56b7dbce-2080-4c80-8b19-8208b295c5f5,O2985,P20,3,322.96
5f939661-236a-4915-bfed-1a4e86940433,O2986,P15,1,17.14
f24fcb26-d223-4aae-8deb-05b1748eb09a,O2987,P32,3,205.58
38317dd1-5749-4170-9d93-2ec32dac5a8d,O2987,P30,1,469.52
74eda252-cce4-4daa-bedc-4f98f081d935,O2987,P5,3,428.82
35433a2d-f956-459e-98f5-c044f51884b4,O2988,P11,1,422.06
423f9654-c3cc-4926-a2e6-b05e48988e12,O2989,P48,3,51.12
a5a8ec77-dec6-4a0f-a733-28fe14a9830c,O2990,P21,1,243.54
6e7f5f06-380d-4748-a410-a64cb9aff9af,O2990,P47,3,397.61
5e11e50d-465f-4a5e-8700-9f812f0de666,O2990,P27,2,329.1
59178456-5615-4b3b-92de-db8d394a048b,O2990,P5,2,428.82
ab3ecacc-ae21-49bd-bb09-4f3962fe1e7c,O2991,P27,1,329.1
10f45f3f-bae6-4ef2-9b28-135cace3476b,O2992,P46,1,297.7
73c77bc5-23c3-41f7-a40c-2cdf9601ab0f,O2992,P31,1,92.64
642eacc2-0371-46ac-b7b0-c5421060d807,O2992,P35,2,199.25
e4a20f55-76b4-49bf-8101-749fbf518942,O2992,P38,2,28.25
b23db7e6-85c4-40a3-87ee-b93e8012660b,O2993,P40,2,61.97
b5a908cc-4352-4291-9948-369da5d045cb,O2993,P23,3,218.14
d5075762-f1a2-4077-b7c2-57ca09e0818c,O2993,P19,1,318.26
269c15a6-38ac-4d7d-b4f2-955927bfbd71,O2993,P43,3,451.76
77a4dbdf-33a6-471d-ac98-c0260ab212cf,O2994,P26,2,251.1
0b5c348e-8388-43a8-bb09-e76409b67be9,O2995,P9,2,114.1
ea81bf99-bd1e-4334-b6c6-b7a36bbf4fcb,O2996,P18,3,164.27
84f85f16-7b36-42bc-8e4f-0c1935c5e007,O2996,P12,2,196.5
8822c4f1-4ca7-4569-ba90-e0736547707b,O2996,P13,3,195.01
244c890f-0734-400f-a91b-bcb65884963f,O2997,P7,2,40.44
7264330b-5cbe-4200-b772-112826eb2dea,O2997,P31,3,92.64
bd6541cc-d7e5-44ea-a630-098c28612357,O2998,P20,1,322.96
23bb7a1c-00bb-48f9-8ec7-9b9eefd441a2,O2998,P6,1,288.13
a2c7593e-40e6-47c8-b16d-05478d0081ed,O2998,P13,1,195.01
19e91802-29e0-47dd-b1cc-76f86a440f6a,O2998,P2,1,153.08
3890b289-b31d-40e8-a9a4-2a27816c49a5,O2999,P17,3,165.71
e8d8bad1-b62a-4dda-914b-422d95840b9d,O2999,P11,1,422.06
aa28840c-0a73-4ab1-8fc7-f8a521e715cf,O3000,P45,1,488.83
4edb5301-a992-4ff8-8355-e4fab4586765,O3001,P2,3,153.08
8a6fbd97-5740-4809-8a9c-cb526e551c43,O3002,P5,3,428.82
63710bbe-8000-46e1-8afe-42add8355007,O3002,P26,2,251.1
c1a7d2a9-4233-457d-bff0-ba77292407f5,O3003,P14,3,30.25
5f273142-233d-4b0e-b340-f292d3e20c61,O3003,P9,3,114.1
cc0e6ec4-b994-4a14-b055-14bb6e1e4d91,O3003,P44,3,165.78
67023667-1168-420a-8d61-164f259929dd,O3003,P30,2,469.52
7e63ff3f-9a1d-4edb-88e5-980524392aa6,O3004,P21,1,243.54
3b813bf3-808c-41a5-b33b-ce9a960bc7ca,O3005,P25,3,204.24
e1b37acf-cf00-4f4c-a748-778991984096,O3005,P6,2,288.13
7308c730-fa7f-4698-9e3b-e41cd131b4dd,O3006,P10,3,192.31
a3bd9cde-1b87-4373-8e85-c97017769819,O3006,P25,2,204.24
9befb2dc-a3ba-4f71-bfa3-9e43e542bb1e,O3006,P39,3,382.01
4fbe799f-5552-4aca-84ac-964490db06d4,O3006,P25,1,204.24
a43ae292-d2f1-4e8e-929e-5c05837cb8b7,O3007,P35,3,199.25
57613ff9-72b3-4932-b08b-02cc58fb39d4,O3007,P31,2,92.64
7096c09d-0ff8-4986-afcd-79a0eb2f8ec3,O3008,P9,2,114.1
cd56fdf3-d370-48e2-bf9b-df4e1beab85a,O3008,P47,1,397.61
051a4d3f-c73c-43e8-8d30-e9b5819f2bad,O3009,P47,1,397.61
34d527e8-be1c-47d2-902b-4d21b97bc0ff,O3009,P43,3,451.76
6755ad3d-3a2c-4c21-88b0-b837dd88d2e1,O3010,P8,1,13.01
23071e15-a0cd-4eda-b728-290990e395b0,O3011,P41,1,227.6
99ab2912-64e0-40e4-9458-5702453f9f89,O3012,P25,1,204.24
c0b51477-4f19-48c4-8044-63fd09b092e2,O3013,P3,3,210.16
a17c4436-47ab-4798-8dda-12d6a32b1212,O3013,P32,2,205.58
420d5fd2-136f-4723-92aa-e4f9c3508d51,O3013,P17,2,165.71
37ba6232-83ef-4b06-897e-9771397c9e2f,O3014,P8,3,13.01
980ffda5-d93b-456e-a6f0-9354887125b9,O3014,P35,2,199.25
4edccf0c-132b-43a3-b5f0-7684c0f69391,O3015,P32,2,205.58
19335147-f9fb-474c-a9ab-241641f3018f,O3015,P37,1,344.86
af8cd369-d021-49b1-942b-88d7847d242c,O3015,P31,3,92.64
fd8c713c-d44a-448b-b8cb-a58163f8eea4,O3015,P3,1,210.16
d5102f73-01a4-44fc-a096-4ba000da80b8,O3016,P1,1,386.89
bc81337c-5174-4468-9289-ec829924b183,O3016,P35,2,199.25
c8aa478f-deed-4f6f-bd45-81946cd98b17,O3017,P18,2,164.27
1ffc612b-f171-476b-bdcf-b31b8443e894,O3017,P2,1,153.08
696d3cf2-d789-4b79-b780-98ee4946afd8,O3017,P20,3,322.96
50d0bbd0-f9e4-464c-9207-8b7535fdfead,O3018,P22,3,315.67
ed7fa888-77e6-4c28-a812-722bea6a4e69,O3018,P0,3,29.14
d8a64b09-7131-4bb8-be19-0a9183f94cc4,O3018,P31,1,92.64
f0c9ad44-0959-4f50-a81b-66f6a8d1e5f9,O3018,P31,3,92.64
8b13baef-8ccb-40d3-b6c6-b9f91c476aa6,O3019,P41,3,227.6
e96a9e3e-33f8-439a-9141-af991501ea0b,O3019,P32,3,205.58
e03749d0-2d1b-4393-9e99-9b9a35091076,O3019,P9,3,114.1
c31b09e9-23f7-4d7f-bf88-c347d9e9078a,O3020,P48,1,51.12
9f1fe61b-46da-4d93-b852-96f45504a668,O3020,P17,1,165.71
1f4cf4fc-125d-4a65-9c5b-d2bab3303132,O3020,P4,1,428.84
7b235772-f44e-42a6-b39b-8c69a4585b3e,O3020,P31,2,92.64
19723b88-6188-4add-9ebe-82fb20a00348,O3021,P9,3,114.1
a9488fe6-617d-48d4-880c-9f68c4c7d753,O3021,P4,1,428.84
53dc456d-b839-43ea-93a1-deddf8cf02b4,O3021,P1,2,386.89
e119c213-c284-4e50-b732-0763193028d7,O3021,P34,2,23.19
735e6d4c-d793-403e-94d7-f8497ebe7892,O3022,P27,1,329.1
b2ed7062-033f-4a80-add8-f5ba4a3a6bec,O3022,P40,3,61.97
af9b8341-c6db-40cf-aff5-947567c5de91,O3022,P37,2,344.86
d1cc87a4-639d-4396-b69d-eed995721c41,O3022,P19,2,318.26
e959bc66-a30b-4a9c-84e2-8822c2c3a608,O3023,P3,2,210.16
10dd65bf-88a6-45f8-914f-2bd47355e2ea,O3023,P1,1,386.89
bbf13342-1350-465e-b7b2-2c6d5a7b4520,O3024,P31,1,92.64
64b04357-c80c-4a6a-acab-6219c736e47b,O3025,P25,2,204.24
69a918d5-5fb1-46d0-9d6d-0b408c7d3a4e,O3026,P2,3,153.08
5ac2c6ce-a8f4-48d5-bed2-9e980c0afc42,O3026,P22,3,315.67
a75efc1c-1935-49c2-9f66-5d5b87a1f605,O3026,P36,2,229.21
2835f297-da4c-4070-b6ee-eae65c1ec9be,O3026,P30,2,469.52
6117782f-ff7e-4ec9-ba41-9d4b780bc831,O3027,P20,1,322.96
db3d5214-b9a1-4ca2-8e0e-315b90100f2a,O3028,P29,3,495.24
6c3c8670-ede8-414e-95ef-9d46a0442cac,O3028,P27,3,329.1
44d038d2-eb34-4dfe-96bd-59866c4bdc83,O3028,P43,1,451.76
63af5b34-c63a-43c8-90c4-0e0a4001527b,O3028,P22,2,315.67
67d3eeaf-252b-4dd0-94ea-af62d61a025a,O3029,P43,3,451.76
3f3a0594-3f25-4b0b-87f1-34cff16c2968,O3030,P34,2,23.19
ed40171e-9ea9-4124-a8f5-2104b98b5562,O3031,P38,3,28.25
02631d5c-c55d-4613-9cf9-b2e21c2d0f1a,O3032,P35,1,199.25
226dbc95-7bf3-47de-bfe4-918a6df5d646,O3033,P8,2,13.01
959a3c21-52ec-47aa-9176-3f08c653d6e5,O3034,P31,2,92.64
6cc8f0a3-1781-4108-a07c-95eaa8a83f55,O3034,P39,2,382.01
29894a3b-c444-49c2-a7d1-0b45ed303166,O3034,P16,2,150.17
c993e1e5-4412-411c-b540-67c66a1415b0,O3034,P34,1,23.19
c2535ecd-01e3-455a-9c2f-f44d07908642,O3035,P32,2,205.58
f2e6c7d8-8dda-4c03-b7cd-b2cd15f4d20d,O3035,P41,3,227.6
26186026-bb9c-4bea-9711-e5872ec2d292,O3035,P32,3,205.58
d5117275-e540-4287-a49b-ad9307449efc,O3035,P41,1,227.6
ace66d34-cc46-4fe2-a444-8e6beeb6ac26,O3036,P43,2,451.76
73ef1af9-4630-4f3d-aa05-4983a17c868c,O3036,P19,2,318.26
a4cce123-3bb5-46f4-bcc7-5092453ae8b7,O3036,P34,3,23.19
b1922a07-8192-4a62-a393-967eb04edfad,O3036,P6,1,288.13
81a88957-1c96-45af-8fe5-6cbec0fd2967,O3037,P33,3,410.57
9399e14e-d4fe-4ee7-ba9b-d34927e1bd48,O3037,P34,2,23.19
51267435-eb70-4018-8f57-781f926fcbb3,O3037,P3,1,210.16
aa06c9a6-2c66-49b6-9d58-5cdddd3373a5,O3038,P29,1,495.24
d8eb1ea0-00aa-4f4b-a9bd-e99bbba13c21,O3038,P30,1,469.52
4442093d-44c1-4b24-ac05-93358723be99,O3038,P46,2,297.7
23764e58-dd2f-4bc8-b148-0e4dc2077dd7,O3038,P22,1,315.67
f16ddfca-79a6-49c1-9c0c-913b0ed0f437,O3039,P14,1,30.25
4679e8ad-3a01-4d87-8a38-f52aa6f0d000,O3040,P12,1,196.5
3b25bd4c-e98e-40e6-926a-bf21c8eb6774,O3041,P41,1,227.6
a2c48b72-9423-4427-8a7c-d4196af22c1a,O3041,P46,2,297.7
73b0f7c1-b1a1-42f9-971f-0deeaa06e705,O3041,P12,3,196.5
5febd0de-b569-4c21-85de-050f74db9033,O3042,P2,1,153.08
824658cc-e3c3-465a-ac6d-f639b2effb6a,O3042,P23,3,218.14
fae4abaa-df59-4840-8966-3b710a92608d,O3042,P32,3,205.58
e39c9f89-85a4-4bae-8476-7f2577b135dc,O3042,P28,2,45.74
cfc25e87-b214-438c-9463-6ca48804b630,O3043,P34,2,23.19
a7ba2082-9fe1-4acf-a26b-9ad285b63aca,O3043,P20,3,322.96
c173c28c-2331-4ef0-b3ce-92d08938f4e4,O3043,P1,1,386.89
d1c3174e-1f13-4e13-a495-7468b11ac2c3,O3043,P7,2,40.44
0cd829e3-3d65-4cd6-acb0-c30d6b589e6d,O3044,P49,2,16.6
3e7d1b20-d8ca-44f2-8ae7-11c1f01dbdfb,O3044,P3,3,210.16
dbc1faa4-cb20-497b-ae73-a18ff0f8041b,O3044,P11,2,422.06
e7a00312-dc96-410d-ba6a-b9c8ef5ca5c9,O3045,P43,1,451.76
94abcfd2-1f5c-4c1b-abf0-d6ab8aad0ce8,O3045,P45,2,488.83
79ff030a-0d7f-484b-b9c6-d8ba277b05f9,O3045,P29,3,495.24
641b9d26-0de2-4632-ba05-16943b3dd4d5,O3045,P23,3,218.14
59717df4-3992-4803-9374-3a923440331e,O3046,P28,2,45.74
b09f055a-f7be-4013-aeee-8551ea17b334,O3046,P17,1,165.71
0c9c0eb7-fe75-4b44-8790-7bec8c284cd3,O3046,P0,3,29.14
4f2a80d6-b03f-44f4-b6c1-2c4d4fc417c8,O3046,P43,3,451.76
e90e73da-c3d7-482d-a72d-8f26243b92c1,O3047,P5,2,428.82
f626ab74-1371-4a8e-9782-1ec215fe96be,O3047,P12,2,196.5
d0113413-ba38-4f94-ba9d-c2d1c60c263b,O3048,P1,3,386.89
8a7b7f84-c3bd-4aab-ad5c-e876f06d54e0,O3048,P44,3,165.78
c1fb6eb1-2966-4294-8f4d-476ae519e6c9,O3049,P41,1,227.6
a2ec8e04-2a8c-4189-8d66-8e8aea4c3ce5,O3050,P20,1,322.96
931d2c83-f77c-4122-bb1b-d89c15a38f86,O3050,P13,1,195.01
4329d68b-befd-458a-b571-39b583372208,O3050,P0,2,29.14
2ae07fe7-9a82-49d1-a5ce-c1e4b171363d,O3050,P16,1,150.17
febe0ae5-5408-40e4-8937-255ec3c5a37e,O3051,P8,3,13.01
2677e4ce-d60e-4927-b85c-17f065afdb24,O3051,P1,1,386.89
1218c604-549b-4ec5-9748-92f6d745435b,O3051,P44,2,165.78
223c8a1f-9f05-4882-bd7e-960d0dac72ae,O3051,P10,1,192.31
c751bc7e-7f79-4895-949f-f860b7595148,O3052,P18,2,164.27
38a30a7b-3582-4d23-8059-0ea351cc4046,O3052,P6,2,288.13
a938e68c-3b28-4ddb-add4-354288ed8cd3,O3053,P41,2,227.6
813c78da-dd61-4289-a3fe-813fb721cb44,O3053,P0,1,29.14
664c8dfb-e7b3-476c-97a9-1d179e3ecf1b,O3053,P26,1,251.1
a334613b-6cb2-4ea6-9146-3979a68b7043,O3054,P20,2,322.96
bb370124-b079-4ddb-a4d9-3432225efa7e,O3054,P47,3,397.61
681b52a5-6d43-41c7-9192-afe09aec5957,O3054,P15,2,17.14
a021841c-2735-4b08-96ee-f2050defd2ec,O3054,P39,3,382.01
0d91914d-34dc-4520-a56e-a5ca31165fd1,O3055,P9,3,114.1
b6a7fed6-7c3b-4594-b41e-007999326cd3,O3055,P41,3,227.6
435806d0-b790-4bb4-96be-799d679ace7e,O3055,P47,1,397.61
ae8d6f39-1b3d-4e37-a8d6-28c95a7a40cd,O3056,P18,1,164.27
65af4e49-d212-42d5-a622-da271d2afd5e,O3057,P8,3,13.01
e8fa7e2d-7972-4061-9ab7-2f8c79168a23,O3057,P17,3,165.71
0442b9ec-dd40-4038-985d-aeab3b154f03,O3057,P9,3,114.1
55864227-eb8b-46f9-97ad-2464f9d0e21d,O3058,P48,1,51.12
fe45f3a1-e47f-41c2-86f7-93f4fd33f689,O3058,P21,1,243.54
9cf35a44-ad91-4549-a2e8-84b06c945d22,O3059,P30,3,469.52
83ea0adb-27fb-4d71-81a1-a8a240502a0b,O3059,P6,1,288.13
3f79ae74-1ec3-4491-8693-52ee1603ab26,O3059,P15,1,17.14
2d3add74-5374-41a0-9d79-8ea867810fca,O3060,P21,3,243.54
63bcb27f-efdf-4b4e-884d-bf04b1f68243,O3060,P25,2,204.24
f1f3db86-5818-479a-84fe-8fc796eff29a,O3060,P36,1,229.21
7c48a405-350a-4a95-b020-0eb1ba77b04b,O3061,P11,3,422.06
1d1a1c27-91a4-458e-905c-ad73448a95f0,O3061,P8,2,13.01
96cdb1f1-8941-42df-b200-40adaba60c1c,O3062,P42,3,364.27
c3f3ab49-ce70-4809-86e7-dc835ca8f2f1,O3063,P42,1,364.27
eda9c485-d4fb-4628-83bc-c118324ab36a,O3063,P4,1,428.84
e4e93a91-d406-4c5f-afa9-aa5b164c8363,O3063,P11,2,422.06
a9ead25b-14c9-4fdb-bf57-5b42b0b9f1c7,O3063,P32,1,205.58
b8b25c34-b518-45fc-9268-d1977a08e83f,O3064,P31,1,92.64
faeb969c-233e-40ab-bf14-6c7316788798,O3064,P39,3,382.01
eca85bf2-53a7-42e6-87db-261ebbed36c4,O3065,P3,2,210.16
808fc337-b576-42e2-994a-a098adc7d423,O3065,P6,3,288.13
d5c06f66-6de8-4ebf-aaab-8e5f010e44f4,O3066,P17,2,165.71
511ad0ae-7362-475b-91fd-f2dda32ccf99,O3066,P27,1,329.1
b2aca562-76de-445e-97d4-fd39b23bfcb8,O3067,P34,3,23.19
b3a05f03-63f9-4658-a74f-1cc831d752ab,O3068,P2,3,153.08
eed4518f-afc5-43a0-a51b-330a64b5d606,O3068,P6,1,288.13
580fa58e-2fe3-409e-8fa4-2417fad13c2a,O3068,P39,3,382.01
351fb89a-faa2-4fcc-8b8d-0d1940500809,O3069,P14,3,30.25
733cbaef-3759-421a-a7af-d40eb932d1ad,O3070,P15,2,17.14
9f06496b-41d5-48f3-9fd0-7c90d01b00e6,O3070,P30,3,469.52
50d178e5-f505-4ea4-8197-0d271f341d55,O3070,P43,2,451.76
0698241f-2b6b-4c09-8240-b7a8635defa0,O3070,P36,2,229.21
178cd5dc-e3ab-4a89-9bd1-13727eb3aa17,O3071,P16,3,150.17
5d553e39-7cda-490f-a34c-b4eae4a0f8a8,O3071,P46,3,297.7
c75a8b2e-1d3f-4775-85be-f50531eba180,O3071,P22,1,315.67
52803722-04f2-412e-8acd-81d1156df87e,O3072,P8,1,13.01
0d9c1e20-f83e-4d76-8275-b3d91f4e8159,O3072,P35,1,199.25
4a74898d-1a29-4323-8bce-ed3ade5f92de,O3073,P32,3,205.58
5f4b9b86-1192-43d5-bcda-78f9c7070708,O3073,P34,1,23.19
2f45f148-d47a-4407-8205-54f7e0c28f1e,O3074,P6,2,288.13
e3c74f0b-144f-4add-84b4-a334481db755,O3074,P44,2,165.78
f8c6a1ad-93d6-487b-8598-6a9c9585c532,O3074,P44,1,165.78
7b4ed8a9-bcb0-4179-a5bc-c9f93973c1e9,O3075,P7,3,40.44
5270216e-e0d0-4771-945f-3b99813c5c11,O3075,P14,1,30.25
c4b071e8-957c-41d7-b445-82585bab70dd,O3076,P8,1,13.01
977d2303-05e0-43dd-9ebf-a9e48b3d15a1,O3076,P17,1,165.71
5703addf-4bd0-49f3-94a7-84db5f574037,O3077,P4,2,428.84
edaa7c0f-b89f-4c25-92e3-ff2a74ecdbf2,O3077,P29,3,495.24
0bec7d7b-a135-4fe6-a5a7-6a27e5e70f56,O3077,P33,2,410.57
c5b2bd70-0edb-47e4-b033-59da554582af,O3078,P20,3,322.96
46457a9b-cbf6-433c-8da3-701e9550ab07,O3079,P43,2,451.76
5d6df269-4e7f-4c52-9727-a4bfb128d1f6,O3079,P28,1,45.74
2beebb7f-7707-4f9a-9123-835c18cd28da,O3079,P14,2,30.25
997876a3-f7dc-4a5d-ae61-45fbc34292c3,O3079,P2,1,153.08
df667759-59db-4e0b-8577-91bf9014e593,O3080,P6,1,288.13
51ea0a96-fe2b-46be-be98-333d37223163,O3080,P27,3,329.1
c53341b7-eaf9-48cb-ae19-7f96e46a68ee,O3080,P31,1,92.64
dcfa0587-f56f-49ef-a32b-04ec9f9387fc,O3080,P5,3,428.82
5e7b2faa-2185-40ca-aa8f-2b7be1f10316,O3081,P43,2,451.76
7cf65e01-08f9-4d25-b323-8a4991a1c460,O3081,P39,3,382.01
b390541b-edd4-49e6-99e6-ca3b68058fe2,O3082,P21,2,243.54
f0d499a9-a242-4a32-b3c8-cf13ab9c9898,O3082,P19,2,318.26
3a6a66f8-5860-4074-92ec-7fc65f567f45,O3082,P13,2,195.01
d8c4ab8c-d8d2-4ff4-9130-491cdb7e844b,O3083,P49,2,16.6
59ae092d-d0fe-4b41-afce-c5aa1ead15e3,O3083,P46,3,297.7
30a2b5f0-65f4-49c1-a5b3-cd32523d0ab7,O3083,P30,3,469.52
32ce3ee2-8562-4e78-88c1-8f50c281d4d5,O3084,P8,3,13.01
a27f4b11-4d7c-412a-aeda-a599d51babc0,O3084,P21,1,243.54
a3f4099e-0105-4171-95f4-103564c38059,O3085,P48,3,51.12
c078119a-a48b-4da4-b4b6-620a7644afbf,O3086,P25,3,204.24
c8835fca-c6eb-4c19-8688-6bf2a59684df,O3087,P23,3,218.14
d0fb9f6f-81b7-4e7f-addf-d415c42730a7,O3087,P23,2,218.14
79913964-4350-4fe0-96d3-917442dec682,O3087,P16,3,150.17
90c1603b-f5e9-45ad-96bb-d63349089a0a,O3088,P45,3,488.83
877e158c-e952-4720-b676-4669bdae32ee,O3089,P11,3,422.06
6d9b11c9-a3b7-4806-bdef-59e72ec676e9,O3090,P2,3,153.08
b5135b48-0ef3-4bd1-a942-841dab207d44,O3090,P0,1,29.14
af96b505-e965-4fe0-8e41-5883546e73f4,O3091,P17,1,165.71
5b0a8351-caa1-4bc1-8c1b-5ed9cb7c923d,O3091,P0,1,29.14
75e085fa-6a9e-4675-8523-90dbafa1731e,O3091,P2,3,153.08
93f8c187-6f86-4607-9b0a-ff88b07f3847,O3091,P26,2,251.1
e9579327-25ad-45ed-9c0f-a221f1946852,O3092,P6,3,288.13
a1190211-0310-4e1a-93b8-0b1754bfc93a,O3092,P23,1,218.14
4e50abc1-7aec-4a91-8779-45365c5f3c7c,O3092,P1,3,386.89
d03194f9-e10a-4734-838a-6e6d22e4a8ad,O3092,P37,3,344.86
179ebeff-00fc-48d1-a57a-ba83b6bc5efa,O3093,P1,3,386.89
d8a28e86-f810-4dcd-9797-00ab9963f09f,O3093,P32,2,205.58
ed1014ef-5ba3-4bb1-8352-4c0c1ba61011,O3093,P28,1,45.74
efaee48a-f1c7-48ed-8907-4c3b091bf52f,O3094,P9,1,114.1
efae0571-91d5-4dca-862e-f7e4ac81db24,O3094,P44,1,165.78
6ab255a7-046d-4e52-b074-157cbaaa12b0,O3094,P8,2,13.01
67fec0cb-6414-4344-94d2-f2bdc1375e38,O3094,P45,3,488.83
534061c5-a8ae-4579-8d92-c5f927b29f26,O3095,P39,1,382.01
5fccb9bf-2d87-4cb7-b1c9-ff2082b55cf3,O3095,P3,2,210.16
53ff619f-dc86-4e77-bccc-4023db1f237a,O3095,P13,3,195.01
985664ce-0fe3-4964-892b-ebaaf280a26e,O3096,P6,1,288.13
28ffbb32-391d-44d6-80be-097ae09cbb40,O3096,P8,1,13.01
cefd0b40-4f41-4a92-a9d2-7c702bab6b3e,O3096,P2,1,153.08
209731c8-5225-42cb-a1ca-78709cb67ffd,O3096,P41,3,227.6
21b9cba4-a915-43a2-83ee-520b0ebd8947,O3097,P33,2,410.57
7e8ac3a1-6a76-4251-b2fc-12d1fc890180,O3098,P14,3,30.25
4dcdbd39-d4c5-48ef-bb19-b790249bf36a,O3098,P36,2,229.21
f570d156-8969-4102-b23f-c9da93fbf306,O3098,P36,2,229.21
d1afd4c0-db2e-4ecb-a8a7-b924721d9926,O3099,P7,3,40.44
2248d0f5-1337-44e3-ba7d-cf55711aeb1b,O3099,P49,3,16.6
86a572c0-f0d9-4377-95c1-bc466f851fb3,O3099,P22,2,315.67
e26b98a7-b577-4451-9d0d-f61ba9b19821,O3099,P22,3,315.67
8ca0ec47-64d6-4abd-8b3d-b245e4587b7d,O3100,P5,2,428.82
2945237a-13d0-45ae-9720-1e1b6550dae1,O3100,P48,3,51.12
b40bfd9a-2815-4757-846e-8d013d3e2c0f,O3100,P6,2,288.13
c868996d-6cab-440c-8804-81d68495b433,O3101,P23,3,218.14
977cd569-e15d-44f0-907f-b6fedb33183f,O3101,P44,3,165.78
a82336ad-1dec-47de-9c57-d12369a15a67,O3101,P2,2,153.08
e63a2a87-5094-4ee9-82ff-03202fbc5ce3,O3101,P5,2,428.82
2d56a165-2043-449b-956f-662b452229f9,O3102,P7,2,40.44
e8e24cac-1fb2-4727-a795-d75cf28d0916,O3103,P22,1,315.67
458427c9-88cb-4e66-986c-371e02a134b1,O3104,P12,1,196.5
63eb3151-182b-47a3-bd15-31b41eaf0c0f,O3104,P47,2,397.61
63d218d3-7797-4853-a006-77ed54ba929f,O3104,P48,2,51.12
828e722c-5bae-4c5f-a4ad-4627b58c4eeb,O3105,P35,2,199.25
ba64765e-7a1b-4011-a08b-b5b20968538a,O3105,P1,1,386.89
5531ac95-bc00-41bb-be1d-03ed1c800b19,O3105,P29,3,495.24
7a788071-b871-4eb8-bfde-cee46db35990,O3105,P10,3,192.31
e16c9a19-4839-46ec-a14a-2ff8f46d1e97,O3106,P6,3,288.13
64a89ec4-d4d2-4caa-92ea-a9a3fbc71994,O3106,P45,3,488.83
895ecda8-0bf9-4b00-afaa-bd605b8ae004,O3106,P4,1,428.84
fd2b2415-bfa8-4790-ace3-1440fa8cd338,O3107,P26,1,251.1
f3d91304-7efb-409c-8f42-b51603cd9aee,O3107,P2,3,153.08
d697aafe-10c3-43ef-acc1-a8d6690dfdd6,O3107,P14,2,30.25
54e05199-163f-474a-83a2-aaf915446ba7,O3107,P8,3,13.01
540bba12-f15f-4e62-b12f-8f35a82f71ce,O3108,P41,3,227.6
0586d484-d3b4-403c-8b3a-b3b729d86770,O3108,P18,2,164.27
47683d18-ca70-423e-b4dd-64b7ca695dd6,O3108,P9,1,114.1
0492ac39-0915-4aee-87fb-fcb5c24fc58b,O3109,P10,1,192.31
df7e6bca-8e3a-46b8-adde-be926a3c43b5,O3109,P33,2,410.57
779bd532-a218-4d7e-bc38-7559606a9268,O3109,P33,1,410.57
4f4a67b3-f4cb-4399-8d70-129dc624cf67,O3110,P40,2,61.97
0ca00a51-67c5-43e7-8371-66c2b3328c0d,O3110,P9,3,114.1
c616e83e-32c8-4fe5-8d6f-31e745d7a657,O3110,P4,1,428.84
2d95bbcb-ea53-47e3-a094-f9a9adf571b7,O3111,P32,1,205.58
c103f9f6-7b8b-423f-8de4-d72b6e6390ab,O3111,P43,1,451.76
cde00eab-aaa4-4a5d-96ea-2dade7d35f52,O3112,P26,1,251.1
f088edbf-ecf3-4b38-9420-3e83f9d60acb,O3112,P7,3,40.44
205524d0-70b0-4722-88a6-b448b6949af1,O3112,P0,1,29.14
211df821-72ce-45f9-8a84-87799b709596,O3112,P42,1,364.27
6b11bb8a-d390-47c6-9ffc-3082eaf58d6e,O3113,P6,2,288.13
3cc212d3-7837-47ea-b996-889aaf4a89ca,O3113,P47,1,397.61
7c1fc50f-174f-43a3-a94b-d217a3555f20,O3113,P24,1,327.27
23780dab-3358-4f1f-b6ae-0b011db53766,O3114,P47,3,397.61
0900065c-1820-4ac5-9fc8-902b74c8ff6d,O3114,P11,1,422.06
58ae9a15-fe6c-4794-bd04-f0b56c7bf613,O3114,P44,3,165.78
42797b96-ae90-4ad9-b438-70da44f51425,O3115,P24,3,327.27
ce426a72-c377-4330-b118-7717a87c7589,O3115,P28,2,45.74
c85a4c2b-2785-4726-b4e1-f08125a8f7ef,O3115,P32,2,205.58
770be851-6748-42a9-81f9-21409f0c55b9,O3116,P8,3,13.01
bbdff7ac-2198-429a-8b07-06a27d026755,O3116,P33,3,410.57
72fd2637-1500-4043-b18c-12938a27b4a9,O3117,P13,3,195.01
6ac663c0-c0ab-481e-9359-bae76952202d,O3118,P34,2,23.19
3e6eb888-dcdf-435e-a5fe-766c6cae7b7a,O3118,P24,1,327.27
ab8178cb-8e64-458b-bcd1-85422bf436cc,O3118,P25,1,204.24
73f20627-f948-4c45-85d5-9f23ebb1ff64,O3118,P25,1,204.24
3b5ff456-c0b0-4052-a784-b7016af73f92,O3119,P49,2,16.6
db390716-3049-472e-8708-8f5365504947,O3119,P0,1,29.14
214c10a7-e50a-4ee2-b2e8-d2488e719ef6,O3120,P17,1,165.71
89876204-2560-477f-a70a-931fa1fbfef6,O3120,P49,3,16.6
d6453973-2470-4f4a-bc7e-8ec2245e8cf1,O3120,P0,2,29.14
449b2790-cfc7-4e6b-926d-efe2455a8050,O3120,P6,1,288.13
9b4d061a-2977-44da-9538-1b5b1a01a0e5,O3121,P49,2,16.6
e6a95f88-3bed-41a5-9a0b-feebd37c9968,O3121,P11,2,422.06
6c90ba9d-2a55-46aa-9bf3-6ed374d2591f,O3121,P15,1,17.14
0110478d-0822-427f-b89b-05a8ec7435b9,O3122,P45,2,488.83
be5c79df-c4d5-4759-8100-20ad5abfd147,O3122,P11,3,422.06
f6b07fab-8922-45c5-9bd4-730a975c81ac,O3122,P37,3,344.86
bd6db135-c449-4ab6-9229-b803347117df,O3122,P34,3,23.19
e28ccb84-c77d-45e7-b388-e530356d8ab8,O3123,P3,1,210.16
8391e845-ea3d-4b8d-a002-fa386853b60c,O3124,P0,1,29.14
ce1a4dcd-bb74-48d8-aaf2-5217c5d0259d,O3124,P34,1,23.19
38622508-11d3-4438-8449-e96e895b68fc,O3124,P30,1,469.52
a05b8f71-caa3-444c-a853-41ae65abe6d1,O3125,P45,3,488.83
8bf64ed7-66bb-46ac-ba84-62b13ba86fd6,O3125,P18,1,164.27
7af7b68d-59cc-4504-9c11-107c2239e969,O3125,P46,1,297.7
25975b4c-9a94-48d6-bda9-dbd57a73daea,O3125,P5,2,428.82
b02c3d97-99d8-410f-bfdb-fa3b2a9a071a,O3126,P20,3,322.96
c45959f2-5121-40b9-bc68-aed2d653e191,O3126,P34,2,23.19
ed27abe5-c76f-4539-a1e3-14f5ee91f799,O3126,P3,3,210.16
8be86540-12f6-4433-8ecd-c4e6e432d658,O3126,P21,1,243.54
38e4d387-efb6-4d64-818c-421411348d34,O3127,P17,2,165.71
e94dc148-686b-4b96-9491-7df157bc7c44,O3127,P1,2,386.89
22a6b26c-a0ba-4d5d-8c16-4b6c8eab7190,O3127,P10,1,192.31
02f38a90-9ac1-47c4-a981-ed9ecad2fc21,O3128,P39,2,382.01
f43e26ae-993e-4f67-9756-59e357d48a0b,O3128,P0,1,29.14
ad1dc2f0-f0d1-4429-ac10-eff28d47e2cc,O3129,P49,1,16.6
1fbb5be4-1d0e-40f4-9c34-3240f0bc1b93,O3129,P44,3,165.78
02192b63-9a56-4b7c-8af7-7e82150d1b26,O3129,P43,3,451.76
36c87dce-3eaa-45f9-91a0-f9e6f072dd6c,O3130,P15,2,17.14
2897d6c6-0ca2-439f-a741-e64b5f38a2c9,O3130,P27,3,329.1
895ab8c5-ee92-4c77-b530-2315b8656790,O3131,P11,3,422.06
0af5ce81-a260-4ea9-9b3c-809c214e957c,O3132,P39,2,382.01
5480df78-c024-472e-addb-71e8b3eea46e,O3132,P36,1,229.21
3f13f302-bbc4-4915-9d37-2ce24f6b4bdf,O3133,P2,3,153.08
7caf6e56-74bb-45c0-b036-d5479129c086,O3133,P44,3,165.78
7cb67b8f-a296-4ead-8ca0-e7398a2150b5,O3133,P3,1,210.16
f5b33919-cc67-4b98-b5bc-8f47d6ec5bf6,O3134,P41,3,227.6
0977c77f-4c09-415a-a598-5900d9bee490,O3135,P37,1,344.86
59429024-bf54-4f54-b1b5-e108834938b0,O3135,P22,3,315.67
1f89431d-7d91-4c56-8056-e83c52cd103b,O3135,P28,2,45.74
5ce8e9e9-8770-40c5-aee4-b29d81c46b93,O3135,P4,3,428.84
8db9a942-67f3-4e92-b6f8-4317db724413,O3136,P32,1,205.58
d7291f95-fa1f-4c4d-b768-54035a04cddf,O3137,P18,3,164.27
34782399-e15c-41c2-92e9-440217fd1416,O3137,P43,1,451.76
a2e8991c-f241-42ed-af40-7920ff8232a8,O3138,P35,3,199.25
779a3009-2fda-4d5a-8d6d-24f3144cc3e9,O3138,P17,3,165.71
ce4271bc-5eba-4a48-86d1-37320617bbee,O3138,P20,2,322.96
69e8e536-6fbb-4133-a802-4059174d71f9,O3138,P5,3,428.82
7d468f04-9c7c-4f74-b1b4-7d858835ad99,O3139,P48,2,51.12
e6be97af-da17-4941-9442-9f7de8e7962a,O3139,P32,2,205.58
409d6419-0aa1-4475-9b6d-f809fcd8e3e1,O3139,P36,1,229.21
a165c877-258d-4476-ba81-3566deb66502,O3139,P48,2,51.12
83720c85-27b8-4fde-950e-ca42576a168d,O3140,P28,1,45.74
49273607-d05c-4651-931d-6e52861138f4,O3140,P46,3,297.7
33748c00-5bcf-456d-aca2-aeb774364dda,O3140,P39,2,382.01
6fa4843c-2540-41d9-91af-bf124c26567b,O3140,P26,2,251.1
be045044-dcbe-46a5-8d73-8a9ac73c3ea2,O3141,P15,2,17.14
6e4ddc4b-ef4d-4d22-aa7c-2b7f4d646bbe,O3141,P7,1,40.44
0aa02ac1-3def-47c3-88f9-10219f5d862f,O3141,P9,3,114.1
5fcf6985-6cac-4ccb-95de-aca354939b1e,O3141,P3,3,210.16
02093238-6e3b-4442-a4ea-2b14553e9101,O3142,P10,3,192.31
7a7d9f2d-624c-4bfb-ac90-7d938c86bf9e,O3142,P23,3,218.14
076d24cd-2a9c-4f6f-905a-b8e06af1e831,O3142,P38,2,28.25
6492992c-3f90-4f26-a8a1-540ef714f4b4,O3143,P43,1,451.76
c390ddab-2906-4ac6-8b4f-1acd8f2a22f0,O3143,P46,3,297.7
647d2a88-7a3d-4476-925e-701a91da5bea,O3144,P14,2,30.25
8181cb77-0689-4305-9978-ef63d28745b6,O3144,P16,3,150.17
29bd2834-014b-4969-816d-fd8bb60b5929,O3145,P9,2,114.1
3d1c6107-a723-4cd1-8289-8c1afc2cd111,O3146,P14,3,30.25
c7841bb8-276e-4734-b90a-224f700ee3b0,O3146,P44,3,165.78
f7290ebf-e12e-4a9d-b593-15153164a925,O3147,P11,2,422.06
86832e9c-feba-4fa7-8351-0c6037f69094,O3147,P42,1,364.27
4ff8267e-b444-4fd3-8d4b-dfce12cc76f9,O3148,P13,2,195.01
629b4ce0-7ca4-4296-8451-e1b1e54f66ea,O3148,P6,3,288.13
78554b8b-784c-4bcd-b6dc-5e34efc961f4,O3148,P45,1,488.83
88cde28d-73d1-409d-b8d5-e269ea4ceff9,O3148,P16,3,150.17
3cc4647d-bf6a-4db7-91d6-cd5f03c71c83,O3149,P34,3,23.19
9e061897-0e91-4446-bee9-33dfa01c8d55,O3149,P40,1,61.97
46daba8e-2430-45e7-8e2d-454911533a75,O3149,P32,1,205.58
a3de29a6-8e8f-42ab-9327-b0a5c57ff688,O3150,P14,3,30.25
a3c03d74-8768-4cb3-8362-cb011d3e6908,O3151,P18,3,164.27
bbd941c7-2376-42e6-bf36-33853a308477,O3151,P33,1,410.57
da266fd3-68b8-4c53-acc7-4d4c2d44b9a9,O3152,P14,3,30.25
0c27daf2-e376-42f1-8eaf-873e7a3b7ba3,O3153,P7,2,40.44
13619b4f-72e9-40a6-a265-b91256872216,O3153,P28,3,45.74
7c904719-1e80-4738-9343-c384bcbf4e51,O3153,P22,1,315.67
f78264ca-0451-4431-b8b5-12db8b818c91,O3154,P33,3,410.57
e3bbbda9-ef43-40fc-b658-f66499d7c767,O3155,P10,1,192.31
2daa7e8b-958a-49a1-8e12-d6149396677e,O3156,P17,3,165.71
ee55d441-d583-4b14-967a-e2c3f9807186,O3156,P27,2,329.1
6940c7f3-95bc-4768-bbdb-613ddf020ad8,O3157,P34,1,23.19
3e58ea57-c923-4490-8b19-ac0e744aa83a,O3157,P49,1,16.6
9eeac367-ce74-41ba-bda1-6985d28d9211,O3158,P6,3,288.13
ac09225a-55b4-498d-8df5-bab5dfc9c055,O3158,P22,2,315.67
bbc7a03a-edaf-4ef3-8d73-709346eef1b8,O3158,P3,2,210.16
3bbb3749-1887-44e8-80bd-4a0700324c72,O3158,P49,2,16.6
bea87dbd-b509-44e3-8699-271216e4593c,O3159,P13,3,195.01
e358b3ca-60d3-4890-8f93-eb39efb59745,O3160,P9,3,114.1
e31ba238-5cde-4407-a1c0-667ad091deed,O3160,P19,2,318.26
34d293d6-b03f-4f55-b2ec-291124b9027a,O3161,P7,1,40.44
b9627de0-5dac-44de-805d-92d807a67d7a,O3161,P8,1,13.01
4f4a81a6-b013-4879-80a4-89c79e607111,O3161,P33,1,410.57
a5d0f999-48bf-4d9b-949a-d7d1722c18f1,O3161,P43,1,451.76
10edb540-2650-4735-b1d3-5df473d42335,O3162,P21,1,243.54
0c5e5b19-e7e5-4fad-b358-308e95be6fc7,O3163,P49,2,16.6
5a34d19b-d19a-4a79-8465-91d79bff7142,O3163,P38,3,28.25
073c31ca-a6d3-41a9-87d5-dd1b2d6dc8f4,O3163,P0,3,29.14
86677cae-198a-4e49-a90c-6c0a4756b176,O3163,P40,2,61.97
d913b19e-0255-4968-9d0c-604447214cf8,O3164,P25,2,204.24
bc896aba-02c4-446f-96d0-c3dec6dcdd79,O3164,P2,2,153.08
fe604513-4e66-4a74-9e31-520870cecc6e,O3164,P23,1,218.14
cdc53f34-9775-48e5-a536-5c07aa71dcff,O3165,P34,1,23.19
1733fa67-98d3-4f56-a551-d08fc5acb65b,O3166,P9,1,114.1
431682d0-234d-43fe-9c4d-71217826ec9a,O3167,P6,2,288.13
4ac624f3-dbd7-4e13-9564-07ae0f28cdaf,O3168,P24,3,327.27
fe1c56f9-f9d0-4c22-a0fb-4cb05e6ba309,O3169,P17,2,165.71
f9788717-0b8d-44fa-9399-bef2132966a2,O3170,P7,2,40.44
d11d1e72-e604-450b-a08c-88fe83924029,O3170,P11,1,422.06
8ea30e97-b8c0-44ef-b777-7dd314a1fbec,O3170,P11,2,422.06
712ffcd1-45ba-4b21-b802-63ea5635c833,O3170,P40,3,61.97
f4954b1c-dda6-41a0-92aa-703252d3d6ad,O3171,P44,3,165.78
12fd9d85-68ca-44cf-8be8-8455f7f9dc55,O3171,P46,3,297.7
a78b3330-fa24-4eb6-814d-d27b2a8557a5,O3171,P31,2,92.64
c8d4f3ca-2977-4284-bfce-748884f8a32f,O3171,P16,3,150.17
53ffa35c-be1a-43de-a69b-4786e4942a0e,O3172,P27,2,329.1
d25f8dd3-8b5e-4dfd-a1b4-fec14fdaa7a5,O3172,P21,3,243.54
3c7dea43-66a9-4183-9bc9-cf88c50598a5,O3172,P15,3,17.14
9662fea9-dd6f-4cd2-8cab-81776be9794d,O3173,P4,1,428.84
a1c31296-7cc9-455a-87b3-158e0153b8be,O3173,P49,2,16.6
191f25ee-7ff4-4ee3-9c3d-f3ff4d970376,O3174,P3,3,210.16
c6c1f165-23d5-45e8-ab51-d10c57404695,O3175,P32,3,205.58
585af4a3-ffcb-4045-88b4-77c056e1b2b9,O3175,P21,2,243.54
bda83db2-139c-49d7-bf86-47c37230589c,O3175,P11,2,422.06
e453402a-6cc5-475f-8fde-e8d4c4a2463b,O3176,P2,2,153.08
fbf25abd-19f1-48d9-9224-3f4ebb20f108,O3176,P45,2,488.83
71e95be8-523b-4e91-a7b8-9c145bce0ecf,O3176,P20,3,322.96
453e4cfb-d05d-4377-bcc0-de429329ce19,O3177,P7,1,40.44
c42dd67c-b6e2-4071-abd4-b5ed0afbe94c,O3177,P15,2,17.14
964dd384-1470-45d7-bf5d-c101ec06d1d5,O3178,P27,2,329.1
5c3230ae-99ab-483e-821c-4495fab0a234,O3178,P10,1,192.31
7c663b6b-5900-416d-bda4-a5cb14229b67,O3179,P45,2,488.83
6079e662-d847-4c02-a633-bd275756ffb4,O3179,P17,2,165.71
6ad11f8e-98c4-4f34-ab05-87a670c9828e,O3179,P12,1,196.5
0605c52e-a1b7-4650-ad77-0d921cdb895c,O3179,P8,1,13.01
f49867f7-36ea-46f4-843e-a617197efdfb,O3180,P49,1,16.6
393382ba-e13c-408a-8941-9eedfad6a49d,O3180,P36,1,229.21
87aae8c7-a48e-4efa-91f4-6d015e8ae387,O3180,P32,1,205.58
6d067f48-8032-481e-90e9-ca6e11de7dad,O3181,P36,2,229.21
23f6495e-de9b-4d2e-a9ec-5ed72fbf0327,O3181,P22,2,315.67
718ebc49-a0fd-487e-a495-c9c2f2ae82fd,O3181,P1,3,386.89
4d4c0807-991e-46b2-bd4d-f7785f7074bf,O3181,P19,2,318.26
36d64d02-fef2-4c77-8eb2-438b82a31417,O3182,P12,3,196.5
21bed2df-5b8c-46e1-ae9c-11f064a0e541,O3182,P13,2,195.01
aac04d5c-dcae-410f-9993-615cb8349e09,O3183,P31,1,92.64
2b67db63-068d-4684-918f-775d300e79b9,O3183,P45,3,488.83
cc6ae404-78dc-4f71-a21c-18558bed9416,O3183,P22,1,315.67
36004e28-34f5-404d-84bd-2d71ea6b7385,O3184,P22,3,315.67
59915bf6-c87b-44cb-9fcc-1ac5e7d6b970,O3185,P15,1,17.14
0f850d4e-244e-40f6-8a92-4cf6f10359da,O3185,P17,2,165.71
b942ea8b-ae94-47d4-b475-543f4f3781a4,O3185,P7,2,40.44
aefe2faa-b955-4c8a-8c13-0517b565a09e,O3185,P19,1,318.26
862d18cb-e5f7-4f1e-ab39-bbe58ef91ed0,O3186,P1,3,386.89
383f5001-cfba-4172-ba9a-aa3fa3653261,O3186,P9,3,114.1
0e37ed56-42e1-460a-9f53-56528254ef36,O3187,P43,3,451.76
6dae9457-36df-459a-889f-b95911865241,O3187,P24,1,327.27
d38b1f51-e556-47d6-8233-41701eb125b7,O3187,P14,3,30.25
1e168f44-0f46-49ac-9657-7309bd53f5ab,O3187,P27,2,329.1
0aed928c-59df-4d74-bf89-4a60b02288b2,O3188,P11,2,422.06
a36dd275-6911-4c72-9c02-ad0333665587,O3188,P11,1,422.06
496b49fa-dd12-467a-a4cb-ca18509a1abc,O3189,P8,2,13.01
847bc589-66cb-43bf-a4c6-de673d419ede,O3189,P48,2,51.12
7d91c029-721a-4ed9-90e3-7f2702e5f5d1,O3189,P22,1,315.67
7aa1b782-eea0-4a51-9030-41a65e1805e7,O3189,P25,3,204.24
20fda3ac-f4e0-4c4a-bd19-6f670cb591dd,O3190,P20,3,322.96
2f9802c1-4980-4c4a-925b-8aed14d622ee,O3190,P40,3,61.97
3399e9a4-b83b-4c6c-b562-4640bf3cd12b,O3190,P20,1,322.96
6ae071fd-a085-4ead-baf9-97f5d516b11d,O3191,P26,2,251.1
a5786d68-11c2-4e4d-901a-6b092f42032b,O3191,P39,3,382.01
58732912-6bba-4abf-bccc-6afeb469bfc1,O3192,P18,1,164.27
fada5b91-3459-4bd2-adee-b3b72057b90b,O3192,P43,3,451.76
2e356861-fafe-4f99-b8f5-57399cb257cc,O3193,P38,1,28.25
b326330d-11b1-4f9d-b4c2-dd6fa449e580,O3193,P37,2,344.86
c5982ef0-f7cf-4f7b-b814-a734ff2077cb,O3194,P35,1,199.25
4df3893a-b2c5-4016-9e38-7913e7e2b614,O3194,P22,1,315.67
3c2959ea-7284-47e7-99dc-2417ee309696,O3195,P23,1,218.14
2097fcb2-07cd-48ed-a675-fe6e8445ae7e,O3195,P17,1,165.71
0a8ba3f9-da7c-4cbf-a841-5427eabbe532,O3196,P45,2,488.83
cf91d5ef-068c-4a68-a8f1-f0793b244fb1,O3197,P5,3,428.82
2e9917bd-d6bb-437e-8037-e8a050290461,O3198,P5,1,428.82
71a87d56-e1ea-4541-af6f-f41934696c66,O3199,P13,2,195.01
5ba2883f-101e-4d8e-965b-240ff8a80465,O3199,P30,3,469.52
4d24d85a-74d6-46ec-9c22-daa970cfa4f5,O3199,P34,2,23.19
f323a2a4-3932-43ed-a2b2-aeb3fd4ec3bd,O3200,P19,1,318.26
941d5a44-dcea-45d6-b975-b411f855ced4,O3201,P37,3,344.86
83586846-8abe-4eab-84ef-e1bbeb252223,O3201,P23,1,218.14
7aa70a09-16fc-4c17-8cdc-96e54e4b4459,O3201,P46,3,297.7
14f566bc-e510-454f-b33f-4e5787455851,O3202,P20,3,322.96
f9bc3968-000e-4d2e-b79f-05b41cea8a8c,O3203,P28,1,45.74
2f8890a3-0fba-4d7d-9737-237221b9ec69,O3203,P44,1,165.78
710711c6-3f8e-4c5a-866d-c1149f5d2eec,O3203,P23,3,218.14
8914861c-3928-4bb6-a407-f00b86f32a0b,O3203,P11,3,422.06
fc2740d4-0121-40e7-a2be-01b72eb07760,O3204,P19,2,318.26
e5e3aa81-6714-486c-ad82-54d6c050066a,O3204,P16,2,150.17
23dbd3e6-d365-4352-af5b-816853734ccc,O3204,P46,3,297.7
ffa510a1-0a10-4be7-b5f1-dcd2b4846ec8,O3204,P27,1,329.1
939de11a-2494-4acf-8f2b-0fa06fe9c669,O3205,P19,3,318.26
f4da7ec2-4995-45d0-b6a0-7bc7a3f2febb,O3205,P47,1,397.61
11c344a4-2918-4dcc-a7cf-daccf97e1217,O3205,P4,2,428.84
3231f514-5f6e-4049-bd12-3b97329f4b40,O3206,P45,3,488.83
8bdaaf59-81ec-496c-9874-dbf533ba5bfa,O3206,P1,2,386.89
2fc10073-03e0-4773-9794-1f8eb40f5d34,O3206,P5,1,428.82
4168d841-1a25-48d0-8c17-e02674eeeff9,O3206,P48,2,51.12
1caa6b86-8bcc-4e06-92ec-50f111e15c80,O3207,P33,3,410.57
0a6c2ee2-7922-4a0c-aad8-edb756bb6900,O3207,P14,2,30.25
65336202-9ed3-4652-bfbd-742f08e593c0,O3207,P46,1,297.7
af49ea1c-24bd-453b-93bf-8bb39e759d6c,O3208,P12,1,196.5
de7e2c8e-9bad-42a4-bb22-345fc95ea6ab,O3208,P38,3,28.25
5e0f07a2-3494-4569-80ec-7619fe2e3703,O3208,P21,1,243.54
60c11a70-8649-4a90-b43e-5cc11c54008c,O3209,P39,2,382.01
e205bb3f-cbd6-4cff-a6a5-ae9de306f782,O3209,P17,3,165.71
1d53def3-df94-4e59-89a3-ad590d3bfb47,O3209,P49,3,16.6
74a03731-4e62-45e6-a650-9dcc6f966ed4,O3210,P17,2,165.71
29ae6201-6824-41f1-a86b-340af0378966,O3210,P47,3,397.61
add5290b-f403-4565-87a2-6681d2702da1,O3210,P46,3,297.7
d9288944-78ee-4c65-9f45-1f57c2d3a76a,O3210,P48,2,51.12
c69ae5cb-07b9-4a2c-b14d-bcd2ac14be40,O3211,P46,1,297.7
21977a56-a875-400e-92ff-0423359c4e35,O3211,P20,1,322.96
354c04d7-1922-4d08-a891-9524b8c6af74,O3211,P8,3,13.01
5909e7bf-765d-481a-bb70-3562be5e7a8f,O3212,P29,3,495.24
3a0230f3-533d-4646-9722-1a67549e74d6,O3212,P34,1,23.19
f51ffde0-28ba-4ef2-a89b-ec3be990d60d,O3212,P35,3,199.25
2019645b-f9b3-4a94-86f5-7caa05067c14,O3212,P7,3,40.44
607c9a6e-c8e8-43de-b41f-4f13bc735011,O3213,P48,3,51.12
84e64bdb-b3bb-48e9-b53a-3dfa8809f972,O3213,P13,1,195.01
9194d5dc-b8bb-4384-bf1f-8e066efb1219,O3213,P7,1,40.44
f80b89ff-3008-47e4-8a55-8240b1f6ba86,O3213,P1,2,386.89
a37bd4ca-4d03-4da5-a558-242f3cc19e50,O3214,P11,3,422.06
b4f784d3-e648-44ef-8a0c-a731527b96f7,O3214,P26,3,251.1
452b57d6-5974-44fd-9e47-5f576e2475a8,O3215,P28,2,45.74
b34c7524-96c2-4f52-93f7-c2630cc6650a,O3215,P26,3,251.1
86b26189-a504-490c-9dbe-70c6dfdd3426,O3215,P6,1,288.13
80b3443b-906e-43a5-964f-87d040576196,O3215,P33,1,410.57
b7339310-d51b-408d-afe4-c93528584e1e,O3216,P20,3,322.96
54133171-ab38-4dbf-9d56-b9e3debc95a8,O3216,P9,3,114.1
438a5efa-bbf4-4a46-bf04-bfe239e32fbc,O3216,P33,2,410.57
49f9fcc7-152b-4ef2-8f4a-7a7100aff668,O3217,P22,2,315.67
43b2ed7e-f452-4a39-98d2-46856a702a7b,O3218,P7,3,40.44
fc4aad44-cc09-4a3c-9f8c-744f0dcdd58e,O3218,P32,3,205.58
9264bf2d-ed5b-4222-82b5-9ba7a3c37767,O3218,P16,2,150.17
d4c29530-37be-4666-93ea-4f2b5fcde041,O3218,P43,1,451.76
cd74c541-4434-49eb-b40e-2c6a1ca2a80a,O3219,P1,1,386.89
d3024c09-dbf1-4e36-9e7d-babf4134a090,O3219,P16,3,150.17
af85ac35-c921-4f6a-8de5-3b084d3ae58f,O3219,P9,1,114.1
8e279e52-5176-4752-8ff8-b6a74cf665c2,O3220,P24,3,327.27
207de9fb-14e6-42c1-af5a-ee2a092d059d,O3221,P26,1,251.1
eae7dc42-c6a4-4850-b161-bfe66a315666,O3221,P29,2,495.24
6464ece3-9e1a-4fdd-b045-1b32389dd346,O3221,P46,1,297.7
19e26409-cc83-460a-8a1b-ed4d710ef03e,O3221,P23,2,218.14
611f9490-8941-49f2-8dd9-3103602e75a8,O3222,P11,1,422.06
98067345-d9e9-41fe-ad2e-1df24fc3b486,O3222,P23,3,218.14
33597ce8-602f-4e9c-8d2d-d7a3c2f1882e,O3223,P6,2,288.13
7399bc2b-25c2-4033-a22a-4326d39204ad,O3223,P7,2,40.44
710647de-678d-4015-8fe5-8414ab1d0413,O3224,P28,3,45.74
536f0f42-6fb9-4e08-8da2-480860b9a06c,O3224,P9,2,114.1
3825db40-bc01-4df0-9525-9b7d249f7d12,O3224,P22,2,315.67
01780a24-77ce-47ee-9071-b4614f95b9ca,O3225,P16,2,150.17
e1578b93-2e90-4b8e-8b7c-0e7e0bdac195,O3225,P29,1,495.24
f514c01f-ebaf-4343-ab64-5fce7bd77ebb,O3226,P14,1,30.25
a42e0c7a-1cb4-4d6a-b9be-8c076ee140b6,O3226,P45,3,488.83
c80410dd-4203-452f-8dde-361d01012eda,O3226,P38,2,28.25
138b9edb-0658-4307-aca5-a7d793982a15,O3227,P17,3,165.71
46f10279-93f5-43c5-86e9-91be5629d58d,O3227,P5,1,428.82
492ea791-1950-4e37-9bd0-b8e5ebc3b8ef,O3228,P49,3,16.6
f775fb37-78ef-4d70-bdd5-adff7b695163,O3228,P12,2,196.5
d009b0c4-7189-471c-ac93-8bc7c91100a8,O3229,P4,2,428.84
c9cb387d-6a05-4945-bc77-48f824dd0e8c,O3229,P3,1,210.16
75088817-fcdc-4e9c-a99d-4749f8cb6a03,O3229,P30,3,469.52
3258436c-a14b-41e8-b766-965b77813d0f,O3229,P31,3,92.64
a677f9be-389b-4dd6-9982-3888d6599593,O3230,P15,1,17.14
3afda39e-0b0e-42df-a101-6b9406dd8393,O3230,P25,3,204.24
77c2e4c7-9575-417b-832f-77cb7be213c8,O3231,P40,1,61.97
788d2694-00ac-4287-86a3-54e39b09a15b,O3231,P33,1,410.57
80824a20-0206-460b-bcff-58a9f0df3c8b,O3232,P17,2,165.71
c2228071-b397-4a47-b570-82cbcd881ad9,O3232,P2,1,153.08
a3de046f-9ec1-4f8e-a17c-062b498837d3,O3232,P38,2,28.25
51372d5e-a92e-4222-837d-0d142cf53bb2,O3233,P39,1,382.01
fed0601d-fde0-4168-996f-5a55481b510c,O3233,P47,1,397.61
6a0241dd-3d30-46b8-b2b8-ba69a2f09517,O3233,P36,2,229.21
1879f313-9b6e-42a3-b0d4-371c7d73ab93,O3233,P30,1,469.52
ba93ea34-3c8a-4c4c-b9f1-402fad8db16f,O3234,P43,3,451.76
969b2d1f-3d9f-47e5-aa50-3881b4dc84e9,O3234,P33,3,410.57
c3a392f3-5d0c-41b3-9979-fb3ba3005a35,O3235,P24,2,327.27
f0e5f169-3e33-4bab-8da9-6e75c4d65090,O3236,P27,1,329.1
66f7dbbe-0897-4503-b2d0-64f5a3943610,O3237,P17,1,165.71
476215b5-74bc-4a0a-9987-a6f05172ae4c,O3237,P1,1,386.89
8e2c3347-ab5d-4253-b4a9-d0e9a4157f4a,O3237,P29,3,495.24
4c4b88fa-2624-4b8e-b7dc-f88a7577ae12,O3238,P16,1,150.17
82b36638-f6b9-4fb5-b976-6a909b6793e5,O3238,P34,2,23.19
3ad79508-3a00-41c3-84b0-ae19cfbe16df,O3238,P6,3,288.13
121f671b-7260-49d3-867f-b60a6d299668,O3238,P11,2,422.06
15226198-dff6-4fe9-8086-9b777be5b7c3,O3239,P46,2,297.7
cfd443ad-c6cc-4450-a5d6-75a5dfa37cd5,O3240,P36,2,229.21
2fe6a63a-ba87-4dce-bfe8-43ee4caf2b36,O3241,P41,2,227.6
45a873f3-932e-4e54-9d02-85adbf99a57d,O3241,P7,3,40.44
66ecd9ce-24d6-463b-a7ce-9d89f753752e,O3241,P46,1,297.7
d63d8b4c-264b-4ab3-ac1d-ba139fae5552,O3242,P45,3,488.83
06163938-4c6b-4bb0-a29c-961430b17661,O3242,P24,3,327.27
e74ecf7a-f975-4093-b22a-38001b01eb33,O3242,P7,3,40.44
9e018843-075b-4847-b577-45160f649612,O3243,P35,3,199.25
c68ac449-09c4-4f53-a8df-8507bcb0d8c1,O3243,P39,2,382.01
74450db8-ad50-42d2-9dce-2b6695e25c3e,O3244,P7,3,40.44
415448b9-1f22-4d6a-b766-064b53bf18b3,O3244,P4,1,428.84
30684530-e850-4072-bae0-85f922e7d5e1,O3244,P32,2,205.58
dcf4d844-efc2-4c43-8c15-383d07e465c1,O3244,P42,2,364.27
f59274fa-37d4-445a-ba0f-561b6a1313af,O3245,P44,2,165.78
793a2e1b-d8fd-490c-822d-b151d5b9cb0a,O3245,P10,3,192.31
73c66354-deec-45b5-a589-2f00df6c53e2,O3245,P24,3,327.27
fb817abc-6ada-4361-8324-15afcd56a2a1,O3245,P8,3,13.01
9c6526dc-04ca-4a31-af3d-fb8b40e33598,O3246,P46,3,297.7
3dea9428-4f5c-4eac-9eb9-e181bead6105,O3246,P29,2,495.24
1e0c1332-7880-4a6e-9df2-6285789d3831,O3246,P3,1,210.16
4be34868-9491-4c3d-8460-5c694f068542,O3247,P13,3,195.01
b48845d5-ec6e-4008-8775-36f78ff72dce,O3248,P33,3,410.57
cfbb2a8f-b154-4a48-823a-80ac844f2aba,O3248,P16,1,150.17
12527c57-4176-4c99-934a-93e1a8971af3,O3249,P32,2,205.58
f8f8b9e3-89ae-4783-87c8-86aa9ab4e099,O3249,P46,3,297.7
0c4d7a1d-ec73-4b02-8d72-97fc44dfcf3f,O3249,P45,3,488.83
0daa2754-1368-4005-900f-2734d8848fd9,O3250,P24,1,327.27
0812a02a-2b5c-404e-8fb9-f06ad30e0bdb,O3250,P11,2,422.06
ad79f683-7516-4996-b9cb-ef6109c3c978,O3250,P43,2,451.76
508460bf-c5ea-4ac3-a2f2-692b9091881a,O3250,P26,2,251.1
00fa51a9-bbbd-4808-bd44-7d9e32bcc5c0,O3251,P16,1,150.17
e38c746f-2327-436d-9ee9-5b71c9ee24b2,O3251,P10,1,192.31
98660e12-9b7e-4958-9435-21b131532f3d,O3251,P30,1,469.52
4400f943-e4aa-48d7-a295-a03e8bae1786,O3252,P4,1,428.84
36b35ab1-f7d3-4684-bab6-473f3079aad9,O3252,P30,1,469.52
021f1a37-f559-4dc8-ab3f-2e897d68b90c,O3252,P1,2,386.89
71d39f2c-14e2-42ed-8c2c-33dcdcab3dc5,O3253,P3,3,210.16
1722eecb-2d3e-49b3-adc3-e898b6976036,O3253,P40,2,61.97
6e69f565-bd98-49c5-873f-70d6ed43ab81,O3254,P3,3,210.16
ca4e7c1c-ec81-4de0-9001-33c8b80965ec,O3254,P18,2,164.27
3b2fb48a-3a48-4d81-aa68-8babd98d5267,O3254,P3,3,210.16
ed9504d3-cb19-4af1-880a-177b228d72fa,O3254,P20,2,322.96
3f2bd7dd-3aef-479e-b35b-b2aa12ab598f,O3255,P29,3,495.24
3ac58289-3b10-4f54-a456-32c083afae73,O3256,P45,3,488.83
158ab389-dbb8-4e7d-b1ea-5f16473e78ce,O3256,P8,3,13.01
36ff9ccb-341a-4674-a5a0-cbcb61ef77ed,O3256,P19,2,318.26
f4fbdd75-826f-496b-a47a-40307344fd1d,O3257,P39,2,382.01
55734990-4806-4365-80a8-9d03b54273b3,O3257,P40,2,61.97
0b74a8dd-0ea9-419b-91f7-c82cec388237,O3258,P43,1,451.76
75388932-4ce2-443a-a9c4-6f1c01278048,O3258,P20,1,322.96
a7027606-5116-4731-b477-e3a5f0b5a2d5,O3258,P6,3,288.13
224245cd-03f9-44fb-8997-ec24d70db805,O3259,P37,3,344.86
2b4db965-ad53-47b6-89b8-d7bf0ecd4e27,O3259,P12,2,196.5
cdd92b52-784d-4567-8c05-6fdaee00f1d2,O3259,P3,2,210.16
8fbf66d6-4828-4bfd-956b-3f856f48a029,O3259,P3,1,210.16
ea9e9cfb-6a3e-4a36-b166-bba53b19d81f,O3260,P41,2,227.6
56518d5f-7419-4631-9837-378eecc82da1,O3260,P19,2,318.26
64808935-ac36-4ba0-997e-c3285cf819b5,O3260,P2,3,153.08
8bebd1d5-5dbd-4324-95fa-805d3e057603,O3260,P13,3,195.01
b3f1ce0f-e5e7-490d-bf7c-513136b33e16,O3261,P28,1,45.74
80be0875-c53f-4e84-a243-dba2da06c907,O3262,P11,3,422.06
1b8c7a8a-d2f5-4684-b5a4-18d2989b608c,O3262,P26,2,251.1
6fbf0c2f-5452-48c3-9f08-5164fb9e2c0b,O3262,P43,3,451.76
6024e348-5658-4bf3-bd1e-3ec0b04f2630,O3263,P47,2,397.61
05edb604-fb27-4e1d-9f75-b24e7ad89540,O3263,P18,2,164.27
7a552e32-3400-4dea-8ffb-1890ee479154,O3263,P42,1,364.27
bff66694-ae08-4eaf-ad5c-a9bd7cb26721,O3263,P6,2,288.13
43595a59-87a2-4652-88f3-13a4c8d7d64b,O3264,P49,2,16.6
970d000e-98df-4028-8a78-13da09a49ae8,O3265,P26,1,251.1
e327f0da-6629-4f9d-9642-fb507fe1c920,O3266,P4,3,428.84
7d83967a-9977-4ea4-973a-0a2224e02647,O3266,P37,3,344.86
b7c16d8d-9e0c-4b57-adcd-32ee96c471a9,O3266,P46,1,297.7
9bc725c0-a1ce-42cf-bf12-cda59c38c7b4,O3266,P18,1,164.27
c98200a1-297e-4a6a-94bc-91f98b45bb99,O3267,P47,2,397.61
64928bce-27a5-413a-b2e3-f83efb4a480c,O3267,P29,3,495.24
0e4da614-0298-4ee7-8991-66c151de5180,O3268,P43,1,451.76
ad72cae3-6e42-4e6d-b8cb-618acb69d446,O3268,P40,3,61.97
6e4fa137-7071-4f70-9395-dc00a5dbd70f,O3269,P37,3,344.86
8cf396fa-84b8-402f-87cc-7f922bb3bb7b,O3269,P16,1,150.17
6b3bc4b3-71db-4e59-b369-ab21937cc477,O3269,P39,2,382.01
fd268c54-9029-4af6-afe0-4a5d3c73b566,O3269,P1,1,386.89
6505f6ab-8d60-4415-a94d-6b3be80a1014,O3270,P21,3,243.54
9ba824d7-0e47-4a14-adcf-c3842e87cdc8,O3270,P2,3,153.08
1efd541f-c03b-418e-b8d0-5c24fb57b0f4,O3271,P11,3,422.06
ab21afb4-d6c5-4466-96ea-e6278a54424f,O3271,P20,3,322.96
629dff73-d62f-41c5-9a79-e06a86bcf3bb,O3271,P39,3,382.01
3c91cdc4-1087-43d1-8e28-a3063f586043,O3272,P11,3,422.06
0e4b71aa-2bf8-4611-b3d8-13e3f2d6da70,O3272,P0,1,29.14
a3cdc689-c982-4654-9e84-aa8f665e954f,O3273,P26,3,251.1
6306af58-fab8-4239-a1c1-81a2303ab812,O3273,P47,1,397.61
ecaed815-8980-4c9d-91cd-d9fdd22d8c73,O3273,P47,1,397.61
49e54d5b-2cb1-473b-b46e-fd100e93ed83,O3274,P48,2,51.12
f1bb29d1-8128-42c4-9ee5-0990c9fae528,O3274,P24,1,327.27
f8306c42-687c-4a40-b540-fbd5097b7223,O3274,P1,1,386.89
9116b475-72f3-4684-8d22-a10c32f5399a,O3274,P26,2,251.1
d94550f7-4526-43ad-9b9c-7c6ba3500a59,O3275,P5,2,428.82
b026bf40-ee4d-479e-945b-b58966ded79e,O3275,P11,1,422.06
fc35e0de-7029-4c25-bf3d-2ef9e193d933,O3275,P48,1,51.12
2aebb67d-bd96-4ae0-9a3e-840910e1bed3,O3276,P17,1,165.71
6c878b11-74e7-436b-9dc6-f580b53e1eab,O3276,P19,2,318.26
c8f88fc5-c42f-462f-932b-1c8636014a44,O3276,P29,2,495.24
c58b7d83-9d9d-4bc5-8610-d3c139a0bc55,O3276,P45,3,488.83
13520f13-a8a0-42be-96de-6293b2d06b88,O3277,P12,2,196.5
a7e8e040-6549-4c8a-9555-dd1f9ad51fd7,O3277,P14,3,30.25
33147fa4-5d25-4ecc-98c4-5f98fcebe3bb,O3277,P12,3,196.5
b1b0e143-9f6c-469c-bae8-517837f76411,O3277,P31,3,92.64
96b0d074-e094-4534-87ef-5755dcd8e4cb,O3278,P35,3,199.25
d91c4877-f542-4135-bc63-0734f004bf88,O3278,P6,1,288.13
c9b15cda-2e00-49b9-838b-64a07157ccf8,O3279,P46,3,297.7
917270fb-ce7a-49da-95a4-1e778f90d1cb,O3279,P5,3,428.82
892c0f40-96e9-476a-92a6-fa2873e0e47c,O3279,P29,2,495.24
9039b9a9-0bc1-41b4-9beb-9fe0b011e58a,O3279,P42,3,364.27
4eb2ae67-22e3-439c-a3b7-1241a826df99,O3280,P44,2,165.78
f56b68a3-408e-4e0a-bf64-24f6c2cea54a,O3280,P30,2,469.52
6cbc4f2d-9312-4f73-a8fb-e051794dd438,O3280,P11,2,422.06
a275e60a-2585-4a98-a27f-c25f2ffb99e0,O3280,P29,2,495.24
5fb74a01-dd3c-449a-b043-fd4ca4ca330a,O3281,P15,2,17.14
13325b8e-2355-4dc9-848e-b793932f8006,O3281,P1,1,386.89
cec3634f-1595-4080-b1d7-d8767e70a2de,O3281,P21,2,243.54
9cf6d1c9-371a-45ab-a4f1-ecdacb227b3d,O3282,P39,1,382.01
57dd8770-7ede-4d4b-9e8f-fcc1cc1bffff,O3282,P34,3,23.19
ede2e553-569f-4abb-a50f-f9021ee9ac39,O3282,P40,3,61.97
2d999f6c-0f36-4c0e-ac7d-f721590c7a66,O3282,P39,3,382.01
1621523b-74ea-4fe2-a029-e9c47123d796,O3283,P16,3,150.17
a1997e17-4bf1-4954-877a-d573204ba6f6,O3284,P2,2,153.08
f803fc52-9e76-430c-bb70-20824d7df9e4,O3284,P18,1,164.27
86fcea0f-50e1-41c0-b178-809c9580dfeb,O3284,P1,1,386.89
d94e89d7-d157-466b-be12-26c5317b8db3,O3285,P41,1,227.6
9716b040-9633-4e04-948b-3893b77fd587,O3285,P16,3,150.17
c5d0b268-130d-4158-95ea-42b03f932534,O3285,P34,3,23.19
87a3d16e-052b-4205-9bda-136887a1aac5,O3286,P20,1,322.96
397fc21f-cebc-4be6-9704-b04e61e9e6a2,O3286,P35,3,199.25
fa7c2941-d398-4f55-9c44-3c44ce67bf34,O3286,P15,3,17.14
4d03f062-bba9-4f84-b404-584decb043e0,O3287,P39,2,382.01
e7ccc2fc-b19c-4d5a-b553-cb36d7a7ccaf,O3287,P44,2,165.78
abf44dd9-e262-494c-b3cc-432811c3a991,O3287,P19,2,318.26
42a9078e-7585-47ce-952b-227a396fb68c,O3288,P12,1,196.5
4a3fb5cd-9e62-44cc-b36d-74ab6c7aacf0,O3289,P41,2,227.6
b067b4e8-1790-4e32-b5e4-d4ac54ba664d,O3289,P0,3,29.14
9ddbe599-bd6e-4a63-8f78-7bc48176ca90,O3289,P6,2,288.13
1d8986bd-9eb8-4c47-9136-a9b93c0c8336,O3289,P41,1,227.6
bf86ebe0-e473-4bf4-bd3b-95917d866b7b,O3290,P28,2,45.74
78b76f56-eb13-45fe-ad98-66d2b564990e,O3290,P8,2,13.01
dfacc861-1d8c-4e45-bd03-73c5f3c734e0,O3290,P33,2,410.57
67f06102-6f11-4afd-866c-4d4356f15c09,O3291,P8,3,13.01
638f88c5-40b1-4303-9da7-179cfdb18608,O3291,P38,1,28.25
71680879-f3b4-4bf0-bb9d-d04112c9f7db,O3292,P13,2,195.01
7fe936ae-7ae2-4f2e-b4e7-755e6f560514,O3292,P44,1,165.78
38ed8065-3f76-413e-831b-16c29e9b2684,O3292,P23,2,218.14
fbaf0138-c993-4cad-bee0-eaad09aaf84b,O3292,P43,3,451.76
7ebf82ef-1980-4801-9d46-f7053cd992db,O3293,P43,3,451.76
6ed97bec-a33e-4842-9e07-083354e99880,O3294,P21,2,243.54
ae8dbb12-242e-4cae-8d99-010687099521,O3294,P23,2,218.14
ccf28933-0ec2-4067-8007-636d73348688,O3294,P26,2,251.1
d07d16e9-e300-4694-a259-12dc8b184033,O3295,P13,2,195.01
6e68e0a0-dc41-48f6-94d2-31bbea057d65,O3295,P2,1,153.08
5fc1e97a-71ee-452e-8e5e-cabd2d140695,O3295,P23,3,218.14
08bda4d6-3bc9-4528-951a-1f5c6bc009b6,O3296,P17,3,165.71
2b08004a-aa6b-4377-b172-4d3879109c37,O3296,P0,2,29.14
ddb63b13-6f01-4d7d-8300-5e51494aee82,O3296,P34,1,23.19
76b84d49-622b-4bd8-92cc-88bb24766cdd,O3296,P49,1,16.6
a1be3ef3-5127-437f-9f45-dfc8015be72f,O3297,P19,2,318.26
0bb51e7c-a610-42f6-903a-66e78c9ab368,O3297,P20,3,322.96
8b4583ee-566d-422b-8897-87bc6a010d82,O3298,P43,1,451.76
587dab91-1989-4a67-97d2-17803caa849e,O3299,P44,1,165.78
5557a11d-0924-49a2-ad44-b1624d6c991a,O3299,P37,3,344.86
8b2560e1-9664-4101-9419-3a93167e9a81,O3299,P3,2,210.16
45603383-f142-4d4e-a79a-1f852e7b0db6,O3299,P28,1,45.74
fbfd273a-e5fa-4a6c-a853-cb00e670bc53,O3300,P12,1,196.5
45b6b7ef-569c-4923-906a-ea2913169e25,O3300,P34,1,23.19
1cffd308-75fc-40a5-a831-aa35dcb95d25,O3301,P41,1,227.6
26c5ae55-2dec-49eb-8ea2-15d1547f4cc1,O3301,P19,2,318.26
ea03da68-44a0-4891-a117-da974eacba58,O3301,P21,1,243.54
0d12295e-423b-4989-8424-cad4f2ec04c5,O3302,P17,2,165.71
4b733915-f621-4be3-9d22-2d608e24b2a7,O3302,P43,3,451.76
7b691cae-90e9-42dd-b4ac-cb69700d43f5,O3302,P35,1,199.25
e5a98b03-1636-4f78-897c-d2feff587d81,O3303,P47,2,397.61
f96c584c-7079-426b-8688-075ebdeaca44,O3303,P16,2,150.17
e22d2c0c-a5ad-43b0-8a38-13dc06fab16e,O3304,P10,1,192.31
a94c8f97-774a-4579-8799-440ed924ed2e,O3304,P48,1,51.12
03964105-bdcf-4b27-bc1a-6a63a0760b36,O3304,P0,1,29.14
5229decd-4ee4-48cf-909a-df48a35ba62b,O3305,P23,3,218.14
ad165f0b-7513-4089-a030-3e7b26353ec1,O3305,P24,3,327.27
91200021-8914-4162-9679-d96a203ae947,O3305,P44,2,165.78
09c7f4ff-b5e5-4953-b830-4a9bc2139d8c,O3306,P11,2,422.06
5bae214c-4da6-4c6a-9a48-848667909c17,O3306,P12,3,196.5
55615018-4dc7-482f-9fb2-98c4c9a6a04d,O3307,P25,3,204.24
cad02598-7546-4a91-a423-de95a6d4aa8e,O3307,P16,3,150.17
13be3efd-1609-484e-bdf0-31367fb4f075,O3307,P43,1,451.76
4c5a7c30-8d1e-4078-9c48-191f4edf3526,O3308,P26,2,251.1
03e16a5c-9d40-4ff5-bde6-97af0bb907eb,O3309,P31,1,92.64
dde2d367-b67d-47c8-806d-3ce9850d4c82,O3309,P30,3,469.52
3a4d8104-d226-4348-bc01-8d3784b77b5d,O3309,P34,1,23.19
28c0b4bf-74da-4f53-9128-7fd2d24a8256,O3310,P43,1,451.76
e0d59721-eb54-4728-9aee-067e3ce14ecd,O3311,P34,3,23.19
f6a96465-c2bb-4ed8-9947-b3aef04beb6a,O3312,P11,1,422.06
fe443ac8-84fe-4eb0-822e-f8fa82786c5c,O3312,P13,1,195.01
4350a31c-5134-47c9-a87b-082cc2383ecf,O3313,P6,3,288.13
612d4f50-37fc-4035-a518-cb355e39476f,O3313,P22,3,315.67
aeda7767-70f3-475b-a000-4ebb3d1c3259,O3313,P10,2,192.31
207e46a8-c6a9-4d95-9f81-db06f4f0e446,O3314,P7,1,40.44
b0129486-7bb5-46e0-b45d-c05e74e43070,O3314,P27,2,329.1
5192d0bc-da1a-4645-91a7-baf767496430,O3314,P39,1,382.01
717c3242-7fe5-41f5-b416-b3aa51fbcc0c,O3315,P16,1,150.17
a5271d62-e279-44ca-813d-29c8aa2d4dcd,O3315,P31,1,92.64
eaee33e6-0f54-4ab5-9158-24fdf9f8538c,O3315,P17,2,165.71
a90400cf-c7c5-4041-928d-6ed0c7c2daf0,O3316,P13,2,195.01
5d3f8c76-ff86-4406-846d-3438c927257d,O3317,P26,1,251.1
d5e82579-1622-4189-8cfa-880b38c70f2b,O3317,P23,2,218.14
e0dea34f-1b6a-4379-b81f-eb185c7a6a9a,O3318,P27,3,329.1
d988abbb-8736-4057-ab06-d564cc55f8d6,O3318,P8,2,13.01
a092b500-a197-4cbd-928b-9eeab67f192b,O3319,P46,2,297.7
c10a3a17-cf02-445f-9702-aa7d8121d4c6,O3319,P19,1,318.26
dea8f8ad-5323-4241-bb5c-76942d04ed10,O3320,P9,3,114.1
e72a9bad-e2a1-4e06-a1d0-d402af1f2b8c,O3320,P19,1,318.26
4e82f133-5c33-4574-a192-11faad388194,O3321,P29,3,495.24
934c1f8f-e6b8-4034-96fb-596fe04a1ed3,O3321,P22,2,315.67
1cb2056a-2c74-4d8e-877d-3fd1d872e409,O3321,P46,2,297.7
bef8c768-9146-4c64-9cc9-932f2837058e,O3321,P37,1,344.86
c2a5ca99-0d85-4210-b2a8-9ce33354373f,O3322,P24,1,327.27
cf0a7c54-b9c6-4931-82fc-872c72f6ea64,O3323,P29,1,495.24
69be8d68-d6a9-4cfe-a866-93a080ecfe78,O3323,P49,1,16.6
4c77b6f5-9fb1-4a19-818e-c51733b2cf2a,O3323,P30,3,469.52
c234afec-f8fa-4891-8ace-2c3f7dd4fc2c,O3324,P9,1,114.1
848c7b80-f8c7-4f4c-a7d0-a625c630b304,O3324,P13,2,195.01
cbae173d-dc80-4e2c-be14-67150a6759a4,O3324,P49,2,16.6
69588b18-630e-4b05-81b9-3cd649448a94,O3324,P27,3,329.1
afb0fba6-4a1a-4bcf-a2ed-e60bd9f84fc9,O3325,P22,1,315.67
f02c095c-1eb2-4d90-8023-ef8ffd1ca507,O3325,P48,3,51.12
d8ac00ba-1862-4fd0-8382-4403028b48d2,O3325,P7,3,40.44
e3a103b4-5c1c-49a1-af00-3f27cb9c02f9,O3325,P27,2,329.1
88bcab97-1d83-4ae3-b677-4496b5d3944e,O3326,P38,3,28.25
53844083-ae9a-4184-bcf2-d32ce4f0e1eb,O3326,P48,3,51.12
50fe6c0a-a68a-4ad0-a3b8-ffe4fe32df56,O3327,P46,2,297.7
934ccc57-59c4-4b05-a6aa-f25693f3f839,O3327,P1,3,386.89
51f30ea6-cb17-443c-9aa1-cca48e5f68b1,O3327,P6,1,288.13
2723ef21-45fd-4d3c-bf59-6503d0c7cd02,O3328,P43,2,451.76
d42fb5cb-d256-4a00-925e-a22510337494,O3328,P2,1,153.08
37b300b9-e277-4bcd-b954-30a1f2a2367d,O3329,P41,2,227.6
b374c979-1140-41ce-9909-ae0660dbee00,O3330,P43,3,451.76
d670f49e-2d9d-40b0-b3ac-dfaef4062832,O3330,P8,3,13.01
8103d739-231b-4deb-9a33-a9014101a2ad,O3331,P48,2,51.12
1fc322bf-b179-47c0-9cfe-2a8db8d2082f,O3331,P10,3,192.31
a2fa0ca0-e547-4c44-9858-12ff8fd6335e,O3331,P5,2,428.82
ec048b97-9c48-4b83-9722-8512d49d00e4,O3331,P3,2,210.16
f6dffb5a-9eb9-4230-82ad-f3a574d1665e,O3332,P47,3,397.61
531bcf10-44f0-4205-b77e-a1973d72635f,O3333,P0,3,29.14
b592abc7-c749-4c67-8067-3b770531f95f,O3334,P24,1,327.27
818fff6d-14d2-4634-871f-be1eae926d4b,O3334,P20,3,322.96
7261590f-dd04-4071-ac7d-713106271cf5,O3334,P9,1,114.1
9effa305-e7ef-436c-9b05-d5b89b102d7e,O3335,P32,1,205.58
fc197263-9716-4002-a2e9-b07c16030903,O3335,P6,1,288.13
7ecb0352-fa9d-4bc5-9819-ea7fa23895b7,O3335,P0,2,29.14
ca0af976-d297-4f9c-9134-4f5c72fd29d5,O3336,P39,2,382.01
cd88d638-13e6-4892-aa46-3a97cc2aa4b2,O3336,P14,2,30.25
34a2379d-d4c2-4633-9b49-98b1ecf0613e,O3336,P7,3,40.44
d98a4e0f-6ee8-4556-ad7d-72aa97890b36,O3336,P14,3,30.25
32069a1f-f596-48ab-9035-46e3de377e40,O3337,P27,1,329.1
9e699e49-1058-48b7-ba9a-3f60ac3c499d,O3337,P6,2,288.13
3a1438f7-0ab7-4b61-8782-bfcffe7f45a4,O3337,P43,2,451.76
b8ea51c3-6761-437c-8df3-25bbc54edb68,O3337,P13,2,195.01
d416b900-cb9c-499b-9296-3992f1b487c2,O3338,P27,2,329.1
8bc8c876-7e2d-4d73-8510-baec844ea36f,O3339,P49,1,16.6
1f82248b-e30b-441d-9260-a713de37f0e8,O3340,P2,1,153.08
98f9a2ba-7488-4cc0-9105-dfb31378a35c,O3341,P7,2,40.44
8016d58a-b737-4b14-a094-f00673f0128f,O3341,P4,2,428.84
30164281-0b1a-4ffb-942a-85c1a7415e86,O3342,P4,2,428.84
317ff36a-5c48-4891-9058-9067141552ad,O3342,P46,3,297.7
b65d1aec-cf9e-45af-8b45-fa9b70eb0a24,O3342,P0,3,29.14
a65fc77a-789c-4787-a8f7-7af6c17426fe,O3343,P27,1,329.1
91983deb-3dae-4aed-89e2-b9a3dd5546a8,O3344,P37,2,344.86
2fd3a032-604f-48ff-8a6f-8189fafafae1,O3345,P12,2,196.5
bf5cca30-0cfa-465b-8380-4632aa994bdf,O3345,P3,1,210.16
9028f83e-9f90-46d0-b9a0-ad357fbfc12f,O3346,P47,2,397.61
5e86b4d1-5eb9-451e-97bf-c0ceb67ef150,O3346,P45,3,488.83
a1503ccb-6306-466d-9448-3851d6f812d0,O3347,P48,3,51.12
96c8466a-1295-435f-a467-64165782ddd1,O3347,P46,1,297.7
b061ed09-038e-4de9-8b91-0a637b4c9469,O3348,P38,2,28.25
65ec4ad2-fa1a-4304-837f-3be39127766f,O3348,P36,1,229.21
56fdcddd-2113-4ab5-b648-7d0b484c8349,O3349,P26,2,251.1
bbd855e3-b463-4048-8b87-b4d34a7db24c,O3349,P33,3,410.57
f062cfe9-6279-4794-9aff-7483862784f7,O3350,P2,3,153.08
c2efe481-c449-4855-8dfc-448fdf6ddce3,O3350,P17,1,165.71
c5f1a0e7-17fb-4f3b-bfe7-bde9fb225690,O3351,P16,3,150.17
b16b1772-97ba-4e26-b391-e8694991c305,O3352,P42,1,364.27
6360fc7e-9f76-434d-af58-87e7db3ea22d,O3353,P27,1,329.1
97f10bc7-af23-41d3-9ba9-ca0c039a234a,O3353,P29,3,495.24
916b5276-f5ac-4017-aa48-a850b4c30ad0,O3354,P14,3,30.25
148bd093-5ff7-402a-b1be-fdbcd4dde99f,O3354,P41,3,227.6
dd85afd1-8bfd-4f8c-920f-07967ae9a10c,O3354,P33,2,410.57
f8906c51-f0ec-4d00-b4f6-6ed8c17ef9ad,O3354,P37,2,344.86
d027b684-9330-4393-9c50-b78aa03298dd,O3355,P18,3,164.27
0123db0c-92ae-4ce3-9a01-e1a7dcb80aba,O3356,P40,2,61.97
3639e92e-e5dc-4cbf-98c6-f391eaf9f053,O3356,P43,1,451.76
a3824613-429a-405e-aac1-c44e1ebba0b6,O3356,P33,1,410.57
7ce28254-de10-472f-aceb-c3bf34b63b54,O3356,P36,3,229.21
96110e3a-40fd-40b4-9089-6941e50dbafd,O3357,P10,2,192.31
0acedfb5-a28c-4ea8-8c24-51aaaf69fd79,O3357,P19,1,318.26
2d305856-f10b-4a0f-82e3-e3c1c5d8ed21,O3357,P26,2,251.1
9591dc55-1d57-4d5f-b77b-b61ab7534a2d,O3357,P36,1,229.21
f1f95946-79fa-4ed6-9154-18d57cdfecfb,O3358,P19,1,318.26
9a9ddc39-5e2a-468f-abf6-b372a45404f5,O3359,P19,3,318.26
c07b433d-5c33-4330-bdc9-f16bf7201015,O3359,P41,2,227.6
2ebc3bad-19e8-4c06-8d6c-3d29f551c9a6,O3359,P22,2,315.67
75ed0ec4-b083-482c-9038-ce0acd6ba236,O3360,P18,3,164.27
3240865a-f021-4d66-9e26-46e472429483,O3361,P42,3,364.27
adad5fc5-5b0b-48bc-94fe-c57fd5fce732,O3361,P14,1,30.25
03cfcec1-9250-41ca-bee9-9c2becf0031c,O3361,P11,3,422.06
9599e43d-3e5b-46eb-bea0-79fd0a252b7f,O3361,P19,1,318.26
714c0503-f8d6-4b5b-ab8e-06e3a68b1d6d,O3362,P43,3,451.76
e89ea224-2549-4e5d-84b7-e5773a5ae022,O3362,P40,2,61.97
004c28f9-52ca-40f5-b43a-4a5ff751eb1c,O3363,P48,3,51.12
26bfaa11-ff9f-4fde-b625-0a291794bf93,O3364,P6,1,288.13
105ce56a-4fd0-44a5-abcd-383bf5a1b059,O3364,P14,1,30.25
6580e4d3-b5b0-4eb6-9618-c5fed082ca35,O3364,P2,2,153.08
d9e40ea2-c3e2-47dd-a0ed-728466bbfe29,O3365,P23,3,218.14
e6475c56-4f39-440f-855e-b5b23bceeed8,O3365,P30,2,469.52
be18cd8e-8417-45fb-a417-05ba3de034ba,O3365,P14,1,30.25
d30e7dbe-7f7d-4c9b-935d-a3db1b3b22cd,O3366,P7,1,40.44
f3fdd340-f217-4b5e-be0f-72a39ddf3253,O3366,P0,3,29.14
d16b33f1-e078-417b-bac4-6d2cfd936d9c,O3367,P32,1,205.58
0b2806b6-1a65-4d70-bbe7-bf67274e46b1,O3367,P36,3,229.21
9f630ed3-179c-497c-b819-a6936320df28,O3368,P11,2,422.06
70fb8df8-ef5d-45b7-aaf1-77c7d5a06b1b,O3368,P40,2,61.97
61fa7b10-64a2-4bbf-b4fe-62fcdc5bc3a4,O3369,P35,3,199.25
f562be3e-33c9-4d01-a8d3-033e94015bda,O3369,P26,2,251.1
321a715d-2dc5-4247-9dab-c9ee2d446a8f,O3369,P34,1,23.19
d17d2d70-61eb-4b05-a264-d85759b85780,O3369,P28,1,45.74
c2a8506c-a7c5-4f0a-96be-d096a1b793df,O3370,P27,2,329.1
18c4d9e6-8d8c-4240-9c24-df2fba12a5b1,O3370,P6,2,288.13
e6173731-9133-4ddc-815f-dfdfcf2468c9,O3370,P9,2,114.1
e1110bc1-c3a0-4aeb-b223-29c296998326,O3371,P34,2,23.19
181d2460-6e23-4b2a-8205-235ebd79b744,O3371,P23,3,218.14
7ea5f97b-e73b-4cdd-9739-9d07a4819718,O3371,P30,1,469.52
45de5722-541e-4f95-bea1-a646a0c16c9e,O3371,P5,2,428.82
a6afc1a4-565b-45dd-8f75-3aca310410c0,O3372,P38,2,28.25
15577fb8-c209-4559-9ac6-5e232a53f4b6,O3372,P25,2,204.24
37346215-cda7-4c9f-a77e-fcb429a67525,O3372,P22,2,315.67
86471f04-7430-455a-88fc-c7da1825bf87,O3372,P40,3,61.97
c81e1992-b3f0-47fb-9f2d-3b964f584a15,O3373,P21,1,243.54
061dcedf-5bdb-4daa-a1d6-2d6ccf8a9e79,O3373,P45,3,488.83
fe44eb61-e75d-40ec-87a3-b561940f50cd,O3373,P41,3,227.6
a48427d0-1b5f-4598-8c52-1fab54b443c1,O3374,P33,2,410.57
e41f0d2b-b90f-47a7-a608-0879462d4be3,O3374,P10,2,192.31
8489bfcb-68e5-40d5-889b-38bc08fa9759,O3374,P0,2,29.14
23b381d1-df7d-4c7d-932a-520bd9163c99,O3374,P33,3,410.57
db5dcccc-39c1-4fdb-9c4e-9f7236bc9218,O3375,P12,1,196.5
8268f43a-5d8c-42d9-9b0a-fa5bec29075f,O3375,P28,1,45.74
b10c7bb5-6d46-4bd7-8f83-071fd2ba95a2,O3375,P38,2,28.25
f62bdf94-5b00-4303-b452-dd2ef4bba3c5,O3376,P4,1,428.84
b5bde882-3874-4837-a949-0424208729ea,O3377,P36,2,229.21
907fd1ce-4e32-4511-9cb7-7027be389306,O3378,P9,1,114.1
8b0b961c-7ddc-44f7-b38c-7a4f1b529629,O3378,P31,2,92.64
4a4d7400-50a9-4670-b9d1-f37424ef2c88,O3379,P17,2,165.71
4a8640b0-768b-4aa0-ac97-fe021453e707,O3379,P27,1,329.1
a7557e11-a1eb-4148-821e-87f0bd9ffb83,O3379,P44,3,165.78
4d28532b-5359-477c-b27c-e54a57f841c9,O3380,P24,3,327.27
1e0d395b-3622-4471-8f3b-5e20dac7599c,O3381,P24,3,327.27
1623d8ec-4747-486a-bbd7-575172f26ffc,O3381,P33,3,410.57
57160314-1b45-42f5-a0d2-620e889e6fe0,O3381,P1,1,386.89
b86e2047-ca68-4504-abcb-9ba48d063d79,O3381,P36,1,229.21
3c11b297-479a-46fe-9f13-6778a3632f00,O3382,P29,3,495.24
16ea116d-fbb1-40e1-aeef-060d0d2eebdf,O3382,P38,2,28.25
fcc01654-228c-4dd1-a2b4-87a983981af7,O3382,P7,2,40.44
6324bbb4-7d63-49ab-b576-470ab5bc536d,O3382,P21,2,243.54
b8f3afd2-1c58-47f1-ab99-04c34edd2fe4,O3383,P2,3,153.08
6cd842d8-5d11-41f1-bb0e-5aa96001d7db,O3384,P34,2,23.19
0617d9c3-a7eb-4322-89b9-164433cfd0c4,O3385,P36,3,229.21
28a5227e-695e-42d7-8aae-90e37da3b7ee,O3386,P27,3,329.1
1261ec05-be80-4a5d-93b6-87d0515eca5f,O3386,P14,2,30.25
9640ba68-5daf-4bac-9d6e-c79474524c67,O3386,P40,2,61.97
aea91a44-0c15-4b3f-9c25-31ef5426b43e,O3387,P39,2,382.01
1752a9b5-a745-49a4-92f8-7bd65a2efe1c,O3387,P40,3,61.97
e78e1069-a0df-4d53-b6e0-e0b9b1ab0e08,O3387,P42,2,364.27
597c8260-4ebc-4505-a8b4-6ac0b14effa2,O3387,P46,1,297.7
8ea78ce8-d6fd-4893-ac34-d9f8f1ae064a,O3388,P5,1,428.82
cf18eb96-f197-4191-adeb-ca4886aa96ca,O3389,P46,2,297.7
68c19078-feda-4717-828c-2525237953df,O3390,P28,3,45.74
7fe6ddf5-4b8b-4c6a-980d-9b19009dae03,O3391,P10,1,192.31
993fcc31-924b-4a69-88af-e16e405a6b8c,O3392,P5,2,428.82
c078d13b-8a58-4388-b793-3e7ab81778d6,O3393,P22,1,315.67
3aa02d50-8b47-439d-824e-cacbcfda447d,O3393,P27,2,329.1
b8cf3ef6-8638-4e86-9918-4a9f9a3195da,O3393,P18,2,164.27
958bece5-faba-4bd0-b24a-6140864ce906,O3393,P0,2,29.14
01f3d6bf-70a9-4f27-84b2-5f045f31bc48,O3394,P37,2,344.86
9199b2dc-31da-43b8-a1e1-5f2e7b8fc96b,O3395,P37,2,344.86
6f2bd0d7-b384-4ed1-b7d1-620479c5ede4,O3396,P31,2,92.64
79bec144-955f-433f-889f-28ff8931fcc8,O3396,P40,1,61.97
3b330772-9583-4454-b780-5f3b8be445bb,O3397,P39,1,382.01
f2e37da2-8672-47e8-958a-20f96aa11272,O3397,P30,3,469.52
033da872-9797-433c-a7ee-77524ee3b38f,O3398,P36,1,229.21
0d165ad4-1f4e-4d22-b909-9bec5155bcf4,O3398,P32,1,205.58
1571b27b-72a6-4f92-8070-23ffe7ee98c6,O3398,P37,2,344.86
31cfb65c-1e4f-4857-bdbd-18bed0351346,O3399,P17,3,165.71
1a229cd4-477a-4dec-b387-abf669742005,O3399,P33,2,410.57
e810d0d7-24fc-4c78-91c5-e3683dccdafd,O3399,P41,1,227.6
7e0b722f-b9c9-40af-adee-4d1e0545c0a7,O3400,P11,2,422.06
d3ba76ed-8baf-4f06-9d70-029fa6d35f62,O3401,P40,3,61.97
ad20a878-c474-468a-af01-7ffd15b52ef4,O3402,P36,3,229.21
d903a609-12a3-489f-9261-101df9c1c5b2,O3402,P20,1,322.96
56c865e0-f1df-40d9-ac35-d8e126da81e9,O3402,P45,1,488.83
74fad46a-5de0-46ee-a053-90fe35bc9ff2,O3403,P29,1,495.24
29424d2e-a1f9-4928-9e09-d9fc5b3f362a,O3403,P33,1,410.57
f4913bc6-d754-445f-b96a-746b47b655bb,O3403,P48,2,51.12
44b1b6d7-8dcb-4c9c-95f2-940f199cb41b,O3403,P34,1,23.19
494de5e5-c0d6-4581-ace8-3c2496e695d1,O3404,P48,2,51.12
40fb623d-3b88-4221-b620-40c09b638e57,O3405,P24,3,327.27
c31abe92-f2ba-46b1-8016-3d0cc7f11720,O3406,P20,3,322.96
aefbac3f-9e3f-4167-9414-c1a94a958fd3,O3406,P25,3,204.24
cdf1e45a-0189-4c46-ad11-2918631837a2,O3406,P3,2,210.16
2179c7cc-ddf5-47c3-a60f-c86501a421a3,O3406,P5,1,428.82
27647f57-f1ef-4b39-ae1a-c5c5a6def628,O3407,P13,2,195.01
6fc76f29-9d1b-45f4-b62b-9787ce9f5d6a,O3408,P44,1,165.78
7f2ab067-be61-447f-a3f4-7d798e98a7cd,O3409,P45,3,488.83
fe940871-f277-4a6c-a71c-5e2e1018e5c2,O3409,P39,3,382.01
9f48e681-4c65-49c4-bda7-ab3456ed22c8,O3409,P2,3,153.08
b208f3e4-7bd5-4b98-9f71-82e39c5d3ac7,O3409,P38,2,28.25
057e8ff0-16de-4ca9-b036-de64a25ff29a,O3410,P47,2,397.61
a70b8eed-dc69-4b82-8e17-b4a80f814e88,O3410,P2,3,153.08
e474304d-8064-48f2-b87c-86f45e00d67a,O3410,P26,1,251.1
2b8d9a51-b6a5-478f-9a2f-4ec16e781de3,O3411,P49,3,16.6
03b707dc-89f6-4a07-a464-38c6b55603d3,O3411,P11,1,422.06
34b4d46b-605b-4fba-a372-c3e5944c7393,O3411,P20,3,322.96
62e09f49-265f-47ea-846f-c0af8d160957,O3412,P30,2,469.52
66ee67e5-6d6d-4460-9ab4-7f514f61cb57,O3412,P35,3,199.25
3356e22a-6a19-4ce7-ad22-6f1818b2e188,O3412,P40,3,61.97
00ca06ae-1419-4554-b509-4eb5d181a670,O3412,P37,1,344.86
0cf9bbbc-dee5-496b-b521-c8f99b2ab645,O3413,P32,2,205.58
e97b0da9-fec1-4024-b8f9-d5f6c716dd83,O3414,P14,3,30.25
b74f7016-b0ee-4609-8aa0-57475b8a882d,O3415,P23,3,218.14
d5e479f6-ed61-4f6a-bb30-03b91408af9a,O3415,P25,3,204.24
8bc15089-b22e-4272-a0a4-10d50b55d110,O3415,P32,1,205.58
c2cd3b47-34ef-4796-856c-26438353c82f,O3416,P5,3,428.82
7e3be41c-b50c-41db-bb3d-6877e1dfb18f,O3416,P2,1,153.08
e0485f52-9290-4a31-a235-ae6db6b4d8b5,O3416,P33,1,410.57
1abf6cd5-9ee2-4105-97b6-365d26826dff,O3417,P8,2,13.01
dfe9ee16-1543-42ad-a1cc-8c20e88806fe,O3418,P8,1,13.01
4b5adcc1-b44a-4cc6-8506-d75a84e643f0,O3419,P20,3,322.96
0ba944d9-61b4-4841-b297-a5c3fb94bb45,O3419,P19,1,318.26
643b9422-45e4-48f8-9c7e-e435e9d86eee,O3419,P42,1,364.27
53e918c6-77bc-41fc-9ded-3fe1a693a770,O3420,P23,3,218.14
396c744c-ea02-4790-a49e-dc62d8bfcf16,O3420,P32,3,205.58
051c1922-7ca0-4706-aa9d-dca4297ea2fa,O3420,P21,1,243.54
8acaef2b-1298-48e4-8cfa-3ff928a53438,O3421,P9,2,114.1
a1502804-5367-4d6a-b1e6-5173d19c2a96,O3421,P41,1,227.6
4a4fd779-03e7-491f-8884-4c25298d693b,O3422,P41,1,227.6
8a7ece80-ee39-4ba7-8670-f3b5cadfaad7,O3422,P43,1,451.76
003ed364-7fa7-4752-9bdd-d3084a9339c2,O3423,P33,1,410.57
ca896fa9-8cab-4350-b13c-bfd39effc50b,O3424,P41,1,227.6
76c4ad76-b8fa-4600-b668-6c4557933cd7,O3424,P37,1,344.86
8b24eaa4-1f6f-4304-8839-acffc60d19e4,O3424,P5,2,428.82
0380ac78-dcf8-4ad4-b71a-a96110695e0f,O3424,P14,1,30.25
ba36d9a3-db6f-4457-a26d-7010accb025a,O3425,P44,3,165.78
75c7e505-5b9f-4449-8658-11c7e6847e55,O3425,P30,2,469.52
013f1123-f476-4213-9a1c-bc45b9ad8654,O3425,P43,3,451.76
f32f4fef-dcce-44db-9115-ae5785b004fa,O3426,P6,2,288.13
2c5d38f1-f47c-4683-b1d6-b016cc66e495,O3427,P30,2,469.52
469c15dd-10c9-4caf-98d4-36109e05e96a,O3427,P4,2,428.84
b3d3cae8-fe07-4784-aa4c-641b460e976c,O3427,P40,3,61.97
e43d39a6-f35c-4328-b10a-1d2a04f9fcf9,O3428,P36,3,229.21
c9d43589-d495-4291-9c84-1dadbadacdcc,O3428,P25,3,204.24
7031f402-6b54-4d82-8aaa-147370ff09f3,O3428,P35,1,199.25
b4199199-ab6d-4bf3-9d03-2d02f5b88719,O3429,P25,1,204.24
b69ce200-87ea-4860-ad4a-edf793cf097a,O3429,P6,3,288.13
4c3105dd-0e25-4cf9-a9bf-4cc753dcfadd,O3430,P19,1,318.26
df2d97bc-ec5b-443f-a82a-6a9c53c61b14,O3430,P5,3,428.82
610ce2ed-794c-45b4-bc6c-717875bed99e,O3431,P26,1,251.1
51e45e14-dab2-4082-b879-3543b6016ec7,O3431,P19,3,318.26
1571c149-3471-4284-bc2b-e95d78a7cef3,O3431,P39,3,382.01
7b7ec0fe-c5cc-4855-8ec7-4eeb41f51b14,O3431,P12,1,196.5
0d9450a2-5c23-4ff5-af7a-181df7cc244b,O3432,P11,1,422.06
47e27e5e-9700-4ab9-bb07-dae2001dcf71,O3432,P6,3,288.13
5f40b228-670d-4efa-91d9-1d0be01e2221,O3433,P37,1,344.86
9f859a64-363c-43ed-9b9c-493cee02c069,O3433,P21,3,243.54
0c7058af-937e-438e-bace-3a46352e98ed,O3433,P1,3,386.89
11fa85b1-65a2-4458-8d96-c0d077158131,O3433,P3,3,210.16
910d5d0f-53be-43e3-a7c4-09a1e9bc1343,O3434,P39,2,382.01
5451f52b-a11c-47cb-929d-5b356709ccc7,O3434,P48,1,51.12
25d24c0d-ce43-45ad-bfd9-6848d3f02160,O3434,P1,2,386.89
bff7d336-6010-4821-89d7-52e9e2d3f4b9,O3435,P41,1,227.6
81077323-cd5b-49d9-8aeb-084c8ae2bc2d,O3435,P33,3,410.57
f8759cd6-9821-452c-a65a-67dd981793fc,O3436,P7,2,40.44
eaa32486-3632-4c17-80b4-2f57c67c9b8d,O3437,P42,1,364.27
71273d9f-65b8-4fec-9111-d069ba72148c,O3438,P46,2,297.7
7fa8db76-d153-487c-b5dc-e1511a4d08b7,O3439,P22,2,315.67
34952b23-dd4e-4a8f-abc8-687e94076e13,O3439,P19,2,318.26
fbcbb263-d4fb-42a1-89c1-e08a41123f26,O3440,P39,1,382.01
078f1aab-5f45-43dc-95db-74854be1fda8,O3441,P36,3,229.21
e1aad6c4-b809-41c1-a158-3b3771cbd8a1,O3442,P49,3,16.6
a2d62a9a-4044-4945-8721-f065206d266e,O3442,P37,2,344.86
c68b1ff3-d551-48ac-9bed-4baada3edd40,O3442,P19,2,318.26
fa59ad58-28f4-48ba-b875-886d8d47a1b3,O3443,P46,3,297.7
f55fba64-41a7-4e25-909a-ecb616a4c399,O3443,P2,1,153.08
73afc365-e75d-43d7-8347-ed57189bb000,O3444,P35,3,199.25
254af0d3-40d6-4428-a9b2-975a46f6095d,O3444,P11,2,422.06
8c4cb0cf-e99e-4997-bf80-9ec6101e3e0f,O3445,P7,1,40.44
b2eabc40-a49c-42ee-8496-980a72018966,O3445,P21,2,243.54
445b2f10-33cf-46b7-91c3-05774dbcc1f1,O3446,P11,2,422.06
2bedc223-0d97-4703-8d4c-0e240a50ec4e,O3447,P2,1,153.08
922929e8-bd92-4417-96bc-4873e8fdb801,O3447,P41,1,227.6
a6a00737-e81b-45e2-9d66-8a24b441b01a,O3447,P40,1,61.97
7803aa0a-543e-4c81-ae14-0a2edec3499a,O3447,P35,2,199.25
bbdc1dfd-5218-4de8-90c8-a888228ef79e,O3448,P48,3,51.12
886718f9-dd4a-491d-8c14-1838bbf45391,O3448,P31,3,92.64
04f7e175-8f42-4389-8cfd-5a47c5f14b3c,O3449,P14,1,30.25
f330d5da-6861-439c-9d63-0503b87e0457,O3450,P17,3,165.71
c5036763-4403-4a71-9207-6a63df8be486,O3450,P33,3,410.57
2cd2d156-4e10-4008-bfcb-6d23d2ba495a,O3450,P17,2,165.71
6bcf38cb-af47-4def-a283-55c39e626420,O3450,P47,3,397.61
22499aaf-38fb-4bd0-ba7f-a9be15bff364,O3451,P19,1,318.26
927c8a9b-fb9f-4e92-922a-d525136d4290,O3452,P2,2,153.08
6e0139cd-edbc-40e1-8f55-c4c2687173ec,O3452,P42,2,364.27
3019d015-772c-43d6-862a-9337303c97b7,O3452,P46,3,297.7
7b736cde-346d-4591-ab54-34bcbea06cbc,O3453,P39,2,382.01
5625310c-8ea9-452b-889c-4aa7ad0b23fc,O3453,P24,1,327.27
bf63044a-41fc-494b-9813-285a7ef378a9,O3453,P23,2,218.14
44d705a3-2585-4be6-a50d-18f36c9d422d,O3453,P43,2,451.76
3ee74b3f-9005-4cbd-98fc-1e07643f4b94,O3454,P3,2,210.16
7b629de7-cb3e-4023-9cb7-ce3ce7bd1924,O3454,P46,1,297.7
ebd4fdb4-3d72-4e71-875f-a6c616e5fc30,O3454,P46,1,297.7
987bb794-59ac-407b-9718-b6accba911ed,O3454,P37,2,344.86
77077440-7b91-4142-a4c7-72bb5f68c720,O3455,P39,3,382.01
9221f6eb-adbd-4b26-84c6-18022b7d78fc,O3456,P15,1,17.14
950393c4-0663-43dc-8c88-dce0f3f0d00a,O3456,P3,1,210.16
55b2aab2-87e9-4a7c-9038-eb29978e6f9a,O3456,P37,3,344.86
d1106b54-465e-448c-9e3c-37a949da15b6,O3456,P18,1,164.27
0eb5f207-a0df-40a3-9977-35914636c039,O3457,P23,1,218.14
1f4a6c66-d32e-4332-a1d8-7d5fce8e47da,O3457,P1,2,386.89
380b9d95-2566-4dc6-87a7-9bead069b78d,O3457,P37,1,344.86
f1ae2773-5375-4560-ae6c-da59fb1cfc33,O3457,P23,3,218.14
8363802e-e346-428b-a19d-4099cdf74590,O3458,P5,2,428.82
d6e0aafc-af91-47b7-951b-2d816fc17b3f,O3458,P47,2,397.61
e39d0942-17df-4959-a9f6-8cb76100aaa5,O3458,P45,3,488.83
d1f3ea22-fd4f-433b-b741-6ecc816cae01,O3458,P33,1,410.57
b7a4b471-1584-4011-9a4b-7e5a616a108c,O3459,P38,2,28.25
b72c5e6f-8025-4886-8b80-b76094b01f39,O3459,P31,3,92.64
ea600a41-33e2-49e1-b2f6-ecde1d7c6ec5,O3460,P46,1,297.7
b16a1588-97fc-4e28-98d6-6055207a7bc4,O3460,P47,1,397.61
d54dfe4b-5324-4a69-93b0-0505187f9f31,O3460,P10,2,192.31
a8f9a4ec-3d22-412c-a4aa-178eb0e0ac62,O3460,P17,2,165.71
399d5ece-9191-4b5a-8c4a-401fdb4d18a3,O3461,P16,3,150.17
af6f090a-5ca7-4121-83ca-c7f4ddeef83f,O3461,P34,1,23.19
4689f082-b3a7-4a21-95b0-75a8b39140d9,O3462,P47,3,397.61
d1dc6d4f-b0f6-47f9-b44b-a4f0fe30641a,O3462,P22,1,315.67
9ae55287-aae9-48ad-b509-54d5e1677c07,O3463,P8,1,13.01
9be1f556-4190-4f8e-811a-a4f634797072,O3463,P8,1,13.01
f89609fa-42d0-4ecc-8d3b-9d36a56ce7e2,O3463,P33,2,410.57
000dbf3f-da29-451a-9850-d2d4c6a70ae6,O3464,P32,3,205.58
2479f902-8c98-42bb-8fec-296806ba23a6,O3464,P42,2,364.27
7927a143-48dc-449a-88b4-f7ca39600960,O3464,P17,2,165.71
2c5918b1-0c86-41c8-950e-ddda29e6acfd,O3464,P17,2,165.71
ebf19d8f-a883-4741-a1f1-3f024f743927,O3465,P13,3,195.01
7185076c-6165-415a-af6d-02054efea0eb,O3465,P30,1,469.52
c6d7e7ee-3368-48a8-a457-a02390d90a71,O3465,P13,3,195.01
ff65892b-36ef-4e25-8207-e18709d94966,O3465,P42,3,364.27
9df001e4-7643-4865-9121-7bf574ca4e0e,O3466,P28,1,45.74
3892df20-818e-44e1-bc39-86e374380d6d,O3467,P0,1,29.14
26f5fea5-b56a-426f-aeb6-e9023b02b201,O3467,P5,2,428.82
1e88cf34-3fe0-4084-8010-b1e869f83423,O3467,P27,3,329.1
73172597-a57b-44ec-93ea-c5d1f3647472,O3467,P46,1,297.7
24bde612-5f73-4201-81e3-e5095e1110c0,O3468,P34,3,23.19
790ce18c-1914-4056-9284-1b229353f6ea,O3468,P49,3,16.6
7f4e6ad9-5b85-4636-9050-5e782afe9309,O3468,P24,3,327.27
a3081344-17b6-44ad-bb81-0d5eb9960e43,O3468,P20,1,322.96
f07ae45d-27b8-4545-a500-9cf1c95fce99,O3469,P29,2,495.24
9b8265c7-97d1-4096-9837-9a68d10ef50e,O3469,P38,2,28.25
77dd71b3-392c-4a76-866c-39aad82ef510,O3469,P11,1,422.06
b212361b-5ba7-422a-841f-6f1a52c5b2ff,O3470,P45,2,488.83
84971521-c94e-4e72-9942-bd4efefb1cef,O3471,P42,3,364.27
ee3aac31-cd90-44a8-9d47-1d7fcaf1f3c3,O3471,P38,3,28.25
b729c20d-0f9b-4a47-b045-96ea7ce24ae5,O3471,P47,2,397.61
647c51ab-b5ed-4d97-b18c-92cc6665633e,O3472,P23,3,218.14
028640a4-a783-4108-9c17-1dc748d6ab34,O3472,P2,3,153.08
e37a41b8-c3ab-4aeb-8735-4245392993c7,O3472,P35,1,199.25
9b6ecf24-be0c-441b-8a98-051fcdd95cd1,O3472,P14,1,30.25
fac4f946-335e-4f40-884e-5c4aefcb9656,O3473,P33,1,410.57
a366e854-d5d1-43a5-8acc-fa44010dfebe,O3473,P34,2,23.19
c46eeaa1-c6ab-4ab1-86b9-570375d03e78,O3474,P43,2,451.76
1da7b18a-2db1-4a87-aa25-3ff9ab479dce,O3474,P1,1,386.89
c61330f5-75ca-45e0-9d92-401adb7c9a36,O3474,P42,1,364.27
8bc9a710-e5ab-4541-b31c-e897e6fd8783,O3475,P27,3,329.1
213ec287-59c6-4310-9052-e1abd03ddd00,O3475,P39,2,382.01
9e6abfa9-10c0-4d6e-9e0e-8e3166cde5ae,O3475,P5,2,428.82
4761d74b-ff04-47e3-a77c-27eb67f3a4a8,O3475,P43,3,451.76
1bf80e87-318d-44a5-a5d6-190f153100c8,O3476,P42,1,364.27
a90699f9-1b1f-4af2-addf-fe71278ed0d7,O3476,P10,3,192.31
09d31972-8a2f-4e14-871e-9baab4eb8f02,O3477,P44,1,165.78
3ab686df-0587-44eb-8b70-06f308f053bc,O3477,P5,1,428.82
40eecf6b-6726-4b3e-a87d-3a5a7336becf,O3477,P5,1,428.82
e20a8854-b346-443d-8e7f-057d6edbff69,O3478,P5,1,428.82
9f71fdac-f950-46e3-97b7-46c6e9dc6f52,O3478,P32,2,205.58
f6c32ccb-17ba-4082-abcf-acd4d8b3fe75,O3478,P17,2,165.71
752880bd-5c44-440a-85a6-62118a1af1ef,O3478,P46,3,297.7
d437b94e-74b5-4a76-877a-992d12064e66,O3479,P42,2,364.27
fbbfa98d-1865-455b-a327-e208d1e92a60,O3480,P3,2,210.16
b83e5c3f-bd64-4e9e-85ec-9b5b4fe0fe4d,O3480,P26,1,251.1
4abcac03-170a-400e-84aa-558797bd56cf,O3481,P10,1,192.31
85dab320-55fb-4855-bda9-f795513b99e8,O3482,P39,1,382.01
6fddcc82-67fa-4e5d-8413-57d21f7be650,O3482,P36,3,229.21
b047b1f6-f37a-4f72-8716-24e5f0265b6e,O3482,P5,2,428.82
81b5819f-61ef-4022-a3b3-43314b62d53f,O3483,P34,1,23.19
4bbcbbb3-4302-4e8b-a346-82fcb9c78cad,O3483,P22,1,315.67
dd71e09f-6dae-4e43-8d2b-f1bd830ad526,O3484,P32,1,205.58
125de382-fcf6-4cde-8a62-5134a81fee09,O3485,P25,1,204.24
44a5cb78-1103-4539-9db8-1043ea442fd6,O3485,P30,2,469.52
1e3dad44-a2c5-4447-8802-52021732af39,O3485,P43,2,451.76
5c42ec97-679e-4b9b-a501-ed0b8f39e058,O3486,P33,1,410.57
ed9bdd28-7787-4c0a-b437-a4d85e4a8498,O3486,P48,2,51.12
2a063266-ca13-47e0-8585-f44687bdb214,O3487,P46,1,297.7
4370c744-49d1-4843-b2d4-f828105d09a1,O3488,P44,3,165.78
cbe3dbea-a8c9-4ddf-b098-3e53930bf815,O3489,P46,3,297.7
e07861e4-7d63-4938-b638-7fe43e74da5b,O3489,P41,3,227.6
8aff1820-2ca7-4dc2-99f5-1e0fefa7e7ec,O3489,P33,2,410.57
00cce645-1598-4adf-81e5-35f5214a90ed,O3490,P5,1,428.82
1adf87c9-8a36-46d2-88fa-a049d22d1429,O3490,P46,1,297.7
336abc05-78b6-4eaf-bb39-438dd515cc1d,O3490,P3,2,210.16
8ad7de17-7bc8-495e-8693-6f850a93dfc9,O3490,P7,2,40.44
2cf0b9f9-7e41-4063-9584-f6d71b1acc9b,O3491,P32,2,205.58
8cbb6c1c-87d8-40ff-8815-31cb635847bd,O3492,P13,2,195.01
d90a69f1-7ec4-41e1-8039-addd86fbec89,O3492,P17,1,165.71
ce1f91fb-5d34-43e3-960d-8a323b696b79,O3492,P46,1,297.7
e4458664-6606-4970-8da8-ed5ccb6f77e8,O3492,P29,2,495.24
01f0c64d-644f-4ee3-8d3c-421e7ad45068,O3493,P14,3,30.25
1ccda8d9-2ab3-4fd7-99bc-d0c59ed01222,O3494,P11,2,422.06
1f840c0d-fe87-4274-9f3e-9d8916707023,O3494,P46,3,297.7
eebe4f45-811d-465a-85f3-d84e1fff76cc,O3495,P38,2,28.25
bc0c15ac-0381-4f7c-91a1-7fd3fa85a0e7,O3495,P34,1,23.19
ae3e80f2-11ac-40b6-a60d-a3de28b18f4f,O3495,P30,1,469.52
e5da708a-2ec0-4df8-84d0-634d1de8b562,O3495,P31,2,92.64
6ef0702b-4dd0-49ba-8268-428a20309caa,O3496,P21,3,243.54
684486cc-d63c-4df0-a5b8-4c870b60ab23,O3496,P12,2,196.5
c8891759-42cd-4d22-95cc-a93aedce3050,O3496,P12,1,196.5
3837ae7b-fdce-406b-ba00-9791f23f83b7,O3497,P4,2,428.84
f9157287-4423-4c5a-b64c-ed84e5ec3ac5,O3497,P11,1,422.06
241aac16-bf0b-4a84-b81f-3b426230a07e,O3497,P35,3,199.25
df8ad101-958e-4d25-b92f-53bbbe6ba7a4,O3498,P43,2,451.76
dc7a0f9e-3f48-4f92-9b8c-82f6298720ad,O3498,P47,3,397.61
2f65b35f-0d24-4247-8592-0ddd7a643065,O3498,P34,1,23.19
227aed8b-ee3b-4298-a723-a0a461d97bbd,O3499,P36,2,229.21
bade1df1-2b93-42f5-80fb-97e8bd30a0e1,O3500,P17,1,165.71
13733518-0727-455d-9937-407b57e14c5f,O3500,P27,1,329.1
9e5a64da-4cf3-49c6-8c02-dd61af130bf8,O3501,P37,3,344.86
f62d3c1b-116d-45eb-b428-1a799e733767,O3501,P48,1,51.12
925e56f7-d909-45a9-b7bc-da364798bafb,O3501,P20,3,322.96
8b88ffd3-c6a8-470f-987e-21fd8bcc7f2c,O3501,P30,2,469.52
1e881213-835c-4750-bf03-c49de4f480ee,O3502,P18,2,164.27
24a7a5fd-44d9-4288-977f-d28637182485,O3503,P18,1,164.27
c2dd97f6-cb0c-40d4-9cfc-d242c23641d7,O3503,P42,2,364.27
0cb602d7-fb98-40c4-9445-c312260cdfec,O3503,P2,2,153.08
83588b08-2934-49fd-bbc0-c0eb0e5912e4,O3503,P9,2,114.1
aefbfde9-7f08-4f01-945b-9d0306d35f15,O3504,P32,3,205.58
302e8784-5384-4f6d-b9b1-a59f1486fef3,O3504,P11,1,422.06
c9b9d8c8-ac9f-4dea-b6af-6c816e54a4e2,O3505,P8,3,13.01
bcc23432-f552-4d7b-8276-89735a92bb4a,O3505,P46,3,297.7
03f7f8a5-b7bd-4a9c-96d9-7b2e1dc779bc,O3505,P27,3,329.1
1864ef7b-f51c-414a-90cd-0ae980622d20,O3505,P16,3,150.17
ecd14b46-87ef-4bda-aaf4-47e32c8dd8b4,O3506,P8,1,13.01
9127944b-f65c-46e0-b02b-b11460d923fe,O3506,P15,3,17.14
7beb8ca8-508d-4133-a8ea-3c0fb1e331c1,O3506,P48,2,51.12
c9fd5b51-a767-4e23-af67-fd5fa43ebb26,O3506,P30,3,469.52
61f9081d-6a01-48f8-b2d3-c33b8702bad0,O3507,P44,2,165.78
824e3ad4-bcdd-4124-b6b7-0c5f80d592f5,O3508,P48,1,51.12
c3cbb09e-d6eb-49e9-a95a-8f586de3fc8b,O3508,P13,3,195.01
60d7c6e3-c7d9-4fc0-8518-2eb550c7a01b,O3508,P2,1,153.08
2b1d97b0-7867-4002-8856-4028febc580b,O3509,P34,3,23.19
13ab9ab9-2e17-473c-bdb7-297ead0a65b5,O3510,P19,3,318.26
6c8ada44-9065-4583-8d14-8141b618f00c,O3510,P49,1,16.6
537ce0c5-4765-4de4-bd54-0cff325f90a9,O3510,P5,2,428.82
82e29837-6b12-49f7-8dca-1f5c20a80e5e,O3510,P6,3,288.13
6530282c-4701-4797-8d5c-dc30e3dac2b9,O3511,P6,2,288.13
87d9d79e-b6ff-48cb-9cfc-6b86218121ac,O3511,P15,1,17.14
2c9ecb33-940f-407d-82ff-f57a74abe8bb,O3512,P18,3,164.27
ba785e7e-d4fc-4a2b-b915-e64466144557,O3512,P4,1,428.84
baac6453-8445-4e70-b2e5-e24b79e37845,O3512,P18,2,164.27
9738c621-e0bc-46b5-b1f0-2eb043714ba2,O3513,P46,3,297.7
77e1f5c5-d071-48ce-b4c8-ddedba0eba85,O3514,P36,1,229.21
c9990338-30ef-4bcd-991e-a71f4ad59653,O3515,P48,3,51.12
5199c084-67b9-4a5b-9baf-2c16a3139779,O3516,P24,1,327.27
68f4ca52-8fa2-4825-885f-a7cbcb8a49c4,O3516,P27,2,329.1
8a910e4e-2f7f-42e5-9358-2e4dae3a75be,O3516,P3,2,210.16
1c250156-c2c3-4535-ac9b-df5720cbd0cb,O3517,P24,2,327.27
21fea9df-388d-4b0e-a37c-bb4713698f0f,O3517,P30,3,469.52
f3d17187-ff33-4e3a-a55a-c34863f9392a,O3517,P15,2,17.14
1e57d3b4-f291-4b98-8caa-a30aa64d10fc,O3518,P6,1,288.13
d1f40f56-84f6-464b-ad5d-d54c6b2c4d57,O3518,P43,3,451.76
2ce5e8e0-c414-443c-8bf0-3463c8a65031,O3518,P7,3,40.44
d36ee9ce-af94-4d89-b585-6e0295c9fe9d,O3518,P25,1,204.24
09474940-b817-4c7a-9492-f7b2c6412493,O3519,P47,3,397.61
6fe7f76c-866e-4572-ba4e-799c27e7de55,O3519,P13,2,195.01
2631ee90-d839-4cd7-96c3-149cf02284de,O3520,P35,3,199.25
e57fb9e7-17d9-41f8-b5fd-5695115c8d6d,O3520,P10,2,192.31
732411f3-aa3a-4a05-8af5-df353950f498,O3520,P35,3,199.25
ce5e5436-9109-4bc4-a7d3-477e2bbc1fee,O3520,P35,2,199.25
41b8bb85-9dae-42cb-80e1-c053c0e85256,O3521,P47,2,397.61
9852c43b-64f5-4037-aeb4-d5f3f36a68d7,O3521,P11,2,422.06
82902431-05cf-42c6-9dae-550680c5b70f,O3522,P26,1,251.1
d7ad5aee-a428-4a58-b98b-89250357dfc5,O3522,P32,2,205.58
2edcb0d5-fbff-4f5a-b3cc-a3632ebc82d3,O3522,P21,1,243.54
c00c68b3-0126-4b95-bf27-b31e58641c53,O3522,P6,1,288.13
4761d823-fbd5-4ff9-9f12-a7df31487219,O3523,P30,1,469.52
b3e39691-abee-4a4d-8218-ffa670d8f7ad,O3523,P27,2,329.1
2154da9a-f731-40aa-8a22-d358daf8b24d,O3523,P20,2,322.96
f398f9c2-d626-4e17-be32-d33743a7edc1,O3523,P45,1,488.83
8eeb43e4-f719-46c5-a54e-626c6b5fafee,O3524,P4,3,428.84
712f50f1-e54b-4654-b065-3b805f64f32d,O3525,P25,3,204.24
933347fc-a558-42e0-ad68-3a271f4efae3,O3525,P33,1,410.57
1e88a5b7-898a-4ce6-a3c7-0a758c46604f,O3525,P28,1,45.74
7acb3c83-ab77-43f3-90c3-6a034d79a83d,O3525,P32,3,205.58
cbf4fe20-ebff-4db6-a7db-fb72d7e7a22c,O3526,P6,2,288.13
3b6042be-663e-4cc4-85e8-ec475c63ef29,O3526,P15,2,17.14
f8a8f130-c42c-4df0-84d8-dd56548c05ce,O3527,P45,3,488.83
0eb1eb2c-c633-4e98-829e-ed274ae96bf5,O3527,P42,1,364.27
5c115ffa-7294-4c45-8284-4324a24556b4,O3528,P35,3,199.25
bea5e346-2d08-41f5-965a-c824d57e1896,O3528,P41,1,227.6
5b2b27e6-df24-4600-97ab-2c2359ad47ca,O3529,P13,1,195.01
23374846-d831-493e-8d49-1152eaff2cdf,O3529,P7,2,40.44
f3c19636-a084-4bd1-97c4-f8ec653a6930,O3529,P4,2,428.84
8be2642a-86bb-4aa3-8558-09ae516c699c,O3529,P5,3,428.82
7ee1e1d8-afae-4ee0-9062-b7a0dc8c0ae7,O3530,P16,3,150.17
5f3cb94b-eb34-46e2-a288-ec51f37880c6,O3530,P14,2,30.25
120da788-6b97-4d9b-bed0-0a5e619c110c,O3531,P7,3,40.44
8f6ebd28-2e8a-4bcf-a148-a1310cf68672,O3531,P40,1,61.97
f184f605-ee56-42e4-9e3b-61201400d602,O3532,P12,3,196.5
7dbe66b9-5ffb-4b5e-aa76-51a6929c34ed,O3532,P38,3,28.25
6cbd8024-deb6-48b5-81ef-075f051a0ae3,O3533,P42,2,364.27
9a89760a-803a-4e9e-8c74-0f8196aa9d13,O3533,P29,3,495.24
0ec89eed-2368-4ad0-9fc1-187ef83818d4,O3533,P16,3,150.17
54ed0923-d95f-4c2c-ae38-df8cedeed41c,O3533,P14,1,30.25
f01c3a1a-42cb-44ad-894c-4b59da067ea5,O3534,P48,1,51.12
267c91b1-6816-4fd6-a0a3-ba7ce838f682,O3535,P26,1,251.1
e3900901-00c4-43f6-a27d-0632cc8da24d,O3535,P48,2,51.12
4508b233-ed90-43f9-b059-5bceeacede5a,O3535,P22,2,315.67
33ab0dc3-0854-4e67-9412-53b7cff9aa9a,O3535,P23,3,218.14
8a452363-a4f7-4c77-bb44-586a73733792,O3536,P18,2,164.27
e33e0ddd-0a82-45f3-8e21-180883b9e4ab,O3536,P23,2,218.14
04638d36-ddf6-4ea3-8826-74447b43f533,O3537,P12,1,196.5
b3be6151-e72d-4f50-9f50-083b7de24bcb,O3537,P41,1,227.6
51bf91bd-8330-43f7-8380-a795e3f036db,O3537,P42,2,364.27
21afa215-81a2-4458-90b2-e82e7ca59ce8,O3537,P20,1,322.96
62731778-78aa-4199-ae5c-bbb9ace3fb3c,O3538,P18,3,164.27
72cbbffd-332a-45de-aa3c-2050b61a7c52,O3539,P49,1,16.6
f3e856b7-857c-4ae1-93fe-98d364d4b964,O3539,P12,2,196.5
e799aac9-5fc7-482b-a47b-82e107cc631a,O3540,P15,2,17.14
b632690e-7c44-4ff4-ab38-bbaec96c72ef,O3541,P23,1,218.14
bbc8cbb8-0386-4058-9841-d0d43bbd6d1b,O3541,P10,3,192.31
a3cdd3f7-36a0-499f-a6c1-75667c81f3de,O3542,P13,2,195.01
e3ab61bc-a2b7-4e89-b9ee-6d395d472a61,O3542,P1,3,386.89
bd6a112b-e1ca-4cb7-adb5-44d5d3e3bdc1,O3543,P5,3,428.82
56d3e94f-ce68-48d2-b84c-73d530ba9c1a,O3544,P6,2,288.13
7e52f675-a8bf-4b6f-b7b8-604c6da0055b,O3544,P10,2,192.31
2d8d64f4-978f-4d39-8e53-b25cef7fdbdd,O3544,P41,3,227.6
300b6aac-59d1-4143-ab99-df8658609556,O3545,P47,3,397.61
de1947c5-7cdd-4df4-8f64-56c37a4a57e9,O3545,P19,2,318.26
9ec03f8b-7132-4aab-82b8-e0e0d59fa6d6,O3546,P21,3,243.54
29299f3a-b01f-419f-947d-d2e207b7e5df,O3546,P31,2,92.64
d4bfa41e-70e4-43ba-8912-d14ef124c20e,O3546,P18,2,164.27
6aae155e-8c70-43d7-aa0b-76abf0e391c4,O3546,P41,2,227.6
03635290-0d8d-4ded-9a85-41f2b69f4b98,O3547,P12,2,196.5
85593ff9-0b2b-4e6d-b37e-132d2e6226f3,O3547,P9,1,114.1
a124e613-539b-4708-a71a-862064aaad47,O3547,P38,3,28.25
3fe5767e-b097-4513-b683-d716f61ce127,O3547,P27,1,329.1
82088cb0-17e4-49af-9ad9-e702aebc24b7,O3548,P39,1,382.01
281c9515-82c1-4f83-8422-3680581f20d6,O3549,P19,3,318.26
b2e302e6-bfb4-4f5f-94b1-739d13cc7a94,O3549,P26,1,251.1
4729b80d-05b4-43a6-a6d7-c329b7f70dd4,O3549,P38,1,28.25
e4aeeff8-db48-45c3-bae7-4c62be334f4f,O3549,P42,1,364.27
f4ff36b1-756f-4134-a5e4-13cd2f2607c7,O3550,P48,1,51.12
6f99adeb-0e6d-49b5-8a9a-8024e69cdc72,O3550,P25,1,204.24
f6270233-8021-4007-9ab8-120f362a78b3,O3550,P36,3,229.21
df8777b0-a59d-4a6b-a4d1-27014a4fb2d0,O3550,P40,3,61.97
bc8e0367-f3b8-4877-8e61-b389a2d2a1fd,O3551,P36,3,229.21
d315b553-7fc4-463b-9c08-1343397de1f7,O3551,P48,3,51.12
b4180d16-4401-4213-90f4-c1d9118aa932,O3552,P5,2,428.82
b015d3fe-9927-41e4-a2f2-707566d43dba,O3552,P25,2,204.24
46817276-04fe-49bd-a877-e9d449b437bb,O3553,P21,1,243.54
6c238848-cd0d-4b73-8ee2-c59b97aff133,O3553,P42,3,364.27
e7e7fecb-ba96-4c1f-a168-4aeb0f1f81e5,O3554,P47,2,397.61
aaab9dcb-ec8f-4f9b-9900-2d06b3e48ec1,O3554,P19,3,318.26
b315808c-4fba-4245-b119-fbd3464d1151,O3554,P36,3,229.21
dc46850d-e42f-4953-a064-7a5cea32eabe,O3554,P22,1,315.67
2729d636-4947-4771-b6b8-4fed7595d7b4,O3555,P41,1,227.6
9f1c9494-6795-4552-a892-463b64e08e05,O3555,P2,1,153.08
bc8766c3-e17b-4928-affd-27a150450cd9,O3555,P21,1,243.54
06a1668a-be68-4a3b-af8b-7ec6cdf8fc9e,O3556,P39,2,382.01
24d0f78a-e238-4821-b1b0-c07a0f54d2ab,O3556,P42,1,364.27
4dced7c2-b813-4812-92c7-e100d4fbb475,O3557,P41,1,227.6
f427147f-1f51-44d4-8a57-26b95f4fff33,O3557,P31,1,92.64
c0e89206-9a17-4c54-898c-b32c633ead4f,O3557,P3,3,210.16
1f72f2e7-18f6-48f7-b8c9-0d234c6f5c0b,O3557,P0,2,29.14
913d6ff8-c34b-471a-bd14-7c57ec51106c,O3558,P7,1,40.44
0e630e42-f0e4-4b43-959b-430f704d7403,O3558,P14,1,30.25
3a334109-4823-4cab-a209-d73b5818d77e,O3559,P14,2,30.25
3b78a55a-197b-4379-b8f5-6a8afe4acbdc,O3559,P17,2,165.71
1ef33df7-14c8-4006-83de-8f6bf7a8ed50,O3560,P31,3,92.64
aaa972b4-682f-4813-a95d-252eae25ec03,O3561,P48,1,51.12
f668088d-3796-4af1-9bdd-d28f3a1a6cef,O3561,P19,1,318.26
6816d6cf-8973-445a-840b-14b27b122071,O3562,P22,3,315.67
de96d600-6ce8-4d9a-a11a-15e6359760ca,O3562,P15,2,17.14
0837502a-c75d-4a1b-b4ee-225db9293856,O3562,P18,1,164.27
37fd3664-13b1-43ba-8c23-fde711b9a03d,O3563,P25,3,204.24
2d8160bd-c2d8-46ec-9d09-05b506f7cbac,O3563,P0,3,29.14
c05fb888-80a8-43f8-85e6-8e8af1677a73,O3563,P38,3,28.25
0888533f-2301-40ae-b1b9-9c064fd2d0ce,O3563,P12,3,196.5
e41b3781-b5f5-47cb-a0eb-cf9c31bd60d3,O3564,P30,1,469.52
75458c15-b952-4911-a9f3-fc61e6f7b5c4,O3564,P46,3,297.7
bf7396ff-89b7-4bb0-9759-6e0f3355df97,O3564,P19,1,318.26
01fae915-63ca-4ff8-837b-d93f7eb5760c,O3565,P48,2,51.12
63aa6c96-b8ce-40ea-8756-3dc99d5acaee,O3566,P42,3,364.27
25d06f78-999c-4c1a-9137-615c4c163e70,O3567,P19,1,318.26
48c72fa6-77b2-40ae-9da5-4c7db11bb962,O3568,P2,3,153.08
7708b36c-da8d-46b4-bd07-ab96e5658712,O3569,P19,2,318.26
003f5243-4769-489b-9bb2-5432a7faa8a7,O3569,P17,2,165.71
5e2282d9-1e14-4744-8b06-bd5b553f9d6a,O3570,P47,2,397.61
c8c89691-eddd-4c03-ad86-2e98c06e3a74,O3570,P43,2,451.76
40528962-deed-4d13-88cf-8a35f8654710,O3571,P25,3,204.24
b81a46aa-08f4-4185-bc44-3ccb9d04ca70,O3571,P48,2,51.12
b1661999-cf88-4d49-bda7-99bbc2a02949,O3571,P2,1,153.08
120671e9-1c8e-470e-8e38-f43848b3c9aa,O3572,P43,2,451.76
960b148f-c0db-407b-81e8-538ca50a26b8,O3573,P37,2,344.86
7b24ef35-7a2f-4e3b-b64a-983a0357a92d,O3574,P28,3,45.74
9012ebdf-0b1a-4fe3-a2e6-6e8ffa1f7c68,O3575,P27,3,329.1
81754edb-850a-436c-abbe-cf71494f9a4f,O3575,P35,1,199.25
67e6d668-ee1a-4466-b526-5a157d4c3d8a,O3575,P34,3,23.19
bcc5d4de-69aa-4a20-bb75-d4a5d93665ac,O3575,P8,2,13.01
39bbe2f9-a423-4282-a78f-83ddd2b4b1b8,O3576,P3,2,210.16
eab47f08-e4bf-4625-8573-1af100e2e7a3,O3576,P30,1,469.52
f21b0b47-65c4-4f5d-a5e8-c885939928cf,O3576,P28,1,45.74
0211f5c5-bb74-4793-9b5a-1d702618ef7c,O3577,P24,1,327.27
a0f61b33-1801-47e6-a7bd-eaaf94a8c52b,O3577,P29,1,495.24
293bde7e-6260-41f4-9cbe-5685eb57f181,O3577,P15,1,17.14
515a7a03-9ed0-4078-be27-43e95d3b77e1,O3578,P47,1,397.61
399c214c-cbc1-4d31-8b37-35ef79d15d5b,O3578,P37,3,344.86
9e8ee256-aba2-4487-a4bf-d7640cc1f9bf,O3578,P41,2,227.6
d36537bb-fffc-4f75-bf4f-d1f36f8f0c25,O3579,P44,3,165.78
7a51e807-52b0-423a-a34a-2585d3b2b044,O3579,P34,2,23.19
26c129be-a42f-4bb7-b3f3-654ad6d3dbac,O3579,P8,1,13.01
512e4e30-629e-491d-9f50-e1477a1a47f2,O3579,P11,2,422.06
31297e9d-9a4e-41bf-85af-52d46f1a5c49,O3580,P33,1,410.57
8aaf0a5d-7525-412a-946e-699e7ec03320,O3580,P31,2,92.64
a0d47c52-760c-4631-b71e-0a2fe9005e0e,O3580,P1,3,386.89
f19bd814-e99e-4d59-b341-020304d47a95,O3580,P32,3,205.58
24443c6d-fa21-40d3-8c89-60184fb2143c,O3581,P35,3,199.25
0e3f012e-b849-4420-a5f0-355ca3dac97f,O3581,P35,3,199.25
00443747-a89d-47d0-b530-c7fafe4c823d,O3582,P31,3,92.64
61a93e91-ad84-4a57-b12f-81e75262e790,O3583,P1,2,386.89
93990783-b757-4e60-8443-23bfb4be1ae1,O3583,P32,3,205.58
0471f023-211e-4fac-b961-cf5e481f5929,O3584,P47,3,397.61
d2414a61-e828-4884-be11-387b33743939,O3585,P12,2,196.5
e5b0305d-1e33-46d0-bdd4-af95db9d9bd2,O3586,P41,1,227.6
cf9ce81b-9571-46a4-9cab-bd9495e5b13b,O3586,P27,2,329.1
26b59d71-593b-44d2-91f8-bd4f11643c23,O3586,P48,2,51.12
db07ff20-7dcc-4067-a3ca-c339699cc821,O3587,P9,3,114.1
fdfccd3d-23bd-4b3a-8fe6-29c4f976a50f,O3587,P31,1,92.64
40e76833-8912-4bbf-b3aa-e6374f6cd0ea,O3588,P47,1,397.61
9b58ea66-febe-4e52-8df4-1d33f6d936f4,O3588,P47,2,397.61
1583903e-d7d1-4fee-a831-750f600caee1,O3588,P27,2,329.1
9b586737-8029-4bac-83b3-6261a2822c96,O3588,P42,2,364.27
93990111-5de5-414a-be8c-4b836c0be854,O3589,P31,1,92.64
c6c14456-49aa-4167-8a5c-e90a4cbe2308,O3590,P10,2,192.31
8b020106-30b7-4dd6-a3e7-b5d6364e30ed,O3590,P13,1,195.01
01e6be98-9f62-4382-b4b3-61996e62c6fb,O3591,P17,3,165.71
a53c5b6b-0448-4dce-a20e-32d48a5ab175,O3591,P39,2,382.01
d5ec2ce2-0295-4885-90e1-73a78f03e85b,O3592,P40,2,61.97
65b3bf37-2203-4cb3-9baa-f4f7f843a961,O3592,P29,1,495.24
17162da1-9d47-4003-abb1-67d1263ac5d0,O3593,P39,1,382.01
0174844f-f33b-4571-b0c4-3960437b9b58,O3594,P19,3,318.26
5ecdb1d6-7e7a-444d-aa65-802fd4f30818,O3594,P36,3,229.21
c04cf251-f95a-44b8-b4b4-8af912ca96a5,O3594,P9,2,114.1
5822d889-e250-4327-8fb4-3795d9c13c2c,O3595,P17,1,165.71
cf80d91f-30b4-4382-a768-2cc9857a71d4,O3595,P21,2,243.54
ec0d0473-0ad4-4780-a45f-f6c7ae661f8d,O3595,P49,1,16.6
fa44f61f-5139-4dbd-ad0c-3fbb68f4ee72,O3595,P32,1,205.58
9e65515b-3a3e-4789-812d-0342a416f458,O3596,P19,2,318.26
56cea1d7-6a7b-48b7-b67e-f7f229a2498f,O3597,P37,3,344.86
86987450-2c44-4949-9d36-786c2595fb0f,O3597,P22,3,315.67
5ecbc23f-638e-4fac-a82a-fd905af02bf3,O3597,P44,2,165.78
449560ad-22c5-4d41-b539-6bc1605affcb,O3597,P26,2,251.1
7537bc50-1b63-4aba-af59-6accf1a7b367,O3598,P25,3,204.24
f84a046e-d913-41b9-be20-e817dfd5adf5,O3598,P35,3,199.25
5487df1b-3bd6-480f-bcca-a3cb5f44ec99,O3599,P28,2,45.74
3bf80ebe-afe1-4d52-87f0-07735a9cdb04,O3600,P5,2,428.82
531501fa-4940-4bda-bba8-be28361d59be,O3601,P23,2,218.14
bf12f8d7-ad38-40cd-8cc4-b8f7b87736be,O3601,P30,2,469.52
231f1666-4b6b-4f17-a42a-1392668cb2dd,O3602,P29,1,495.24
e6bf9ee8-849d-4761-8dcc-d5f212ae7308,O3603,P15,3,17.14
637042bf-e4ab-4fb3-95ee-cab47b4121ba,O3603,P12,3,196.5
465bce44-28d2-4fb6-a9e4-967f88a3fd94,O3603,P43,1,451.76
210edede-ef7d-4d3b-84a8-22a1b32fb747,O3604,P34,2,23.19
85b31fc4-bf46-4d67-85b5-5c1529ca02c9,O3604,P47,1,397.61
4ae50354-32d0-4538-a3be-21ecf7f60962,O3604,P38,3,28.25
ddc11ee9-4d3e-4e24-acfe-41950b6d013b,O3605,P29,2,495.24
44490cda-aa8b-43a6-b313-1674e14ff22b,O3605,P45,2,488.83
2226aa67-18f9-4d6f-81f5-ed4c9630120d,O3605,P42,1,364.27
6c40cd3f-beb2-46f7-aedd-4a196e321eac,O3605,P25,3,204.24
909f34fc-d886-4900-9813-c7300093d853,O3606,P10,1,192.31
a237c460-2ab2-49e1-9a19-3cb589b6c236,O3606,P32,1,205.58
258216a8-2e40-4f90-be89-08d3abf0f0f2,O3606,P43,3,451.76
26fbf213-34f3-4861-a0f0-3a14a5155080,O3607,P38,2,28.25
5049f8c1-8a66-42fb-88ab-8a55d273e799,O3607,P43,1,451.76
7a28ba97-2f59-4eff-a5cd-d73ab4440981,O3607,P28,2,45.74
286d32ec-c04f-4029-a3ea-3111c5190992,O3607,P8,2,13.01
a493cc72-5874-4c64-9e06-a425e3b7c3e3,O3608,P8,2,13.01
afc71d4a-e70c-46c4-a38d-e94485fb97b9,O3609,P1,2,386.89
2f8c7b1d-f1cd-4b7d-bbdd-57770e95397f,O3610,P28,1,45.74
6a1b946a-2ff6-47b1-a52e-be6124c384e5,O3610,P16,2,150.17
533da545-ad03-4ec1-a7c4-400d036aee6b,O3610,P43,3,451.76
7aa2e3bc-4fb2-4f52-8d48-e847f81a0c5c,O3610,P5,1,428.82
80e07f4a-0dce-4831-93b6-e02a3a041500,O3611,P16,3,150.17
22351647-dad4-42fc-ac4d-18ef14bb4da1,O3612,P4,1,428.84
d14b09fa-9e55-4043-99f5-bf1b5dc35cea,O3612,P35,3,199.25
dc2072a9-fc5f-41a5-acab-001d7716a4ef,O3613,P47,1,397.61
067dc9ca-ea24-47a8-b296-da59f2850bea,O3614,P26,2,251.1
599759c5-a0e4-4294-ac36-6cfbcdbec238,O3614,P37,3,344.86
377f45b5-2fee-4677-8d84-ae006d2a53e7,O3614,P44,3,165.78
43cd96eb-d35e-47b7-b92c-faa2b952fc44,O3615,P14,3,30.25
4b4269fe-f3b2-4fee-b111-aa772802cfee,O3615,P9,2,114.1
e2a5730f-ea83-4465-bc8c-5a8a7769402e,O3616,P26,1,251.1
b5f931b5-f513-4c75-98cf-a9c229d2f31b,O3617,P3,3,210.16
be3937af-adc3-4714-98f1-5cf04338bc14,O3617,P46,2,297.7
f928116f-9a5a-4da0-a2b4-c91d9c8df7a4,O3617,P44,2,165.78
39db6289-cff3-45cd-a689-2434e9d1fd6e,O3618,P38,1,28.25
ebbc63a7-6e95-4c68-94cf-07a99ea12a71,O3618,P39,1,382.01
02a81a24-a267-4d85-b0f0-773dd696d5e7,O3618,P16,3,150.17
4ecc0231-1aa7-4fc3-b817-6941e16f0e65,O3618,P48,2,51.12
af1ec17a-40a9-4135-9c94-114567c08c34,O3619,P4,3,428.84
5236a5aa-96fa-4a1e-88a7-611c985c757c,O3619,P41,2,227.6
f14542d8-a9d3-42e0-986c-ffb8b06cf540,O3620,P9,2,114.1
bf080c6c-0c4d-4c61-aafb-8ea736d4054c,O3620,P48,3,51.12
4f25fd53-ec4c-4795-bbe2-070bde7f2895,O3621,P0,1,29.14
849ad0e3-9bae-465d-8a04-b911acee2c16,O3621,P19,2,318.26
5e59eed9-a974-4f1b-8e79-f83f4a428410,O3622,P36,1,229.21
5c97e3fb-1a29-4adc-a243-d79990a700d9,O3623,P22,2,315.67
5b13794c-365b-424b-88b6-adf6f23d3b44,O3623,P9,1,114.1
1df93891-0de7-4448-ae91-bd410465fefc,O3624,P12,2,196.5
b830d095-298f-4d1a-9b6e-baac59c0d9e0,O3624,P30,2,469.52
d507ea68-745b-4e2d-a9a8-11bb831bd73b,O3625,P18,3,164.27
5fd9fc8b-ef1c-4303-926a-bdb9ed417b01,O3625,P1,3,386.89
eb9a07f2-299d-4207-a2c3-00c8817e251f,O3626,P26,3,251.1
9d1ef55d-e3b4-41a3-bb8f-d71b3d191c2b,O3626,P18,1,164.27
b1c46779-8612-4d86-a69b-75fcc39040b0,O3627,P11,3,422.06
c72bf60c-d1af-4d5c-ad36-e717b312989e,O3627,P37,3,344.86
faf318ef-6d53-4742-8441-a9dda1acad3b,O3627,P36,3,229.21
fe330fb9-8733-47dd-b5a4-2f39b0dbbda6,O3627,P16,3,150.17
b58e5567-039d-4662-81e8-f19933cc7cdb,O3628,P10,1,192.31
6fe4dafe-815b-4096-8873-565482d0def7,O3628,P45,2,488.83
c7ceb564-d5cd-4689-b773-a48e6a6b2aeb,O3628,P40,3,61.97
18553949-59b5-40a4-8e79-b866e06c4725,O3628,P8,1,13.01
250c7dd5-1bf4-4caf-924a-0b212b7b06a1,O3629,P43,3,451.76
923f829a-8871-4e5f-8ef7-e1ea448b5140,O3629,P39,2,382.01
a7f77ad1-c112-4a06-861f-f0057d1a2df0,O3630,P42,1,364.27
b28928e8-95d4-4f9c-8c09-e7557ffa70e5,O3630,P19,2,318.26
55073249-11f6-4bed-aec8-1a19095ed816,O3631,P30,3,469.52
e45fc947-9bf6-4cf5-9c6d-339c3c3f3ead,O3632,P0,1,29.14
ba84d96a-e550-4f0e-980c-f95319b667cc,O3632,P23,1,218.14
e444d9b4-cdbe-4d58-94e1-19ca424c5c88,O3633,P20,1,322.96
4b0e2252-a4d1-4cea-b1e3-ba31f4f6b6bc,O3634,P4,3,428.84
41e55671-7040-4dea-bdfe-18b21f247d3b,O3635,P18,1,164.27
1b350597-4985-4b19-8ad8-22acafdf3125,O3635,P0,2,29.14
920a091b-ad45-4680-bb20-f44f81f263ec,O3635,P20,2,322.96
5ecf025c-f0be-495e-9926-3cdc21314bb8,O3635,P40,1,61.97
688efb9e-5098-4833-97d5-3819a689ae6c,O3636,P37,2,344.86
2895cd4d-b2c7-4345-ae1d-a32cfcbc71a9,O3636,P33,1,410.57
32a6f166-4db5-4bdb-9bb9-8d23d9ebfb36,O3636,P23,3,218.14
fc984f5d-1eea-4d90-9453-a286b96cf640,O3637,P20,1,322.96
aa97e1b8-618e-405e-843f-9a33963ed2c9,O3637,P33,2,410.57
06947093-eab1-4f6d-bc50-2035aa173cba,O3637,P39,2,382.01
1d5f8a91-3694-4eda-96e9-1aee18bb58e3,O3637,P33,3,410.57
9ca9fd33-84ae-4cac-944e-b208fc08d593,O3638,P2,3,153.08
4ac50a58-7b47-4d25-a436-c40cc6c3dc01,O3638,P35,2,199.25
808d6103-4f2c-43b3-81a0-79364e592adc,O3638,P2,2,153.08
0bfeca37-6cb9-427f-ad25-76d8b1086ca0,O3639,P25,3,204.24
0ae746ae-136b-4f94-af20-8574cf7a8a5a,O3639,P13,3,195.01
74fbcc89-3049-4ddc-a49b-28f8e289ac31,O3639,P46,1,297.7
41a99278-5b36-4fdf-98ea-7ce0a54a9fe9,O3639,P33,1,410.57
dd92e60b-a9f2-4a38-82cf-e0e4c256d31f,O3640,P18,2,164.27
697b726e-5b31-4e5a-bfdf-828264444109,O3641,P9,1,114.1
d8d93022-6560-4019-b864-82fd808d0a41,O3641,P34,1,23.19
1ab4db11-df9d-4892-9aa7-f00fa90cc5d3,O3641,P1,2,386.89
13b5951f-2ad9-4076-bc12-773998c94206,O3642,P16,2,150.17
9597e1d8-e991-44dd-9152-e1ed0474b320,O3642,P16,2,150.17
a2fa5f3e-6559-4e16-a07c-243038a86cb8,O3643,P44,1,165.78
d18ac95d-3d75-4e72-b5bb-263df286de57,O3643,P44,3,165.78
5eb35443-df9b-4d61-929e-7c585f998ca5,O3643,P36,1,229.21
983fabff-3cf2-4e1c-9932-6bff2aad4a12,O3643,P12,3,196.5
0163aff8-6b2d-442b-8483-32688a1d073e,O3644,P4,3,428.84
8b829c5a-4f0c-4b41-a977-b36de9c2869f,O3644,P27,2,329.1
91eb7aad-9727-432f-abcf-10a3d712dd2d,O3644,P40,2,61.97
4894ca52-efcd-4de9-bdae-7d8da62a113a,O3645,P48,2,51.12
029c2846-3c45-4475-933b-ce6fcbfe0a13,O3645,P43,3,451.76
40b350d4-7376-4f2d-9fed-d8e33bab7e21,O3645,P42,2,364.27
b8171299-861a-44a9-9065-90aa7c7c3fd8,O3646,P24,1,327.27
fd166c4b-4886-4876-97b2-1b8201efb01e,O3646,P3,3,210.16
bd350d1b-2056-46c1-9b4f-44fc82cb89a3,O3646,P41,1,227.6
4bb7f0ac-8530-469a-b015-bb1ede4052ac,O3647,P7,2,40.44
1cc837f8-3832-4ae3-9775-2b4c104f1369,O3647,P46,1,297.7
074ff11e-c43d-40e6-aee4-ebaea2277fcc,O3647,P38,3,28.25
d4e023c3-9bfd-434e-8020-0215785df1e4,O3647,P1,1,386.89
354e6dce-5d93-4255-a6c9-53685c26064e,O3648,P13,2,195.01
9a395500-e84c-4550-a431-8483a9b38cb1,O3648,P3,3,210.16
cfd2af11-75c3-4627-9d8d-570022735217,O3648,P41,2,227.6
92e965d7-1236-4334-a20a-0b1c42ec768e,O3649,P35,1,199.25
81282965-f8ae-4297-95da-cc65f72c245d,O3650,P7,1,40.44
5cef0bf7-6e93-4a6c-b582-35af1f2dc2d3,O3650,P37,1,344.86
ac829c85-264b-45f6-866f-8adccc1456c2,O3651,P20,3,322.96
6f86546b-76ca-41fc-a750-96288fb0642f,O3651,P6,3,288.13
66ee2bb0-98f6-40d6-b1ed-15c414750795,O3651,P35,2,199.25
d64d222b-d627-4c82-9ab5-9de86f4a37c1,O3651,P49,3,16.6
8d03e028-4b07-4f72-8d2d-e3282b3edbbd,O3652,P9,2,114.1
f8a50253-901e-4fe7-a135-d377ca33ee30,O3652,P29,3,495.24
dd9083e4-4bfe-4e2a-8d3e-743337b08c0c,O3652,P1,3,386.89
1f8dfd40-1ab1-4e76-bc92-04c0e7b5f01a,O3653,P24,1,327.27
e57abd44-0760-4e52-ac28-54b03fbbec5d,O3654,P21,1,243.54
5bdcc02e-0405-4c69-91b6-cde0f5833b2f,O3654,P3,2,210.16
78cee07b-fa4c-47a0-9bd6-68d6bba82337,O3655,P37,3,344.86
eb123a6b-c834-4224-b87e-32e876e91d2e,O3655,P9,3,114.1
05758191-dded-4fc8-85fa-b09207bfa176,O3655,P44,3,165.78
33f34f4a-1ab6-4472-9a7c-d00a92574853,O3655,P37,1,344.86
6374221f-a101-49ef-b80c-c431ea0d3784,O3656,P2,3,153.08
9b7e5c6b-654d-46b7-8918-8ceb2187bb8c,O3656,P33,1,410.57
4c116df9-bd14-402e-b0ef-371ddd560d9f,O3656,P23,2,218.14
eac7bcfd-cf0f-4bc3-951a-ed0c9b8c42af,O3656,P5,2,428.82
39edcfd6-87de-492a-8273-8cf74749dc06,O3657,P7,1,40.44
c32b02cc-f8c3-4574-a852-defc17aa3759,O3658,P25,1,204.24
0ee77906-8c96-4a0b-a64d-ab52cd39dfb9,O3659,P6,3,288.13
5196f111-4fbd-4bbf-84d8-c5a8d598a441,O3659,P48,3,51.12
ba78dd97-97cd-40ec-a4c9-d9982ddea83f,O3660,P36,1,229.21
c71b3ac3-ec12-4cd5-a54b-bef0df96101a,O3660,P10,2,192.31
60deba5d-d908-4e04-8fdc-7fd63f089966,O3660,P4,2,428.84
9ca1cb88-52b5-4b5b-8030-33081d31957d,O3661,P26,3,251.1
e7f06ef2-f2aa-4b66-98ec-aea12090a0c5,O3661,P49,3,16.6
a7ea705e-541f-4527-aba7-9b9e2afb37b4,O3661,P46,1,297.7
5b63bd27-79f9-41de-9c63-a07247890bb1,O3662,P32,1,205.58
e32241e4-9f8e-425e-a14f-763d6a32357e,O3663,P36,1,229.21
54c437a1-3260-4a0b-b13b-33beda03a320,O3664,P1,3,386.89
14514c84-321e-4105-9e81-966b2eeaeb13,O3664,P6,1,288.13
b7f76498-5297-4983-bfee-2ac68ef129bd,O3665,P13,3,195.01
c93503ca-e8f4-4be9-af09-06ae29542822,O3665,P7,1,40.44
6a5f7cf0-d3b2-417a-913c-fa03df67865e,O3666,P22,2,315.67
b5276b7c-c478-4621-ae34-6aeac51dcb3e,O3666,P27,3,329.1
8c0210a8-6709-4874-9aa5-d388f03d75bc,O3666,P24,1,327.27
83f7c271-3206-465b-b1f5-bffede53dc6e,O3666,P24,2,327.27
0f1c3df6-430e-4fdb-92c4-155d93af3984,O3667,P7,3,40.44
7b1e5ae8-edfe-4be5-bdbd-3dacc9eeecc8,O3667,P16,2,150.17
34293d27-47f1-4125-ab80-ce741afb5deb,O3667,P37,1,344.86
4277e2b7-56f7-4a9e-b393-be25fef55aae,O3667,P24,3,327.27
d725bcf2-f150-404a-b589-5e89683eb4ef,O3668,P34,1,23.19
c36de920-0075-4069-ae23-3e0deaef1d3f,O3668,P28,1,45.74
74d7f6d0-889e-4516-804b-2df65652207f,O3669,P3,2,210.16
5352f755-8043-4ea0-9f6b-892c89f14383,O3670,P6,2,288.13
85e695be-8e74-431c-9fd1-a14dbc48846a,O3671,P27,2,329.1
38ef88e5-d91c-48ab-93f1-3cfa04a90bab,O3671,P8,2,13.01
b5ac16a9-f0d7-4680-ba6d-3fdb5f2fa883,O3671,P19,2,318.26
3273db84-2b34-45e4-a7b2-674ca123e2ee,O3672,P39,3,382.01
93b6bd68-7d0e-4d2e-b411-575bfbcfe8b3,O3673,P49,1,16.6
78ad8ebe-c83c-403b-a9e7-92b0c26bbbbf,O3673,P41,3,227.6
97c8d613-d48f-44aa-98c0-0ba70d6284fa,O3673,P47,1,397.61
765b12ed-5b83-4bbe-ad87-99e204920d72,O3673,P11,1,422.06
cb8f349f-3655-4bd3-9ba5-6565a40fe706,O3674,P9,1,114.1
8d114fb1-a2b8-4355-a97b-80a1a14d7853,O3674,P26,3,251.1
31fafa13-f5db-410c-9eab-312ce6d928f0,O3674,P4,3,428.84
159339bf-8114-4996-aa13-d9c658108656,O3674,P27,2,329.1
afbc24ca-40d7-42b3-9ceb-d9f41d0a2c09,O3675,P47,3,397.61
3af5ba67-d89f-4aef-b5e8-c84e8ef1c780,O3676,P40,2,61.97
990f87ff-3d63-4bd9-b832-4a2652b7ec4b,O3677,P37,1,344.86
e8a3f290-8363-4c55-b855-09c2193e2ad2,O3678,P34,3,23.19
df46776d-402d-4fec-b441-709bb3ac7ae2,O3678,P15,1,17.14
0238f755-51b8-4a7e-9180-6625d2bc9388,O3679,P7,2,40.44
d41e0e96-ee0b-4502-8399-4eecb7cbad21,O3679,P2,2,153.08
3d3af15e-eb1b-410c-9231-4f104741dd58,O3680,P6,2,288.13
9d2a92d6-4db1-4900-82d6-0f529f4ec8ae,O3680,P17,1,165.71
77b6d347-f393-40e9-98dc-53fd6b503ec3,O3680,P15,3,17.14
3bb3a8c6-6268-4c22-8715-c8ed961513e2,O3681,P40,2,61.97
58caaaca-164c-490c-9da8-b4b2d784fe99,O3681,P49,2,16.6
9bcf4919-e565-444a-b43c-6e41d2955188,O3682,P40,1,61.97
ea9860c8-ff72-414e-a443-078ddcc0842d,O3683,P49,1,16.6
f45d7599-8af1-46da-9d87-b89ec7d956ca,O3683,P49,3,16.6
106d67b2-c20b-45c0-9049-0c21f8d4fe58,O3683,P44,1,165.78
7dfab20b-dc94-4884-9274-463b1b817b67,O3683,P10,1,192.31
05477034-28ca-4758-90d7-162fe59e2585,O3684,P10,2,192.31
54c8c227-453d-4b08-a4e5-cb0145c0073a,O3684,P9,2,114.1
b3feecad-6c68-4cf2-b908-2f6a6d0f8ab2,O3684,P28,3,45.74
e4115768-6feb-4a94-9bcd-943ae191ed69,O3684,P9,3,114.1
49da2db5-1de8-4b77-b004-c51d92adf010,O3685,P28,3,45.74
e1f561dc-1b71-40c7-8462-adf06182698e,O3685,P2,1,153.08
fbdfc610-080a-43a5-85f2-d3b0f3cb38ea,O3685,P30,1,469.52
c329f36b-ba7d-4b9d-b600-3ae4d7243705,O3685,P1,3,386.89
8d8b6559-1228-4baa-ade6-9adfc2ca25b8,O3686,P43,2,451.76
44f7d84b-b3f3-4ffe-beeb-397888b3c1d6,O3686,P1,3,386.89
18138f44-9e40-4bab-8653-3c9add694654,O3686,P39,2,382.01
bb726dfd-8bb5-4df6-ace9-b15f8c0e875f,O3687,P14,3,30.25
4afa54a9-3e55-4340-a2bc-548952ecbdf9,O3687,P12,3,196.5
b255b2fc-0b70-4c98-b1c7-54aeede42e53,O3687,P22,3,315.67
e8f49fa3-44ab-45f8-a932-aa083bb6fac8,O3687,P40,1,61.97
d06da023-29e0-453c-909f-348aeae68fe9,O3688,P0,3,29.14
f0c0eb63-b22c-4761-a184-ad99e97564ed,O3688,P47,3,397.61
28580d08-88df-4186-b02c-c8fcf7380b4d,O3688,P4,1,428.84
67a1e4ba-7fc9-4b70-af21-bb25075f4b12,O3689,P40,1,61.97
6d5eaaf0-6c52-4e71-9568-440bd1de4ad2,O3690,P6,1,288.13
a48f12cd-4407-4f23-ac84-363843121400,O3691,P37,2,344.86
e66ef866-87d5-4d91-ad01-51d8f986f9da,O3691,P42,2,364.27
9f5ce6bc-22ba-49c0-9ddc-c7cef8be8dd6,O3691,P48,1,51.12
715fc0a8-9ec2-4758-966d-87c51fcc251b,O3692,P17,2,165.71
1b1a4ff4-ea00-4915-8baa-a5d0ac343c53,O3692,P18,3,164.27
a8c7a76b-2411-4a7d-91c1-bdad8ce04da4,O3692,P14,1,30.25
111e842a-ceea-4b5c-b15b-20cf04ddd838,O3692,P14,1,30.25
d1e41905-5aaf-40f5-81a7-6631253bf2b0,O3693,P8,3,13.01
723b9e26-93ea-4298-879c-0c52d1278852,O3693,P9,3,114.1
405f8a47-3eec-4ae1-95de-ed1a956ab800,O3693,P38,1,28.25
4648a3a4-bea0-4d0b-a686-6e10a1a55fe3,O3693,P29,2,495.24
2538088a-4961-4e65-b04f-41de6f159b84,O3694,P7,2,40.44
5c9a9983-8412-44da-9126-ecff47882c0d,O3695,P17,1,165.71
849ea77c-028e-4c3e-bf21-429384a67a84,O3695,P12,2,196.5
e71c5931-8db5-46c1-87f3-c408dc09857a,O3695,P44,2,165.78
525a9f5b-958d-4f35-b6e8-551129385109,O3696,P7,2,40.44
a367716a-c0bb-4197-94c1-39de3bf1e4ba,O3696,P12,2,196.5
b4535b7c-3608-4709-97f4-d5b7add064c8,O3697,P8,1,13.01
60258e98-6f28-4039-9688-d292cae50680,O3697,P46,2,297.7
df44ab3c-bbe1-4997-9667-13f930c0deae,O3697,P16,1,150.17
6fb66255-2fab-4ea1-aa62-81c59dabb84b,O3698,P0,3,29.14
2c59d9d3-eb6a-4fb4-9510-9c19f31566b8,O3698,P13,2,195.01
f4776216-3fe3-4e8a-801b-05d9ad1d2aba,O3699,P22,1,315.67
cddd0e11-d0bc-498c-9e2b-f9a76bf0b7b2,O3699,P31,3,92.64
1b3105aa-c5ad-43fd-9dbd-a1bea23a97af,O3699,P27,2,329.1
29343006-1e4a-4905-85a3-2532ad5b465e,O3700,P5,1,428.82
d02734a4-7c5e-40b2-b615-0fff03205002,O3700,P26,3,251.1
753d3f8a-0c64-4599-96b1-225ad821f1f2,O3701,P46,1,297.7
1be1ca64-39c8-4ac3-84e3-b3bcc2ed209d,O3701,P29,1,495.24
b11dd4a9-7100-4521-86cd-7199b1530bc0,O3701,P48,3,51.12
72725530-8f84-4599-9735-b8123c3ade00,O3702,P33,2,410.57
8b7656b5-3c72-466d-af8e-f23c5fa47095,O3702,P26,3,251.1
eff4a0ec-7670-4648-9d82-0618dab69808,O3702,P1,3,386.89
3d423094-51bb-4618-95a5-7a30d98c4e4d,O3702,P4,1,428.84
4054c3b0-32ab-4767-abfc-df305f312a08,O3703,P0,2,29.14
e76f2e0f-fa30-4efb-8bda-2d4ea64c263a,O3703,P39,2,382.01
799976da-75e3-413d-a24d-5f1b1afa5546,O3703,P16,1,150.17
ef6fed11-cf11-4dbf-bc9b-e419f975cf92,O3704,P36,3,229.21
6b1e1284-bd1d-4392-bd06-5beff9171ee3,O3704,P29,3,495.24
232760a5-63dc-4bfa-84a3-4f976c0be343,O3705,P47,2,397.61
45c769d6-24b9-4f75-b74a-75760fe26dc7,O3705,P14,1,30.25
5ea8b8d8-7b53-4bef-838e-c137a7fc5fb3,O3705,P40,3,61.97
43e15357-3441-4e28-bafd-47d4c3a35da4,O3706,P19,2,318.26
00a8bb9b-24c8-4208-b9f6-7b1ba7ef6baf,O3706,P34,3,23.19
cc61164a-102b-4d00-9880-bc983d69a116,O3706,P32,2,205.58
906837df-33ae-4b2b-8f35-2e29e44f650f,O3707,P35,1,199.25
854cf8f8-6b0c-4acc-87ea-ee4aee732d07,O3708,P23,3,218.14
cbc64247-4f71-43a9-965f-145444938fa6,O3708,P21,3,243.54
05a24958-3ace-46dc-91fe-0d7abf08be77,O3709,P0,2,29.14
2ba87a41-06a0-4fb8-9ae9-f2841731ba14,O3709,P33,2,410.57
03145e37-2f82-4122-bb43-57b774a1ed20,O3710,P1,3,386.89
649aae02-6210-4933-92c1-b34067d3c3b4,O3710,P44,2,165.78
79784f45-df71-4b01-a838-c6fd3f0bb467,O3711,P47,1,397.61
3d4892e8-dd69-4c66-b82a-9d547d9bef55,O3711,P1,1,386.89
fc0ad9ed-37d3-481e-90b2-6c4ccdbe269f,O3712,P45,2,488.83
5282ac2b-db2c-4bde-9913-415736b4e9e4,O3713,P34,2,23.19
04d1a875-f7bc-4146-9499-b26b6ba431f6,O3713,P44,1,165.78
57fdcc1e-caed-4e67-b786-16e1c79d4946,O3714,P32,2,205.58
b15ff6e5-8613-498f-a052-93ec596ee5c5,O3715,P12,2,196.5
24668d7d-7b9b-42da-9362-56e8a248052b,O3715,P31,3,92.64
ef4f4fae-6c04-4dd1-acac-466e8ad87006,O3715,P33,3,410.57
a740346d-f5da-46d6-a28e-bc040cf9c52e,O3715,P20,1,322.96
0adf7afc-3aee-44a4-87b7-0d33dee949d0,O3716,P41,3,227.6
75d7010b-7eb9-4606-bcc6-512b44c2ccb6,O3716,P20,2,322.96
bd44a773-def6-4d1d-8a76-1886e2c6c20b,O3716,P47,1,397.61
b2fc72bb-cb0a-49de-a400-303226f529b0,O3716,P43,3,451.76
fef2a58f-01dc-4dd3-8871-52b6eaadbe92,O3717,P39,3,382.01
ce0fdfb0-4807-4f3e-83e8-01731c8c262c,O3717,P33,3,410.57
72819c56-5a33-4790-8657-4d4555bd3450,O3718,P46,1,297.7
cd290f49-855c-4c36-8757-be07675c823c,O3719,P41,1,227.6
83651446-09fb-4e40-9339-dbae4ef68629,O3719,P31,2,92.64
5279ea93-9ec9-4860-bc7a-47a29445127d,O3719,P20,1,322.96
64aa2760-b43a-4f54-9920-41036238639e,O3720,P23,3,218.14
4e8f0eb5-29cc-42a6-aa0b-7ba2b1a50171,O3720,P7,2,40.44
5db0c416-194f-4c60-b3a6-6acd5948655b,O3720,P31,3,92.64
50824608-2d72-4565-9af9-4c5a2e6f507b,O3721,P36,1,229.21
8a654514-b4cb-44cc-9bc3-ea24967fb0a0,O3721,P32,2,205.58
2cca7269-b116-428a-8a4b-c8ac8cde4c79,O3721,P42,1,364.27
c9297514-bb04-4b6b-bcd8-6b1199f836cf,O3722,P1,2,386.89
3cc9b7e5-e60f-4a57-a7bb-31b2254f3730,O3722,P30,1,469.52
3d6e8e88-6089-4dc7-9376-05dc9b82aab9,O3722,P44,1,165.78
db79afcc-87b5-4214-92ba-be66dd04adf9,O3722,P36,1,229.21
19f0825b-b04a-49e3-9315-5f33348a76b7,O3723,P21,2,243.54
c70fb806-6433-4065-8fc5-3b1b5d31dde3,O3723,P30,1,469.52
b1e78b44-f12b-4a4d-92d9-7d9e62c48c16,O3724,P20,1,322.96
0360175d-05f9-411e-b680-c1fb9d904ef9,O3724,P33,3,410.57
c5ef790c-344f-4bad-b015-ff1fcad4121d,O3724,P30,1,469.52
b21395fd-1c4c-41f1-a3e7-492e2c8a2379,O3725,P21,1,243.54
362c1ac7-d1b7-409e-97f5-d49cc53f80a2,O3726,P31,1,92.64
1d63140f-668a-4a8c-9901-c70df8cc6937,O3727,P14,3,30.25
7c3f5552-4edf-4cac-b4c9-90da46d1e85a,O3728,P26,3,251.1
1236a679-210a-4eaf-8f70-dad14ed72582,O3728,P25,2,204.24
72073f70-20f6-4a68-83fd-6ec9ffda986b,O3729,P22,1,315.67
3882d314-3276-4c9a-88dc-b428cf272b9f,O3729,P49,1,16.6
c7f25d10-309c-43ee-905e-ff86578bec22,O3729,P49,1,16.6
1bab3fd7-1bf8-444e-88b6-0cfad634da4c,O3729,P21,2,243.54
af1d78a8-56ae-46d4-bab5-b3ff126ff61e,O3730,P17,1,165.71
46843bd9-40e9-4c00-99d7-803cf9a71154,O3731,P12,1,196.5
a1afb250-87da-4ec2-a796-c5338aa3af34,O3731,P32,1,205.58
97ce043e-0c79-43e9-92cf-914e5fae2f76,O3731,P28,3,45.74
610cbbac-9771-40f3-88fb-e5c9d048e0d5,O3732,P5,1,428.82
b079a64b-e7fb-48b3-8c68-237553d2344f,O3733,P36,3,229.21
8afe5b54-433c-47d6-8c80-1ef8a674f559,O3734,P45,3,488.83
5a5d7ad7-0ba8-431c-8de3-10f818561090,O3734,P34,2,23.19
8f5e251e-132e-4440-aaf1-cababbe7c4b8,O3734,P27,1,329.1
182381a6-0d5a-47d4-a18a-729c64f73283,O3734,P35,3,199.25
18a3ff9c-c006-4463-a598-0967ec14e089,O3735,P46,3,297.7
c832b805-38b1-4e34-8f17-fc4ec33873fc,O3735,P40,3,61.97
0fa1e2a0-b038-4dc5-89b5-a5acc87a286d,O3735,P12,1,196.5
6ec12750-13d4-488f-a3bd-0c28be99debc,O3735,P48,3,51.12
877e1a46-3f5a-48a9-abc9-ee1a2051a41a,O3736,P31,1,92.64
18ad9bf9-b9c5-4055-b772-5509b0fdd4b0,O3736,P24,3,327.27
4fcd13bd-f9d9-4bf7-bc1f-4e080a62a9af,O3737,P2,3,153.08
f48c8360-07ba-4c56-b963-1a75779ef9a1,O3737,P42,1,364.27
d9ca03ae-6899-4df3-b17c-7ee53285ee20,O3737,P28,3,45.74
096152a8-9e15-4309-a2d7-1754d136b23a,O3737,P36,1,229.21
3b6a5000-9946-4c46-be2e-1fc3eb188849,O3738,P33,1,410.57
2895909c-701b-4a0d-9c17-5b68ef9f0128,O3738,P24,3,327.27
32b617a2-07f8-43a7-a5b9-e7aeeb7f1f59,O3738,P3,1,210.16
7418ead7-b912-48dd-937c-6e03499e1d17,O3738,P43,2,451.76
4f562c9c-68f1-48af-9b74-7111b698996f,O3739,P13,3,195.01
0d52e51e-71c9-4cc7-a668-a47301bf20e1,O3739,P16,2,150.17
5dec4d4f-022b-46d2-9000-b01a0fd801a6,O3739,P29,3,495.24
6234d698-01fc-4712-a13e-f6914a2b8425,O3740,P10,2,192.31
bc030fdf-e847-490f-8d7a-a020e9b6cecf,O3740,P17,1,165.71
ae61a37e-18bf-4a18-a0b4-c6714d561549,O3741,P31,3,92.64
d8697c39-769d-4fe5-9e3b-ff8a46607684,O3741,P16,1,150.17
3bb00e4b-c8fa-4c26-87af-54aa12b18dff,O3741,P31,1,92.64
16f40917-ae60-4a40-bba3-e67c487430c4,O3741,P30,2,469.52
ddcef69e-b69b-4879-9c2a-a30c1f0f2955,O3742,P18,1,164.27
309c71b1-d8e3-4c1b-b795-a6bf6d5ca2d2,O3743,P42,1,364.27
f9325962-1b2a-4f8c-b104-e9723de93179,O3744,P35,2,199.25
e41987ee-8102-4396-ad8a-cbdb2c77ebf7,O3744,P17,3,165.71
7a9d289f-ddbf-406c-956d-325f7258bf34,O3744,P25,1,204.24
85dc1b8c-e25b-4d10-a8e3-bed60da69cc7,O3744,P17,1,165.71
49721ace-baf4-4750-95f3-6a0f448b75d6,O3745,P0,2,29.14
dcb57598-1feb-4edf-9690-2845c18370f8,O3745,P30,2,469.52
120f0a83-352f-4252-9a54-1f9319a7173d,O3746,P32,3,205.58
cdfc1665-75e5-458b-8a89-a2af2f36e991,O3746,P28,3,45.74
1033283e-8374-4f85-80e1-29b76c6c5c80,O3746,P34,2,23.19
c97b32c7-c600-4764-925b-fff0de6fdbb6,O3746,P13,3,195.01
cf6e0903-b52f-4ee6-a7ef-0831e8e5e82c,O3747,P41,1,227.6
43e8d57d-ec5c-4921-af05-2ab24df89f43,O3747,P37,2,344.86
42b8a7b9-006b-41fd-b496-7cd30f1c926f,O3747,P48,2,51.12
9e35ce54-5d85-448c-8ecd-4f8854cd65b7,O3747,P41,1,227.6
85be5a25-38a0-405f-9609-d5396e70491c,O3748,P33,1,410.57
c4738fdc-4257-422b-9973-e2e646eb07f0,O3748,P36,3,229.21
d5cb0764-4706-424c-a27b-2cc86511ad97,O3748,P30,3,469.52
c7f7013c-3386-48de-b427-08cedce224ef,O3748,P41,2,227.6
71c2823d-8888-43ee-ac7d-4f686ce9d4a3,O3749,P29,3,495.24
2dc32951-26a5-43d2-b048-37b5beece086,O3750,P12,1,196.5
ca3f8b5f-817f-4fe6-9747-14ba02b07a2b,O3750,P27,1,329.1
3593e460-8baf-44bf-bb94-c12016f7e0df,O3750,P37,2,344.86
24b39233-74e3-4d11-83fa-2b5021f6ca94,O3750,P48,3,51.12
38ffb5b1-fabd-4bb7-a36d-5e209b4e41ac,O3751,P35,2,199.25
d801e8b6-4256-4ef4-9f72-231a6b269af7,O3751,P34,3,23.19
8c57d8cf-b272-4926-8037-2222e99bd557,O3751,P43,1,451.76
9b0103c7-1631-4e94-86b8-abb39a55782e,O3751,P34,2,23.19
2daafeda-13b7-46cd-916f-1421a605a0bb,O3752,P49,3,16.6
2201402a-6f86-41b5-9ffd-3892874c35ed,O3752,P40,1,61.97
5d273a0f-da99-47b6-9c9d-025ba7da356b,O3753,P47,2,397.61
3d657ce9-e4d3-4dd0-90a5-c417ac1e7aaf,O3753,P41,2,227.6
da466d62-a28a-4333-8d73-7f64b981e692,O3754,P0,1,29.14
e65d8068-0156-425f-b3ac-5626bfdfb8da,O3754,P48,2,51.12
b8292e54-5e20-419c-9f13-192448696342,O3754,P39,3,382.01
febcc0b9-f120-4428-bf85-e54eda661167,O3754,P31,2,92.64
207c8138-af1f-46f5-9eec-025073424f8f,O3755,P43,3,451.76
dbc55c00-954c-4a61-ab52-dbbc6e5520db,O3756,P29,3,495.24
971d3f2f-1df4-41f4-b0ae-b82999261f47,O3756,P34,2,23.19
5cb63657-bfe9-4d10-9386-f72715c99610,O3757,P1,2,386.89
df5a8934-3af0-484d-8dee-105c0e179852,O3758,P34,1,23.19
c9bd50bb-1a64-47e3-86bf-db9896727bb3,O3758,P20,1,322.96
374020c8-2a2c-4a62-89cc-ca637c5b5a49,O3758,P32,1,205.58
94f1a9af-de44-4f36-b6af-3770053bacea,O3758,P30,3,469.52
625a71df-c983-47d1-964e-dfe86b6f612e,O3759,P34,1,23.19
60f9b09e-d017-483c-a579-d1704995aadc,O3759,P27,3,329.1
d41d11b0-2865-4d14-a5b0-60d96c6d9c60,O3759,P28,3,45.74
ad1cd677-7bf4-4cdf-8202-7c6db1c36252,O3760,P38,1,28.25
8a4b27e5-ee34-47cb-a463-d0ddf9884ca4,O3760,P4,2,428.84
f0849d5e-4941-4f57-aaa8-5faaafbe61a3,O3760,P40,3,61.97
95812746-45e5-475f-80c8-f6dd50ec05cd,O3761,P23,1,218.14
3d39c4fe-efcb-46c8-ac8d-f2b66a6f3748,O3761,P3,2,210.16
7dab3242-94db-44c6-8e13-312151f27f9d,O3761,P12,1,196.5
9e19fa0f-75d6-4774-b39f-95e5bd89d454,O3761,P26,2,251.1
fe68eb89-5ad0-4014-a2ad-35e20b4fafd0,O3762,P38,1,28.25
30e30ba9-8d39-4a13-a9e2-d750cc028e48,O3762,P5,2,428.82
f29beb9d-e8cb-4340-ab65-b83af260eef8,O3762,P33,2,410.57
b4a69871-0f28-4921-9bcb-1960931a4bfa,O3762,P15,2,17.14
217d086b-8461-4ab7-bd9a-038392419d1f,O3763,P40,1,61.97
aaf366fc-e39c-4da4-bb2a-61a7da563dc0,O3764,P6,2,288.13
3ba2ded2-1131-47af-82de-0e5ba05dd97d,O3764,P40,3,61.97
74522c1c-ddde-4366-b191-91505b2f04b0,O3764,P34,2,23.19
b5ff1189-bf99-4e2a-b339-8708b8f5aa8a,O3765,P33,2,410.57
c4424cde-37ca-44a2-b615-975df632a832,O3766,P35,1,199.25
c8991c1a-2d52-41b5-8939-bb349ca1c0b0,O3766,P37,1,344.86
99c5ae7c-b16b-413f-a42a-393e1cb8c0f5,O3767,P17,2,165.71
b31f3f85-6e2b-422b-a0c3-edcc9c70f688,O3767,P10,1,192.31
0738e134-7fd6-411c-8e5d-7b2e80862be4,O3768,P35,2,199.25
690df71d-6778-4e58-aa9c-59dfa94412a7,O3769,P48,2,51.12
078b566c-c025-415f-8c56-c83e60b89f27,O3769,P34,1,23.19
a57df2d5-6853-4e63-8a3b-da25a2c0081a,O3770,P45,2,488.83
223200c8-80b7-441f-877d-4c9b55648e90,O3770,P10,1,192.31
3378f555-b04a-434d-b7e8-7f0372ed0a91,O3770,P40,2,61.97
4a98a3ef-3a75-4586-a9ca-95b60d23ca9a,O3771,P1,3,386.89
a36c90e0-bc1b-4041-a715-8af6a680bd7d,O3771,P12,3,196.5
4d8124fd-1d5b-4702-8147-522facb1343d,O3771,P23,3,218.14
c6b703b0-3a26-433d-80b3-1c0184805d6d,O3771,P4,3,428.84
5c292c56-f127-4cfa-a9e0-e51893349892,O3772,P39,3,382.01
4a41f662-d1cf-41ee-aac0-be277a92a03f,O3772,P22,2,315.67
840a405a-31f6-426d-8f2c-8d018064d3f3,O3773,P1,1,386.89
6eabebf8-db67-4771-90ca-6e6e62aeda7c,O3773,P6,2,288.13
35abfd1b-b5e3-4f3a-b53c-339defb77f16,O3773,P33,3,410.57
baf8a0d6-51cc-4b6c-9c1d-ea3bca9069cd,O3773,P17,3,165.71
8c2f61ff-1db3-4806-bcb4-bcb029e1889e,O3774,P35,2,199.25
d90fe5e5-e9ff-4be8-93e2-f32546905f0c,O3774,P42,3,364.27
160414e7-5eaf-4c60-9e42-bbe7cedddb9c,O3774,P11,2,422.06
db0d181f-112b-4b9e-b60f-2df637a06567,O3775,P2,3,153.08
8530d751-eca8-45f2-ad49-7adb5e13416b,O3776,P39,2,382.01
d6b42755-c35f-4acb-82dc-21d58c8170f1,O3776,P7,3,40.44
6bed0942-7b62-4694-a7c4-86b452c65304,O3776,P34,1,23.19
030ac0dc-aa95-4fcb-8230-1a9f7fde81be,O3776,P23,1,218.14
139b180d-6144-460d-afbd-203cf2cabf02,O3777,P33,1,410.57
69caed23-2cac-40ad-bb5a-ec2d44d5634f,O3778,P13,3,195.01
14411648-9995-459b-a8c3-445decaf830d,O3779,P25,3,204.24
05ca2d49-044f-4350-93d8-4e4aa64097d9,O3779,P12,3,196.5
572fa963-7cdb-4b1f-9fdf-b2c7ed4cc171,O3780,P26,1,251.1
8eabaf82-6bfe-4143-a1d3-3101fdb7b652,O3780,P44,3,165.78
a2e7da57-80da-45db-a275-784c15e3e248,O3780,P28,2,45.74
75185fdc-41bd-4857-8d95-57b209f05e67,O3780,P14,1,30.25
449fe547-885f-414d-bacd-cf7008592296,O3781,P45,1,488.83
f8654555-855d-48f9-b482-21179ee51f70,O3782,P21,1,243.54
365f1271-9b83-4ebd-a92b-91eef486be61,O3782,P44,3,165.78
c9d9d32a-6365-47b6-8802-5a0f0580ef6d,O3782,P23,3,218.14
03849f92-de21-4e1b-979a-61056a62abb2,O3783,P6,3,288.13
076a01a4-f4d5-462a-b8a9-fb14d42f6235,O3783,P24,1,327.27
2cc13310-1368-4806-9219-e96387a6944b,O3783,P35,1,199.25
6d706bf6-b960-4e47-8904-04f45a8b3362,O3783,P39,3,382.01
e502b950-4f53-49fb-b033-bf967f078c4a,O3784,P26,1,251.1
47ae43d4-27b0-498f-a5dd-87bcad682ab4,O3784,P23,2,218.14
b73d4023-5e30-4a4f-8e58-f692be1c5c9e,O3784,P48,3,51.12
55271c8d-7a57-4dc2-a53d-d4c436e9482c,O3785,P41,1,227.6
27508cc8-a766-4201-a8ab-49f3c58376c4,O3786,P2,2,153.08
24fbfbb3-a64c-42b0-9deb-70f8c19c7042,O3786,P9,2,114.1
870ccf49-cd2c-448c-b5ad-07e8d9fc8cfe,O3786,P36,3,229.21
75a91b2e-07b1-4e12-a627-6ddb3519b224,O3787,P4,1,428.84
37ea5691-1719-4999-90e5-cf81b6ac55e1,O3788,P1,1,386.89
d8eb718b-8963-4e76-8992-5923f5c301a0,O3788,P3,2,210.16
f3d8ed4a-5dbb-4e67-8025-99dc15d2f317,O3789,P42,1,364.27
e936f218-78fd-428f-9238-c4f5fa380921,O3789,P49,3,16.6
b8753743-e09e-4202-ab63-9ad78722fcc1,O3790,P1,1,386.89
69360f3c-4b8f-4512-ae39-0033a2ac93fb,O3790,P28,2,45.74
3281e630-29d3-4596-a2b2-6f158f1a655e,O3790,P17,3,165.71
09342907-4e9d-4e94-8076-cc4e81814734,O3791,P44,2,165.78
b34884d9-abc4-45c6-8a29-49b6b89818be,O3792,P48,3,51.12
a3abdc5b-9219-45a1-91a4-a81a53592f84,O3792,P35,1,199.25
ae5a0275-3ed4-4604-8fa6-749db1e92df5,O3793,P39,1,382.01
3c5ae668-874c-4e6a-a0dc-c236ee61a3c1,O3793,P0,2,29.14
22ca1950-dee9-4913-b02f-499add5ed60b,O3794,P37,3,344.86
07f8c89f-10b7-485c-b5a2-d3dfb90b19ea,O3795,P46,3,297.7
eeede240-5844-49ba-af64-d4b435a1be51,O3795,P14,1,30.25
0793b82f-3900-4964-b132-c7d2865c9a99,O3796,P34,2,23.19
3db01cbb-a63b-4eab-a476-a49b5d3f9c83,O3796,P31,2,92.64
53480586-2a57-4cd2-b0b8-5ecb630c9fb4,O3797,P25,1,204.24
94487dfd-221c-4fde-b142-75e8d67d63fe,O3798,P44,1,165.78
9ea2253e-eec9-404a-824b-6004fe324b4c,O3799,P21,1,243.54
8c2f0766-868c-4668-8b63-c5f8ca770da9,O3799,P41,2,227.6
a78316b0-ac1b-43d2-8dbe-030003c0444e,O3800,P26,2,251.1
e9ee9392-d8ab-4c11-9f86-405b1ec474c7,O3800,P46,2,297.7
a2a61063-f69b-4939-8fa0-2e63c5651385,O3800,P25,3,204.24
f9bb4d88-00c4-41b8-b6b7-d06e51356a27,O3800,P27,2,329.1
1961e342-477f-4cc5-8fea-f23a9a66a8d9,O3801,P19,1,318.26
e218882a-c793-463a-9c4b-508ac02b1867,O3801,P36,1,229.21
6b1b2ba7-2fc0-4432-a474-cf54afdda7a4,O3801,P45,3,488.83
045da4bb-22de-423e-9e69-96c2838f8fe0,O3802,P43,2,451.76
385fd337-3bb0-44b6-a258-73225e9f994e,O3802,P49,1,16.6
18820bb1-4aac-4ffb-8a7a-078e06daddf3,O3802,P28,1,45.74
9f67dd1e-0543-4844-add9-cbfaba57f336,O3803,P49,1,16.6
d7bd763e-bacc-4841-b6f3-f081f50e19e4,O3803,P32,2,205.58
7209ac6f-f97a-42af-abf5-cb8dc0d14d6a,O3803,P5,1,428.82
2f233476-8eff-46a4-9263-6de8860a9196,O3803,P47,2,397.61
ecf95630-1da5-419e-b5dc-2fcfe30cbfd8,O3804,P37,2,344.86
dffe6e1a-e33e-4c4e-8ec7-ca29c822c7d3,O3805,P42,2,364.27
5f992eb0-c4c6-4501-8ef5-5e355de68202,O3805,P1,1,386.89
c96a050f-c11a-45fd-8d35-03fd65132f98,O3805,P36,1,229.21
5a80f870-1470-4c6e-b6f6-84bc5e239e13,O3805,P44,3,165.78
96fc18bd-99f9-481b-bf25-00de6361278c,O3806,P9,3,114.1
e7dc6bb6-72b6-4386-8543-3a92f4f6889a,O3807,P34,1,23.19
707d57aa-3b25-4f92-8dac-7aafaffbecd9,O3807,P8,3,13.01
d0f4e361-9249-4c00-9140-a52f9a7ad926,O3808,P37,1,344.86
d962a125-fc93-4964-9af5-87da8d22748c,O3808,P33,2,410.57
8e502e99-000c-4ecd-9be5-4429c23ab79a,O3808,P1,1,386.89
9a54c232-5eb2-4252-88ac-2c820301c3ce,O3809,P1,3,386.89
3fddf79d-c7ae-45d1-8989-de255cec5127,O3810,P29,2,495.24
be29d82f-5c6a-45f9-8241-f3437e65542f,O3811,P35,3,199.25
d1b587c7-8527-421d-8d48-cccd00d9b7a3,O3812,P18,3,164.27
22177183-b8e6-43d6-8734-9a02a7ce6a3f,O3813,P0,2,29.14
c3beb933-e8bb-4687-8da6-f191ce8e7a94,O3813,P22,3,315.67
0bdffb44-8fb9-460f-8471-8add76322862,O3813,P47,3,397.61
8a9d971f-0e6a-40cc-a6aa-d3a0e4e273d1,O3813,P30,3,469.52
2ab3296f-1545-4cde-ac37-2c5496d2d204,O3814,P40,1,61.97
94099320-959f-4e08-85f7-de0cc31265d3,O3814,P34,1,23.19
b6861b07-383b-4026-9a96-93a0a877aad2,O3814,P10,3,192.31
1707f7b8-a8de-4b75-a0d7-40b56f900681,O3814,P37,3,344.86
edd14475-5654-4be6-9e49-8b3a32fd251a,O3815,P10,1,192.31
3c5a9b35-2914-4690-b21a-ef1909df6081,O3815,P2,3,153.08
c5ec33e5-b5f3-4e06-bd17-475aa5435ed0,O3816,P1,1,386.89
5618471c-700c-4c0d-a2aa-1b72b624e195,O3816,P14,2,30.25
d9060fa1-7eb7-4234-b68e-49ce3f42ec18,O3816,P23,3,218.14
f575f674-af64-4182-ad89-42aa83f48caf,O3817,P45,2,488.83
97fa5d19-7b9a-4de3-b34c-69b4b5ef6036,O3817,P16,1,150.17
e6274f44-387b-4f1b-a086-099a1b7c1717,O3818,P30,1,469.52
fe82a5f7-c8ec-4451-852f-e2555ee49829,O3818,P21,2,243.54
b03517c9-a728-4c0d-9621-4264f7fb3714,O3818,P7,1,40.44
d5ad8963-2714-46b1-80d5-4b492fb7a1a2,O3818,P10,1,192.31
d477d063-e604-4bf2-969a-0a1ffcc30355,O3819,P37,2,344.86
60e3a00f-d492-4090-9344-fdc337d8f0fe,O3819,P40,3,61.97
c8641c8a-de22-4c19-873c-d2ec2d2f1398,O3819,P44,1,165.78
4cb9401b-6205-4492-83f0-a4aae1150e44,O3819,P43,1,451.76
4e5a3637-6e65-4977-b047-4ff5ce51140e,O3820,P33,3,410.57
2fc26474-4529-4121-8a8b-3829f4c29eba,O3820,P31,1,92.64
b3f43642-4511-4c04-8521-281be771e714,O3821,P14,3,30.25
1e1b64dd-e11c-4593-adc4-41f02c456259,O3821,P10,1,192.31
07a18971-d2fd-48c8-8772-e14738e26e64,O3821,P11,1,422.06
c70bcafa-1a57-40fd-92db-2f7be138d5dc,O3821,P26,1,251.1
4b7e747b-3d52-43c9-a8e6-b64fa4310c37,O3822,P27,1,329.1
14663611-2c39-4ff9-ac37-5667fd35f7ec,O3823,P27,2,329.1
6b0b471c-eb53-4b8a-b717-363de991aff4,O3824,P12,1,196.5
57c3eaf2-060d-45ba-8096-b44b9852070f,O3824,P48,2,51.12
14d336b5-c7be-43cf-8085-07cb989b21b6,O3824,P43,3,451.76
468f5e1a-a225-4b61-8e89-c1f35a52ac39,O3825,P27,1,329.1
9fc4ac4d-ed65-4f58-a0ab-c43b62373d61,O3825,P10,3,192.31
8a90419c-fbae-4ad2-8235-008bfe9fb184,O3826,P45,2,488.83
a5645b6b-2de1-4972-a6a7-963fc70aa801,O3826,P34,1,23.19
b734d4c0-cb40-4fc6-9766-78153cfc05cc,O3826,P35,1,199.25
b602b1b1-ac4d-47b9-a13a-f456d7594549,O3826,P20,2,322.96
0701c4af-54a9-4df1-9436-53f68ab9b95e,O3827,P38,2,28.25
72dd5985-e7aa-4ec7-87db-e337ffc1f17e,O3828,P14,2,30.25
17619db3-916b-408c-988e-7ac93b1250bf,O3828,P8,3,13.01
00caf01b-3336-4ef5-87e7-e9801d6f6ed1,O3828,P15,1,17.14
60d14de0-8a18-401d-8410-553d454f2593,O3829,P16,1,150.17
e0176a73-b43a-4492-ac4a-9df93179f20a,O3829,P23,1,218.14
6cfe8012-daca-4aa3-aec3-b32c68b5bdb8,O3830,P6,3,288.13
397b142e-e0ca-4724-8442-4f4c59400dbf,O3830,P13,1,195.01
c8986806-dd23-4ba5-93ff-3328ddcf02b1,O3830,P34,2,23.19
b75977cd-4d59-40b0-9d56-b2199e55ac2a,O3830,P28,1,45.74
41eb32c2-0817-4379-b248-5328565ef21e,O3831,P21,2,243.54
5deef0db-974f-4633-9e53-e8e542b642f5,O3831,P36,3,229.21
e4a9e0f6-b166-4c99-af47-c3577c953326,O3831,P41,1,227.6
eeb78fa7-becb-4da7-82f0-b9ed806b82d0,O3832,P9,1,114.1
25ae0058-5588-4726-a7ed-b569ed9d064c,O3833,P30,1,469.52
a3d9a84e-6ef5-434f-8f69-0409362c832c,O3833,P0,1,29.14
19f3487a-b6fb-4e1b-888e-23cc97d8cf73,O3833,P11,1,422.06
4cf1dbe0-5650-45b3-86e6-4d8f88d03e05,O3834,P21,1,243.54
5a78d7c2-f9f9-4e16-8ac2-492db1be768b,O3834,P9,1,114.1
c9198e22-f0b1-43f9-9e74-803fcf2bc5b7,O3835,P30,3,469.52
48cadd57-562e-4f3d-853d-8732d3fc1ee9,O3835,P48,2,51.12
c2a2781b-f3d0-473b-b199-ca12b767235c,O3835,P28,1,45.74
39d6d866-b60c-4bca-8818-07f0e85212c7,O3835,P46,2,297.7
c2c7bdbd-1368-4e79-b046-3d1f26c96cc2,O3836,P7,3,40.44
b8b858a5-6de4-44ad-b00d-2945c53eaa64,O3836,P37,3,344.86
fa99b798-db86-4c74-b3ba-a4fe7028f0b2,O3836,P24,1,327.27
b50855a4-63b7-4240-81ab-ecdc6cfba157,O3837,P18,1,164.27
7ec1b843-d4b5-4eb4-9c77-6fbdb1d5c33c,O3837,P26,1,251.1
205a651a-609c-475a-9773-114bb76809b2,O3837,P37,1,344.86
f38691c6-e86a-4d03-925a-d3c8113cdae0,O3837,P17,3,165.71
09653bbf-02e4-4f3c-a311-a997534d32fe,O3838,P28,2,45.74
e0539761-f253-48da-aaa1-1979d5b64824,O3838,P37,3,344.86
83a6fa8d-96c9-424e-8add-9f5a2866004b,O3838,P38,2,28.25
2d5af94f-bbd4-4b96-a7e2-c8942489bceb,O3839,P14,3,30.25
4addb7ac-0318-4231-adbc-44d47c76647f,O3839,P39,2,382.01
e8500fed-2474-400f-8299-e79020269092,O3839,P6,1,288.13
9eec3a7d-b234-48c0-963e-ef903cd3963f,O3839,P3,2,210.16
0bdfa893-dc5a-4d4f-b580-ca3e57418cf1,O3840,P27,3,329.1
8b69e973-2d46-4ec5-ac50-c3e93837c8e3,O3840,P43,1,451.76
2818964f-0740-42d0-9e2d-cb968149297c,O3841,P6,1,288.13
ec0832a5-211f-4d33-9b67-31110701a98f,O3841,P26,1,251.1
b880dd30-ffb2-45e7-a012-1b58a4c53273,O3842,P48,2,51.12
f2ec2507-da4c-4fd0-a6bc-c6c1fe062ab2,O3842,P8,3,13.01
fac15e36-0c5a-4fa5-9121-addfdd2ac53f,O3842,P34,2,23.19
1eb55012-ce1a-43fa-8acd-eff2c107a3e5,O3842,P25,2,204.24
98e57693-61af-4cc7-93b0-2365b78fcb39,O3843,P4,1,428.84
e6195878-bb7b-4e2e-9a8f-e06ac632e62b,O3843,P3,1,210.16
3543f211-2d0e-4316-98fe-ef5ff1de55ae,O3844,P26,3,251.1
a27bd601-eeb1-4685-b628-3a2ba38e527a,O3844,P35,2,199.25
d2878371-92bc-4b29-956a-943603291b0f,O3845,P18,3,164.27
960a130b-6124-49f8-8fca-c9b67624670b,O3845,P23,1,218.14
f5dc093b-99a6-4576-b54f-aea59517cccf,O3845,P23,3,218.14
e07ce07a-5087-4ca7-ba23-bbe743ad6828,O3845,P7,2,40.44
354c51cc-b1d6-4faa-8bf8-adf932ff197e,O3846,P0,2,29.14
e636d561-8ad0-43ff-8528-de00ad9a8e41,O3847,P28,2,45.74
d7c5a276-d1db-458d-b8e2-06281c47d5c2,O3848,P2,3,153.08
efdb97af-f960-4679-8761-1b55bbb2880f,O3848,P26,3,251.1
f68a7a29-6cd1-4e8e-8354-7dc163995807,O3848,P44,2,165.78
c0d71739-82f8-4184-ac6f-b5a810819ee5,O3849,P9,3,114.1
46faf0b1-1aec-4f46-ba5c-77f901228b07,O3849,P19,3,318.26
ae5ed81c-fe7f-4040-87cb-c0a2126d1229,O3850,P20,1,322.96
0b8ee32c-32f1-4c8a-94fe-93cf894b2d27,O3850,P43,2,451.76
27e57277-be0d-4f32-a2b8-e5973ba345af,O3850,P16,1,150.17
79bc5880-d98d-4001-9339-40c79cd664e8,O3851,P30,1,469.52
9ebe4015-35bf-40da-a32d-2dfe9061228c,O3852,P39,1,382.01
eec649e2-b84d-4611-bab4-d83fd738b4b0,O3852,P23,3,218.14
979ebd4f-3cf9-4519-90b2-fc2538bddff6,O3852,P35,3,199.25
48bf0386-a1b5-4004-8855-a4fe01421389,O3852,P27,3,329.1
bee051ac-1107-463f-8318-27e2f2d9a724,O3853,P43,2,451.76
3550a15a-8e9d-4b11-af81-bc316da0525a,O3853,P20,2,322.96
e47ad8d4-0fc2-4ed5-9a27-f8ce22b87038,O3854,P26,1,251.1
4e924f06-c036-4a8f-83cb-dd0e5e498ed7,O3854,P30,2,469.52
e10d346c-7197-4d95-bd41-d59a1d8c472c,O3854,P23,2,218.14
f137ca79-86bc-4fc5-b3cb-150e30c49a7e,O3855,P46,3,297.7
6f548818-31b8-453e-9942-7965a17a41bf,O3855,P13,2,195.01
ca29d0b9-c339-478a-aa33-26fec66e10ff,O3856,P46,3,297.7
c26d37a8-fbde-4ea2-91e5-eb346e3aea96,O3856,P12,2,196.5
47e2ef9a-3410-4b5e-a0be-c1054fee2d8f,O3856,P37,3,344.86
35f80330-bd37-478f-82be-bc74a63a2172,O3857,P42,1,364.27
edb23e89-6d97-44cf-aad9-c6878d81b944,O3857,P14,2,30.25
fb73b9f0-4cef-4e0a-8a38-5f381640ff21,O3858,P41,1,227.6
65244117-772c-422c-8975-6f1bce5b369f,O3858,P5,2,428.82
4c9f427c-1c24-421c-82ad-85a5ddc5556b,O3859,P12,3,196.5
d1e34841-583e-460a-a765-a19753cee877,O3859,P20,1,322.96
f44ec652-ae9e-49e3-8520-e074a2e7ed8c,O3859,P23,1,218.14
4e801f95-0761-4d56-8171-3b9446b3a0f0,O3860,P40,1,61.97
c7c81800-cf9f-40ff-9764-c9e565c4a8f6,O3860,P3,3,210.16
4716ddfe-01b5-476a-835e-06387180798d,O3861,P11,3,422.06
88e98c06-7526-4e88-88c0-1fa377198403,O3862,P17,3,165.71
23d6cfc0-810f-46c2-b649-85e1a5f02fdd,O3862,P11,1,422.06
edef1739-89f9-455d-b931-2ee202f4a2b9,O3862,P36,3,229.21
44a824c7-178e-43bc-9d61-97a23cc95069,O3862,P8,1,13.01
89d49cde-38d2-4fd2-92cf-ce87d51025be,O3863,P33,2,410.57
fc7c117f-3766-45a6-a001-6665e22499f2,O3864,P24,3,327.27
3065c08a-65e8-48c8-849f-367a110782fa,O3864,P19,1,318.26
75109e41-f1f4-4144-866f-38ebbacc63dd,O3864,P34,3,23.19
aef825e0-ed60-40d0-be8f-13429d0b589e,O3864,P34,3,23.19
03ab003b-3160-495c-9811-b2fa128ac22c,O3865,P47,1,397.61
ba39d092-7a6a-4822-b7b8-301c235b6d1d,O3866,P29,3,495.24
508abb5d-d8e9-4eb0-a35f-73ac4aedac24,O3867,P27,1,329.1
6e627a38-d3af-4632-b5d1-ef8a1b864fce,O3867,P6,2,288.13
f64af565-469a-411e-9f8d-71249a17c698,O3867,P8,1,13.01
d635d457-4da1-4670-8390-364815c2477c,O3867,P0,1,29.14
ac7d39e1-5005-499d-aa33-212d9848cb56,O3868,P19,2,318.26
44c63eec-e36b-4971-be4f-29dbb1cfac02,O3868,P0,2,29.14
879ef088-883d-4ff8-9dc7-e261457eff77,O3868,P11,1,422.06
5f01ab18-a1b3-41bd-b1e4-18c44aaf498c,O3868,P11,1,422.06
a2034b59-28ec-45d2-b38d-c207980ef46f,O3869,P31,1,92.64
4c89ad74-3fdd-4321-94ff-b7045fb2d9f8,O3869,P10,1,192.31
2058927c-1aac-4529-bc7a-ba18a1f6a86d,O3869,P20,2,322.96
e82a99a7-a240-42f1-990f-9ebcf1fb0a0a,O3870,P48,1,51.12
6cb669f9-af9a-4585-9385-1b4df9f66c5f,O3870,P15,2,17.14
6b464f75-bb21-4795-a7d8-ea3bd701c78d,O3870,P42,3,364.27
d2536967-7347-443d-9e53-4928fcced25d,O3871,P43,1,451.76
807ff119-0787-44f8-bc93-1666e6b704d9,O3871,P3,1,210.16
ac6cf0b2-6ac2-49a0-abee-ef6bb49c999b,O3871,P26,3,251.1
c3ed6f12-13bd-4daa-ab7c-24151e129f84,O3872,P37,3,344.86
793ca704-721e-4ee2-aa1f-76059b035fa5,O3872,P5,2,428.82
d76043ab-32bf-4d79-973d-17493fc41ca1,O3873,P40,3,61.97
2d3b5f4b-e428-4111-a572-108ff5806095,O3873,P11,3,422.06
3bb2927a-5c0d-40cd-b04c-67767b294066,O3873,P22,3,315.67
315d89c7-5eda-439d-9083-ede231e74ffd,O3873,P7,1,40.44
a2668eb2-52e3-4171-9065-ce46c8d9122f,O3874,P34,1,23.19
7417d34e-3426-4594-b1d1-633b80ecb13b,O3874,P29,3,495.24
a5d33e1d-2fc2-40d0-a85e-fcce1bfcb309,O3875,P29,1,495.24
45a98398-b235-4048-a11d-5c5affc83cd9,O3875,P19,3,318.26
540adbd3-d3db-4c37-8b27-920bc4c53f2f,O3875,P11,3,422.06
306094b9-f285-45ef-b9a5-12cb6c5165f6,O3875,P21,3,243.54
4a101062-d2a3-4cfa-b874-db5a5c923ce7,O3876,P3,2,210.16
3b2f9a2b-060a-4530-87cc-f4a7e3a71ec7,O3876,P4,2,428.84
00fc113a-6d31-48cb-a35f-0336072c7344,O3876,P49,3,16.6
759dca82-5efe-4e54-8b2c-fa59f1e51f51,O3876,P44,1,165.78
e3aaa14e-7c9f-45ff-8f90-c25c1c598f6b,O3877,P29,3,495.24
9dc6fde2-6c44-40c0-8c3b-88782543e1a2,O3877,P7,3,40.44
f75f4710-1a89-438d-a132-11e581c301e4,O3877,P27,3,329.1
ba5f8a37-05a9-4552-abce-9281afc221fe,O3878,P32,3,205.58
64a6ae78-3cab-4e5d-9dec-92422905c679,O3878,P24,3,327.27
cb5e59d7-1127-40ec-beff-f64fc8599bb8,O3879,P38,1,28.25
d191a133-09ea-4bb7-9c60-aa362877f5b9,O3879,P18,2,164.27
8077eddc-798d-40e1-b977-43bf212755b5,O3880,P17,3,165.71
35cac26a-013e-4ffd-8f45-f668e65dd115,O3880,P13,2,195.01
35835898-ead3-416a-8fbb-c24368ee0b6e,O3880,P9,2,114.1
c0b771cd-8ed6-4fa4-93e8-9b9e03a90e22,O3880,P21,1,243.54
e8524db0-ac81-4797-9411-f0ae5f96421d,O3881,P10,1,192.31
32c2be61-a6ba-4140-aaa1-2bd2ca98f8ef,O3881,P3,3,210.16
27e73601-f4f7-4953-ab28-8205865c6fbf,O3881,P11,3,422.06
3cb7d6a8-6dfa-4086-936e-65e1271f92c8,O3881,P32,2,205.58
8b3c09d9-f685-4a8c-a932-bd091d0cd611,O3882,P38,1,28.25
577e37a4-c0bb-4ac2-a22b-cdc059c3f53d,O3882,P39,1,382.01
0386f58c-938a-4680-86b5-e95b926ae092,O3883,P49,3,16.6
e8328208-861a-4133-b8e3-72fa05fe7f3b,O3884,P11,2,422.06
4171b2e3-a00f-4907-8c4a-88e0e364f5cc,O3884,P10,3,192.31
7dd3a9c0-894c-4cca-aa10-c4a82434a9fe,O3885,P28,2,45.74
4292cf93-0d81-4dee-926f-03dffb03b06a,O3885,P41,1,227.6
e9153748-631a-45d1-a587-976ede9e09f6,O3885,P30,1,469.52
b6af22cc-268e-45e7-9989-23462d0cb1f4,O3886,P27,3,329.1
4ab2480d-12fc-45fe-8054-ad7bc1b854a8,O3887,P37,1,344.86
5958e5b6-8ecf-4943-b55c-78111e3be119,O3887,P14,3,30.25
1a004580-9b17-4f8e-9aea-41e9d820763a,O3887,P7,1,40.44
bb5769f1-19f8-47f0-82ae-00af595a15cf,O3887,P17,3,165.71
ea4c50c8-e430-4418-9075-7c0c49a0eadc,O3888,P29,3,495.24
4a296a28-6b18-41a0-93d9-ec93f73d857b,O3888,P10,3,192.31
8a6c2d8b-7ccd-4fc3-9061-06eef0aec53c,O3889,P13,1,195.01
d7110dc9-9e3a-4a6e-bc01-84dadb521847,O3890,P15,3,17.14
35df4b7c-2bc2-4970-b459-50800100fdc6,O3890,P6,3,288.13
ced65568-6bf4-482f-b700-1165bc626bcc,O3891,P22,3,315.67
c8343955-8b19-45f0-aa3a-d4b2aba719fb,O3891,P6,1,288.13
4fe6f71a-bb55-46a8-9a67-dd088517d70b,O3892,P25,1,204.24
50e40791-f4e5-4603-bab1-20afcc7a1438,O3892,P2,1,153.08
655a026d-d6f5-4a9c-b6f1-d8ab6509172e,O3892,P13,3,195.01
97758373-225a-4d3c-8b9a-4a28d3644de5,O3892,P0,1,29.14
e063f8a6-1687-48fb-8c3c-c3a6e5dc2255,O3893,P45,1,488.83
33fb63ef-2146-457b-aba9-1421d740b977,O3893,P39,2,382.01
89774f4a-850d-4a8d-a2e4-b82fa8d01f65,O3893,P0,2,29.14
f7633dbf-c3a2-4944-af75-acc5ddc92b7e,O3894,P21,3,243.54
c4317c72-4a50-469c-8b7f-24ea595f3780,O3894,P31,2,92.64
6431c1a2-1a6a-4924-91e0-64b81b4e0437,O3895,P17,2,165.71
862062a5-e182-4926-9396-ef0c18b59b72,O3896,P36,3,229.21
03361b25-285a-404f-ab43-40d69c6564e9,O3896,P32,2,205.58
0581b535-f2a6-4d04-9e35-afd588106415,O3897,P21,1,243.54
ade6c4d3-a53b-4c80-9674-0aa3469eadcb,O3897,P4,2,428.84
a1981b70-406f-4b24-bc01-a963e8ba51b6,O3897,P27,1,329.1
879a7d55-9846-4110-baca-5b28660fb645,O3898,P23,2,218.14
9c7a8681-b5b9-49cf-ac28-a70ea921c393,O3898,P23,2,218.14
a9c0b26d-8ad6-4d92-b9c4-4dc1006e767b,O3898,P18,1,164.27
161899fe-1920-4bfd-8d3a-04d0643b172f,O3898,P35,1,199.25
5e7d2bf4-2179-4c84-ab7b-78ee06af95df,O3899,P35,1,199.25
3b183c47-3ff5-414b-b16e-e1320a23f4c1,O3899,P18,1,164.27
bf152d1c-1262-4206-a2b7-dfb8a1415774,O3900,P18,2,164.27
fbaab329-7aa3-4a40-8a1d-822eaf472e96,O3900,P39,3,382.01
be8193f0-80d4-4ceb-adbd-d40521042563,O3901,P1,1,386.89
f9c64d73-9ec4-4e83-a2cd-cd95d2039332,O3901,P39,2,382.01
0900bfe1-e3cd-4679-a415-c3123d36e7f0,O3902,P48,2,51.12
a01c8e17-f5e2-461b-b687-c0f35a51ad82,O3902,P16,2,150.17
dc900597-7ef0-4928-ac19-986970c8acfc,O3902,P16,2,150.17
66d4a1ae-4daf-4858-8afd-87bbac514d74,O3902,P5,2,428.82
8a75173e-fd87-4afa-8887-2b19de74919b,O3903,P43,3,451.76
0eaea1ee-11b6-46fd-be35-d5fafac9a7a5,O3903,P45,3,488.83
c30eaf38-935d-45b8-9528-57bc9f013d13,O3903,P30,3,469.52
b01b0c65-e5be-494c-9705-13495ea0cc8e,O3904,P3,1,210.16
af04f32c-417d-41e4-8021-618127c297f3,O3904,P43,3,451.76
81944c5e-6ad0-48b0-ba43-e06152597668,O3905,P29,3,495.24
ee4ec030-8919-4588-a1d6-786360ff53d4,O3905,P7,1,40.44
f9e2036f-ff23-4ce4-bbe2-646a19ab73e0,O3906,P1,3,386.89
9bebcc5c-c4d6-40ac-a5ef-7882c406f5d4,O3906,P5,3,428.82
271ad00f-353e-4595-b796-e14a61a029dd,O3906,P2,2,153.08
a2b7c2ac-d12b-4a23-840c-a7f9e0ebbcee,O3906,P47,3,397.61
b8579ae8-7c42-497b-9aab-e7196f91d35d,O3907,P8,2,13.01
2a7ca585-45f3-43f8-9097-e0e22c3ddec3,O3908,P46,2,297.7
bfa04f58-300a-4139-83dd-6708c0082524,O3908,P23,1,218.14
b7fe3b4e-3602-4dc1-a5a1-9783161ef8af,O3908,P10,2,192.31
e215c983-db29-448d-908c-18402670b79b,O3908,P36,1,229.21
3c44d3e7-af6b-4398-b7b3-48b1541aac24,O3909,P7,2,40.44
73eff307-9207-4d25-93d0-43e8e5e1ef9c,O3910,P46,1,297.7
b44a5947-3f2d-4be4-8268-f33e01a5beb6,O3911,P12,1,196.5
1518a106-d69c-47e0-ad5e-bba2a8973841,O3911,P29,1,495.24
080dd504-2a37-41e5-8120-6be99f60563d,O3911,P19,3,318.26
532f781c-495a-492a-9fb2-d22ab59e0a0e,O3912,P3,3,210.16
3ae75649-dc27-46a5-a31a-7fb8daa3ec11,O3912,P20,1,322.96
d55fbd8e-becb-4a15-936b-d79b786a6be1,O3913,P26,2,251.1
45f9f1c7-8c3d-4116-9cc5-34027415bc4c,O3913,P35,3,199.25
8a28daf2-0778-4a3c-b19e-7b66d6d0e2a2,O3913,P44,3,165.78
bc3594fa-928b-462b-8874-e15529f36a9d,O3914,P21,3,243.54
a5b2a322-5ec3-4c7c-96d1-b6f65ec7c771,O3914,P30,2,469.52
716b862c-9989-488b-a72b-7d0837e2bcfb,O3914,P3,2,210.16
7b32096b-162f-41a4-a1f4-2a9c337db574,O3915,P26,1,251.1
7be40f6e-a0a7-4377-8008-15b8210103b4,O3915,P23,1,218.14
cbc4ed7d-75de-4d08-9a9b-76cd266f3fe2,O3915,P1,1,386.89
d553c314-d1be-4b06-bb77-3236be41f795,O3915,P9,3,114.1
09df5b96-d4dd-4c3c-87f5-fe2b0e6c21e7,O3916,P7,1,40.44
f5e0bd8f-2a4b-4a6a-9650-fbbb3b5539d0,O3916,P1,3,386.89
15fe1824-b28c-4454-863f-9281c53de9a7,O3916,P29,1,495.24
6c3e1bd1-965b-47b1-b412-14663a394314,O3916,P43,1,451.76
d51f9166-823a-4f91-931e-ccd44ed28a28,O3917,P38,2,28.25
e1116aef-8297-452f-ade3-c6df11906869,O3918,P36,1,229.21
18263100-8b4e-4289-ab63-37d4699e7770,O3918,P16,1,150.17
962b7b22-b10e-47c9-96d8-138a104ec710,O3918,P22,3,315.67
729317f8-bcbc-4c63-9451-4ba09095e438,O3919,P13,2,195.01
adfc0eb2-c78c-4bd1-85c7-b0cddf3612a9,O3919,P30,1,469.52
ddf7517c-1f72-4c7a-976f-1ed1f8139e39,O3919,P40,1,61.97
829adb68-fc68-462c-ab57-c6569385b57b,O3920,P34,3,23.19
470fd3a8-4b97-41a2-b5a2-e8c147d142e9,O3920,P13,1,195.01
1956f997-281d-4b4f-8c5b-932f0fbf5f6f,O3920,P29,1,495.24
b233922e-e810-4cb2-b66d-ae4b18a28be6,O3921,P49,3,16.6
cf0692bc-254b-41cd-b0e6-432f10609378,O3921,P7,1,40.44
4983926c-cf53-4fd7-9f75-9a43f672ff39,O3922,P15,1,17.14
2bb129ea-9f97-4c87-963f-6a363363e0ef,O3923,P29,3,495.24
5d60515e-aff4-441b-a969-e52202592301,O3924,P43,3,451.76
16cf143a-746e-498c-aa74-e2dce11d057b,O3925,P5,3,428.82
0616750e-e73c-4b5e-9336-c6f1011e4c22,O3925,P15,1,17.14
84f5eec4-2a78-4e07-a362-37e206c2ef45,O3925,P4,2,428.84
0473ad92-bcb6-4815-9593-4c65b9a045bf,O3925,P10,3,192.31
6a672b11-a9ef-40cf-a5ba-62d01b8fd89e,O3926,P0,2,29.14
a60b87f9-d70c-4448-b399-bfb60b4d215d,O3926,P41,1,227.6
7530dd10-371a-40c4-ab37-f7017e97bfab,O3926,P31,2,92.64
a4a0bf59-49bc-47eb-95f4-ed9e57d66337,O3927,P4,3,428.84
4afb8cba-f982-46d3-96ed-38b472a8eedd,O3928,P42,3,364.27
e3b6af5c-4bf6-43ab-833b-0860c29eeb8d,O3928,P12,2,196.5
4fe07fb1-b655-408a-a70c-cd4b902d0de5,O3928,P39,3,382.01
def8be4c-3405-425d-8c3c-df0f53fa5431,O3929,P0,2,29.14
ab039101-7c26-40b0-93c9-d2820cd23fcb,O3929,P6,2,288.13
b234d96b-9c5a-498e-8e18-946d72273eb1,O3929,P17,1,165.71
f25dc875-5884-4584-b8ee-230097d60b0d,O3930,P26,2,251.1
ad6854a0-9402-4aad-a077-a9c01dc95ffa,O3930,P20,3,322.96
11f540f0-63eb-43e5-8374-7814a62035e6,O3930,P4,1,428.84
96e763ec-6432-43a3-8b42-8c5caedc293a,O3930,P42,2,364.27
51a21d98-b63c-45a9-9cbf-422de00a5b0b,O3931,P34,3,23.19
e04e9b3b-7a97-4137-ba05-b93155505d69,O3931,P36,2,229.21
8f86b5f4-e61f-4b53-a2ae-8302ceeeca37,O3931,P46,2,297.7
0aaac2bd-ee93-456b-b7fc-5d8256a22fe2,O3932,P14,1,30.25
f9612290-a8be-4999-93f7-56dcbacc48c7,O3932,P9,2,114.1
5ea39c85-956e-449a-9247-607f4013dd68,O3932,P14,3,30.25
6362accf-0fd4-4001-a561-fefd2f057198,O3932,P29,1,495.24
a9e785f1-55e9-4e18-b406-3b52d8cdd353,O3933,P12,3,196.5
71c3603a-3ed3-449a-817f-5301d9ca863e,O3933,P4,3,428.84
83ddd35a-4664-4762-ac65-7278504d0b44,O3934,P0,2,29.14
5d4776da-9951-4546-9003-5689b3d15e0e,O3934,P23,3,218.14
aba049b2-f84b-4863-b8a0-cee413469b83,O3934,P33,2,410.57
a63294a4-01eb-43d7-bf16-1bca085470b2,O3934,P38,2,28.25
b26cdb20-dbd4-4ae7-a588-8fac8a48c2f4,O3935,P23,1,218.14
fd56e703-8acb-4b08-b8a8-90766ef5329a,O3936,P9,3,114.1
06503ab0-b17c-4699-a02f-bc8975370b88,O3936,P23,2,218.14
3cd45679-a636-484b-b440-8d1f09283d03,O3936,P20,1,322.96
475bb7c7-22de-4d30-8439-123e84a89241,O3936,P41,2,227.6
c15b72c4-4a22-40be-a7de-c468c7c872fa,O3937,P39,3,382.01
45830b9b-a9c3-4b09-acc0-97c9653bdf46,O3938,P33,1,410.57
c7300a14-bcb8-4f0d-841c-200fb2f03eda,O3938,P15,1,17.14
ebb1ce33-e437-4b48-a2de-fc7aff808106,O3938,P20,3,322.96
07c951d8-d7b0-4d65-935d-e54c526c4e00,O3938,P27,1,329.1
20866477-b603-44d7-966f-a61405776d4d,O3939,P28,3,45.74
92ba4c24-3e4b-4710-8e80-daa1efba5a20,O3939,P34,2,23.19
12b556ef-35ae-4590-9957-e5c36cea9624,O3939,P39,3,382.01
22a6a3b4-b156-41fd-8d51-6b3cf7a93e3a,O3939,P49,2,16.6
86b2a22a-991e-4d6f-a814-229da9b661e0,O3940,P33,1,410.57
2002fe9a-88b1-4352-82fa-465482025923,O3940,P11,1,422.06
abe88b4f-9555-4638-bb08-eb313f019d44,O3941,P15,2,17.14
d86fda6b-a7a4-4c64-b323-14379c464fce,O3941,P6,2,288.13
5c37f374-4968-4a21-8759-05c6e71b44d3,O3941,P44,1,165.78
344fd226-726b-4348-a6f5-55fb0375c3c6,O3942,P8,2,13.01
a7ccf159-d5de-4867-9bad-41711d84c044,O3942,P4,2,428.84
165cbde3-1141-4293-af96-10a442795f73,O3942,P28,3,45.74
00066ee3-c5dc-46bf-b146-e2304da6ec91,O3943,P32,1,205.58
4691c1ba-8bdc-4a30-b99f-bed1ec8107ea,O3943,P7,3,40.44
4b19b1b7-f8f7-4879-a263-7465f4808532,O3943,P41,1,227.6
d107be30-2003-43fb-933a-275e8b846fbc,O3944,P4,3,428.84
c772539b-d93a-4178-bb43-7bf6ad613ae2,O3944,P26,2,251.1
2bc03286-8733-4d0c-b49c-aaac623ab11a,O3944,P30,3,469.52
bef608d3-9797-43ca-97fe-98e4bc0ecc09,O3944,P27,3,329.1
b0dc1d9f-b407-47d5-a30e-a4f7643ffb51,O3945,P3,1,210.16
e69c3141-78c1-4de3-a764-45aa0f9357b1,O3945,P30,3,469.52
0ec1266c-b79a-445b-815e-fa978ca966bd,O3946,P35,3,199.25
cbf49295-06bc-4f80-9661-22f18bfa24a0,O3946,P37,2,344.86
356809a6-7adc-489f-a7e2-9c9c00b5fff9,O3947,P2,2,153.08
fed2c807-505f-4be3-9cd4-2bb7138db786,O3947,P25,2,204.24
a3b391c7-5aae-409a-b39f-39d42e827467,O3947,P37,2,344.86
f8252f9c-cb4d-4141-93f0-00a461d2fdfe,O3947,P31,2,92.64
6b53d771-9407-4857-8bbd-8b703a97afa4,O3948,P24,1,327.27
309f3754-017d-4f4f-9c56-99d6a991f42f,O3949,P47,1,397.61
31913115-c30c-46ad-a108-baa2e45d1a07,O3949,P7,2,40.44
36024a4b-93ce-4d57-a223-65dd7eb88bf8,O3949,P9,1,114.1
26bc02ab-b14f-406c-a77b-0fb395ab92b5,O3949,P45,1,488.83
d6cbea36-dab4-4147-8155-cea35948b4c0,O3950,P10,3,192.31
307885b0-2364-4a69-8ff3-1748b47f14c4,O3950,P33,3,410.57
3133cb2b-1f1e-41cf-823e-4c9e4b12e64e,O3950,P11,1,422.06
0af6b04e-ac0c-49ff-a993-7cebae071bf0,O3951,P36,3,229.21
100f4fd7-b76a-4fdb-81c8-d83f19b3328e,O3951,P37,1,344.86
fe601cfd-8f49-4912-944e-498974d268ae,O3952,P46,3,297.7
e8f8b8c1-9c95-4632-bca4-a3fbd5f12f49,O3952,P40,1,61.97
8f79376f-5047-49bd-ac1f-1cd36166165b,O3952,P11,3,422.06
e22252ee-3381-4ef5-a431-a69fbd4e953d,O3953,P12,1,196.5
2e17abab-488f-4458-909b-8a92ef0f4f55,O3953,P39,1,382.01
94530231-d513-4778-ac74-b77e3155e951,O3953,P4,3,428.84
d6fcfc2a-318e-4a19-9111-c5a9b0b5752c,O3953,P13,2,195.01
20504abe-93c9-48e6-9d41-b561c4cd9b47,O3954,P16,3,150.17
24c7a997-9381-424e-9a57-e4c1a0d25c7b,O3954,P18,2,164.27
14337715-5a58-419d-8219-fabd67bd1085,O3954,P10,3,192.31
f60e4568-21ca-45d5-9617-17b9d7f5f92c,O3955,P10,1,192.31
34ebbd9c-47d7-45a8-b3ac-68471a4fb677,O3955,P1,2,386.89
c1717a71-3efc-434b-8ae7-b3bf24a6cbe6,O3956,P22,2,315.67
39984b74-a5b3-4066-aaea-796cd7e827be,O3956,P31,3,92.64
f047d049-3913-4452-b3c1-b26d61ff4697,O3956,P44,1,165.78
2fc11ac2-38e6-4bde-8302-8425e6296713,O3957,P42,1,364.27
dade3afc-c778-4899-bc2b-389e617edcf7,O3958,P45,1,488.83
863369f8-4294-427d-85b2-4edded9ec9d2,O3958,P1,2,386.89
3816a7fd-6a17-4b76-b4eb-01b0b4bf8261,O3958,P1,2,386.89
0528e602-7b41-4d92-9ffe-104bc253091b,O3959,P26,1,251.1
c4f03ae2-807f-4328-9f99-b817e354d126,O3959,P21,1,243.54
85710015-bf1e-4b05-995f-16cc8400a65b,O3959,P13,1,195.01
e3eea320-51a0-45f3-bda5-e51e993a0513,O3960,P27,3,329.1
1483274a-bb84-42f4-90fa-69ae167b1a96,O3960,P17,2,165.71
a8ad2df1-b696-4bba-b463-607a41fe45d9,O3961,P40,1,61.97
73cd09bd-7481-463e-9088-ec058e3a03af,O3962,P22,1,315.67
28ca1eef-3d2d-49a6-8f6a-5eba065ae1b0,O3962,P20,2,322.96
8b62132d-e216-41de-9864-eb95725ec493,O3962,P33,2,410.57
e7c10bb1-3ee1-4db5-a4af-7827f737c86f,O3962,P17,1,165.71
2300756d-560d-470e-adcb-5138ebd810bd,O3963,P17,3,165.71
7c38dc1c-47c2-4925-abbb-f6aab285bbbf,O3964,P7,3,40.44
842323c5-8bd8-405f-80b7-dba58929ca33,O3964,P21,1,243.54
372b3e0c-49fb-498d-88b6-b2cbf8e7309a,O3964,P32,1,205.58
591ed97f-3d28-4156-97e4-75a841175473,O3964,P25,2,204.24
05791999-65b0-4387-949f-7aa6b6bf40a7,O3965,P2,2,153.08
5581f3b0-148f-46bf-b572-4e4a5fb5b6a3,O3966,P12,2,196.5
6f738f1d-ca8b-45a5-a10d-20013b86c973,O3966,P25,1,204.24
3c86a284-0ff1-49fd-beda-d88335150ed7,O3966,P32,1,205.58
2672a8d1-d2a6-40ca-b9df-481ad6645b21,O3967,P48,3,51.12
41b9a7e6-99bf-4ed6-8cfc-5bb6480a9d40,O3968,P27,1,329.1
fa7dd082-c258-4a21-93ef-ba019b614857,O3968,P31,2,92.64
b08aeb24-04b2-4df3-b8d0-0a23654aed63,O3969,P28,3,45.74
2e442637-310e-4a99-84cb-b3bc40a205e6,O3970,P37,1,344.86
f88f92a0-818f-4b28-8f64-b023bf883941,O3971,P21,3,243.54
3748e227-267a-4147-af37-92a74de9272a,O3971,P2,1,153.08
e4cc6842-6b17-41ce-923e-1f14d22a91ca,O3971,P35,3,199.25
be5f302b-33d5-426a-8363-1bb7a4c58db0,O3972,P30,2,469.52
3cc1e52e-fcac-446c-9a35-1365363a723b,O3972,P25,2,204.24
170b95a6-8ddd-4d35-b958-15d9b406e5fd,O3972,P37,3,344.86
de15d67e-d2b8-49f3-881f-b233ea153985,O3973,P40,2,61.97
e4297597-f17d-42c1-a17b-79ffdb158ec9,O3973,P32,1,205.58
259ed68c-4d09-4d33-b50e-594438aba6ce,O3973,P44,3,165.78
c09cd19c-c009-4af4-8459-07f839c01c6b,O3973,P37,3,344.86
2e13c74f-d0dd-4c77-8e19-9099c46459c5,O3974,P45,2,488.83
1cfba35a-5069-43c6-a35f-9ca227dc0a4e,O3975,P32,1,205.58
f404f119-4786-4101-8d4d-8f31ccd689c3,O3975,P19,3,318.26
b771ff3a-b607-4e17-b461-227f282f7952,O3975,P9,3,114.1
736d1ee5-d21e-4c6d-a35b-6fe99a5437b3,O3975,P25,3,204.24
cac2e5c5-7a76-420b-85c8-af9124f5035a,O3976,P29,1,495.24
1ff54751-712c-4c4a-b1c4-d8d1ed3d53b9,O3976,P45,3,488.83
c2939046-ae08-4916-a138-4627ffe53bf4,O3976,P39,3,382.01
48273540-e1a9-4760-b139-f6c7776d2b68,O3977,P3,2,210.16
c9dc97f1-0026-478a-86cf-ab5ccb2827d1,O3977,P5,3,428.82
d40e8831-4f5c-455b-9e64-1bace67890ba,O3978,P48,2,51.12
28da2d32-11a0-4757-8afd-c1a73c63223a,O3978,P44,3,165.78
cc7a3b35-b8d3-401f-a46d-ee519365310b,O3978,P25,3,204.24
f705e117-d984-432c-a915-a80bc0e73155,O3978,P49,3,16.6
125dffc1-9f5f-4adb-919d-49667b8f63cc,O3979,P37,1,344.86
ef8dd13b-beab-49e3-96c8-553f53d2d586,O3979,P6,2,288.13
90e94f7a-a20a-41ef-aa21-6766f0926027,O3979,P12,3,196.5
23129ae2-981e-4f72-b2d0-f4a5af93beb3,O3979,P12,2,196.5
255cd98e-35bf-4d8b-81b6-7751a888962b,O3980,P28,3,45.74
91f4d7b2-af37-40d7-8ae8-17f95493459d,O3980,P10,3,192.31
a3111c88-5a15-4d1f-838a-ba37ca01b0fc,O3980,P43,1,451.76
e7802bf5-fb9a-4e25-88ee-d16c3316017f,O3980,P19,3,318.26
689a2d3b-5d76-4fa3-a6f3-1bc782997a2a,O3981,P37,2,344.86
708af493-3cb1-4867-a0d7-a30fafc02a91,O3981,P41,3,227.6
631e994b-108e-4837-9951-8659ad133f09,O3981,P18,3,164.27
013e3c60-1021-488c-b65b-2b96dcd88e84,O3981,P2,2,153.08
40856513-2a1d-4bd9-b932-e2df0a83acc9,O3982,P42,1,364.27
44cef1f7-efe7-422f-811b-1f163385126c,O3982,P41,2,227.6
9e5ad5c9-dcd8-4262-9c79-8e9dcb209b6a,O3982,P9,1,114.1
69850a00-2c46-469b-9476-531006b2b9d4,O3983,P39,2,382.01
81f429fe-fd31-406c-a8eb-8cd27082ece8,O3983,P1,3,386.89
4b3cec8c-2acf-4e68-a0e6-b22aa67c7bf5,O3983,P1,1,386.89
3876b5e4-8532-413c-99b9-eae85a0f033e,O3983,P4,3,428.84
5ea770eb-13d6-475a-9ba5-51b40f716b98,O3984,P28,1,45.74
704c191d-be6f-4b11-af43-b36794dd6ca4,O3985,P24,2,327.27
f47cd752-1d4e-46b3-9332-a86363a6746c,O3985,P4,1,428.84
859966ef-0996-4c93-9679-598a680511ae,O3985,P43,2,451.76
8320d0dc-c58a-46b3-961a-fd4fa8ab780a,O3986,P38,3,28.25
2f7754a6-03b5-4e10-9db4-7b83ced37700,O3986,P18,2,164.27
9bd7b86a-3be7-4ad8-81ec-03752c44d713,O3986,P20,2,322.96
10d9c55a-3736-4f38-8cb6-1ff5292452ec,O3987,P2,2,153.08
7dbca498-dada-4d5c-b86c-511c0a52d185,O3988,P42,2,364.27
7d10148b-2684-4e86-96fb-90034672d4fe,O3988,P23,1,218.14
cb59804e-d4de-4a47-a26d-00f8b57bb7d6,O3988,P39,2,382.01
45212df6-c865-40d9-9dd5-4e8b2166ec32,O3988,P12,3,196.5
d3a6f9cb-086b-4e1f-9ab7-b351889ae6ec,O3989,P31,2,92.64
df6cda0b-016b-4d7e-a83b-4f3a1f30b03c,O3989,P29,3,495.24
2dc455de-f492-4a8a-9a9a-acff8b17206f,O3989,P41,2,227.6
10ae2807-baa2-4d8b-afe2-4ec83cfd0da2,O3990,P9,2,114.1
d704eeb9-8d80-4dda-93d8-ab0768085e42,O3990,P7,1,40.44
b1e9cfa0-7da1-4259-ba53-f53a842bd8c5,O3990,P9,1,114.1
58e0f1e6-42f2-4407-8916-551568c01ebe,O3991,P33,1,410.57
60999edb-d66b-4021-9814-a2b339f7244b,O3991,P28,2,45.74
2a50a9b1-f2d1-4803-8ef3-8ea1c7a628d9,O3992,P31,2,92.64
1b674be7-46ad-481b-87d4-c0134abdf721,O3992,P30,1,469.52
c60a9f63-20b2-441a-96ea-c61470cb9ebb,O3992,P36,2,229.21
73d25c32-1b61-4537-a3b5-909215539c14,O3993,P10,2,192.31
c2eea920-5c47-4271-93c9-19a684fd2547,O3994,P44,1,165.78
6858cf04-22d8-4840-b213-b2f2dc0f9cfe,O3995,P41,3,227.6
b79caa82-017d-41e1-99d3-1abee014cda0,O3995,P36,2,229.21
e03f9de4-4c60-46b6-a80e-77df7079fee1,O3996,P49,3,16.6
01d0e917-c324-473e-bdca-f303af6347e8,O3996,P34,3,23.19
129ba9aa-c872-419d-853b-192451aec8b4,O3996,P9,1,114.1
117666a3-cc53-4a54-9bb7-2374ffca93d6,O3996,P38,3,28.25
c9252d77-721e-43ca-a515-96fabc59c710,O3997,P12,2,196.5
870586d2-7204-4e14-aecc-edf4d85485d8,O3997,P1,1,386.89
8cdb1e3c-b5d7-4e11-ace0-2dd051aeebca,O3998,P35,2,199.25
baf10091-d7b9-4c19-a914-bd41e6062974,O3998,P48,3,51.12
ae121ef7-fad0-4011-a626-7742f9934937,O3998,P19,2,318.26
4b18a265-3696-4540-ad65-ceef06df52c9,O3999,P14,2,30.25
a9e3f60f-ba1a-475a-8616-5c15a2298a88,O3999,P32,2,205.58
e0d4c44c-b10f-4d91-ae5a-9ba523006634,O3999,P2,2,153.08
ad4e56ff-6ae3-48b3-8830-94b34b187472,O4000,P49,3,16.6
a7916779-ba60-4fe0-95e1-bf9335c83c6a,O4001,P16,1,150.17
4f5e2a93-e33a-41dd-8653-dd5597e78ea9,O4002,P21,2,243.54
97efaad9-6143-4f1a-8fd3-a530fe97ef3a,O4003,P15,2,17.14
1306780b-afcf-49a0-b97e-f7cd95cd2234,O4004,P13,1,195.01
724b12d4-fc10-4a72-ac4a-a6603ed3d881,O4004,P10,3,192.31
66a3edc1-a561-44bc-b164-877e8a7063f2,O4005,P8,1,13.01
6671953d-5eaf-4d39-88c3-076db7760734,O4006,P42,2,364.27
53d65356-0dad-436b-abfc-2adfc9591252,O4006,P21,2,243.54
ed1c66a8-c72b-493e-9eee-c7db1ae71635,O4007,P22,3,315.67
c609ae21-e24e-445f-8e41-310f5fbc3fb5,O4008,P7,2,40.44
93720b54-422a-4403-ae06-44bf3f3cd859,O4008,P21,3,243.54
a9c2677d-93eb-4b40-8c5a-955e438de0b7,O4008,P16,3,150.17
e361ca83-e80c-4888-8e7c-8ea11bce3923,O4008,P49,1,16.6
12ab1369-46b8-4c3c-8edd-d65d5f1db67a,O4009,P46,1,297.7
40db81ba-65a9-4707-bedc-6c40e8590cd7,O4009,P6,3,288.13
3e5290c3-0679-42a0-a2c2-4abcd4c644d6,O4010,P10,1,192.31
9f193a39-69ff-4ef8-8edb-6d9b047e1b62,O4010,P45,3,488.83
1ef0f545-258d-4c71-a9f9-de620122ac9d,O4010,P8,3,13.01
6a876461-0d6f-4200-b40b-6b9907c78256,O4010,P25,3,204.24
a66947bc-3d43-4897-8f84-3f487b51511e,O4011,P33,1,410.57
66019445-c7a3-49f3-85d5-f1e1367f3dcd,O4012,P36,1,229.21
3b664aac-3fb1-4e81-bd3a-5b179ef3b0d4,O4013,P11,3,422.06
9d75a4f4-d0a1-49ab-a052-b45e4fb7f33a,O4014,P41,1,227.6
d03ce285-2926-47f3-b834-a2b7cd72dbb8,O4014,P28,3,45.74
2eaaad72-9b1b-4661-98e1-025b8a92a40a,O4015,P35,1,199.25
ffa332a7-ddc5-470d-b947-3387d6166530,O4015,P41,3,227.6
a1a53d6d-3be0-4d29-a63a-43f13dbf2588,O4015,P33,3,410.57
cf6ea681-93b6-494f-93f9-908af7fc27d4,O4016,P4,2,428.84
2a24b9fb-fd09-430c-aef1-904bc2e5d3c0,O4016,P10,3,192.31
18bdef92-b306-4109-8946-4f144aef3768,O4016,P5,2,428.82
c86f45a2-d24d-41b1-bd6a-da576f6db16b,O4017,P43,3,451.76
5c8c123f-286a-4d43-b52a-b2e6de9eef17,O4017,P48,3,51.12
214408a6-eda1-4415-8b85-0b5d16c76322,O4017,P48,2,51.12
02deb3fa-8f59-4154-a6e2-1e014c11eab5,O4017,P20,2,322.96
a7c44bb4-280b-404f-aba5-356ccf812a14,O4018,P34,3,23.19
17a7e31f-a858-471a-bbe6-fe5c5fc9fb1a,O4018,P40,2,61.97
33efddf1-3ff8-4889-8e68-c19c95853061,O4018,P47,2,397.61
991dc82e-2910-40b4-b00a-33bf74677d5c,O4019,P39,3,382.01
14c88ec7-06dd-455a-a48b-570cbfddff72,O4019,P26,1,251.1
24bf6247-ab08-4c26-beee-20c847883391,O4019,P21,2,243.54
4a4bf798-f5b0-4c56-a46f-6de7263325ed,O4019,P1,2,386.89
868dfaf9-924a-4cda-a519-4b487ca9dc61,O4020,P24,2,327.27
697e2291-3074-4010-993e-688a3e1efdbb,O4020,P21,3,243.54
a5bb89ac-1f0c-46af-8bd9-fa04fa437e31,O4020,P23,2,218.14
60d60a40-dba2-412f-afb9-5382b5e18aaa,O4021,P45,1,488.83
75918bef-1ee3-4f8b-9e11-4e090ccaac71,O4021,P45,2,488.83
c090e81a-1eb9-490e-b21a-0f2ddf043428,O4021,P36,3,229.21
bf7294b4-7567-43d4-85ba-f80b2c4fa85b,O4022,P33,3,410.57
579e7b2d-64b8-4eec-a6e1-bacccb0dcef0,O4022,P26,2,251.1
d45ae28e-72a1-481f-8b53-1c29888692bc,O4022,P39,2,382.01
f5edcfaa-ba43-46bc-9825-a1362cbd5b36,O4022,P33,3,410.57
6a04dc75-8951-4c9d-b969-000591c0fab0,O4023,P40,2,61.97
f968a2a0-f02b-4054-a344-ba7986938f94,O4023,P15,3,17.14
7537fc1c-c691-48b2-b773-4e73cc21793f,O4023,P12,3,196.5
921aa76b-bf5e-4184-9f33-8596bff5bc5c,O4023,P22,1,315.67
7e53d5fa-9fe4-45ee-858f-7df79d7de2bf,O4024,P47,1,397.61
8c547f0f-cc19-44cd-a474-f120ac17db0a,O4025,P16,3,150.17
bf23c380-fa1a-40e8-b2ad-f5bed6475df5,O4026,P49,3,16.6
a3be08dc-eaae-4a8f-a553-000168953f62,O4026,P4,2,428.84
6cea9272-90cb-49cf-9444-525d95ec3e1a,O4026,P2,1,153.08
2c691453-5d6e-4e98-9999-4d1f038fe31a,O4027,P5,3,428.82
b4e9e3c5-69fb-441e-8e6b-dab1a19310d2,O4028,P13,2,195.01
062084fa-7750-4497-bc6a-f3c7fc710881,O4028,P8,1,13.01
970b260b-c3df-4283-a4b3-0cf9863528b8,O4028,P28,2,45.74
155494fe-9c01-4d00-97a8-3d16fb9e240e,O4029,P16,2,150.17
5f2ced91-ff4f-401d-9f5e-7ea4b21d45a5,O4029,P20,2,322.96
e855dd83-85a7-41a3-9165-579f6a1249f3,O4030,P30,2,469.52
8b061c80-8925-471a-a657-0d15d9ce4f97,O4030,P46,3,297.7
eabec717-0b42-4e3b-81f7-b87fb63c29b1,O4031,P35,3,199.25
cad6258f-c03a-4cd8-93d2-832ad530b476,O4031,P39,1,382.01
d650550d-5c25-47cd-b2c3-41b9f46bee44,O4031,P11,1,422.06
b1f1f3b5-ea6f-4914-85a8-71e1b4e94906,O4031,P27,2,329.1
4dda0a9a-399c-4b2a-b49d-acbda97ea094,O4032,P29,1,495.24
4f45e465-4703-4ff7-90fa-6ddca73d629f,O4032,P6,2,288.13
c872b31b-f24b-44d1-a42e-f435a91fbf27,O4033,P23,3,218.14
1aa44e2a-71ed-4643-8706-2ddf7c65d5c6,O4033,P40,1,61.97
be4ab813-266e-402a-b3d6-a9bdaa791f09,O4033,P1,2,386.89
c977fc4b-f21e-41cd-9d86-d319e468f633,O4034,P37,1,344.86
9fb506ba-fe42-4ad7-b905-808daff53ba3,O4034,P7,3,40.44
5544f5fa-5623-4a1c-8dda-bd1be9f0632c,O4035,P29,1,495.24
835c4b0b-1c88-47ef-b660-97a44eae82c8,O4035,P25,3,204.24
9faa5a92-ad20-4fec-bca9-acf52130c2a5,O4036,P40,3,61.97
363df34f-f5b9-4c3c-a296-10221c128825,O4037,P35,3,199.25
bca1add6-80e9-46d2-8d84-64905adc1dce,O4038,P30,2,469.52
58ce40f8-ab2d-41ea-94bf-36635fe374f6,O4038,P11,3,422.06
12e339ce-798f-4a54-a5d5-3002163578cb,O4038,P44,1,165.78
ed99058c-1f44-4e9f-b757-791fdaba40d1,O4038,P49,2,16.6
e8288b00-590b-482d-bc88-fef529020912,O4039,P11,3,422.06
e636d6e5-5748-4634-a711-501f588cde3e,O4040,P10,3,192.31
e7fa6309-389f-4786-b480-f7544e6f7877,O4040,P48,3,51.12
07cc5ad7-cbd8-4c03-aacf-b932c87c22d2,O4040,P47,3,397.61
e3966f09-19d0-429c-840a-290349b435a5,O4041,P19,2,318.26
df9a3f74-1c18-42b3-899b-1c6bbd4a0340,O4041,P30,2,469.52
159cbb33-8f99-45bc-825f-c5a68fd22fe1,O4041,P21,1,243.54
9f1b092a-896e-4bf9-a23a-6b6827d7568d,O4041,P25,1,204.24
e7ed1777-58b0-4445-b2f1-e2cd4c5a3354,O4042,P12,1,196.5
643fe239-9372-445f-8b74-3a96840dc6d7,O4042,P47,1,397.61
c32b1af1-611a-4567-9384-7a5d12a38694,O4043,P38,2,28.25
1595f998-7045-4627-b418-2363e7d38fb5,O4043,P41,2,227.6
3be82479-4210-4dea-9bda-bf0d88459ba3,O4043,P13,3,195.01
2d97d2f3-74db-4d67-a98c-b2f543007d33,O4043,P5,3,428.82
a53f2210-92f3-4fac-ba63-456477f71b0f,O4044,P11,3,422.06
b721f21f-75ad-468e-8011-ac7381353ba1,O4045,P43,2,451.76
8032e919-1211-479c-9afd-e1527cc789f9,O4045,P25,2,204.24
8a6252ed-3638-4fe5-9862-4034ae20ee86,O4046,P33,1,410.57
657ed132-76d9-48fb-a17b-d32a2e441d18,O4046,P26,3,251.1
4f322dfa-991e-4c8e-b136-a6d6ccdeacd7,O4047,P2,1,153.08
2c6530c9-8c6c-4545-962c-03e409bc7416,O4047,P17,2,165.71
0568401e-e148-4971-9a7a-4715ca5b4a80,O4047,P5,1,428.82
bc5f3e6f-227e-427c-8140-9921029c25cf,O4047,P11,3,422.06
253fa6bf-00d1-4007-a32a-6dfe00ef6575,O4048,P17,1,165.71
62154810-1eda-48b4-9fa8-7b5a1845084a,O4048,P8,3,13.01
ed415672-bd1e-4010-8a92-23bf0135569f,O4049,P35,2,199.25
b5bea1f7-accc-4328-b12c-e95953911fad,O4049,P16,2,150.17
353fef96-8ad7-411c-8d16-9ecfeab75738,O4050,P0,2,29.14
d7478b92-5c03-468f-a29b-dcbaeec4c527,O4050,P41,1,227.6
3d9f0c97-b669-47f3-8b7e-da7c790c4aa8,O4050,P20,1,322.96
266cd366-9899-4f21-9491-be22e3f7aa1f,O4051,P14,3,30.25
81870ea2-f763-4208-98dc-b8a72bae691e,O4052,P47,3,397.61
44f0b919-e7dc-4f01-b954-b5edfc4968c5,O4053,P9,3,114.1
cc5aa6a5-8aae-4c68-9b9e-5b3b19bb9ad6,O4054,P1,3,386.89
264d0e30-13be-4370-aa53-cfe3f2192b8d,O4054,P22,3,315.67
0424a225-5708-4517-b92c-fbd57976ea60,O4055,P10,2,192.31
fc434b3c-f39f-478e-8399-8c162480788a,O4055,P10,3,192.31
8562ca1e-bf00-44f3-a015-3d6a86b5a627,O4056,P40,1,61.97
b1889555-96ca-4964-8fc6-c8001198deb3,O4057,P14,1,30.25
e230a127-606e-426d-84e3-8656c221f6ee,O4057,P30,3,469.52
01fbe3ee-eabf-49e9-b92f-afef19d14f4b,O4057,P39,1,382.01
2a6572e3-9047-4080-9946-dfd5e6f12380,O4058,P17,2,165.71
0ed9347a-acf5-4570-8682-937f3c1d6907,O4058,P14,1,30.25
c9d3f653-48dc-4314-a41c-c82e99011ece,O4058,P31,3,92.64
d271cc63-f731-4694-a345-4c8a4fd44d1a,O4059,P38,3,28.25
72285173-3087-4057-af5b-2a3329e42ddf,O4059,P21,1,243.54
d571d9b2-d7f2-4710-a7b0-b2858ea3effe,O4060,P15,2,17.14
ebc9b237-9242-4ce9-b804-b89f0299b376,O4061,P22,1,315.67
5232d80d-b0fc-4356-963c-d39c74c5016f,O4061,P22,2,315.67
7f2ec8a6-3a5d-46ee-8589-1424c683f94a,O4062,P14,2,30.25
204ad6b6-af30-4b0f-81e0-786de4cb927d,O4063,P1,2,386.89
ad1938c7-d3ba-43ef-8429-a37c8e1d880f,O4063,P16,2,150.17
3c394f02-933d-4bec-a9ff-2653303bf576,O4063,P2,3,153.08
fcf401c4-be10-4577-a1fd-796ed96f8200,O4063,P36,2,229.21
0b264c1d-7409-4089-aa04-e45b12c6180f,O4064,P9,2,114.1
cf447c58-1e83-456d-956c-8433bb51740f,O4064,P33,3,410.57
b7259483-e94e-4e8c-9205-469826f70e99,O4065,P8,3,13.01
451b77bd-3535-457f-85dc-01233b545033,O4065,P48,3,51.12
28293ef4-3b47-4376-ab6e-c5f4fbd91ed1,O4065,P36,3,229.21
1923e306-bfa4-49e1-ab34-77cccbff0e07,O4065,P14,3,30.25
7900e467-fa8e-42d1-8d5c-eb44b59dd9b0,O4066,P12,2,196.5
4198dead-75ff-4893-a5ef-6199d80d4ce1,O4067,P3,1,210.16
637401f2-a535-4fda-95f5-d53354d3104d,O4067,P41,3,227.6
914d610b-2868-4f51-ad9d-414fb1fcd3cc,O4067,P3,1,210.16
5d771669-9451-48c8-b50d-22f3084c9b19,O4068,P20,1,322.96
1f713189-5821-4815-adcf-b961f70e74e9,O4068,P44,3,165.78
c60cb9c5-01be-4deb-bac8-dfdfe4d95bb5,O4068,P13,1,195.01
f2e541eb-8ef0-4eb2-a0ee-5c3a905d0e72,O4069,P41,1,227.6
533224bb-0606-4fe3-98e4-adcaa34d7029,O4069,P12,3,196.5
7a5df2cc-5480-48e4-9c93-03bf95607916,O4069,P15,3,17.14
cc61d865-fab3-4a98-a0b8-d836b53f6bf9,O4070,P9,2,114.1
b082c5af-5e22-43c6-a12d-e537391bb7d8,O4070,P15,2,17.14
050b1150-7940-4f62-a386-f6ed90ff7548,O4071,P16,2,150.17
7ade77c7-e2d4-4703-9e4c-23b0ff3ee21b,O4071,P14,2,30.25
32551728-920c-43cb-b324-5c194c3cac39,O4071,P27,2,329.1
88e4f992-5144-422c-9b48-1a561a871a3b,O4072,P15,2,17.14
867efea0-2bb6-4a83-9ae0-9471035f7715,O4072,P29,2,495.24
da5c9b65-8b0f-4b6d-aa56-8db16a7c8189,O4072,P2,1,153.08
00d0fe5e-efb9-48f2-ab4b-01de26a021e5,O4073,P24,2,327.27
761c95e3-a7c3-4a05-8edb-735151031267,O4073,P3,1,210.16
4d83a39a-2bc2-478f-8f55-a5f26438ca57,O4073,P25,1,204.24
54bede63-92c9-49ca-b89c-80a081f15fd3,O4074,P0,2,29.14
19025360-18fc-403c-a73c-f4d17fbcac81,O4074,P35,3,199.25
4bbacb01-f04a-494c-8e3b-f5e36fa06788,O4074,P3,1,210.16
4ffb085f-ad76-46a6-9c29-8df58d717399,O4074,P45,3,488.83
108dc6ab-da3b-4ebb-95aa-222fb1e2ab7b,O4075,P42,1,364.27
b942e1e8-5f64-445c-81c3-ec102220da6c,O4076,P33,3,410.57
d0f355e5-9185-41fc-a8da-3f5c8b681e51,O4076,P19,3,318.26
4a2d1cbc-1be0-46a8-b3b4-745770a341e5,O4076,P30,2,469.52
15f5df38-7064-46d7-9aeb-808166bb5f5c,O4077,P33,1,410.57
5217e625-9c6c-4dd2-82f8-5ac20210ae7d,O4078,P37,2,344.86
b6d341b2-b060-4766-be33-d35bc2989374,O4079,P7,2,40.44
c88ffc17-52ed-491b-ae55-311d9a68a1d9,O4079,P32,1,205.58
2e03a910-c015-460c-b8e3-34c2d5b1036d,O4080,P1,2,386.89
e53bba61-d668-49bb-ab48-f99604d61278,O4080,P27,1,329.1
941213fe-c25b-4223-85b1-b55bec1cf009,O4080,P38,2,28.25
9c8fe3e0-c1f4-42b2-857f-dd78efad9ef6,O4080,P35,3,199.25
98f52f61-b78d-4b4a-a8c7-db996f10225b,O4081,P43,1,451.76
3f2a45db-73bb-4843-b276-46e8cff948d1,O4081,P29,2,495.24
b2c85464-a8c5-4f28-8a2c-839e1b96a7fc,O4081,P37,2,344.86
21dc3458-c398-434f-b345-c21e8c12c4fb,O4081,P13,1,195.01
9a6d64ec-f529-4d47-b3e6-a55f3db0bae9,O4082,P27,1,329.1
925c193b-c7f6-44e2-bd53-22e3c311bbf4,O4082,P12,3,196.5
87e08915-c79a-4d6a-8764-8f53fadeae15,O4083,P28,2,45.74
dd07e19f-5f48-44a5-b265-bb66a0f102f9,O4084,P11,2,422.06
fd3976c6-95a2-44a5-997d-c74d07e65a20,O4084,P34,3,23.19
54a3822c-a68a-41bb-bfc3-aef11fb4957c,O4085,P36,3,229.21
d512667c-8529-4754-94c0-b38cbbe10533,O4085,P42,3,364.27
a0b07f24-b043-476c-bca0-5712b1170803,O4085,P38,3,28.25
62cce8c4-0c73-445c-8689-da9c876d8a89,O4085,P23,3,218.14
d1745cfd-fe5b-4d0b-b5af-83bca020e99e,O4086,P23,1,218.14
6e573c17-80f5-4647-879f-3e63bcbf1a9e,O4086,P30,2,469.52
de5b97db-f1d6-4654-a53c-f2349d518b8c,O4086,P46,3,297.7
b45481db-d8db-4b06-a866-fce5ad551933,O4086,P41,3,227.6
2a7b730d-a89b-4758-8f35-5e6f58700687,O4087,P5,3,428.82
d5ef5d6e-6081-4808-b139-3eb9438b96d8,O4087,P35,2,199.25
c87d1411-7638-4d74-80bc-c02192427c63,O4087,P31,1,92.64
84c306dc-9125-498b-863d-c3d534968cc5,O4087,P20,1,322.96
ae1e77fb-5c39-4609-9ce2-cd4f6ee1f164,O4088,P41,3,227.6
d88143ba-f409-4c4c-acb7-08ac470d9a9b,O4088,P24,1,327.27
383c9954-d7dd-4b9c-b0da-0e59dfe10a76,O4088,P42,2,364.27
0459c0e7-1302-4240-9614-febfa4b767c9,O4088,P27,1,329.1
a4bc1f75-68d1-4dc0-a8b9-48717718928a,O4089,P25,3,204.24
67eba96f-7280-4c50-a268-7bbe5cb51bed,O4089,P46,1,297.7
1138503a-033f-412a-8c67-d2dc828ef7e8,O4090,P15,1,17.14
3cd0fe48-944e-4fe9-9142-d1175d6e30bf,O4090,P26,1,251.1
1ebb7732-4be1-4dce-8de1-cd4233ea91ab,O4091,P22,3,315.67
b36835fd-6cf5-49d0-8845-d737d911caff,O4091,P0,1,29.14
b3acd020-385d-433c-b0e8-63cafb816c73,O4091,P30,1,469.52
b400410f-15ba-4fd1-ab0d-87d0154432a1,O4091,P32,3,205.58
e5be8d9e-3efd-4c70-8d83-bbe68904577e,O4092,P9,2,114.1
7982eb20-5929-43ce-ba59-98f65d8e149d,O4092,P29,1,495.24
9bad9154-fcc9-453d-8ba1-65e6ddb4f443,O4092,P22,2,315.67
35b7bf23-1603-4fe3-8813-8a23ab0ba175,O4093,P10,2,192.31
57f3bc83-9823-471e-b1dc-96f7ffa02dfc,O4093,P36,3,229.21
b5d8bbea-4fb7-4bcc-892d-0cfb9c90f44b,O4094,P23,3,218.14
f963e29e-b50d-4a47-aaa2-ca7d7e40e537,O4094,P37,1,344.86
8e0d5031-d552-4772-b899-3decff4c5d75,O4094,P26,1,251.1
90ebfe32-7986-4779-a903-fcd316a0ad40,O4095,P36,3,229.21
845e3720-5389-4087-9348-defae440f783,O4095,P23,1,218.14
120c01e3-ed58-4d1d-9323-4cd8e797df0d,O4095,P32,3,205.58
e0f59bdf-bd3a-4450-af36-a899aaa4d952,O4095,P20,2,322.96
590f5617-8c2a-4758-ba65-34773ca2b955,O4096,P47,3,397.61
2e0dc7a7-ed8a-4599-953c-8f6272bc1e99,O4097,P4,2,428.84
756d4ad4-e74c-49c2-b67d-e11ede01d42c,O4097,P44,2,165.78
4a328ee3-4b1f-4239-bc61-efd0ec68b44d,O4097,P24,3,327.27
b338cad1-f3b9-4420-8626-502be89cf220,O4097,P32,2,205.58
df76eca7-840f-4381-99bc-87c56969ae40,O4098,P42,1,364.27
2c58696d-78b6-4ff7-a0ce-918750f27bd4,O4098,P3,3,210.16
35ac9317-4291-4b37-8fa0-5f6e094a70c4,O4099,P36,2,229.21
696526c4-2bdf-4f92-ae33-039eb1f28aa9,O4100,P12,3,196.5
84fb4685-fa27-42c6-8af0-f2b4d6773e13,O4100,P2,3,153.08
d31ab495-ed88-442e-811f-d1862247e31e,O4101,P39,2,382.01
68c619c4-568f-4f8c-b458-e20985a10de9,O4101,P17,3,165.71
4df6bbe4-e243-42f7-b600-a1bb76ede821,O4102,P8,2,13.01
a1dbdc46-df9c-4a03-8f52-4a5e913decdf,O4102,P24,2,327.27
7173baed-efb4-4b3e-8493-aaca98358233,O4102,P41,3,227.6
55b3b956-1bea-4028-864d-d2497e24ec22,O4103,P10,1,192.31
d591723b-306f-4ed7-a373-5108c00e0cd6,O4103,P14,3,30.25
d4a31327-b3a1-45d6-a915-356059234f36,O4103,P31,1,92.64
e79a01aa-241d-4655-9652-fb6c4af39876,O4103,P0,1,29.14
a907879b-a33c-4ed8-b159-a8bb7a3b2737,O4104,P15,2,17.14
a7c148dd-0f47-453a-9d22-092891f663b7,O4105,P43,1,451.76
f59bc345-4b9d-4b95-a040-b91130a82011,O4106,P21,3,243.54
68836dc5-9348-44e5-82ee-12987e09870f,O4106,P4,3,428.84
4b9975aa-54cf-4769-8da5-a5ddd0dfb5a1,O4106,P17,3,165.71
01712aaa-098f-4bc9-897c-6bcf2a6cfbfb,O4106,P8,3,13.01
6c5c4bb6-2236-465a-903e-c609c0b0a889,O4107,P43,1,451.76
63300b64-bcc1-4d33-a319-7cc2a2bc2716,O4107,P33,2,410.57
5b5a9b49-a857-4313-8b17-bc8cefadb95b,O4108,P43,3,451.76
a1d1cc19-cf1c-4f66-a80c-3ebbd567f612,O4108,P11,2,422.06
77786080-2223-4e79-8ce9-a7bfc24aa6cb,O4108,P33,2,410.57
702b67fe-e259-4149-989d-4b8318c9433a,O4108,P33,2,410.57
9f03786d-0bc1-4184-8ef3-3ffa31832331,O4109,P46,1,297.7
d88b3e47-4140-4f83-8168-7e7ed5376fad,O4109,P42,3,364.27
2948533f-78df-4599-ab93-238ec320467b,O4110,P18,1,164.27
31138841-1412-4c3f-94ed-f7933b67eae6,O4110,P20,3,322.96
81f1242c-6e0e-4833-8911-ec7e5a889981,O4111,P12,1,196.5
2b21b3ea-1c6d-471f-96c7-8e803d1d39cc,O4111,P4,2,428.84
75567731-84b5-4c8f-b0cd-971ea9b13fa9,O4112,P3,2,210.16
b1efb190-17d4-486a-9a17-9174469a68da,O4113,P19,1,318.26
dcb4e52d-88c2-4855-bd4f-9cdd7e655758,O4114,P38,2,28.25
d6918e36-7799-4ed6-abe1-fd865ea8cce4,O4114,P29,3,495.24
8ca35011-c4b8-449e-9a9d-b54cf4b8fd51,O4115,P33,1,410.57
0977627b-f4a6-4ea6-bb1d-cd2d28bd3807,O4115,P18,1,164.27
6d67dd58-e848-4e68-99f4-b36bc98d0102,O4116,P45,1,488.83
3b6e175e-fe29-43bb-be8d-a05ff8b9ca77,O4117,P49,3,16.6
a340004c-0b00-44d9-8675-9cf39f6c195c,O4117,P16,3,150.17
c5ff100d-3e5e-42cc-b9a2-25173b7a5c2b,O4118,P32,2,205.58
09c8b7c9-23db-4c19-83fb-d01903c93412,O4118,P31,2,92.64
49be5725-bd66-434f-ad19-0f2adfdf08ab,O4118,P39,1,382.01
5d2f4138-fbc8-4f1b-a18a-345ebd987fe0,O4119,P39,2,382.01
f7d5b15e-fcff-4ffc-9fc2-d22597f7e135,O4120,P30,1,469.52
c200ff45-9a29-4e6f-93eb-baa7466ecf70,O4120,P21,3,243.54
adc97929-7bb6-4c04-b34f-6057c3ec1a89,O4120,P49,2,16.6
b278fe1b-ab26-419d-8f4e-32706604a06c,O4121,P36,1,229.21
82e8464c-3827-4df6-9b2f-2a8dead98405,O4121,P26,2,251.1
2bba4a15-8060-45c5-9448-30185b9cb67c,O4122,P12,2,196.5
ae51202e-02a8-49ae-9cf4-bf0cdfbac015,O4123,P9,1,114.1
88251688-bf0f-4444-8f24-77ca62dcdfc4,O4123,P35,1,199.25
a58ab09d-5562-48c3-9293-febacad21e74,O4124,P13,2,195.01
4e59ba23-d8d0-4e4e-8577-afbed1e6fc03,O4124,P8,2,13.01
e55b89f0-8c5e-45c6-ad57-cbdde583f45c,O4125,P2,1,153.08
0a4c2d26-cddf-404a-8ca1-a6d3d2eed69f,O4125,P40,1,61.97
7d71ac41-8d62-4b6b-85cc-214c375936fc,O4126,P32,1,205.58
b34b2f6a-97f1-4038-9629-c165ca4b4005,O4126,P7,3,40.44
0de61068-4895-4f42-8941-2962b0c08cb5,O4127,P43,2,451.76
c4434f6b-0fc9-46ef-863d-c263c44afdbb,O4127,P46,1,297.7
5c0c1261-49f6-44c0-8fd3-f0ea61845f7f,O4128,P49,1,16.6
75a2c77f-6a4e-49fc-9151-b7e858ed1332,O4129,P2,1,153.08
b33360fb-23fa-4961-ac5e-72746a1cb675,O4129,P21,2,243.54
4f58c49d-5f6e-48c6-a693-3be514094cc4,O4129,P21,2,243.54
a76b4e5e-a3bc-45b3-9761-52da6ac3133f,O4130,P37,3,344.86
1f914d9c-1402-4c0c-93ef-09f84be77174,O4130,P0,3,29.14
ded87c56-ea4d-441f-a882-43e1488e3ae7,O4131,P16,2,150.17
00b0b6f9-6cf1-4f44-b9a5-57a1e6eb16ae,O4131,P18,1,164.27
609f171c-7140-4e8c-aea7-8d67f34a9e77,O4131,P31,1,92.64
2dc6cc34-b393-4644-bc53-e3b04cd8bc76,O4132,P7,1,40.44
315e7884-1771-4818-b4fb-25a2474d99d0,O4132,P38,1,28.25
41e43047-bdec-4db3-b61b-f10860694e27,O4132,P38,3,28.25
8ac30361-143a-43fe-9735-721840f07ae5,O4132,P11,1,422.06
4254f5cb-f32e-4544-a35f-92ae577a073d,O4133,P8,1,13.01
08ce8a68-d863-41be-bc9b-02be7fe0a8ba,O4133,P3,1,210.16
f6efe0aa-585d-46c8-b094-6a881c8364f0,O4133,P25,2,204.24
e25f0889-3987-4e72-8f70-aff33802d53f,O4134,P44,2,165.78
8848fb30-a1e7-4c75-b9aa-438b98bcfca6,O4135,P32,2,205.58
b33556c9-67d2-49dc-93ab-daf62a7fd0da,O4135,P7,3,40.44
e3f87bdc-6bd4-4ed6-ade4-247f173a6781,O4136,P28,3,45.74
49d94c94-f739-4c19-8268-d73b1a06314b,O4137,P29,1,495.24
816dc858-2bda-49ba-9fcb-d93fa8e3754d,O4137,P48,2,51.12
4d8ae34f-e506-4672-b0df-4ce70adaffd1,O4138,P48,1,51.12
3367b10b-ada3-4618-b1ff-8dd211689875,O4138,P15,1,17.14
3c3ee33b-b50f-4338-a7ed-fbe21b7ca3d8,O4139,P24,1,327.27
09c3a835-84f4-4a08-a646-c5fd8cf81e4d,O4139,P13,2,195.01
6dda5267-45e3-429d-bad7-e18b6e370131,O4139,P17,3,165.71
1e1edae7-e693-48fd-9796-941275c4f2ba,O4140,P23,3,218.14
7a1991ed-3adc-4567-9d14-3cd1ac164afb,O4140,P11,3,422.06
27d24102-5a9c-4aa3-a296-97862e852f9a,O4141,P2,3,153.08
86fd0988-a0ad-48bb-9dc4-c6d5e3316504,O4141,P29,1,495.24
92ae88bf-e308-432e-80e6-116f8dcac333,O4141,P46,3,297.7
00bc1146-88f4-4494-bfe5-e074b051b209,O4141,P24,3,327.27
2a0bbcd8-bda6-4b42-9404-d7d40fc66fb0,O4142,P30,2,469.52
f567d785-ffdf-4763-9264-0d281aa74d8f,O4142,P1,1,386.89
f31928ae-1a34-4eed-92d6-c70a05b701ed,O4143,P13,1,195.01
78540650-0001-4247-a44b-766afec1aa03,O4143,P14,3,30.25
ec509181-fbb1-46b5-a9b0-d6990d23ffea,O4143,P31,1,92.64
f450f268-97d4-4457-a6ef-3870ca98f27f,O4143,P11,3,422.06
8adc4150-5f04-4508-8b01-cee981480adc,O4144,P28,1,45.74
cda899ab-1148-4d72-861b-83f6a10d5472,O4144,P22,1,315.67
3e94a9a8-04df-4d9d-b242-ca5e1dd2ae15,O4144,P26,2,251.1
bc0ef43f-2ff3-4927-9c90-1cd894e1768e,O4144,P24,1,327.27
0370dbb6-0eab-4345-bcb9-3c94af7d6dc9,O4145,P26,3,251.1
5fa1251d-f3e7-4cdd-ab32-cc7639853d58,O4146,P37,3,344.86
acbc8aaa-719d-4b3f-aff9-631559cc92e1,O4146,P38,1,28.25
425206ea-21a1-49db-aa14-0c4e5d63f761,O4146,P18,3,164.27
c108d90e-5acd-41ab-a2d6-8f7de04878a0,O4147,P26,3,251.1
ee030cc2-3d0f-495c-afcb-89e14fd5b151,O4147,P39,1,382.01
ebdfae5c-e7f9-4cfa-9878-578a932416cd,O4148,P48,1,51.12
df3c9a22-16db-4e9c-95ee-8a4e58315bf4,O4149,P14,1,30.25
47b577eb-e4a8-44ba-a110-e9d37f2055cc,O4150,P49,1,16.6
091440c3-5695-41b6-9a06-31c76741e75d,O4150,P38,2,28.25
109d3bb8-25c7-4ea8-b43a-4c9b30996559,O4150,P20,2,322.96
4d5a76f6-7bbb-47d4-822a-bd02577869f1,O4150,P27,3,329.1
1900494a-d4f3-43b1-9b74-fd35803c4d63,O4151,P18,2,164.27
925ce2a0-2303-4d3f-a367-357af8a40811,O4152,P40,2,61.97
5027c102-2807-4a98-85d8-e1220e7fb5d7,O4152,P27,3,329.1
0de77913-f9ad-4d65-bc49-e53aa5dead29,O4153,P21,2,243.54
66286769-2de0-440e-8f73-00b75b2a916b,O4154,P22,2,315.67
53bf489a-b3cc-4ade-9598-0a62456b2266,O4154,P2,2,153.08
982c9c42-0685-448b-bc7f-18db7bdf378b,O4155,P6,3,288.13
aeafccf2-7152-4e25-9c3f-40755e17c4d7,O4155,P0,3,29.14
b43432a0-0237-4f6e-9925-30d18673f4e6,O4155,P0,3,29.14
ac0e641f-8050-410f-aa3e-67438d82132f,O4156,P16,3,150.17
97309fab-c547-449c-9b98-ca5b5fc54c92,O4157,P1,3,386.89
337ac038-ddc1-4642-9179-eaf42f5252c2,O4158,P9,1,114.1
5b756aee-4eed-4c6c-8e3c-ff6c7100cd5c,O4158,P5,3,428.82
dc08c3a9-0d11-495e-a5f7-4109fbafda92,O4159,P10,2,192.31
7842cf1c-486c-4a3b-bfbc-5f16b3d68774,O4159,P20,3,322.96
8d802242-964e-4f60-b763-3aadbed1dc6b,O4159,P48,1,51.12
5fbbba12-0f21-43d0-81a0-66ff1b298689,O4160,P33,3,410.57
b30c9d0e-e266-42b2-a443-707d1da1252e,O4161,P30,3,469.52
80601530-e59d-498e-84c9-5595a5388e02,O4161,P46,2,297.7
763ee01e-b627-4cac-a360-becf51248a35,O4161,P46,1,297.7
ae86e467-2345-42cf-a516-841208679a5f,O4162,P29,1,495.24
b7987dd4-41eb-48b4-a20f-5fbcf421bcbf,O4162,P10,3,192.31
68b3c74f-4b92-4bc1-9b94-22e4bb987b0e,O4162,P45,3,488.83
a0777c4c-e63e-47b4-a272-66bea8d93138,O4162,P46,3,297.7
89c39648-07fb-4b73-8534-a8f5a3447678,O4163,P29,1,495.24
43a1e8bd-c6f4-4a70-bf03-733eaf764077,O4164,P25,2,204.24
f7250cb0-240c-4d90-b5d4-0eff8e1f144d,O4165,P43,3,451.76
2781d662-2852-4c67-a820-8c36402d446e,O4165,P29,2,495.24
57bf8eb7-302b-4b55-b8ba-f19bc6777dfb,O4165,P42,2,364.27
cad14b99-47fb-4634-973c-96148452d5c9,O4165,P10,3,192.31
f7c775be-2ee4-44c2-b00b-fa08c2b73715,O4166,P17,2,165.71
42472ed0-ef15-4e37-a95e-cb961ccb7f98,O4166,P43,2,451.76
8216def9-550f-4baf-b5cf-abd8d2528024,O4167,P39,1,382.01
035fbbf7-f2a0-4a0c-92e4-4cb0a8764e0a,O4167,P4,2,428.84
28bdd559-179e-4dff-8619-6a6929d3c953,O4167,P45,2,488.83
24bc4e92-5f19-44b6-a167-62dbfeda8cdd,O4168,P19,2,318.26
bb2963d5-c8c5-42b6-b153-aa34f7c15017,O4168,P48,1,51.12
0b1d7056-4749-4af4-baa6-6a819bfa3341,O4168,P45,3,488.83
ab0e93a2-51be-4bdd-93d4-96044973b540,O4169,P11,3,422.06
dbd7fde8-9236-4d9e-961e-b039b5dc749a,O4169,P24,2,327.27
610ca870-f41d-4346-a884-8f0bcafee668,O4170,P15,2,17.14
fb4d5e29-dbbc-48f5-b70c-2e2eaf661b63,O4170,P23,1,218.14
3931344e-20c6-4587-abe9-4f9acea8be19,O4171,P4,1,428.84
e0be5a97-4701-4cc3-aea1-44f07e02a48e,O4171,P46,3,297.7
4785e3f0-3f18-4eae-8f2b-26f6644fafa2,O4171,P1,2,386.89
5ce8674a-d896-4cef-aaf3-01bc91aebf71,O4172,P44,2,165.78
58f60ce2-bcf8-4438-957b-99ad01ee29c7,O4172,P24,2,327.27
11f3240d-45c1-40f9-b1c8-b290128f1e95,O4172,P6,1,288.13
a437b620-a49c-4c08-ae6c-65da05c0beb7,O4172,P33,1,410.57
d897a594-4baa-41f7-ae6b-c82bb04c2fac,O4173,P23,3,218.14
9f1bcba1-36a3-453e-a83e-bbf99ea128d6,O4174,P48,2,51.12
b0e845b4-40cd-47be-ab6f-b7b924f95c09,O4174,P4,3,428.84
ac1c41af-c62b-4be9-87cb-1e8eed7f62b8,O4174,P39,2,382.01
d865cd41-0a64-4cf0-a87f-d1efc6287628,O4174,P43,2,451.76
00823a3a-6e49-4b79-a6f9-b62f5f3c06f6,O4175,P22,3,315.67
c17276ae-6c74-4d54-8023-512d43b6ab01,O4175,P3,1,210.16
55a4604a-2c75-496c-80a4-9c63e4329c44,O4175,P11,2,422.06
b11ebf34-8df0-4ec4-8502-72164dd3d94d,O4176,P19,1,318.26
42e65308-0081-44b1-a137-4556863f373f,O4176,P27,3,329.1
ee122f81-2f7f-4366-8922-ae8403d75520,O4177,P25,3,204.24
83c53985-9666-4aaa-9ed6-eb5941af82c0,O4178,P2,2,153.08
5b3e1de2-581f-4c79-add0-1dc3ceee9bd2,O4179,P40,1,61.97
f98c867a-5add-49cd-9f2c-d4e5d3a9d48a,O4179,P20,3,322.96
e08e941d-cfed-42c4-9da6-011ac2dae467,O4179,P44,2,165.78
9398c651-7344-40a7-bee7-1af084dd6806,O4179,P18,3,164.27
f6ddee10-ad86-4436-8364-ee15b940e71a,O4180,P22,2,315.67
bdf4e16e-39ab-42a9-8b22-fa201884fc4e,O4180,P4,1,428.84
04b66fa2-f6e6-4aac-82a1-e64cb637ef22,O4180,P9,1,114.1
205e06d4-774a-418b-bce2-5f147eedc06d,O4181,P37,2,344.86
f791f6cc-39d2-444c-b42a-0a80f8423ba7,O4181,P20,1,322.96
35303d48-fc6b-48d0-b93d-54c46d9665c5,O4181,P30,1,469.52
d0281c77-7e2f-4fdf-bff4-7396befe13d7,O4182,P13,2,195.01
726c282f-b1b0-417c-a44e-45b1a2a94e40,O4182,P32,2,205.58
fea9a9cc-288e-41ea-a5ac-e27c7b27dfe6,O4183,P7,3,40.44
4c885d00-8e66-4b54-8f2b-50dab435c427,O4183,P10,3,192.31
4e82056a-1276-48fc-be7d-4aee6ad32565,O4183,P42,1,364.27
52311dde-357c-405b-9ef8-450a9466123b,O4184,P42,3,364.27
4968a754-1b73-45c0-a5f7-83644c47ca7a,O4184,P44,2,165.78
aa7f6452-8483-4252-8224-5bb38b0fa7be,O4184,P26,2,251.1
6b0c1f4e-d1af-448a-b190-e71999c5a08e,O4184,P35,2,199.25
98d399ee-4177-400b-8605-2dbf1c2bce1f,O4185,P3,2,210.16
e8aaf3f0-e66f-44d3-8d85-56c8313add89,O4185,P17,2,165.71
9677d8f9-1096-4f24-b87f-5b2c92b84caa,O4186,P41,2,227.6
241f81e8-e92a-4916-a458-4e0eaa518228,O4186,P49,1,16.6
150c9b41-aa45-47a3-8c29-1084c6fd51d6,O4186,P12,1,196.5
7cbf9c47-6b17-4f08-a11b-02f1f5512802,O4187,P24,2,327.27
350f0342-fc55-45d3-b363-cb6976e98146,O4187,P12,2,196.5
e05d9042-ee6f-4e39-9987-b02e6b9886e7,O4187,P7,3,40.44
ea705db5-f5fd-4e75-aa9e-0ab6bb8e6a7a,O4187,P46,3,297.7
5df427e7-1107-44c6-b1d1-8ea74c0cd742,O4188,P2,2,153.08
a3d2ccee-1976-41c0-af0a-2f817917c100,O4188,P13,1,195.01
a0d08426-6574-4a3f-9f46-3f02a8caf4cc,O4188,P20,2,322.96
ad85b5af-fb86-435c-8cca-41080f2a96c0,O4189,P22,1,315.67
3af763bf-6bbc-4386-8c92-a1ae30729fba,O4189,P21,2,243.54
759ac4ad-0736-4ac6-ad5f-40ccb6dfb62e,O4190,P36,2,229.21
ab8dde55-977a-4d6c-a48a-c4f1d9ff64ca,O4190,P18,3,164.27
2b100b06-70de-4db0-8c4c-fede030a0341,O4190,P44,1,165.78
aa2173f0-e281-445d-81f5-03ac5e379778,O4191,P13,3,195.01
e45e30ef-8154-4d73-b05d-c1eff541f50a,O4191,P37,1,344.86
0cbdd635-8a5e-455d-aadf-c8721a0f9afa,O4191,P9,3,114.1
62d0c80a-3ece-4bbf-abc8-983fd9212caf,O4192,P49,2,16.6
4bc06b2e-c4c3-4910-b1e1-564753a84890,O4193,P6,3,288.13
22be4bea-33d6-444e-9140-46ed054e8e8d,O4193,P7,2,40.44
b7e0e2ad-54a8-442e-b077-0f5d7d011a8b,O4193,P12,1,196.5
d44a4fd2-1f3f-4cdb-b14e-1a5d9a86e46a,O4193,P2,2,153.08
97990396-8923-4fa7-aef2-d874751b7d4f,O4194,P10,1,192.31
ec551109-f1d6-43b1-9bb7-453fabd9ea4f,O4194,P28,2,45.74
6a0b9d3f-f3c2-482e-a819-399f8d520b4b,O4194,P16,3,150.17
a2ccfc0f-e4b5-4e89-8916-bebdd89767a3,O4194,P23,3,218.14
136e44d9-bb85-4f14-afa6-cde45cd617e7,O4195,P46,1,297.7
507f34ae-232f-4171-8237-4bb49b4ad739,O4195,P40,3,61.97
328f3111-b14e-4da9-b45d-d757e0a4ebbf,O4195,P40,3,61.97
d27cb0fb-c752-4ff0-acaa-ec073de5999b,O4196,P6,1,288.13
d6193b47-c8f6-46ff-9a7b-0edea20b4a62,O4196,P14,1,30.25
3138c496-c8d6-4320-af2b-7e3c1d847802,O4196,P9,1,114.1
51ad511f-61e0-4e6d-9279-9a5c43ccaf24,O4197,P8,2,13.01
2b499826-cd5c-48d3-a19b-9039f559938c,O4198,P49,3,16.6
3d351f69-d2b8-451c-bbc6-80427d8a4910,O4198,P22,3,315.67
b4aac461-3868-4126-a6fa-958fae2096c6,O4199,P29,1,495.24
e011397b-4092-4176-9213-cea350d1d05d,O4200,P10,1,192.31
81b9d773-cbb5-428b-a95f-61b9bb174eb5,O4201,P34,3,23.19
fc21f1f1-9289-44ad-aa85-2bfc1d5cccc7,O4201,P21,1,243.54
809d0872-469e-4388-bf7d-6d67181206ee,O4201,P36,3,229.21
126f74aa-7e07-458d-adde-54ed8ae95e3a,O4201,P5,3,428.82
8c22cf9d-0744-407e-bb2e-062fa2489aa9,O4202,P30,3,469.52
b1ff9ef8-1a61-4608-a633-be28cf30a6ac,O4202,P18,3,164.27
c932ecb2-1c5c-4d14-ab30-c567a0b27090,O4202,P20,1,322.96
3546161c-18c4-43b4-92bc-9e9eaba9f27e,O4202,P33,1,410.57
2ed8f56a-df02-4c44-926d-8d6a8ff24aac,O4203,P22,2,315.67
daa69c12-671a-4207-a86f-8baaf0fb0056,O4203,P1,1,386.89
af8f1c2d-ce30-4958-a744-c853761df9c1,O4204,P5,3,428.82
ae9e5416-eb36-487d-bbbb-ff22d0c066f2,O4204,P36,1,229.21
66e6119c-b5e5-4df0-8dd1-dbe39f54e2c6,O4204,P18,1,164.27
35b9072c-82e8-4c55-8791-7abd7411d936,O4205,P37,3,344.86
ca108ea3-df81-4d43-a3f7-5c7de6e0df8b,O4205,P15,3,17.14
b031dffa-79dc-459d-8344-cfa08d3038ee,O4205,P15,3,17.14
ff90a5a1-1988-41db-a428-60921cb90d05,O4205,P45,1,488.83
3a61098e-807d-47ee-b791-981856b6d22f,O4206,P36,3,229.21
7ee00390-158d-4cb3-9da1-0a4c8ed5d86f,O4206,P0,1,29.14
9a116fb6-8460-46c2-b624-26d9f17f7400,O4206,P33,3,410.57
4a75e0ac-ee97-4e30-84b0-3b5495fa9432,O4206,P16,2,150.17
f69dd148-9e45-49fa-8ffb-d25c6380ce56,O4207,P7,1,40.44
8afc7a18-155b-4131-9a35-48dc69f3422c,O4207,P4,1,428.84
47ecfe38-e028-43dc-94f7-971f211c9708,O4208,P33,2,410.57
33cf68ff-099f-4f07-b8fb-122be238a6d5,O4208,P20,1,322.96
e5b69be5-d785-46f2-a918-f51788548890,O4208,P25,1,204.24
9e022499-b4ab-4c32-8fed-4cd0d45f0371,O4209,P29,1,495.24
ce8ae185-67a1-4e04-add2-70f06e603c7e,O4209,P20,3,322.96
23d165ac-c8f0-4ec1-90b9-bd892eb5209a,O4210,P11,3,422.06
32e9871e-3c44-4afe-8d7b-f5650bdbb505,O4211,P47,1,397.61
72e95ddf-374f-470d-90de-9b951483c260,O4211,P49,3,16.6
49ebb184-5198-4752-b899-28382780ade8,O4211,P1,1,386.89
eab1c729-1506-4374-8e20-41f27457ddcd,O4211,P32,3,205.58
f43c7485-106c-4053-aa57-c892888eadcd,O4212,P21,1,243.54
ea29304e-239f-4ed9-ba41-3888f75d7b8c,O4213,P15,1,17.14
d19d12e1-ba53-4dbc-a0f0-d84ea3dac3ca,O4213,P25,2,204.24
6b7f1724-0af0-45ea-8101-18c50ef809c6,O4213,P39,2,382.01
3aa84cbd-e893-4441-94a2-e61b1299707a,O4213,P0,3,29.14
71d3114c-efa4-4d3b-967c-19b367affbb7,O4214,P48,3,51.12
e01c365c-a59f-4f97-ab49-ca6e615eaffe,O4215,P30,1,469.52
7b29ddd6-3d19-42eb-b13f-8f708c16f930,O4215,P40,1,61.97
bf7b8669-a112-41fe-9cc8-3e706616ac40,O4216,P42,1,364.27
f92e43db-debd-4cbb-be11-c07e377c0cf5,O4217,P27,1,329.1
9b006dab-b131-44f5-9fc3-9d4cc97cb6b0,O4217,P15,3,17.14
6710b4ec-fba5-4a8b-b6a4-530f0e205a14,O4217,P20,1,322.96
65e91990-bfc3-4c8b-89f9-09975da2f476,O4218,P33,1,410.57
293c92af-5985-4290-9728-c2d030e26c62,O4218,P16,3,150.17
2d19f55e-ea96-40ae-8b1c-c22d245648b0,O4218,P32,2,205.58
280987d5-ebe4-40db-a447-22c0878e485b,O4218,P26,2,251.1
d76242b8-3320-4a39-a933-a0ac32c642a6,O4219,P18,1,164.27
8d26254c-371e-4fc9-acda-63e42f991f9a,O4219,P38,1,28.25
7abf84d0-55b0-45a5-9127-3ce5ca0f918f,O4219,P30,1,469.52
3bc02089-08ef-4cb1-a554-0b4c90dcbc7e,O4219,P45,2,488.83
083756d9-42c6-4be3-891a-c15ee1aeb08b,O4220,P6,2,288.13
370237f9-3e9a-485f-a86e-839d3344dcb8,O4220,P31,2,92.64
4e010a4a-dfb4-4167-bc55-44b2cd37d9b7,O4220,P44,2,165.78
714af139-df91-40f8-964f-244e486fc357,O4220,P30,3,469.52
d1277864-0e21-400c-851c-198f140245f8,O4221,P24,3,327.27
fc3df3e2-f192-44ec-80c3-fdedf6c8f3e6,O4222,P17,2,165.71
ce79680a-9922-4075-ba7f-876d4f9e66ce,O4222,P2,2,153.08
748e2704-f3bd-4f8b-ad69-9d50525a73d0,O4223,P25,3,204.24
82588bda-bcdd-4ac8-8515-444c2e40808b,O4223,P37,1,344.86
653a07c9-96ee-4689-9503-835932a9c24b,O4223,P39,1,382.01
824947b5-bdb8-4ed1-8299-bd5c14459c25,O4223,P5,3,428.82
e6d9ea81-8ba8-4542-9b93-804719e16b9a,O4224,P7,2,40.44
9f8b211f-9d24-490a-8137-40ac49bfbeb3,O4224,P8,3,13.01
1c0da2d9-9611-4f91-b781-4815e19a7252,O4225,P9,1,114.1
337d2845-e2a1-454f-b679-3c7a36ec39d0,O4225,P24,2,327.27
04aad3f2-02b5-486b-9c02-8bc69f03c8d0,O4225,P7,2,40.44
02114ce5-5deb-4acf-ba23-291a1d3e06d5,O4226,P34,2,23.19
ae75ecdb-a70f-44f3-b816-2faffc71753b,O4226,P23,3,218.14
41abe4fb-ba73-4c25-9e09-b0999d311344,O4226,P5,1,428.82
ca36aaf0-19ea-46c3-b470-7a3c33d2fdfc,O4227,P28,1,45.74
37358988-352a-4a07-8767-5a732feb6876,O4228,P40,2,61.97
6b0894ae-495c-41b1-8244-2c3929e017f5,O4229,P20,3,322.96
354aefef-4e3b-4a21-b240-f509beecd889,O4229,P33,1,410.57
ccb5b6bc-197c-4efd-ae44-032b4c0e0246,O4229,P4,1,428.84
cd053aa7-e1bf-46a3-a480-ca71091f6889,O4230,P9,3,114.1
428e81bd-5bd0-42d3-9c4e-976a2e80cdfb,O4231,P45,2,488.83
e020a516-ce90-4316-9d81-cd462fec5b4f,O4231,P1,1,386.89
f3967efa-0395-4727-8c94-c84778e74385,O4231,P8,3,13.01
5d831172-a338-4db3-a236-b8085408dc97,O4231,P0,2,29.14
a3404b64-802a-4a2d-b092-f334ee632670,O4232,P26,1,251.1
0fcb2a37-466f-4efa-93c4-4824aec4e622,O4232,P8,1,13.01
2e61b9f9-3d2a-4bbb-a521-a8baca799b33,O4232,P31,1,92.64
165bbd13-f81e-46c7-aa1f-b7fd618fe115,O4233,P5,3,428.82
26b209b7-288f-4e74-beea-c39e3c2e2102,O4233,P48,1,51.12
6bc44bca-6a69-4bf1-8db7-067cd98b37f1,O4233,P16,3,150.17
8db47dad-52cf-4a19-af6f-d51e0bfbe65e,O4234,P4,3,428.84
bd93111f-e7bd-4dc6-bf91-cbec7206124a,O4234,P31,1,92.64
631d7a6a-c62c-44c5-888f-eb97f42d5c84,O4235,P10,1,192.31
b06bc582-927c-41a2-958d-2039b44e0f90,O4235,P23,1,218.14
562803e7-bc98-4eb8-bb55-888555574ecb,O4235,P15,2,17.14
3aa50864-2093-45ef-9a89-8e619d5d6bf9,O4236,P32,3,205.58
e166f0e6-94f0-4ffa-b2ff-14d273f73d83,O4236,P13,2,195.01
d34142ec-fadc-4d84-b39d-d229ca7e49d5,O4236,P40,1,61.97
404c731b-dbf1-491d-a0c5-20d12f3e694c,O4236,P8,2,13.01
9ff27a09-f325-4303-b47e-2d44b92d66a6,O4237,P37,1,344.86
7212b6cf-8883-43db-a12a-22cd8b2f139e,O4237,P11,2,422.06
178b9c9c-bc19-4c40-9506-bb0a4b8907a8,O4237,P5,1,428.82
3af26305-9c91-40d4-90fc-373dd4204d50,O4237,P32,1,205.58
c48b96cb-91b0-4c1e-9581-0b699c82daa9,O4238,P22,3,315.67
ad28a387-47e2-4792-9873-1e8feae24d25,O4239,P13,3,195.01
5ff0197b-5803-4d2e-956b-4761aee6c398,O4239,P32,1,205.58
e5d5ca9f-37d4-444c-a722-44e62a631e2d,O4239,P7,2,40.44
0caf5a6c-5f6c-42d1-b39b-5fd8993da392,O4239,P11,2,422.06
a76c3b93-47f3-4f9e-accd-46a7a448f33e,O4240,P13,2,195.01
64ace49b-6725-46b2-83ac-0fcf4cf58853,O4240,P18,3,164.27
e131fc1b-cabc-4f8a-9cf9-10366975c969,O4241,P7,2,40.44
7a59ff2a-caf5-4e77-9395-628207e523ab,O4241,P30,2,469.52
a7833221-05b6-4f61-9a6e-d0ef7c1b3196,O4241,P3,1,210.16
00536cb6-312c-48de-9784-39219854516b,O4242,P39,2,382.01
39319e3c-76c0-411a-a939-13462d044cbc,O4242,P32,2,205.58
85af0b24-d608-46a7-931a-621d4b951f3d,O4242,P40,1,61.97
08f8c79c-9ba3-4ce3-a68c-6f1e4dcfafef,O4242,P38,2,28.25
3424f9ea-7b9a-418d-82cd-980bac24ce2a,O4243,P30,3,469.52
661e47e2-5c59-42a6-96e3-ab67ceadd48f,O4243,P22,2,315.67
c2905bf4-ac15-414f-b728-f80a4b93567a,O4244,P40,2,61.97
9101c6b6-edd8-4788-9e0c-5fbc3cee9c6b,O4244,P34,1,23.19
b73b3c8e-9461-4361-9fe6-d065f6ac2177,O4244,P0,1,29.14
a59b4ee6-f63a-4061-9af4-f51b6d6383ac,O4244,P37,1,344.86
04438bfb-302e-4688-909a-8828c466f268,O4245,P34,2,23.19
d16c102f-c79e-405a-93c2-e3195e852d91,O4245,P25,1,204.24
eb9f2880-428b-415b-96e6-6dfdc72c6b90,O4245,P35,1,199.25
dcb25f15-294d-451d-94a8-0c81d035f4e8,O4245,P19,2,318.26
9b16b9bd-2624-479c-85e7-303cd631a1aa,O4246,P15,3,17.14
ce4cfe02-629b-4703-8d42-4d22d5e1d542,O4246,P22,1,315.67
7f4c21de-217b-4d91-8852-935c195b3755,O4247,P40,2,61.97
4f3ac295-0832-487a-9eb0-33c2032f5704,O4247,P2,1,153.08
5702ffc0-7b9f-409b-8106-3c0c5d7ec4f3,O4247,P8,1,13.01
ae3d4751-1fb5-4ac4-8b53-30dca03e82a8,O4248,P41,2,227.6
89819453-091c-4eb9-af98-d5904f48e81a,O4248,P41,3,227.6
fe90f3db-622d-4f1e-a902-bfa5097dd460,O4248,P11,3,422.06
7dc18513-9d2c-472f-8e84-a574d50d2518,O4248,P25,3,204.24
ee310fab-ea03-4ed3-9776-54023d3f93ab,O4249,P21,2,243.54
6088096c-f6a4-42ba-a217-c7c7ce27be9b,O4250,P26,1,251.1
f3f286b4-c205-4840-b7e9-5307d1f37b35,O4250,P13,2,195.01
01ef2ec8-5c86-4918-ba56-05470abc845b,O4250,P23,3,218.14
6d8bd4af-0dc2-40c9-b135-b9adc53c589d,O4251,P5,2,428.82
af5f97e1-a908-4e55-8e57-b03027b6e214,O4251,P47,3,397.61
95ebc9da-0ad3-4358-9de8-a5d80f3d88d4,O4251,P21,3,243.54
59e8d659-27a9-44b3-a9df-44f8e3d0b8e2,O4251,P0,2,29.14
decffd3c-bf76-4756-8ce9-005158bf9375,O4252,P36,3,229.21
68b607b4-6432-4789-8283-4318f3ca055a,O4253,P37,3,344.86
aa6cfad2-eea7-4dcc-999d-d897bca26045,O4253,P3,3,210.16
b2e4d70e-7944-4559-b208-2f9292826d6a,O4254,P36,1,229.21
9fa59f64-e09f-4f0d-99e4-fa0de90c0f97,O4254,P46,3,297.7
63e4c98b-c2ac-405f-a447-80223c9b13b2,O4254,P23,1,218.14
fe6d383c-beeb-4859-a676-62b2e2e6ea7c,O4254,P25,1,204.24
63dd1328-dc99-4322-8d03-903fa1ea1a0a,O4255,P2,1,153.08
b05e0742-6a3f-4c2e-af75-a3dc9b66ac28,O4255,P28,3,45.74
8a136f6a-f6a5-4aac-ae2d-9707840e13c6,O4256,P18,1,164.27
09275773-8af0-40fa-90c6-4689cba73dc8,O4256,P38,1,28.25
b6c9bf31-dbd7-44ef-ac56-65e435e04e01,O4257,P47,2,397.61
686ff13a-374d-4443-9516-d011882a8540,O4257,P46,3,297.7
4796a897-11d8-460b-903e-f9dd77c8dba6,O4257,P34,3,23.19
5017b8dc-96e5-4740-9482-57d520dd9742,O4257,P36,1,229.21
b1ec3c4e-7663-4e54-a433-1a72d93425e8,O4258,P12,3,196.5
0c233f9c-44da-47b5-9e81-7a4cba13a5d1,O4258,P30,3,469.52
22be9553-e993-46f1-93ed-e3dec7e5b76e,O4258,P23,1,218.14
65d31f71-28e1-42fc-855f-de27b2475bd8,O4258,P17,1,165.71
8bcba671-0e7c-4dbf-b4f0-20cd36350738,O4259,P46,3,297.7
b6933ec2-e6f1-4204-a3b7-556fbace87d1,O4259,P19,2,318.26
6c9ae0e0-3cc3-44d7-9c0f-9faac7ad0527,O4259,P19,2,318.26
038a55e2-5b50-4443-ad2f-10f2289cadbb,O4259,P37,3,344.86
ab9aeb17-6f3b-434d-bc24-72c519d548ac,O4260,P37,3,344.86
4e1b24f7-a7f8-476c-a4ca-cd92d77f4bf9,O4260,P47,2,397.61
f0924d13-e6ed-44ab-9306-72dcd8ad8cf0,O4261,P21,1,243.54
c77098b8-1f2c-4372-9749-fc0ac433e447,O4262,P49,3,16.6
30815e21-9230-4414-b7f7-7ee01afff65b,O4262,P45,2,488.83
7a2dc746-2ddc-46eb-8a25-71743b49ca49,O4262,P13,2,195.01
e62a717c-083a-469e-a2b0-729b3d979769,O4263,P14,1,30.25
baa11f84-00df-48b6-8652-a96374f7d549,O4263,P12,1,196.5
03201872-37fc-40d8-9fc4-00b008a1ce40,O4263,P41,2,227.6
b709fa34-e9e2-473c-98cd-b491e06cd700,O4263,P45,3,488.83
336fcce8-97c8-4a54-94ac-0eb81587d9bf,O4264,P47,2,397.61
20790378-5d2d-4353-9e8f-ee50432f3b22,O4264,P40,1,61.97
7909651b-e519-4438-9cd5-806685c96a85,O4265,P11,2,422.06
63701c8b-174e-4aab-aa52-cbe4ad8e0c05,O4265,P33,1,410.57
fc461ea7-84c8-4267-94c5-ace790ceef02,O4265,P9,1,114.1
581c82e0-027e-44b7-9671-f79c23931ea3,O4266,P41,1,227.6
d148f78e-8866-4e2d-837c-2f9199022c03,O4266,P7,3,40.44
00a08a61-0914-4db8-91f5-0ee4f7c40ea8,O4266,P35,3,199.25
6656d0cd-817f-4854-98e5-c623fc97f0dc,O4266,P19,2,318.26
1c990299-0cba-4f8f-9f3c-b13e49dad364,O4267,P43,2,451.76
6f8f7bef-8dca-4bb2-94f6-89353be1e54b,O4268,P30,3,469.52
beded714-467f-426d-8948-21885524eb1c,O4269,P3,2,210.16
ebef155f-ad15-4be4-917c-15ec1e52a313,O4269,P44,1,165.78
f4e1d570-ad5d-47af-ac85-5ccc13d4cf3e,O4270,P30,2,469.52
e2efbf0d-e3e4-40c3-98b4-fed553c859d4,O4270,P17,2,165.71
866585e3-57ee-4bfa-9c3e-31f4b43fc19f,O4270,P5,1,428.82
175d91f9-6719-4a6b-ac2d-8b8533e5dcd6,O4270,P43,2,451.76
a10d3d2d-bed9-44c5-af16-a7b4832397c1,O4271,P27,2,329.1
edde59ad-447c-4ad5-bff7-214e7fc3891d,O4271,P32,3,205.58
658cb66c-0d80-474f-86bf-1d36046b35de,O4272,P1,1,386.89
371aa665-90db-4816-a21e-b10fdd9467db,O4272,P19,3,318.26
0fbf8356-a7f6-4145-b738-bb06a8a2e89b,O4272,P49,2,16.6
f2b921e4-2599-4cdd-b694-d4140cc6f5b2,O4272,P35,3,199.25
ced73811-4bd9-481d-827f-38055299c154,O4273,P28,2,45.74
94fd5559-2d0d-4cb9-9747-580fbb0828be,O4274,P15,1,17.14
ed864003-cb83-44a4-94a0-091cf7ba6085,O4274,P47,1,397.61
f3b084c2-91e0-4cc4-9082-ff389b4b0d96,O4275,P27,1,329.1
7609948d-bc60-40df-84a2-141862e004a5,O4275,P12,2,196.5
50f25074-ed80-4da8-9826-34e6a6b57865,O4276,P28,1,45.74
03dd05b0-b438-4a1e-bb04-aba4d4ca6da9,O4276,P6,3,288.13
7f2bba84-8fd3-42aa-a167-2882437dae80,O4277,P22,2,315.67
14c81f45-1e40-4b44-9fef-3b78f81758da,O4278,P38,2,28.25
6fcd801b-04fe-4a95-99e7-00fc50550142,O4279,P17,2,165.71
63ea6bab-3972-4d87-978f-306aa69bb066,O4280,P37,2,344.86
e0622b15-3e06-4098-977d-aeb065ff5e4b,O4280,P44,1,165.78
2b7f6468-a7de-4a28-bd16-fae32c2da5f0,O4280,P4,3,428.84
85d98bcd-f51d-4a03-b670-82801f4f1694,O4280,P26,1,251.1
5de74139-e146-4a1f-9f15-6b362723fcfd,O4281,P34,2,23.19
2b676b56-ef07-484e-8d63-9c2aad3e7dde,O4281,P44,1,165.78
99cb2aba-7c76-4557-8c08-6c8ab6cd9d63,O4281,P38,3,28.25
368e3c5e-e2a7-49be-b961-bbcc5fff2723,O4281,P4,3,428.84
a986a92c-5622-4ca7-a35c-d4f044aef0c2,O4282,P21,3,243.54
d8ec16f7-16d4-4716-aa7d-982daf4adb2f,O4282,P26,2,251.1
46cb394a-922a-4bc3-8c78-056e6d522ca0,O4283,P8,3,13.01
c2a01f5c-1ff6-4ec8-9d58-69f1f0adebd4,O4283,P24,1,327.27
dddc7385-7f9b-407b-a4a8-145025066279,O4284,P45,3,488.83
c410828e-17e2-4ec6-87a8-0c9c040c9a8a,O4284,P42,3,364.27
9e597b45-af5f-4902-bf1c-970ec7d1b382,O4285,P44,1,165.78
d60de999-5bd1-4748-8344-d439fbcf33a1,O4285,P47,3,397.61
84cf457c-87d4-48e7-aff4-430e22dc3149,O4286,P16,3,150.17
591bbf38-9d72-4048-945e-2234e43bcad6,O4286,P32,1,205.58
fad1602b-305d-497c-85b6-ce24ef9bc5e7,O4286,P3,3,210.16
b5595897-146c-42de-99e6-4bb036c22c49,O4287,P24,3,327.27
d8ab2e98-488e-4bab-b3fc-593a4c0fc7ed,O4287,P7,2,40.44
7a7a9d70-9295-43a2-8744-2eff689c8acc,O4287,P21,2,243.54
68f91775-0410-42c1-b62b-18dee34bc48e,O4287,P11,3,422.06
e4864954-08ae-4c8a-9093-613e1bf3a4d2,O4288,P36,2,229.21
0043af1e-a239-4e35-bda3-4956386fe81c,O4288,P41,1,227.6
7372d58f-f888-4837-a851-706a2a7c0bcd,O4289,P18,1,164.27
af5d09eb-faab-48fc-9688-330fa046d33e,O4289,P37,3,344.86
a185f5c7-c998-4877-9ccd-09dbaf76fb77,O4289,P1,1,386.89
1617e701-e9df-4a47-9add-43cab06a65b4,O4289,P39,2,382.01
b81e07f9-7011-4f6a-8040-968f54eb8e38,O4290,P19,1,318.26
d6f824ee-fcc5-4037-8788-9905d814e78a,O4291,P29,3,495.24
b1a87e05-a0e6-47d2-a406-5c4506280839,O4291,P12,1,196.5
f37589bd-a55e-417f-9f5e-49e488b69b07,O4291,P2,3,153.08
6a64c66e-da37-4e30-b637-a54c5d4af6d7,O4291,P36,2,229.21
cd0d091f-c195-41ed-bedf-d5d58230f396,O4292,P4,2,428.84
87275f1e-6d78-47a0-9a23-8d0fda9826fd,O4292,P32,3,205.58
09aa0b4d-2717-4901-b53f-df72de58e807,O4292,P28,2,45.74
c3a78cc8-ecf6-4088-b614-96604c7dbef6,O4293,P14,2,30.25
df6f1f83-9f58-4876-ae9b-90bb727c6dbd,O4294,P17,3,165.71
d63ef8a6-9c41-46ef-aecd-626c5cbccff9,O4295,P31,1,92.64
2679e409-4dcf-4062-be9f-bc0cba34a462,O4296,P0,2,29.14
086a8c81-6076-4f55-b4d5-a52a838fad7a,O4296,P8,2,13.01
048658c0-8cb2-4869-a3d8-ea9621844eed,O4297,P44,3,165.78
81f34143-79ae-4233-998a-c7145e3af5f0,O4297,P49,1,16.6
c3989a2a-c7bb-4e80-8031-7b9c64d1e185,O4298,P44,2,165.78
1053ca34-3ff1-4cff-af3e-8412d7d3afd1,O4299,P46,3,297.7
1e1d0850-8f42-4b7f-8e0c-e20569752a26,O4300,P36,3,229.21
7b99e5ff-d762-4a0a-a5ac-1ba3c30e47bc,O4300,P17,3,165.71
69feacd9-753a-47b4-abee-bfb0fae6f72f,O4301,P12,3,196.5
69109ac7-ba4b-4e44-a6b2-6a189a7a9dee,O4301,P6,2,288.13
c1a6a56d-c1b0-482d-956e-db1b5d5d44c6,O4301,P0,1,29.14
4bb61176-dc9a-48aa-922d-aa1209d3aa99,O4301,P16,3,150.17
a051e721-5258-41ab-8f7c-bd8b4ff3bb4d,O4302,P39,2,382.01
976aff93-3d49-4776-8d61-7b04d31475bf,O4302,P43,3,451.76
630eea2b-0e02-4aa3-abf0-04135fb909b6,O4303,P48,3,51.12
7d4d7bd7-ce98-4b09-8c84-048848adb573,O4303,P27,3,329.1
8cbaea0e-fba7-47a3-8d9b-c71e3a0c1ecb,O4303,P23,2,218.14
0644f5ed-21cb-46fd-b1d5-840251937657,O4303,P26,2,251.1
b8cd33be-729e-4743-8be1-8eae476831c6,O4304,P22,2,315.67
21f06785-8a2b-47a5-b855-f2c064eec2fd,O4304,P29,2,495.24
79df19ae-d765-4b5a-b090-f8fc7471bbcd,O4305,P46,2,297.7
bed15722-58e3-449f-9cc4-c8e43d6c7c05,O4305,P17,3,165.71
e5284682-df53-4c0a-b83c-c045dc18966a,O4305,P9,2,114.1
8590ab2a-4289-4edb-ad49-2e6dd4ef47a6,O4305,P5,1,428.82
981d9568-5b02-414f-a6bf-d66030df6b0c,O4306,P3,2,210.16
f40e051f-814f-47ff-bff5-d63e625f3b19,O4306,P47,3,397.61
893b2ed4-aab6-43d3-90d8-c823b4349e60,O4306,P48,3,51.12
771cee0b-71de-4c2f-870e-e9f6bf0e177d,O4306,P37,1,344.86
ea914c64-0452-4869-bca7-1462216b66ae,O4307,P19,1,318.26
5fdfc82f-1537-4c0a-9fe1-98add8999992,O4307,P24,2,327.27
3f01945b-0134-49b4-8aa0-f408ed4ef0d8,O4307,P13,2,195.01
18ccf253-9ad0-4fdd-b39e-1a8ef0fc81d4,O4307,P5,2,428.82
c9adc806-64da-4d70-ae2c-641025ed6ccf,O4308,P6,3,288.13
7928c446-d875-44a7-8ee9-a8e29a96a7b4,O4309,P24,2,327.27
5bee10bb-4a23-497e-bb3b-42019f290b50,O4309,P48,1,51.12
1fa4dc37-a6f3-4c2c-b3be-67eac4a8038e,O4310,P13,1,195.01
5431c134-13bf-480a-a325-c2fe71f77a03,O4310,P46,1,297.7
ded72e84-5407-4dfa-9841-70ef9aec4418,O4310,P29,2,495.24
ce7a176f-a803-4a01-a245-f142e7f24a9f,O4310,P19,3,318.26
5b28723b-5cd2-48ef-9fc9-efc88a0fb025,O4311,P44,1,165.78
a222a72b-03a1-4b62-9c85-af0a7893588c,O4311,P4,2,428.84
ae78ddbe-dd46-48e7-ad8e-04eaade43b6d,O4312,P48,1,51.12
db249aa6-36a4-4260-b5ea-f8cfad80d978,O4312,P25,2,204.24
519ac661-3250-478f-a9a7-37762fe6573c,O4313,P24,1,327.27
d4b6d7b0-8ad6-4237-9c1f-c47fdf069b17,O4313,P47,2,397.61
561bceed-580e-4f1e-9432-9660bd97c638,O4313,P39,1,382.01
50c6394b-dadf-4ca6-ade3-d0c33d55f673,O4313,P44,3,165.78
a0c080ce-ddb8-45a5-9aa3-3b2cd7b5c8d1,O4314,P34,2,23.19
51a43d81-5c48-4e64-940e-db1e62a2343d,O4314,P7,3,40.44
5df960d6-dfe9-4a4b-909c-e6e37a42ce24,O4314,P28,1,45.74
2bf87879-d6d0-4dc4-8c66-ef21a3135170,O4315,P46,1,297.7
3e42413d-7667-4800-9c98-35e524adfbdc,O4315,P16,3,150.17
bbf3a508-5a31-403f-ad25-e08c70e37cc7,O4316,P1,3,386.89
f5512a1e-2a8f-439f-a697-3ce5403fa7ba,O4316,P49,1,16.6
bb8ef48b-69e9-4e14-a669-813a16d1f56b,O4316,P48,2,51.12
4cc1668d-bb76-47f5-9d8c-88f050d1fa39,O4317,P38,3,28.25
c0da6aa8-f2fe-4ecc-895b-fdd1c6a2e969,O4317,P20,1,322.96
82baf40f-3af8-4306-b79a-d5f58374ea40,O4317,P33,1,410.57
322a4224-9a45-4da9-96d1-01ec67c288e6,O4317,P45,1,488.83
99732bf2-6f6c-4d4d-a666-1d578bdd27d1,O4318,P13,2,195.01
172da086-b3b4-4bcf-9a20-7f3a0d45ef7b,O4318,P38,1,28.25
b02eb50b-a62b-4f8e-9e3b-2824cea44301,O4319,P45,1,488.83
64338a14-3251-4a2d-a8e6-e4bb10009477,O4319,P26,1,251.1
55c805be-a1a7-42ce-989b-12f7c6ddf258,O4320,P44,3,165.78
635d91d3-ba83-42dc-b89b-5181cf582d24,O4320,P49,2,16.6
2cc400ab-e015-4bf9-b7aa-f7f6163274f8,O4320,P31,3,92.64
037d408c-b2b6-4764-a059-2e08e7d195b6,O4320,P46,1,297.7
f2785f97-a966-4ca3-9e41-519275b969fc,O4321,P22,3,315.67
be59da74-adc6-4aa8-b36e-937c523411ac,O4321,P41,2,227.6
fa9973ed-ddeb-4f87-9b5c-b4fa9a22da64,O4321,P11,2,422.06
16c965c5-20e2-4242-9098-e097f6509b89,O4321,P19,1,318.26
de617347-7080-42ab-b1a0-e17862e20f0a,O4322,P13,2,195.01
e9d89912-8810-4c00-87da-f89b7f2204b4,O4322,P13,3,195.01
70ffc89f-f7e3-4860-b15f-e4d5d2a29736,O4323,P46,2,297.7
86e71d41-7b42-481d-9bee-46f4bf38dde9,O4324,P42,3,364.27
8380b40a-44d6-4caa-bfce-9e9fce707ccd,O4324,P0,3,29.14
ee875c02-7563-4f13-91b9-575d9560ac28,O4324,P15,2,17.14
8f0b6358-8900-4990-a5e6-ceffcfe61bef,O4325,P15,1,17.14
7fe7a6da-1443-4569-83bd-4ccf55e32613,O4326,P39,2,382.01
e223b32f-19da-4045-b345-dc0ef62bd31b,O4326,P3,2,210.16
542a594c-f1c1-47a8-846c-9b6263a7446d,O4326,P4,3,428.84
4198f5ec-0bf3-414e-9a28-bb1f5445b93e,O4326,P38,1,28.25
3338644c-f950-457a-902d-4405f0cb2420,O4327,P5,2,428.82
51ac3428-d360-449b-ac8e-c14772776cc8,O4327,P16,1,150.17
9cf8b1f1-9e6b-4865-8b74-24899c00a245,O4328,P18,3,164.27
2b97ef62-a013-4728-b41e-220c2fb18fce,O4328,P11,3,422.06
b910395e-b03a-443d-ad36-b9b6d4eb439e,O4328,P21,3,243.54
1573d71d-6cdf-4df7-bf4d-32c0d8029482,O4328,P32,2,205.58
e4b66978-6b83-4d33-abe0-f4cc84013b20,O4329,P14,2,30.25
1560e9a5-1c04-4982-a45e-864bbad10f08,O4329,P41,2,227.6
766b5ff5-314a-433a-934f-399e2b353899,O4330,P35,2,199.25
fa2efd6f-477b-4732-b1c1-de0aeda25e63,O4330,P1,2,386.89
9551fa33-2285-4c60-9da3-11a14b2c26f6,O4331,P11,3,422.06
a45901df-fd67-4a67-ac5f-16dbf4fc810c,O4331,P35,3,199.25
1e85f208-9b6a-4b7a-96cc-58319b910d76,O4331,P15,2,17.14
3ab7a92e-2da9-4400-bd91-d7751b004643,O4332,P46,2,297.7
f42414b2-656a-498f-a9ed-229561b202e0,O4332,P47,2,397.61
bf75ed81-f088-4dda-a735-4adaf5d1ed23,O4332,P37,1,344.86
f41b0ec9-43b9-4d3a-92bc-59105d750769,O4332,P27,2,329.1
7b582c9e-fc74-45ac-a219-57d9a932d377,O4333,P23,1,218.14
57f9be57-6b55-4be5-bccd-2818329a7bc1,O4333,P12,1,196.5
7b135cfb-36bd-4adf-a11d-18e94b027a21,O4333,P23,3,218.14
2b6d236b-4bae-4fc7-bb38-c94dd054c03c,O4333,P7,2,40.44
07309169-c816-4727-9900-9a410976e522,O4334,P42,3,364.27
c586b33c-b19b-4884-b36a-3b0488b8a987,O4334,P27,3,329.1
c5d5a2f1-fe2d-4d0f-a7f0-969739c52dbd,O4334,P23,3,218.14
759a7aec-22b6-469e-b447-35154ec2a4f0,O4334,P19,3,318.26
e1b29cee-5848-406f-869d-6be322b5c2b3,O4335,P20,3,322.96
8ecd87ee-42cc-4e66-8d1f-4cfc4f58c746,O4335,P18,3,164.27
5fcf5e41-30d7-471f-b079-f6baaf4d0cd3,O4336,P10,2,192.31
113cf93d-e82e-4806-99f4-29622c4270c8,O4336,P10,3,192.31
ac4aed92-24f0-4439-bea6-15ead49b9531,O4336,P31,1,92.64
8efcc4d8-b276-4a43-834e-c67319a06740,O4337,P41,2,227.6
798a7250-d8ae-4f92-be65-b58cad9bb505,O4337,P20,3,322.96
36bd63d2-af16-4ad6-9a40-a50b92876a33,O4337,P17,2,165.71
a1029186-1041-4a03-9567-ce7da11c5b54,O4337,P34,2,23.19
66b8ce57-ca0a-42c4-ac8e-45d15509eb08,O4338,P5,3,428.82
f16b5206-148d-48a8-8929-fea4307a2492,O4338,P11,3,422.06
a27e418b-bb6e-4d40-ab9e-4d8557e6fc49,O4338,P17,2,165.71
55769421-6c99-41a3-a1de-546c8df9df72,O4338,P4,3,428.84
da730766-8a34-4c28-af4a-249be1f8535f,O4339,P9,3,114.1
ce48ae8e-7080-416a-b5e9-2101a3ccdc6d,O4339,P38,1,28.25
0a930388-9404-4db6-8de4-8d20138c993b,O4339,P16,2,150.17
f77e61f9-ac97-4ec8-92a7-2f6272fc8d6b,O4340,P43,3,451.76
6a93aff2-3495-4b83-a884-818cff13db5c,O4341,P25,2,204.24
0a36989b-541e-4183-9f5b-5ad76f0451bf,O4341,P12,1,196.5
a25338b6-25dd-4909-a874-9d0475fb7522,O4341,P2,1,153.08
7368a7bd-c2a6-4a24-b529-dba30747dbf3,O4341,P24,1,327.27
b6b9ee1f-2be3-40de-9b65-f7951b2d74af,O4342,P31,2,92.64
57b0bf80-0e1f-4cef-a31e-3edc5dd6606a,O4342,P12,2,196.5
7a193e88-24a5-4720-995e-caac094463be,O4342,P4,2,428.84
00fefb58-4408-423e-b7b7-66fece4401ea,O4342,P47,2,397.61
ba66ff4c-432e-47c6-af42-9e46b84287c5,O4343,P10,3,192.31
2589fe34-1e7a-4c4b-bdc0-f6f8c84e3271,O4343,P6,3,288.13
91b18ef2-261c-4392-a37e-a17af09fd445,O4344,P40,1,61.97
a07ac031-6fec-4d31-87c3-a662fef43539,O4344,P33,1,410.57
0da10f59-5b80-4d9e-802f-3afc29157471,O4345,P32,3,205.58
675f5ed6-c0ce-4402-a145-4c835e8debcd,O4346,P46,1,297.7
9c4c32df-7529-4bec-b3fa-a7ee05b87b51,O4346,P47,3,397.61
e1a19afe-ec69-43ab-8922-8b3f49b0ac6f,O4347,P10,3,192.31
ceed379e-ed6e-4d1f-8508-5e9c41825c9b,O4348,P41,1,227.6
ecee7e07-3438-4ee1-829d-b45b330ba229,O4348,P2,3,153.08
97901395-dca3-4bf8-8b93-236302731581,O4348,P32,1,205.58
0e4b390e-8999-422f-83d8-818df6fdcd79,O4349,P37,2,344.86
5b9e81c6-2966-4d13-ab1b-dd573a2ec466,O4349,P0,3,29.14
7082149b-8f46-4afb-bac2-5954101a41f4,O4349,P44,3,165.78
25d8a672-7e87-4abd-940d-65834a4e2d35,O4349,P49,1,16.6
ba848af6-4b61-4509-9ac3-d6edbadd6858,O4350,P18,3,164.27
e187e897-082b-4617-8c56-19ed6c370fe7,O4350,P46,1,297.7
00989118-3a3c-4253-b296-3c3382ad2f0b,O4350,P44,2,165.78
831ee2f1-ff47-4a7f-9522-0dfb17cae58f,O4351,P9,3,114.1
073a6ac5-a37e-4294-9316-dfd35c810be8,O4351,P21,2,243.54
e286ac99-1fb9-4d3e-930c-77826734f8cb,O4352,P0,2,29.14
9d205247-194d-49b8-a7a6-f1a6967bc48b,O4352,P38,2,28.25
fd647686-8544-4321-aa81-89c152cfdf6a,O4353,P32,2,205.58
51f464b8-2eae-46b0-8653-9436fcada3bb,O4354,P41,2,227.6
3c4c2fb1-913b-450d-b517-7a3c439ecead,O4354,P20,1,322.96
a17e97b1-530a-4ce6-9d59-e08b614f03fe,O4355,P34,2,23.19
28b492bb-2f7d-4819-9977-95cf6c56afc2,O4355,P5,2,428.82
24001e67-4251-447b-9058-6e5fa708fb7a,O4355,P19,2,318.26
887598af-34e7-49fa-bd97-e1399a3e5b46,O4356,P19,1,318.26
1f2b80fb-ca1d-4fca-840b-fca1cde5db40,O4356,P23,2,218.14
e51f1d31-c823-46ee-a577-0e4e3d207429,O4357,P42,3,364.27
13961af9-b670-43da-887e-ca0cc83ee626,O4357,P37,1,344.86
73c3c9d8-1e9c-41f6-b82b-018a059a7947,O4357,P4,1,428.84
4c400cd1-ae0d-4f5f-892c-01756e7cc5b7,O4358,P47,2,397.61
6e20ad66-dcbd-451f-9315-238f1c7c8a9b,O4358,P47,2,397.61
feec47b4-020b-48fd-b4f0-89f7b77b0484,O4358,P46,2,297.7
8c7e3e0a-63da-41e5-aaf9-0865c9376a24,O4358,P26,2,251.1
32dedcb1-3774-4297-abe1-6934c1e95ff4,O4359,P5,1,428.82
12f5cd83-f012-440b-a065-adf107fe9d5d,O4360,P49,1,16.6
70127733-573a-48f1-a6a6-e0648c2ac305,O4360,P33,3,410.57
5f9ba13c-ec7a-4b01-b8e7-4946c416341d,O4361,P47,2,397.61
b05cc4dc-5d30-42c2-843c-b7ce5e8c75e3,O4361,P43,2,451.76
e3c5186b-cc2e-42d1-9371-8da5b1b61b28,O4362,P29,3,495.24
8b5accbb-06b8-4306-a93d-17ca8da3b720,O4362,P30,3,469.52
a78cfba4-ffaa-4c73-9d51-f250640dd63d,O4363,P40,2,61.97
6ce1e610-66eb-44c2-840b-5a7d5f370a2e,O4363,P31,2,92.64
ddd1c3eb-58fe-44c7-9351-acb8261a8f11,O4363,P6,1,288.13
00574e9c-7eaf-4f69-a34e-db18681d6b01,O4363,P32,3,205.58
24c51dee-e39e-41ff-b8ff-79d512b47408,O4364,P11,2,422.06
6fb0a42d-a184-4170-9e83-53d0812c17c7,O4364,P29,2,495.24
f7836463-1a55-4e4e-9c15-47f72487f223,O4364,P0,3,29.14
7eca9aa3-434b-4d5f-a511-805ff154e216,O4365,P0,2,29.14
0c76cba3-fe97-4aeb-8a87-b49b8ca818a6,O4365,P48,2,51.12
d8a36432-9c47-4a05-8b8b-f5a7b1359aa2,O4365,P21,3,243.54
d6705246-06e1-4790-9124-c6d49cd99734,O4366,P0,2,29.14
a797c444-4bd8-4581-a748-c6669e963563,O4366,P27,2,329.1
2c22535c-f70b-42d3-860b-b454b748e085,O4367,P28,1,45.74
dfa48546-a856-428f-a740-e3001818223c,O4367,P2,2,153.08
f26531e0-6961-4b67-86bc-b201b231afea,O4367,P28,2,45.74
bc455e63-f724-4f38-99f1-62a1a622ccef,O4368,P11,1,422.06
0384920d-595e-4864-8a27-b6388a3e7dc6,O4368,P22,1,315.67
0db4be72-aec3-4210-98da-28bc0fed72fa,O4369,P24,1,327.27
2df144d9-7c51-4364-aec0-3a886a31ce77,O4369,P48,2,51.12
8ccec32d-b3ec-470f-b9ae-9be036687e17,O4369,P11,2,422.06
78e28a80-f9e5-46b7-91cb-4986661a6424,O4369,P17,1,165.71
38ffddd8-6d76-4921-998d-7f355efaeaad,O4370,P37,1,344.86
4f3339f3-0607-4b4a-a4ff-b83d74624337,O4370,P41,1,227.6
cba1a1c5-1523-4eb3-9352-14005c97e5ed,O4371,P33,3,410.57
53425fd3-2e8d-4531-8f22-db40596b129d,O4371,P32,2,205.58
a2cbd853-0a79-40ca-beee-813f00a3c70f,O4371,P11,1,422.06
2434507c-6927-48cf-9c38-6a253cedd1c2,O4371,P8,3,13.01
6eb49b01-0b78-416c-9b0b-127b66ef86f9,O4372,P31,2,92.64
839b7156-e56c-41f8-8812-d4eea56bbb49,O4373,P24,3,327.27
3c8bd158-7053-4f36-9ac1-2035b58682b2,O4373,P23,1,218.14
80c124f6-b38a-4016-8252-8c70351b47cc,O4373,P40,3,61.97
8f9a47d8-8e84-4f81-906f-027025060053,O4373,P16,3,150.17
baa65935-09c3-44c8-9602-30527100aebd,O4374,P43,1,451.76
32d9d545-99f1-4c28-9dee-c97cc1cf8192,O4374,P28,1,45.74
c813fad2-25ca-4c00-804f-e906651fd011,O4375,P47,3,397.61
2af93f47-1ea6-4ca1-bb45-40350c9e5e06,O4376,P22,1,315.67
5133aa08-d9e1-4b3b-9e3d-6f6df32d076a,O4376,P10,3,192.31
18d4c5da-bb81-4c52-9eee-316d7d3c30ff,O4377,P35,2,199.25
2666a314-fc88-4e1b-a52e-10f37fa28b50,O4377,P26,3,251.1
2ad8269b-7c69-4d92-999e-b36a2eb5bbd8,O4377,P10,3,192.31
8fd39b20-7338-4d06-bceb-f0c41c260519,O4377,P10,2,192.31
b10f64c8-8a5f-41ec-af5b-25178e703295,O4378,P35,2,199.25
d880203f-c89e-489a-a8a6-6d31b22d53a0,O4378,P39,3,382.01
187b3487-46ca-4ca2-a2b4-bd91119e855c,O4378,P15,1,17.14
fc16229e-5413-4e9a-8511-d175675ffa9e,O4379,P21,1,243.54
4cfe0bb6-bc48-4e3e-aa1c-ad618bd6a032,O4380,P21,3,243.54
125bc292-c0b2-4b04-ba6b-72ab3eda7f4e,O4380,P9,1,114.1
47e6873a-fc14-482f-88da-0ffb8ef2623e,O4380,P5,1,428.82
c4a52e36-d380-4e9e-88f3-6ba647849339,O4381,P32,1,205.58
65f400bd-8f78-48ae-91b8-7c43b96e6cd6,O4382,P40,3,61.97
907bdfe5-7ff7-4200-bbc3-5807e9b927ba,O4382,P45,2,488.83
a7a34c10-5827-4dd1-bc9f-6de4f9145c6c,O4382,P7,2,40.44
a80dce1d-4a48-445e-aca6-155d5b7f27ad,O4382,P27,1,329.1
a1eecfa1-3064-4893-aa0f-c450801d46f0,O4383,P7,3,40.44
0717b021-8e0e-4c7d-8797-e304a1028746,O4383,P2,2,153.08
ba35a27d-01c2-4756-8b8a-a837aaa85f2c,O4383,P33,2,410.57
d931e8f9-53e1-4184-bdc1-bc3dc13a35db,O4383,P26,2,251.1
801edc91-5b72-451f-920c-fef2b263cbdf,O4384,P49,3,16.6
6e0ebb55-d577-496d-b756-f4d1a35018f2,O4384,P45,3,488.83
5f65e99d-a594-44a0-9adf-cb96e839aa84,O4384,P7,2,40.44
997a7c65-4f06-4fa2-80fe-bc5828d155ca,O4384,P41,3,227.6
2a8fb5a6-55de-46a4-84bb-bd6ff47ba437,O4385,P41,2,227.6
9c315164-f94e-4553-b177-015b22ccd544,O4386,P34,3,23.19
6dfa2396-2692-458f-bb85-46dba476d094,O4386,P36,1,229.21
9918d75b-c760-4b27-ae99-0c1467395bb6,O4386,P4,1,428.84
41e134c5-346c-46a6-bca2-89b93752dcab,O4387,P48,3,51.12
9697312f-6167-454e-9bb4-d32087dc930f,O4388,P26,2,251.1
230b4a5d-5261-4a22-a306-3d890243cd0d,O4388,P49,1,16.6
871d114e-76d6-4837-8cd5-336bb18791cf,O4388,P32,1,205.58
4c8fbb33-7685-4ecb-8bcc-bf2aa1838f18,O4389,P8,3,13.01
47b71587-6d58-410e-8051-473aa1ebf805,O4390,P27,3,329.1
f13e3b3f-d86c-46d9-8d65-80102fbfa8b5,O4390,P41,3,227.6
92a9dc73-6519-4b0e-b94e-0682ae80ec59,O4391,P45,3,488.83
f95bbe1e-178a-432a-b5a7-290ce92c8c55,O4391,P42,3,364.27
a7c1dd8a-2eee-4430-a443-8b299d4982d0,O4392,P18,2,164.27
500a4bc9-8962-4efc-b850-9818cb26e3b9,O4392,P29,2,495.24
d09f946e-3525-4003-b74b-b64552bce99a,O4392,P26,1,251.1
19d2ab34-93fa-4121-880a-d37983836c16,O4393,P25,1,204.24
9e1569f7-331b-4706-a9ad-0bfde533de4c,O4393,P36,1,229.21
898c4791-1d00-4112-b23b-675d6db44800,O4393,P23,2,218.14
c1cfcdcd-085f-4cae-ab1a-b8ec5764c658,O4393,P24,1,327.27
e4a1ac5b-4191-42f1-86e7-e0939142a046,O4394,P37,3,344.86
9cbbf7a8-e3dc-4587-ac82-c3ab6b2aaf4f,O4395,P1,1,386.89
a8266d96-33ad-4488-b2d4-64229b82358b,O4395,P38,3,28.25
1db8759b-bc5d-4e9c-a9ca-667821437286,O4395,P25,3,204.24
9ad0578e-4668-48e8-bbdc-a35f770f1115,O4396,P11,1,422.06
c9a14d24-d731-4dba-b1c6-248a7c61ac9f,O4396,P12,3,196.5
50ae5371-525f-47d9-80bb-62a44390d56b,O4397,P41,1,227.6
a7319df8-5cc9-4462-bdfd-897529890a5d,O4397,P29,3,495.24
dddf1a33-5d30-4dc0-a66a-e23789aa3ea3,O4398,P3,3,210.16
bd30c698-74a6-43aa-9fc0-30abd0d45d34,O4398,P18,1,164.27
7f563a60-8cb6-48bb-b636-427495ced187,O4398,P44,3,165.78
ea12f6d4-8ce6-4cb3-8940-0fb76f623e6c,O4398,P40,1,61.97
b69981df-8cbf-42bb-aeb7-733bc9a76f88,O4399,P12,1,196.5
eaf72605-9485-4cb0-bb41-e562021de615,O4400,P38,3,28.25
2ed4812c-053c-46a1-9161-e3e1852ea461,O4401,P25,1,204.24
b43fcf10-7490-46b5-87b5-a2c6a737bf39,O4402,P14,1,30.25
679ac57e-33f1-4606-a4bb-1baa583c2606,O4403,P48,1,51.12
b8e2ae15-0ca7-4a28-8193-f35b8f4c6623,O4403,P45,3,488.83
b2ff251d-7009-42ea-877e-4a29851889da,O4403,P17,2,165.71
acf497bb-12be-424b-b17c-e214791c09d6,O4403,P14,2,30.25
bd0e9768-6915-4c50-b2ae-44591124b3cc,O4404,P37,2,344.86
6cb1563e-aa3e-4b90-84a2-bcd66f470212,O4405,P0,1,29.14
8460639f-2f37-4a5a-a858-5a88d24540cc,O4405,P24,1,327.27
d3c65bdf-5242-4d78-8b90-ca54f70cc1d1,O4405,P4,2,428.84
8704c262-bbc6-4c2c-8699-45d3544b7701,O4405,P34,2,23.19
eae0c2fd-9e8a-4bba-b74c-a655d3be7b0e,O4406,P16,1,150.17
e793fbff-642b-43cb-b598-91d46a4f9f50,O4406,P47,3,397.61
99514969-1aeb-4eda-8c0d-2c48658b274e,O4406,P12,2,196.5
8859f89f-3b69-43bb-8e42-9fa1af6ae72a,O4407,P45,2,488.83
107c8ee4-d7ab-43b7-bf34-cc037576a933,O4407,P17,3,165.71
d506416d-db1c-4619-8b0f-d1a3e6822a08,O4408,P14,2,30.25
c242f8fd-e40c-4d10-be53-073d52fe8921,O4408,P7,2,40.44
a449f7ad-fd80-4ffe-bf73-720a01b442ad,O4409,P1,2,386.89
228ec98e-5691-49fd-945b-d69f4d38dcad,O4409,P7,3,40.44
1833f1d5-8847-4a59-acd9-c4e356637bd5,O4410,P35,1,199.25
2e7b669e-d8ab-4236-928c-3410bcb0a7ff,O4411,P0,1,29.14
6ee0924e-4955-4bae-a6e5-b38207380b40,O4411,P26,2,251.1
8d6e816d-0c98-47c5-959c-f92ea8e8a7f3,O4411,P1,1,386.89
32de1aca-8c23-44e2-867c-4a873e1933fb,O4412,P22,1,315.67
10e95cbe-df9d-445d-bb13-2d84b96e040e,O4412,P42,2,364.27
07fe3f4e-f365-4713-b20d-664b275d3452,O4412,P23,3,218.14
adeb5061-f2a2-4a24-89a3-9bbd2b8a6570,O4413,P29,3,495.24
68587ef4-e192-41e9-9604-05bbe92cc3fb,O4414,P29,3,495.24
29f93ce0-17e3-41fe-96bd-7579b217be45,O4414,P32,2,205.58
14c80150-952d-4816-88b7-63bae1156ae9,O4414,P3,2,210.16
da6b891b-2548-47c0-b35b-d8327475c5cd,O4414,P33,1,410.57
bbc3ea16-6317-4e0d-9c7b-4fa7409daa67,O4415,P23,2,218.14
9be40ed0-30af-4be9-a15b-d293146f6a67,O4415,P48,3,51.12
2564f239-7780-4026-ad10-6a62a167e00a,O4415,P49,1,16.6
293b11a8-2f21-471b-90c8-d1ad324ffd26,O4415,P1,1,386.89
85cdc100-9a9e-4798-9a34-99aae7a07693,O4416,P17,3,165.71
b12c44b4-a3e5-412e-8bb0-1f207e491537,O4417,P32,3,205.58
9372d986-5bd1-48b3-86d1-fbcb917bda2e,O4418,P10,1,192.31
4d7b1e16-dc17-4b6a-a6d3-441a09e5afbb,O4418,P24,1,327.27
2f16f244-9f49-45cb-8b9a-436b4e549052,O4418,P45,3,488.83
0468160d-9ad2-4b97-81fa-930486a340ce,O4419,P26,2,251.1
9c3b39fa-c83c-4c8f-82f6-a65fe234e940,O4419,P43,1,451.76
433d355f-64a4-4591-a566-9bafeb887681,O4419,P40,2,61.97
c9b09aea-5c7d-40a3-a93a-d1c014332daa,O4420,P1,3,386.89
f4084ac1-18dd-4538-8099-17ad453f5ebf,O4421,P31,3,92.64
5c955e03-4e06-4be5-ae50-fdf97e8a30f0,O4422,P21,2,243.54
f441198a-6b9a-4467-803f-cfc778b35ccd,O4422,P18,3,164.27
ded7e66a-7b72-4ed7-8f72-3509cf80ae9b,O4423,P20,1,322.96
5985714a-3268-4c1d-bcaa-0645c5148c0f,O4423,P39,3,382.01
1b10e886-6a33-4118-b15d-8d20f12eee5e,O4423,P49,1,16.6
bba787c5-c509-4bb8-a47a-de8a8fa82b62,O4424,P20,3,322.96
6cd77bb5-3192-4d3e-b554-e229506facac,O4425,P17,2,165.71
8b6a0460-3161-476e-b432-7b9afab919b3,O4426,P30,2,469.52
b21dc2fe-8c1b-439c-b606-752e6991c765,O4426,P3,2,210.16
e57e5b43-9e9c-42c1-aa55-26c65095f647,O4427,P28,3,45.74
c1a9f3cc-af31-4f2f-87ff-7b3133161798,O4427,P11,2,422.06
1f61b00c-685a-4a2b-b2c4-9e902dd712b3,O4427,P41,3,227.6
5de998d8-bb43-486a-89fe-afe014a3dd23,O4427,P35,3,199.25
8635be59-980c-4e56-9fa5-ec3745aa765b,O4428,P39,1,382.01
7efec875-0773-4ace-a45c-cc0bfdb1ce98,O4428,P34,3,23.19
50fa00d7-46cf-45bb-ba50-d5f01d781263,O4429,P32,3,205.58
52ece5b5-72b6-46bf-8555-050d4bb63cd9,O4429,P3,2,210.16
a210c844-342c-4fe6-9de6-64100f2d8e0f,O4429,P38,3,28.25
962660c6-3920-445e-b02e-f8bc394a77c0,O4429,P34,3,23.19
31345fd0-64f8-415f-8de9-57280ecf8058,O4430,P30,1,469.52
466d1bc0-2983-4fa7-be86-4e8196455b19,O4431,P12,3,196.5
9be9e3b3-65a8-4381-b782-07907b60331d,O4431,P41,3,227.6
9420dc0d-6139-46c3-8dbc-d8f1c3ba0b25,O4432,P12,2,196.5
2d50f7cf-0af8-4c33-af91-b202fe3764a2,O4432,P47,2,397.61
07f9c0c6-64d4-4b85-a267-637365f6419d,O4432,P26,3,251.1
1f5b5e12-900d-49e7-8bb6-79d1aecdcb8c,O4432,P46,2,297.7
aedefe3d-57b2-44ce-8e32-43aac308049f,O4433,P40,2,61.97
d1beb76c-601f-4048-8b07-89d7e64098d2,O4434,P9,3,114.1
76cdc740-f1d9-448c-955e-84c0806a8c92,O4434,P2,2,153.08
925f354e-5af2-47b6-b66d-985a52e3b470,O4435,P19,2,318.26
eef60a14-e16f-4806-be07-76e0db098f2c,O4435,P34,2,23.19
16465582-bb77-4c3b-8ca9-d5f23e4e265e,O4436,P44,2,165.78
797ce26c-45d6-473a-98ef-63bec88ce81c,O4436,P36,1,229.21
74723d1a-4b23-45ac-a85b-71d51a16256b,O4437,P11,1,422.06
e2fe5293-796b-4caa-8fc6-42a1db8bf8ae,O4438,P0,2,29.14
836ac58f-0d33-436d-9d2d-280f8ba15743,O4438,P7,2,40.44
6330f6d7-8dd0-4e8a-831c-0a0a151d1265,O4438,P8,3,13.01
79de6dc8-acb8-4d40-9f1b-1ce00d052cc1,O4439,P23,2,218.14
b5e79223-1795-4b61-b26a-b662e6bf8510,O4439,P11,3,422.06
fe38f254-9aa4-4243-b2ba-c6eadf175bbb,O4440,P29,2,495.24
667db80f-d093-47c3-b44d-c87671c6ffac,O4440,P41,1,227.6
bbe8690b-7cdc-4bad-9ac0-be67fae1117a,O4440,P17,3,165.71
c0dc67be-01bf-43f1-8088-ebe9eb7a7826,O4441,P2,1,153.08
c2f589a1-203d-4d78-81fb-da27232df6ce,O4441,P12,3,196.5
3d0042d6-67c0-472d-80d1-0bae9e8d9a2d,O4442,P18,1,164.27
38956ad0-697d-42dc-afe2-f544113def52,O4442,P11,1,422.06
4c25184c-7523-4931-8cc6-74bb2e276de3,O4443,P21,3,243.54
47b14eb0-4ea4-485d-9bcb-3891d35e30d0,O4443,P11,1,422.06
619c8275-1516-4d83-b232-dd713933900a,O4443,P48,1,51.12
3d20e45a-fcbc-439e-9b57-ebe218c688cd,O4444,P28,2,45.74
33778fc3-c7b4-4f50-9041-68b213cd0266,O4444,P14,2,30.25
420b0a3c-7ab3-4c46-bc54-fe2444e6fc45,O4444,P15,2,17.14
b4e64fe1-48c4-4858-b9e9-3bc92b78bf4f,O4444,P16,2,150.17
01707c0c-4683-4b52-a5d3-f661a9d7fc4b,O4445,P31,2,92.64
ddac1ac5-30d5-43ba-9188-099e558f711a,O4445,P30,3,469.52
b1170b71-b151-48f1-bc56-ed04fd1783fd,O4446,P16,2,150.17
1cdeff30-d1ea-4275-bb3e-b0bd5096b48e,O4447,P20,1,322.96
6c17a0f0-8b1f-4067-8379-f5ed26979044,O4447,P47,1,397.61
da8f2a3c-8d47-4f8e-bb79-9ad7d940f606,O4447,P36,3,229.21
b3a11448-2fad-4570-a1ac-002f87490e16,O4447,P17,1,165.71
bbeff892-fa50-45bb-bfc2-83a88462ff4d,O4448,P26,1,251.1
b83166c5-ea13-438d-9657-36dc1b79d0b8,O4448,P17,3,165.71
53260c5b-e90b-4d86-8173-a1b3c6b4b19f,O4449,P36,3,229.21
0e20d1da-2fd2-413b-b0ba-a882b554e72d,O4449,P28,2,45.74
62723e77-2d35-445e-9de3-85f6c4ed5afb,O4449,P48,3,51.12
88880c5d-4efe-4cfb-8c57-b031038d2bbe,O4450,P33,2,410.57
91fa2e53-a99c-43ce-8519-b5cc19e2b38a,O4450,P41,1,227.6
2eacbcd6-89da-465f-8b0c-2c468fbca652,O4451,P33,3,410.57
57560e94-3f5a-4f6f-ae08-817a778ab123,O4451,P43,2,451.76
0600e8bb-556c-4e42-859b-85a3c5a555c6,O4451,P5,3,428.82
6d89ad1c-c739-4462-909b-8329757863e3,O4451,P3,3,210.16
24a09e76-abe6-4a60-af11-0221e7854c1b,O4452,P48,3,51.12
f8c0d4de-9a3a-49ac-b929-6e2aeb78b0c2,O4452,P8,1,13.01
94f69575-0aa1-4304-8eab-cba01a45174b,O4452,P48,3,51.12
a9da54d2-0b91-4c06-ac72-7b1a8abc3a5f,O4453,P37,3,344.86
38dffc41-e0ca-49e9-9c51-b3f332355280,O4453,P5,3,428.82
3f7c426c-08c0-4f6f-8b54-f2d4e406ab33,O4454,P17,1,165.71
96c934f3-9965-4f36-af8e-8ba492f6a29e,O4454,P39,1,382.01
2b3a8c39-9131-4038-b81b-8a380d8164c4,O4454,P30,3,469.52
0a7b4cce-d91e-47c5-8eee-d589161bd408,O4454,P0,1,29.14
a204151d-ba12-4848-a9f9-146d2b4cf43d,O4455,P43,1,451.76
9d7b64ef-24dd-4783-9a27-ea3b41a46025,O4455,P48,1,51.12
66109a8e-cb23-4f83-89f4-b90d7cb50eb5,O4455,P18,2,164.27
d32d1a35-3578-40d0-8521-b22b6e8a1362,O4455,P18,1,164.27
d9724f2b-c1c0-4632-bf15-76bf21ef89c1,O4456,P2,3,153.08
61d83d93-9fde-47b1-977b-ac0840b09ee5,O4456,P29,1,495.24
e15dbe05-c14c-4e32-ad84-aa8a2ee7379c,O4456,P13,1,195.01
00b5776f-9f23-4b04-92eb-4dc3660650c8,O4457,P6,1,288.13
28786260-4bd4-478b-939d-882c2f74a33e,O4457,P27,3,329.1
4031075a-d77f-4a18-b143-2d1af17abc87,O4457,P40,3,61.97
4af2cf2a-8a12-48ee-a486-fc5e5dcdc3ff,O4458,P19,2,318.26
8787cfb1-f296-43a4-a83c-3b937facf6b0,O4458,P26,3,251.1
5b34b26f-be29-4c7f-9d9c-8d20b85be866,O4458,P43,3,451.76
3949a46d-caf3-4257-adef-fb6554283fc5,O4459,P4,3,428.84
808a6054-24e3-41b7-b64c-f454fb6f199d,O4460,P35,2,199.25
ffccc14f-d658-4cda-941c-809fec07e06c,O4460,P42,2,364.27
78d2e66b-dc8b-49c8-aa49-627261a68f71,O4461,P16,1,150.17
246782e7-d676-4887-8d4b-020dd04960bb,O4461,P32,3,205.58
50ab0b70-0d0e-42bd-af50-dbbf3fdd8eab,O4461,P29,2,495.24
04554cfb-4e35-403e-8f66-350b96bfd8e1,O4461,P6,3,288.13
f463cddc-9a5e-4edf-a27f-cdd1cb900320,O4462,P29,3,495.24
d5acfd71-9154-422c-a990-404b95d42652,O4462,P31,1,92.64
07291f36-2816-49dd-8c2c-0ee612c8ae82,O4462,P7,1,40.44
35b6c207-9190-483b-99fc-42e7becf7ef5,O4463,P37,1,344.86
87c43e3e-dbd5-4e0b-ac1f-44b538652cec,O4464,P32,3,205.58
c3a4f96f-d803-4df8-8938-28400886acb1,O4465,P9,2,114.1
48c16b7f-d5b9-44af-8c38-2ff4fd6d4499,O4465,P21,1,243.54
f210f201-2757-4daa-90a2-b0991d8a2cf3,O4466,P4,3,428.84
9dad907a-1f79-471c-a1de-c21e2be84200,O4467,P49,1,16.6
cfa0efc3-bcb4-4ae0-9a2f-e923e3987145,O4468,P28,2,45.74
a31e6f8d-d51c-481b-82d3-857800e89dfa,O4468,P6,3,288.13
638e4956-21c9-445a-8124-630728b573cd,O4468,P3,1,210.16
6814e456-4454-4c6d-9c40-d701802dbf11,O4469,P8,2,13.01
fc04d7ae-1316-4594-b92b-e485dc85d045,O4470,P1,3,386.89
12e28b66-eb05-482c-b911-6b90aabe6aae,O4470,P49,1,16.6
b0da1970-7c31-4919-b106-f7a5fc3a11ab,O4470,P35,2,199.25
9923243c-26d4-45c0-a0ad-0db3761d0d3a,O4471,P48,3,51.12
b256759d-c076-4134-a33d-8be6a1448f76,O4471,P30,2,469.52
5dd33886-d0ef-4938-925d-7895d11e0ac1,O4471,P40,2,61.97
17bd5a5e-151e-43c2-920f-92faa7b5c85a,O4472,P23,3,218.14
fb1ffffe-e2fa-43fd-8623-0a209b6ce844,O4472,P8,2,13.01
23fd64ca-aabe-446f-8c71-6b4a788145a4,O4473,P25,3,204.24
5b3be063-5632-4b77-99de-095a65c5f08c,O4473,P2,3,153.08
b91824ca-0bc2-474a-ad53-aecde84d69fc,O4474,P11,1,422.06
674f23ec-7e9a-45df-89fb-35ee250c90d7,O4474,P4,3,428.84
7dc3cf42-5426-47f5-b995-c5fb2b447507,O4474,P40,3,61.97
8147a0ea-f412-4729-8210-0b3bfba43b9c,O4474,P16,2,150.17
54e0a4eb-7c9c-4166-92e4-9295a7100adf,O4475,P2,2,153.08
9e2147ec-26db-4c77-a2dc-00a8f3d02b33,O4475,P45,1,488.83
8f68612f-e7b9-4f9f-bb64-d397b80b12af,O4476,P7,2,40.44
3135915d-b973-41b8-9b00-f34869d870d6,O4476,P32,2,205.58
27d2733e-557d-4d7b-b451-9cf83c505b8b,O4476,P49,3,16.6
1a70820a-d867-485d-ab26-2b2faac28ac3,O4477,P34,1,23.19
0ded2626-dcb9-434f-82dc-b759beb099c9,O4478,P44,3,165.78
bf3ebd48-973b-42f1-8c03-ac5327aed020,O4478,P27,2,329.1
e9963469-0cfa-4dc2-b43c-696fa312455a,O4478,P38,1,28.25
d767987e-8122-4d00-a759-0878f2ca77e4,O4478,P3,3,210.16
1d3467d9-a4a0-48b0-be55-36562e30697c,O4479,P11,3,422.06
c0b90d9f-3d3f-460f-8430-3777fb61d6f7,O4479,P38,3,28.25
60be45f0-3991-43a1-a0a4-fba8b350df06,O4479,P34,2,23.19
b94ca2c8-bb9e-4fe1-8ac9-ccd288874c49,O4479,P44,1,165.78
de43a130-1dcd-4184-a6ad-01699e31a584,O4480,P4,1,428.84
8747f74a-26f0-47aa-8652-4fff03f02136,O4480,P34,3,23.19
42c45c58-c92a-4d05-9874-7e546cb256e5,O4480,P35,2,199.25
3151c464-363d-4f7d-83a0-1347543a0d64,O4480,P46,1,297.7
beecf41f-471e-4dca-a585-4bff743b5383,O4481,P16,2,150.17
67ca416c-45bb-4ac1-8a5a-154732222391,O4481,P22,2,315.67
72af16c8-2f84-4a81-b387-6fa0fd65bdc0,O4482,P34,2,23.19
e66c8cc3-2ac8-4ecf-b0b2-1087dfac03c1,O4482,P28,3,45.74
e0dcd792-0303-42c6-89c9-36702089b07b,O4483,P42,3,364.27
0ee7cdcc-facf-4d45-9e6b-7a3d439ba17e,O4483,P22,2,315.67
f70cdf08-b0eb-4207-b6d7-762231ca25c1,O4483,P6,2,288.13
0d288aa3-286e-46dd-a074-c61192bfcac6,O4484,P49,1,16.6
81a3c912-dee7-4c67-a1d7-e4c3772f11d0,O4484,P39,2,382.01
37ec575f-d9e4-4844-8465-5add931d01df,O4485,P4,2,428.84
f6a35686-8edf-47cc-ab29-db73307c3f71,O4485,P13,3,195.01
3d7187a8-22db-4d02-9922-bd807f67537d,O4486,P7,3,40.44
9c621642-4137-4644-989e-9426ebe25052,O4486,P22,1,315.67
6dbf6a33-fc85-4f5d-b515-2bf95013a548,O4486,P9,3,114.1
2b6ac29f-6b34-4a2d-87dc-fee572aa6c30,O4487,P46,3,297.7
ad832dd1-d7d3-4876-8b0e-4e561c27d6ea,O4487,P40,2,61.97
2c7e7414-8f23-44d8-a10f-51406aaf63d3,O4488,P7,1,40.44
d7bb6dab-2c67-42df-a306-c714baad0e1b,O4488,P48,1,51.12
da6093c9-c288-4630-be66-fe43e453fe6c,O4489,P46,3,297.7
10d2a57f-fc30-4af5-9421-78f374cd595c,O4489,P8,3,13.01
178c34ae-5d10-4112-bd76-84ac503589c4,O4490,P42,2,364.27
c66f8471-b5a2-4c59-a154-9729bea4a9af,O4490,P32,3,205.58
f0068924-4cb3-4a8c-b884-66232889c6be,O4491,P46,1,297.7
22e31d33-16bf-4e02-bdb4-fc98461c49c6,O4492,P8,3,13.01
fac78966-9319-407f-985d-5a05b4d55d4b,O4492,P38,3,28.25
9117039a-7bbb-4d24-a561-5100b1af2463,O4493,P13,2,195.01
6ff1fa0a-cfa0-4b4b-a455-acb5090a5324,O4493,P18,1,164.27
cb9895b9-4b4a-4bda-bd33-5d99793faece,O4494,P15,3,17.14
bc900503-f2bc-4bf2-a2c3-34f304d66d59,O4494,P2,2,153.08
042e73f1-3f13-40e2-bd06-6baa76f7d90f,O4494,P45,1,488.83
492ab9f0-e174-4b21-851e-457d0a621d7a,O4494,P16,1,150.17
07f788c0-134a-4fc7-b71e-c0613adce05e,O4495,P34,2,23.19
d329f722-99c3-45ad-a4e3-5287eafbfd67,O4495,P18,1,164.27
ab15076f-92c6-4546-a4a6-8ca6c3e058e1,O4495,P1,1,386.89
fc8badf4-d1c5-4851-8775-3120194da40d,O4496,P4,2,428.84
780f5a48-e74f-4a8a-a8a4-42cb3d1582e0,O4496,P32,3,205.58
73429921-2bde-4863-888f-ffa84520830f,O4497,P46,2,297.7
8273f081-da6c-4cec-8107-6aac6c55d918,O4497,P33,2,410.57
532894dc-b0f7-488e-8dee-14b1f9e34885,O4497,P28,3,45.74
9b39d16d-f7d8-4d9c-b2b9-275b0f1165aa,O4497,P17,1,165.71
a7dcb02d-433d-494e-9ecd-bf3e08756deb,O4498,P47,2,397.61
d5541a53-2e24-4ca1-95a3-ce77feed1e05,O4498,P4,3,428.84
cd71271c-3fda-4e2f-b929-915de8c7f59c,O4499,P7,3,40.44
afa736a4-6d9d-463d-b95f-bc949f08a8e5,O4499,P7,1,40.44
375198de-821f-40db-8f67-d72f20f1fcfb,O4500,P43,1,451.76
4b0e391d-b109-4509-aab0-63b57e3c3180,O4500,P10,2,192.31
4ad4bc3a-da2e-43e6-b3bd-5ec9d6019938,O4500,P9,2,114.1
087abe88-8668-4c5b-92fa-4c741006810e,O4500,P18,2,164.27
be374bab-6dea-478b-9a1f-3178b1800c94,O4501,P25,1,204.24
3fa29931-7221-4731-bb51-990eb369a92c,O4501,P17,2,165.71
03b102d9-97e3-4a24-8eba-ed5296498a82,O4501,P16,2,150.17
6a1a46c6-fa9c-47b0-af39-ee3879a36e1b,O4502,P16,2,150.17
f020a37c-6013-4e6e-939c-fb2c46e69672,O4503,P42,2,364.27
ca4dcd1b-f482-454d-9778-f22f502cd4a5,O4503,P7,2,40.44
daafc425-db1a-49d3-b51c-9163f29e4ee9,O4504,P5,2,428.82
a58ba1c6-3b2b-4168-b4e5-6058a2f57cf0,O4505,P7,2,40.44
b1f8c946-6826-4d03-90f1-e24fb449a9aa,O4506,P49,3,16.6
4c541fcf-30ed-437d-8684-c699f3061d1a,O4506,P12,2,196.5
d080bd53-4292-47dd-82ce-93e6c0f27d55,O4506,P8,2,13.01
a4c7b22c-fa98-4805-abc4-76722303663f,O4506,P39,2,382.01
16ddeead-791d-4f5f-b42f-062727697b63,O4507,P10,2,192.31
805fba31-f11d-42a4-8d61-a609061c761d,O4508,P19,3,318.26
f4e5df4b-bf1d-416d-bec9-50f8016d7124,O4508,P17,1,165.71
fa3ee330-3fd3-4853-af34-b5cd52d07473,O4509,P38,2,28.25
b5f37a52-cc8e-40e2-86c9-d48d43ad8964,O4509,P17,1,165.71
b600fac4-d20e-42ae-b3d6-512c132c8383,O4510,P26,3,251.1
82f74b46-c2ea-4484-bbda-f69051e22af4,O4511,P49,3,16.6
ee3936d3-4ab8-410a-b5fb-4bc2aecf44fa,O4511,P22,1,315.67
b7a8e7a2-c76a-4cdd-865b-603b78f223ad,O4511,P31,2,92.64
4a139063-585d-498b-946b-d0bc9c1a6f43,O4512,P20,2,322.96
43a3ef51-e955-4f59-90ba-c296955fe380,O4512,P38,2,28.25
6575ef44-b83d-453e-82c8-b94c209b8d18,O4512,P9,2,114.1
c89907c7-4336-4711-9078-c55876b5b8dc,O4512,P37,2,344.86
a93973c2-151b-4284-b788-4d593ce03a45,O4513,P38,3,28.25
0a98d577-4cd7-46d9-b745-30b0725d755d,O4513,P19,3,318.26
1414a184-d62e-4e26-b26c-e9407d460e4c,O4513,P0,1,29.14
3e10b434-52c9-4f06-b1dc-5f2cff340fed,O4514,P9,3,114.1
4f7f9a47-f17d-440d-9873-d197ba35a2f0,O4514,P27,2,329.1
7e514061-cf9b-45bb-aed7-88d0c06e5c2c,O4514,P36,2,229.21
6ebff879-1ba0-4b64-a005-40f4399e2f19,O4514,P48,2,51.12
965e67f7-9d8d-4ab5-adb8-cc460bf80a29,O4515,P25,1,204.24
1e9e1c9b-896e-4333-a733-73eaa77e2ac3,O4515,P12,2,196.5
2c911a4c-ee2a-427a-8a43-601fd15d6cf4,O4515,P42,2,364.27
dc697bf6-7b4d-469b-89f8-c085a0d905a6,O4515,P36,3,229.21
99b67a79-addc-4145-97ac-f07c120b579b,O4516,P45,3,488.83
fcee75cf-8941-4b6c-a806-12ad2abce226,O4516,P28,2,45.74
bb8d7498-a32b-4bc2-9e2d-11c963f852ef,O4516,P6,2,288.13
e457bc2d-20e2-499b-b9ec-8b21a99c2e1d,O4516,P7,3,40.44
7c85d763-f483-4cfd-9614-46ae99bf7f63,O4517,P9,1,114.1
d3b300fb-d871-4b4f-9756-e132b703b9e0,O4517,P40,2,61.97
253738ad-27be-476d-bd2e-e3b43eba30f1,O4517,P16,3,150.17
8fde8774-54b6-4c35-a1c2-3b7fd048426f,O4517,P31,3,92.64
b5d986b4-3e91-433e-83a1-44a2cb79a8e5,O4518,P47,3,397.61
00a2f645-e522-4dbc-bca5-83d83e53e3a7,O4519,P45,2,488.83
4fc0c950-7892-44c6-8c24-4b7095783b8b,O4519,P2,3,153.08
4dd4f776-e2c1-4c94-b6e0-dfe393a52657,O4520,P11,3,422.06
b90223ad-716b-4502-8979-96de8c4454c6,O4521,P11,2,422.06
f0644943-f489-4618-910e-b7fbfe47af29,O4521,P45,2,488.83
7d3f9c53-625e-4cb0-b906-7e0f26cfe719,O4521,P24,3,327.27
90a62a6b-5b1a-4b39-8efa-3011bf3abb35,O4521,P37,2,344.86
1e163804-e3f2-4b9a-bcf1-4445c0a1af87,O4522,P28,2,45.74
f48c1341-9970-4d54-b36b-d47a91560295,O4522,P29,3,495.24
3e078948-24e4-4486-bac0-483b7a04cf1f,O4522,P47,3,397.61
12e65058-8289-41b5-a327-111e7f081907,O4522,P22,3,315.67
016937c4-703e-4d0f-9246-44ac1e675f95,O4523,P29,1,495.24
b8c93f32-e0a7-41b4-a740-e0a6d76a1706,O4523,P49,2,16.6
82368011-63dc-4939-b936-d8523bd46aaa,O4523,P45,2,488.83
78201926-c1a0-4efb-a974-ea749223ab4d,O4524,P32,2,205.58
dbb2f1c0-eb69-4bac-ac41-f80a7e49170b,O4524,P20,3,322.96
90179ec5-0c24-4219-aaf6-b4e1a7548eeb,O4524,P10,3,192.31
1ff0c919-4993-47d2-bce4-d24d3b3feed7,O4524,P33,1,410.57
1f4e3bcd-b217-4769-8fb7-60dc5e45d5db,O4525,P28,3,45.74
260bd422-24b4-444d-b185-24bffe665e2f,O4525,P45,2,488.83
fb273378-6e5b-4cd0-be06-d02ef7534958,O4526,P23,2,218.14
a77a3dc4-d7ea-435c-a44a-7dbb1256f5e1,O4526,P47,1,397.61
3dde12c0-7801-4954-9eb8-64611c274705,O4526,P26,1,251.1
d32a5e5b-a15e-4609-a80f-2d5c718cb92e,O4527,P14,3,30.25
4be8e1a1-6a69-49ae-b1f9-adc6a84d1bc2,O4528,P5,3,428.82
3468b1d1-c2db-49db-b263-2d845bbce5a6,O4528,P21,1,243.54
38f9d7a1-ef98-4315-a0e9-be713313c3b3,O4528,P49,3,16.6
145c7731-c98c-4909-9ba8-baebc7a1003c,O4528,P7,3,40.44
67545a6d-5aa4-42a2-bf90-32c266396f57,O4529,P31,2,92.64
0c0563c9-267a-4b40-9ee0-0f816d1d1eb9,O4529,P19,2,318.26
b3bce914-229b-48b4-81d6-eef73dd6bb5b,O4530,P24,2,327.27
80bac8b6-a1f7-4dfe-9018-3e03f32a5398,O4530,P25,2,204.24
8533a252-2a99-47c8-ace9-3e0b42615396,O4530,P26,1,251.1
be7c6c56-5c20-4b85-94e7-71a6ca63dbcc,O4531,P5,3,428.82
0f40bcbd-47bf-426c-8ca7-28166447e42c,O4532,P33,1,410.57
c2c9ab00-5fcc-4d6e-b6ae-0e4ea3f9d59d,O4533,P40,3,61.97
426798ff-3911-4595-ad2c-279ff30c7b04,O4533,P33,2,410.57
aab421e8-3c4e-404e-9025-51c9aaa46027,O4533,P22,2,315.67
a62df454-fb2c-408f-a0d7-cdf186eec10e,O4534,P32,2,205.58
78c987ac-7572-47ce-97e3-013591036830,O4534,P20,2,322.96
cafd9bbc-581c-4fa1-91a9-592ab23fe44b,O4534,P14,3,30.25
60ff5dc2-c1c0-4dae-9168-b25513c9a0bc,O4534,P18,2,164.27
22c4b6ed-6ab6-40ce-ac50-6c35a2966c08,O4535,P43,2,451.76
25a8ab0e-283d-4809-8381-f45b1780fd5a,O4535,P44,2,165.78
e5359a55-acae-409f-b72f-744b2e4861ec,O4535,P13,2,195.01
bc43f8d9-ae3d-49d3-b73a-43c6eefffec6,O4535,P46,3,297.7
d8e859f5-7190-443e-b368-3ac33ce5b930,O4536,P32,1,205.58
c55aaa56-3b7f-4b40-b612-27fd7339c112,O4537,P13,1,195.01
df7e2590-9f9d-4432-a241-311925bb1b74,O4538,P10,3,192.31
266d2f73-437a-4286-b7dc-29d975379c17,O4538,P46,3,297.7
8c6a905b-74e0-4088-9193-c94e4ad8a8ce,O4538,P47,1,397.61
1925b629-96b4-477b-a801-d49a96d38299,O4538,P9,3,114.1
c86df574-f6d3-4d75-aa5c-505c77e3fdba,O4539,P43,1,451.76
ea0075f4-d86c-4143-bc1c-25635450fbc3,O4539,P11,3,422.06
fdeb9136-204f-46e0-a722-0ca7a1fb05d6,O4539,P42,1,364.27
46358328-b0f6-48bd-814d-70cebe82d88e,O4540,P25,3,204.24
93bfc5b5-d234-489e-a003-5573307abae0,O4540,P6,1,288.13
38366aa5-2195-406e-b456-930a87efa48a,O4540,P9,1,114.1
5995d5df-d220-4ca5-9ea4-7c484472a655,O4540,P17,2,165.71
28cc1d81-a665-4eca-85ed-3ead33c45a4b,O4541,P1,3,386.89
5e3b24db-90ea-4313-af64-380ad00d423f,O4542,P14,2,30.25
788f3175-8a3c-49e1-a6df-c4eac6a1433d,O4543,P26,1,251.1
b903c9f4-20a1-432c-8ebb-87396fb723b4,O4544,P22,1,315.67
3726e1aa-0744-4e08-b926-5cf02cca791b,O4544,P31,3,92.64
577f235a-0183-4367-996b-b46243efc963,O4545,P7,2,40.44
1f92c4ef-c109-43d1-a9ba-19d6cbb7f6e4,O4545,P6,2,288.13
6d72f5f5-818a-4d4e-baad-6c6aa2e4b5ee,O4545,P4,2,428.84
faa10f21-5e93-4dd7-9dd9-aee2c514475a,O4546,P0,1,29.14
606162dd-f022-44a5-b2bc-71d46288bf8c,O4546,P29,3,495.24
a32983e1-4117-40e0-9cd2-01be84d42048,O4547,P48,2,51.12
28622710-423f-49ee-939f-d7834a3fba96,O4547,P22,2,315.67
1bc3d8e5-3690-47fe-ad8b-e8d7fdcff9c8,O4547,P15,3,17.14
b3bc1eaf-2cf8-4d09-b623-bbe944c7f380,O4547,P48,2,51.12
e8b0802f-eb0a-495c-8f87-340c56763f5d,O4548,P34,3,23.19
cfc13926-72c8-4e64-a453-3b7886e7d129,O4548,P7,3,40.44
b1cec463-5e24-42f3-b893-73c5b0dfd30f,O4548,P8,1,13.01
3f75b2d5-2641-499e-9edb-d7e841ad63a2,O4548,P33,2,410.57
b59d6c22-dba6-4b73-b866-ac661f9ee341,O4549,P17,2,165.71
e6714c65-e117-4347-bd76-c2f3dbe5b413,O4550,P10,3,192.31
4d71df00-b8b4-4996-8b0c-1a1f14f582b3,O4550,P22,2,315.67
4d4f4877-6174-4fae-b711-9bb0cf8cfb5f,O4550,P31,3,92.64
699372da-50ec-4188-b1d6-1dc1780eabd6,O4550,P20,2,322.96
5e9c933d-cdf9-4fd0-81e7-77a8c6921fcc,O4551,P47,2,397.61
5d9a6431-a9b9-4f5e-9d4d-810b9ed48846,O4551,P33,1,410.57
7672a80b-91b3-443f-8d76-41a65a25a036,O4551,P36,2,229.21
92193d18-0871-473f-977f-8d04c91ffea9,O4551,P9,1,114.1
1b7ec207-0003-4f84-ae19-b0878d2f17c8,O4552,P48,1,51.12
92e01aa7-5185-4af8-a82b-9404a1ae7460,O4552,P15,2,17.14
7c3d2d32-7adc-4000-8375-f9728abe9086,O4552,P17,1,165.71
6f742a89-c28e-4ec6-b4ac-c99d7fdbb817,O4552,P20,1,322.96
e1b7ea66-c45a-41f9-9937-2644eccbdb87,O4553,P9,1,114.1
094e31e9-de53-442a-aa43-92b4bc8b4fb5,O4553,P26,3,251.1
a558cca9-fead-44ad-8b21-cb0f22d531e5,O4554,P42,1,364.27
e2d01d0e-dc24-4632-9b29-b4ec9b770c94,O4554,P38,1,28.25
b490af74-a26f-4f49-b0e3-dee6a3695249,O4554,P12,1,196.5
c46ab86f-9c2e-4669-b0ef-bb98a651344f,O4555,P27,2,329.1
d46bec38-5239-4345-b173-56bcf5712a96,O4556,P42,2,364.27
c5d7cfe0-10fa-449f-a2d4-af03a2a1359f,O4556,P40,2,61.97
f0e8d53d-bca7-4d78-94e3-450a0f50b92a,O4557,P43,2,451.76
e583019c-4976-47f0-b4e4-3b1019523239,O4557,P10,1,192.31
3b9317ed-a13c-4765-b7fb-7a4a582eb3cf,O4557,P33,3,410.57
3e2e6045-88cc-44a0-91b6-3c09f320162d,O4557,P10,3,192.31
b62f84b0-df87-4339-a616-1625cdd6688e,O4558,P6,2,288.13
263a290d-9ec7-455a-80ab-99b9fd0df45c,O4558,P18,3,164.27
e243841c-93b3-49ef-9e55-899ea024ba3f,O4558,P41,1,227.6
9bc889fb-d959-4b70-9563-df68bbaa9528,O4558,P31,3,92.64
b266a80b-5e25-4e87-bc55-e229182c2ecd,O4559,P29,1,495.24
2296994f-1a35-4a80-a972-b2c205e51ba8,O4559,P16,1,150.17
00fd1a21-c955-425a-a26a-a629e557af03,O4559,P16,1,150.17
02351854-2044-49f9-8be2-74864ad3f0ec,O4559,P37,1,344.86
d799e07d-df7d-4629-a662-a060191ccd8f,O4560,P46,1,297.7
49635a0d-bd29-4a95-9d14-a38ef4c8d662,O4560,P8,3,13.01
027025ea-c468-4c93-9f67-3f8cb1b9d39e,O4560,P23,3,218.14
976df11a-28e5-4270-85ed-8acf4fd11cf9,O4560,P0,2,29.14
755e6c72-6e36-444c-a0bc-516f7b10dae9,O4561,P31,2,92.64
2104c265-f035-4844-a1e9-3be22aa7b324,O4561,P10,1,192.31
3d9351ff-ca77-4fa2-9abf-1c8accd2fe13,O4561,P9,1,114.1
5ddafe85-0532-4f97-8ce0-46db415e81df,O4561,P26,3,251.1
f68feba6-3bd1-4cf0-a653-adab0630cf68,O4562,P36,2,229.21
23ad3eef-f054-4074-ac6a-131be0af7b45,O4562,P15,2,17.14
b3837ec5-20e5-43fe-a971-03a642507db1,O4562,P25,2,204.24
205eb3e8-5641-4b6c-add9-7ac4a7b1a73e,O4563,P16,1,150.17
d2fbc9bc-86d9-4f3a-ae0d-fb81262234b1,O4563,P30,1,469.52
16e9f9a1-8f62-4c7c-8f10-82647fa644f7,O4563,P6,2,288.13
c67353cd-a865-4f03-8ec0-6b3bed5d242b,O4563,P19,1,318.26
0352f543-e5f0-4b49-a2c6-8fc9c182823e,O4564,P8,2,13.01
a43dd958-0576-4c20-9ab8-29517bfda23c,O4565,P48,1,51.12
de79e281-6dd5-4123-93f8-5c3fb196785e,O4565,P25,3,204.24
5c121eba-befa-4b09-a3b9-e5ab41d6a96c,O4566,P29,3,495.24
5c0c2f6e-8331-4bb1-a4ff-a5de8a3df95d,O4567,P11,3,422.06
d3309ed4-33b3-4501-98c0-483564d78886,O4568,P35,3,199.25
e551d30e-b4b8-4795-8e09-1b5e0a501427,O4568,P40,1,61.97
6c404b3b-0e0e-4320-b1ba-9e93ea67cc2b,O4568,P21,3,243.54
ec3e50b6-0ead-4876-8c4d-65d24d95712e,O4568,P5,1,428.82
3b14f79e-0f0b-4dcb-a7a6-45abefca6dbb,O4569,P42,1,364.27
3990ee14-3415-4a4c-9cb6-0f888fac322f,O4569,P30,2,469.52
ff57e645-b9ce-4fe9-a44e-90805bbc12ae,O4570,P49,3,16.6
3638d595-2217-4c09-a1a6-246ccc368ec0,O4570,P48,2,51.12
74002378-fa91-441a-aad7-7ed96223ca58,O4570,P39,1,382.01
0ef95733-be8a-4ae0-bd1d-ee7a3f4d356f,O4571,P8,2,13.01
4a4a6abf-a524-4f9b-9d79-a2c71033dc18,O4572,P29,2,495.24
b31dad16-b265-4bb4-9564-862d0fa4c1e0,O4572,P34,1,23.19
81b40545-ba1c-463b-b39a-f603bdd5ebdd,O4572,P27,3,329.1
bc03e2cc-e75e-4176-b2ba-804181f5a0e8,O4572,P21,3,243.54
b4623ba0-86bf-4a67-8935-292936fefa6b,O4573,P33,2,410.57
3c168f65-037d-4256-bc7f-41504b3296ad,O4573,P14,2,30.25
28ddf207-e7fc-4294-ba3a-bccfbf934ba6,O4573,P39,1,382.01
dc58f6cc-c764-4d91-8efa-82c893b433ef,O4573,P45,2,488.83
6cb8f67f-d709-4b4b-b2c4-269145f3a40e,O4574,P33,3,410.57
01fd348b-21d0-4c76-98a0-8caacd77413b,O4575,P21,2,243.54
60b25a70-1ac8-48dd-8412-7d672724608b,O4576,P16,2,150.17
3d78d095-283f-49b7-bd9b-b51a733e420d,O4576,P0,2,29.14
88f35f99-5ff1-440b-b7f7-d3bfb8022f59,O4576,P13,1,195.01
cf8828ab-8ddf-4fec-953c-3d4538acf23d,O4577,P28,2,45.74
44059f6b-f767-4484-bb80-7b84cde4cc88,O4578,P44,1,165.78
350236bd-33c1-45df-af89-a37eee63e10f,O4579,P11,2,422.06
1dbdb881-8ae4-4d7a-99e5-d9e7e22f29d3,O4579,P49,2,16.6
54184675-77e6-44e9-989f-6cfcacef64f3,O4579,P8,2,13.01
441ef19e-d1ac-4964-9732-9504cfa24661,O4579,P13,3,195.01
80b20f6f-ae92-4860-87ac-959f48b2cfcc,O4580,P3,3,210.16
d01eacad-00c3-4bd7-be72-c92328277b0f,O4580,P45,3,488.83
79f3f303-b871-461e-a375-be0d500fb3af,O4580,P16,3,150.17
f6a04630-25ce-4492-beac-d4fb43605fb6,O4580,P48,3,51.12
0cf63a8c-bd58-410d-bbb2-3a98b0bccda6,O4581,P49,3,16.6
028f4ef3-2605-4293-b69f-942e7fda8e71,O4581,P42,3,364.27
af76dba7-877e-48e5-bc40-bc0072ed7cc4,O4581,P49,3,16.6
95bc43a1-2861-45b8-bfc2-9e1a14097f1e,O4582,P17,2,165.71
5ac8d98c-f858-45c2-82ca-f9c40dcc9fd5,O4583,P8,1,13.01
2e1ef398-db90-4378-925a-2d8e0dc39680,O4583,P23,3,218.14
81d46c93-6369-4dab-9df7-83938f8eb830,O4583,P22,2,315.67
801a6427-c834-4cdb-a3ec-1e72137fd73f,O4584,P46,2,297.7
3fff7d24-6b3e-417c-9158-abe5a57f085b,O4585,P29,3,495.24
8df91a55-fb95-49a1-9703-3d01ad3562fb,O4585,P16,3,150.17
1c93b240-a970-4af5-baec-3196aafa3321,O4586,P29,2,495.24
c4eea284-09b2-4010-a982-f04d66207cfa,O4587,P20,3,322.96
84a7f901-0208-4057-b316-4d38a1ee3dab,O4587,P27,3,329.1
12519942-140f-4cd6-9537-26468a2dc1d4,O4588,P22,3,315.67
b9330198-8d6d-4aba-97d9-44e29e73d93b,O4589,P19,1,318.26
8642ea06-da56-4e71-9274-a4cb6bf41368,O4590,P11,3,422.06
f63b7f71-484f-4b50-8999-e645a440ca34,O4591,P43,2,451.76
8e3ce05e-d479-4468-acf4-354a9af023c0,O4591,P5,3,428.82
a1e4005c-5c0d-4bf7-8304-ed6478e37e74,O4591,P33,1,410.57
d687b1c1-ed79-47c6-b3ed-e33e05c245ed,O4591,P7,1,40.44
c1b6cb7a-9bd5-4378-b045-b110da5e5728,O4592,P22,3,315.67
f3b2afc3-59f7-4ebe-b648-d0489feccd60,O4593,P27,1,329.1
b6a870a6-a4af-45b8-aa12-82dc824010c0,O4594,P31,3,92.64
120b2351-6b86-4cb1-9eb8-685a02490efb,O4594,P46,3,297.7
b0ae0fd6-5be3-4cac-b01f-32a2f7d747b2,O4594,P41,3,227.6
2ce95c22-842d-4f5e-bb28-9e0f0a61d49c,O4594,P39,3,382.01
6a863e7d-73d1-4832-88a2-d8c4f7abedd1,O4595,P39,1,382.01
27cb0c83-a53a-4148-8282-2a7cafc9856c,O4595,P15,3,17.14
595375b3-41b1-4d27-a3ea-cefd415024a4,O4596,P23,1,218.14
0f8d0365-8640-4c53-ad2c-88e3161f3e48,O4596,P5,2,428.82
ee4b2e0c-821e-4df5-bcf9-a90357eb9bc0,O4596,P40,2,61.97
8dab9ecb-34e6-4b44-ab35-fd2a664c8e74,O4596,P8,3,13.01
ecd1d4ea-10ac-4655-a179-9660b4101707,O4597,P35,3,199.25
3021c2f2-6b62-4f5d-b2ef-f4aa324cc647,O4598,P21,1,243.54
585eff08-3a17-4c5f-990c-f6b7aeb4ccf3,O4599,P42,2,364.27
3c539b61-3350-472b-83e4-42258344f075,O4599,P43,1,451.76
d4869d0b-5749-48c8-bf73-afe3f50e113b,O4599,P21,3,243.54
eb2d53e3-e4b5-416d-95ae-5d106b8f52cc,O4600,P48,2,51.12
8f785cfb-2f44-4384-8d9c-7c811cadd602,O4600,P43,2,451.76
2c08f4ae-6219-4ec1-854c-5e3e10d76d36,O4600,P1,2,386.89
42ad8a24-bbd2-4b44-a811-33292da59054,O4600,P5,3,428.82
d58c143c-2b36-43f0-b587-d5837df8728c,O4601,P29,1,495.24
783d2d55-7fbe-49ca-978f-730f4ffce701,O4601,P12,2,196.5
13f4d769-b378-41ca-8e01-d0137a0cc75d,O4601,P39,3,382.01
f2a85780-6d00-492c-a860-95d5765c9239,O4602,P2,2,153.08
817543af-3127-49f5-a541-9f8171c7bba8,O4603,P44,3,165.78
fe74e816-fa7b-4cc8-a964-0b4bfd650060,O4603,P20,1,322.96
ef5cf631-67de-4498-9f3e-10ed3de3b14c,O4603,P39,3,382.01
3383b088-3616-43fd-b6b4-56b075840842,O4604,P41,3,227.6
1e6ca83b-0829-4dda-94ad-eecdc4467bf4,O4604,P17,2,165.71
f9665a75-f591-4d97-8d64-005f68a67a31,O4604,P0,2,29.14
842c535f-e609-42e5-9ac5-faf76768dbf8,O4605,P28,1,45.74
78a175d6-b50c-4a83-bdc2-e5162b2c8d21,O4606,P43,3,451.76
434addde-f7ad-4b0b-997f-664f03e50ced,O4606,P14,3,30.25
22420750-b609-424a-8619-131fdc25af11,O4607,P43,3,451.76
da8d6899-3360-4a34-afad-2222f4ed7c60,O4608,P26,1,251.1
1852ba18-7bd9-4b9f-9b72-4091e083d66c,O4608,P15,1,17.14
303e8a85-d077-42e7-bfef-44aa5034202c,O4609,P31,1,92.64
61779600-c639-4bd2-b0cd-ca280f6932c6,O4609,P7,1,40.44
9451948e-835d-4fb9-8bb7-59086e2e39bb,O4609,P14,3,30.25
91e1a2c9-17cc-4bb9-92e6-72e0c0aefd42,O4610,P2,2,153.08
f7b4d5e3-f9c3-4d6c-a275-f31640daa33d,O4610,P20,3,322.96
e32f5354-d3f0-41b6-b2aa-d82433c31e2d,O4611,P0,3,29.14
c5dbd842-a967-403b-b2f4-553c2f810fbc,O4611,P38,2,28.25
e4173050-72cb-4790-b9bd-4c5d75b4bf7e,O4611,P13,2,195.01
3c2bb695-a321-4333-ad1f-762fb0668593,O4611,P2,1,153.08
f40df8d4-f6d3-495e-875a-ff94ac61f16f,O4612,P36,1,229.21
57f9c310-8a9b-4260-8059-445465d35b26,O4612,P10,1,192.31
a100d434-50bf-4798-82cc-fcf20ce6e2ed,O4613,P11,2,422.06
72b47168-e037-4ea1-b4f6-31260519685d,O4613,P25,3,204.24
7dd11826-4901-4b3d-8a0a-391a7ff9580a,O4613,P8,1,13.01
05d7aaa7-47a8-4dcb-a59b-f8cf083e9905,O4613,P13,2,195.01
c4819b5a-eec5-4309-b440-f2e904cd980b,O4614,P39,2,382.01
51721e8a-b207-4aec-b13e-e77c983c1416,O4615,P26,2,251.1
27bfb3de-f61a-4788-b7cc-2fd539a24dc5,O4615,P30,3,469.52
2ee6441d-6069-43bb-8235-2ee748d4e571,O4615,P36,1,229.21
2d09bc62-7018-4144-83b1-a2ecb1f0f9dc,O4616,P21,3,243.54
72a829c6-2cd5-4a60-b57f-3172989d43d2,O4616,P10,1,192.31
99378c9c-c8c9-4852-a7bf-0b7d9a3113fb,O4617,P12,1,196.5
07540179-2393-4384-8f05-9190d4240091,O4617,P8,1,13.01
42a7cef3-3db3-4739-a8dd-0222d2d1688e,O4617,P20,1,322.96
6b9b921b-b832-4ce6-acea-cbf5ccfe888d,O4618,P43,2,451.76
61c4e019-d4c9-4ac9-adf1-6b5b7ea43dfe,O4618,P19,2,318.26
bd79344b-362a-45da-a8a2-5a10d43eb2ee,O4618,P36,1,229.21
e034c455-cf90-43c8-afc6-3fa8e408decc,O4618,P23,1,218.14
f4a976c8-863d-481e-b223-8089bdbe8902,O4619,P38,3,28.25
d92901f9-5399-4a3d-bcb1-c3fbc8d9590d,O4619,P39,3,382.01
1d024a8a-fe27-4f3f-a0c5-7a2a9f4d6501,O4619,P39,1,382.01
21d0c912-6ab6-4bbf-9119-920ac41598ba,O4620,P8,3,13.01
844b089d-251e-4288-9ac8-b7e99af5d8ba,O4620,P49,1,16.6
55dc479f-8e5d-4767-9908-be9ec6d0e7fe,O4620,P35,1,199.25
1e7cf44d-35d6-4460-954f-27a861368169,O4620,P21,2,243.54
d01feed4-182d-4300-91cd-79536b8e536b,O4621,P25,2,204.24
ffabaebe-ebdd-4e19-8012-c742502b72ef,O4622,P20,2,322.96
c1b8907a-d3d9-4bb9-8310-ca442361b0d8,O4623,P32,3,205.58
9f36ce81-ff99-489e-b8b4-355d0425213f,O4623,P10,1,192.31
fad2e112-21f5-4750-9d2d-ddf0cc40113d,O4624,P16,2,150.17
51f754ee-c780-4160-83e9-630bccd63894,O4625,P38,2,28.25
9191f579-18cd-45e1-a0c9-061c5a80075a,O4625,P34,2,23.19
34d04dc2-e2da-4d25-9d48-09392092c556,O4625,P29,3,495.24
278d8daf-c4f0-4794-a749-d38082f047a9,O4625,P1,3,386.89
a985bddd-2599-4ac3-8fc3-785b589bfa72,O4626,P0,1,29.14
9ee10d65-a3d6-4662-8d15-760d7ff242db,O4626,P30,2,469.52
62b18730-b2e4-453f-a288-778f8a54d632,O4626,P18,1,164.27
8856b4ce-7efd-467a-8627-13c967f4747a,O4626,P1,3,386.89
a9225322-3861-4802-a630-5170f90f317d,O4627,P16,2,150.17
7890e023-f25d-4c5e-bdf6-99802cdb9543,O4628,P42,1,364.27
37278724-e848-4fec-849f-933d79bf9c80,O4629,P39,2,382.01
143158fc-f802-450f-a894-566f6d0d1ac9,O4630,P45,1,488.83
83da0426-d809-4338-8d6f-828d1c067135,O4631,P34,3,23.19
503ed265-9e71-42a9-9b4d-ded7b1e8cb12,O4631,P48,1,51.12
f86b8776-b23b-4c45-914f-aed0ccc5fe77,O4631,P49,3,16.6
943f41d8-465a-45ae-abcf-4726d69dd567,O4632,P42,1,364.27
18bac1e6-6f8d-42f4-87c0-c0babb235db1,O4632,P49,2,16.6
f2e67f79-45de-47c2-8dff-2ab2556f8a53,O4632,P28,3,45.74
5ab589db-a5f8-4922-b3d9-8da5b2b30236,O4633,P48,2,51.12
cb072d16-6bdc-44e9-8bd0-0e01eeb0a5d0,O4633,P22,1,315.67
65fee6db-f054-4fcc-9515-d04bebf47021,O4633,P40,2,61.97
0a7fdee3-345f-4f5b-8b36-6d8b792d2f35,O4634,P29,3,495.24
9f19f00e-9ccb-440f-805b-f3eb990e45bb,O4634,P3,3,210.16
567e5a09-0d8a-4519-87ca-933b8c3a4eaf,O4634,P22,3,315.67
5b36262e-bae1-4eb2-89f4-d38d5342e100,O4635,P19,1,318.26
c351bbf3-d536-49a4-9c9e-cc2233e2afa0,O4635,P18,2,164.27
d808a680-ad24-4adb-bf2e-53de56ae10e2,O4635,P41,3,227.6
e6190f8b-272f-4e88-b416-51179562e874,O4635,P10,1,192.31
89041ff6-d668-493b-8850-f1322994ba1a,O4636,P0,3,29.14
85947df5-5582-4470-b2e1-27f3d7774faf,O4636,P14,3,30.25
884e15b2-d53d-4a70-8a3e-44b6b39cd497,O4636,P41,3,227.6
9c945934-092b-45a0-810d-72cf07fc080d,O4636,P33,2,410.57
f733d53a-3133-4bb7-92d6-5840c4a1c6d8,O4637,P13,3,195.01
baa86526-9c00-451b-913a-e42cc776f5ac,O4637,P36,2,229.21
a0d2ba67-612e-440f-9125-de9858a96273,O4637,P15,1,17.14
12c1ed53-063c-4064-9bcc-b773d80960ff,O4638,P39,2,382.01
f1f8cd86-3c38-4831-8769-ee38709ee5e2,O4639,P34,2,23.19
12dbfb95-962a-444e-97ee-de78da77eb43,O4639,P11,1,422.06
e94c1f88-37e5-4dbc-96e8-5684ad76a0b4,O4639,P36,3,229.21
fe2b6d5a-b5de-4a3d-989e-1157b40c25ac,O4640,P0,1,29.14
dd4823d9-5b2a-4fcc-8d76-7eec30d30dda,O4640,P45,3,488.83
f5bdbd99-ba30-4e41-990b-40e587818281,O4640,P11,1,422.06
bea4e349-7994-4615-bae2-717f2cc3ef3e,O4640,P29,3,495.24
0e8ab71c-ae19-44fe-809a-2e52e7a581a3,O4641,P48,1,51.12
204bdb85-6746-4761-9691-5fc5caae13e2,O4641,P0,2,29.14
d586ef32-f16a-40c2-a612-4fdde729f00a,O4641,P19,2,318.26
6e3046bf-f6ed-4e26-a621-a4ed0572c37a,O4642,P2,1,153.08
8d172b5f-ffe4-4d16-ae3b-13ad88304560,O4643,P1,2,386.89
66434955-d812-40f0-8b8c-0a830c104ae9,O4643,P26,1,251.1
163cf07d-0f95-478e-ba2f-a7c9c98b42f5,O4643,P35,2,199.25
83d85159-0223-489c-aefe-03e896d9e6d8,O4644,P22,2,315.67
34159821-88cd-4416-a2da-71bd7494c690,O4644,P17,2,165.71
c3695492-a99a-46c2-bd15-3d6f96e7179f,O4645,P30,3,469.52
ef08f946-137c-45bb-a680-6dc6373cbe6d,O4646,P9,3,114.1
4dfe25b9-2b2b-4ed2-9254-749d65865ecc,O4647,P31,2,92.64
e38ae3cc-babd-4082-a6fe-5b6c904f5059,O4648,P16,1,150.17
e6df5d89-450f-4a30-885f-79094b564bb8,O4649,P32,2,205.58
d16b5b97-7776-4378-80f2-0c3d39478ac8,O4649,P39,2,382.01
16dcf841-02ef-486a-ba98-b3c4593eec80,O4650,P22,2,315.67
a34b938d-dc05-476f-9ab7-859a861c18d6,O4650,P44,3,165.78
63a87941-04c3-431d-9b33-3424951bbed9,O4650,P35,3,199.25
117e343f-0655-47dd-85d8-cace1f5094be,O4651,P10,3,192.31
74765b20-68c1-4743-b073-5012552c4876,O4651,P42,1,364.27
0b89d99d-adaa-4ee9-9568-f97f24127f12,O4652,P46,1,297.7
3a99cdf8-40be-4f3b-8c87-006337845f2d,O4652,P39,1,382.01
1eec083e-4d34-409d-b3e9-9418081a890d,O4652,P6,1,288.13
ea16bca1-d682-44be-8a18-c8a470b77c9d,O4653,P42,2,364.27
9ff0ef2d-c0bb-4227-87b6-90434975a35e,O4654,P43,3,451.76
eb9c05dc-d200-486c-a0c9-019f6420342b,O4654,P14,2,30.25
f2acb5fa-6d32-4c2e-b906-c626599d342e,O4654,P4,3,428.84
f38e8f4d-a81b-4d3a-891d-b34c5f279b9b,O4655,P39,2,382.01
1979b7b8-911d-4c76-b90a-13a38671eea1,O4656,P23,1,218.14
edc9be98-cedf-4942-866d-e140371b641f,O4656,P45,1,488.83
42b2ce2e-b394-49c7-8539-64e970aec5a2,O4656,P27,1,329.1
f435fe4c-f89f-48e5-82e9-06340f3782e2,O4656,P27,2,329.1
e4522d9f-aa55-495c-879a-389291e29ab3,O4657,P40,3,61.97
6c832593-2105-423e-9f02-d9acb562c61f,O4657,P22,1,315.67
56eed682-1188-43dd-8c65-9bba0c132cd1,O4658,P29,3,495.24
b44be6bc-ae9c-4deb-ae52-46dda8d3f3d0,O4658,P23,3,218.14
5a920a88-8325-4f4a-8d97-4e9790d49c41,O4658,P36,1,229.21
7cf9338f-74c1-47b8-abb3-9036d03769e0,O4658,P31,2,92.64
9043ed75-4aee-4897-94d7-0aff28cc7ea6,O4659,P43,2,451.76
151159a7-7ab8-42a0-ab71-811d38edbfc4,O4660,P2,1,153.08
a8fcd858-b2fa-4082-816a-a9e2e91d0d09,O4661,P48,3,51.12
b9328fa7-edee-47b3-b13e-b966798b0b52,O4661,P43,2,451.76
f2536160-1465-4a89-b9c1-39322a8ab5f2,O4662,P1,2,386.89
5508cb4a-6ced-4953-bc63-66c2e11f3362,O4662,P20,3,322.96
4787017d-2881-40fb-9d97-be3fbf221332,O4662,P0,1,29.14
7dba2303-76b4-4736-a961-9393b31caad6,O4662,P30,2,469.52
a5862a6a-a3e3-4f41-a845-329a799fa4cc,O4663,P8,2,13.01
49fb5be6-7968-460f-94c6-2154c3f97aaf,O4663,P34,3,23.19
27bfda31-1a62-43ed-b325-7c3299fe1e31,O4664,P45,3,488.83
d1b1eb86-829f-42b9-a3bb-87ce36829121,O4664,P41,1,227.6
cadcae3b-4ea7-4657-9348-1b49747d72ce,O4664,P44,2,165.78
2ee85f26-9247-4cc8-b7dd-b40cc039cfe3,O4665,P0,3,29.14
5408907a-b272-409b-b41f-1f4f10a48ac8,O4665,P43,3,451.76
f63269ff-cc38-4803-a709-e7e1a18f37ee,O4665,P18,2,164.27
99b78404-8b68-45ca-b210-09a121d333b6,O4666,P1,2,386.89
dd267399-89ba-444e-a3ca-ef954231e594,O4666,P27,3,329.1
d0a01352-7026-4927-9ef9-291642f1baad,O4666,P19,2,318.26
3d1569f3-3a86-4a39-8025-1eafda9bcc23,O4667,P27,1,329.1
f560edf7-7e19-413c-b787-1c4aa1602506,O4667,P11,3,422.06
2190315c-ad79-4dc7-9fd9-b0e4454eca03,O4667,P46,2,297.7
2cc83ebb-51a1-4107-8f4c-58783612a647,O4668,P9,3,114.1
332b63b2-f8c1-4b53-bd45-5729e0000242,O4668,P20,1,322.96
0cdda1ba-d1b6-4ae4-914d-3b4574e5ac19,O4668,P27,1,329.1
b7dc5981-2346-4719-a906-ac14bc70cd4f,O4668,P0,2,29.14
0c0ce484-a42c-4bd9-be21-b9e9eeab4333,O4669,P11,3,422.06
78281820-eda6-44d4-b3c7-d13c48cfc74b,O4669,P21,1,243.54
7e6f10e1-cbdc-48e0-9126-ec543871b97c,O4669,P29,2,495.24
f6df9426-7a0b-402c-8d2b-fe5d4b99b123,O4670,P30,2,469.52
03baf7ae-d5c1-4bc9-b42a-3fbb874e0d68,O4670,P28,3,45.74
9efd6397-e494-458d-a0cc-e027f34a3740,O4670,P13,1,195.01
6b754a29-e4d3-4fa3-a419-1591d477d30f,O4670,P33,3,410.57
0753c874-17ec-4ce2-a9df-5ea4b49908ca,O4671,P38,2,28.25
dd89e92a-805e-42e7-881b-782318a8b12e,O4671,P23,3,218.14
133d9797-5713-4817-a2d2-bf275351a342,O4672,P33,3,410.57
63c39682-723b-4a02-936f-cb914739d4eb,O4673,P35,1,199.25
48d951ff-3602-41ad-be90-87db1a2ffcc8,O4673,P40,1,61.97
bd876032-4615-4de9-b24d-ae45798c7d01,O4673,P12,3,196.5
59570dfe-d3b7-4f5c-8441-95541d087e62,O4674,P8,3,13.01
d0d72810-1c66-4101-ba89-56dac08ca5ef,O4674,P48,1,51.12
fb8efed3-13be-42f0-814d-0632fea9c3c8,O4674,P4,2,428.84
060b518d-f682-4a6e-8c3d-e700899a65dd,O4674,P49,1,16.6
07e8296b-01b5-44fa-8dca-e50fdc3c855c,O4675,P2,2,153.08
1b3f4466-f8cf-4623-b281-eab9aa965ca9,O4676,P28,1,45.74
6ad9930e-0611-4a22-9e29-bc4245e5bef6,O4677,P20,3,322.96
b8bb315e-0eae-4676-af99-90c136c61793,O4677,P28,3,45.74
b2ca9b91-3e8f-4cae-9d38-f0600c30d169,O4677,P5,1,428.82
6fcc1a36-97f2-4276-8468-aa11d7d684e2,O4678,P33,2,410.57
7c7f1eac-1818-4ca4-935a-27a4b064f92a,O4678,P4,3,428.84
2d7f5d91-6884-4594-ba5c-dd40aed71e87,O4679,P30,3,469.52
8e02a051-7d83-4e49-8b78-0e2825e30955,O4679,P33,3,410.57
f5d7ed4b-33e2-4313-b44c-cea2af32387a,O4680,P9,3,114.1
4023cb3c-8da1-4bca-82b6-92825aa2fcf7,O4680,P18,1,164.27
bba77927-48ef-4a05-854d-ac77a3aaa4a3,O4680,P46,3,297.7
85e54ea6-c0c7-4fab-a05a-2a7ffe2c2066,O4681,P22,1,315.67
0475de0d-1c7b-4fce-97bf-0a575f07cd9b,O4681,P34,3,23.19
57d30696-95d8-4545-8e3a-a15b06f63e56,O4681,P26,3,251.1
dd2be414-172b-47cd-bfc6-9295339ffb25,O4682,P6,1,288.13
bb13ca56-f929-405a-9f94-3765ba5133c2,O4682,P16,1,150.17
7d15bba5-ccea-46e5-bdd4-b880c387041b,O4682,P48,3,51.12
4ec5cfba-a16f-482c-b661-2f69d4043e5f,O4682,P30,3,469.52
9bd3a531-4abb-43c3-9234-87f33f147873,O4683,P8,1,13.01
47a99bef-14b9-48c3-a306-4fdbaf3c6cd5,O4683,P15,1,17.14
af5d0495-e94a-4126-a799-4d99a4f18e15,O4684,P47,3,397.61
e6233f8f-83e5-4597-a782-76cb126bb9dc,O4684,P25,2,204.24
a0781bda-4dfd-469d-bde7-6b253f63e99b,O4685,P47,3,397.61
e00d0a6e-4f71-4505-9d89-53792f3d7f59,O4685,P11,3,422.06
9ada99bc-e57f-47c1-808d-a4455f20c986,O4685,P42,3,364.27
92549fbc-36ae-4c4e-944c-b46ec79c5e88,O4686,P27,3,329.1
fc081bd1-76ae-45d7-8c96-047073217ba3,O4686,P27,3,329.1
2f1dc84a-8570-498e-9ff5-300dc8ef0250,O4687,P47,3,397.61
aa848cf8-1ec3-46c9-a918-6265c9839103,O4687,P3,3,210.16
ff00f28e-d900-44c6-8f98-0b4a50dbade2,O4688,P28,3,45.74
c630d60d-2b1b-4d0c-88fc-df80789df594,O4688,P31,1,92.64
f230673d-d130-42f6-b361-64ffb5a60330,O4688,P6,3,288.13
7640ffbe-3a6f-40aa-8bac-931a620a80b3,O4688,P23,1,218.14
ae3ba614-7765-408d-871f-b43df1eeef6c,O4689,P20,3,322.96
757780fd-fc7f-4501-8631-f441e50b6ff9,O4689,P46,2,297.7
44adb973-b480-4b3e-ab7c-77221e5fb129,O4689,P22,1,315.67
1201137a-3a7c-41c9-a7cd-ee1b4ddf91ab,O4690,P5,2,428.82
73f989ae-c99a-4a25-8830-348f32025540,O4690,P40,1,61.97
8f744412-41ac-4ef9-b233-a6e6879d2692,O4690,P34,2,23.19
398afc29-56d8-434d-9dc7-07670916bd5a,O4690,P27,2,329.1
5c6778ce-5f0b-4f2b-a417-53d5512e5af1,O4691,P32,1,205.58
b5f0bbb5-40e0-463d-9a85-dbc95d8d12f3,O4691,P38,3,28.25
56d00f15-17e9-4e93-b2e1-e65112a41a52,O4692,P24,2,327.27
f011c96b-86e3-4090-9c81-3f843d40808a,O4692,P18,2,164.27
9e6e76aa-ee1a-441b-8781-72920f590ec0,O4692,P30,3,469.52
a2481857-65e3-4c3a-a026-763bc07ce109,O4693,P37,1,344.86
882a85bb-88b9-4c25-89ea-b036c48fb65a,O4693,P45,1,488.83
08443a03-40cb-48d7-8bff-0144501c8b4e,O4693,P47,3,397.61
c09646cd-17e6-4741-88e6-84b9e9867054,O4694,P34,2,23.19
1dc77a45-1e69-4e9a-8d5d-8dbc5cf7541e,O4694,P13,2,195.01
a9c68c34-af22-4763-9c8b-f1801057af50,O4694,P32,1,205.58
c1db8c69-cf64-4f11-ae84-e7280ebe1a7e,O4694,P32,3,205.58
d0383977-15d7-4de0-ad8e-25bd8b9e05c9,O4695,P34,1,23.19
2b995d5d-0cc4-41b9-bf8e-3d255fae1664,O4695,P23,2,218.14
54bf5c7c-5ec1-4082-bc20-43a353b7b6e1,O4695,P5,2,428.82
0cfe6189-3e78-4f20-9c3d-250dbfcbef05,O4695,P22,1,315.67
95c6f4d0-efa4-4a62-8c33-34e6fd26edf6,O4696,P44,2,165.78
adefab62-ddf4-485c-b3ae-15fb5191e137,O4696,P2,2,153.08
5ae6bc2d-6e5b-4d21-8ec1-763eae6b7f92,O4696,P23,3,218.14
21557b89-3cc1-4612-be88-7c6fb95f602a,O4696,P46,2,297.7
a4b12d4a-3026-4162-a6fa-0e3bce8dd4a1,O4697,P5,1,428.82
a37b50dd-fad4-49a9-9a3b-4b5b076478c7,O4698,P28,3,45.74
90144386-ea3b-4075-8fda-c768c36a76a7,O4698,P41,2,227.6
cbfc6caa-d721-4afd-97c1-7d78e988fa8f,O4698,P2,3,153.08
eefd732c-b57d-4a48-9e50-063993155082,O4698,P7,2,40.44
7f9b4387-3d4a-4285-ab71-275ca45fcec7,O4699,P22,3,315.67
01e174da-ba11-4981-b8d7-16a2ae40917f,O4700,P40,1,61.97
544744da-b657-4ea7-9121-ef602b2cd5d7,O4700,P8,3,13.01
a236ef63-ddf5-4aba-83d4-8bc413771bb5,O4700,P10,2,192.31
7704faf4-2a20-46fc-84a0-f09a8b099c2c,O4700,P36,2,229.21
400f1eb6-dcf5-4c7e-8940-3c0faff1fe91,O4701,P45,3,488.83
a13e49a0-c870-4e8e-b9da-843b61cbff8e,O4701,P13,2,195.01
e6802b94-a00f-4423-af20-bcfe5fe8bde9,O4701,P46,3,297.7
9a2b3438-2c45-4181-86b9-09005f5ede01,O4702,P13,2,195.01
c64cf388-eec2-452d-a6f2-773eed34fecf,O4702,P12,1,196.5
73a2cf12-43bc-4a68-9d09-e03e847e2711,O4703,P27,3,329.1
5e2e0d78-b184-4f8d-8a15-686d7f1492fa,O4703,P17,1,165.71
2562dea8-af03-46db-8c8e-e99013b2df61,O4703,P32,1,205.58
6dc755cd-ddf9-44bd-92f1-a42c9d45c4ab,O4704,P41,1,227.6
0105c95c-b377-4372-89de-54a606b4bc88,O4704,P20,2,322.96
c7aa82da-30c8-4d6f-aa6c-7bfe3aeb33c9,O4704,P40,1,61.97
e15ea2eb-1ad8-4de2-8b6e-9006bdb24fa8,O4704,P47,2,397.61
5f043570-ed7f-43e4-bfc1-14475b741eac,O4705,P0,2,29.14
d6b6e1de-643b-4ab0-a9c0-455e9e549155,O4705,P31,1,92.64
5df1de89-e40f-4f85-8d58-8f7f92e428fa,O4705,P32,1,205.58
e2bbfe96-498a-4ed8-98e2-c94dd8bd8341,O4706,P20,3,322.96
4e227884-82a9-4cba-8565-ad89318cdc2f,O4706,P20,2,322.96
111e395b-4515-4c12-ad62-0deb23042d71,O4707,P34,1,23.19
b1d90da9-283e-4718-ae28-6b22d01daf29,O4707,P26,1,251.1
10febfc0-33fe-48e3-b39e-f2feed1d71ce,O4707,P35,1,199.25
63d61308-f7fe-4d43-9526-69aa3b2eca23,O4707,P34,3,23.19
16087740-edd3-4ec1-b5bf-0f27ce87ba51,O4708,P29,3,495.24
524ed591-250d-4462-9935-163e21019928,O4708,P6,2,288.13
f8d6597e-ecbf-428b-93ed-bc9d172f65a4,O4708,P36,2,229.21
6ce1d162-4e52-46bb-a787-3ba3d9308ad4,O4709,P13,3,195.01
ebe1a0a2-ab4d-4933-afd3-12a5bfb05ca7,O4710,P0,3,29.14
5a4e1138-94df-41fe-bfc9-81a8b5f62cd3,O4711,P25,1,204.24
024fbd42-2ac5-4f74-9b8f-3b05e0f6e235,O4711,P17,3,165.71
8fee4351-211e-4ea6-838a-0aeab5103c32,O4711,P1,2,386.89
ed01c0b7-4a48-4b6e-bac2-52afc6a616d6,O4711,P30,1,469.52
54bb1fd8-2171-4ddb-9692-efbd7ce1726f,O4712,P20,2,322.96
9dfca9fe-a7e7-4dd6-9f92-eee7bfe83984,O4712,P22,3,315.67
012bb2d6-08ad-439d-ab5b-27cc5396d12e,O4713,P29,1,495.24
774e7b57-139e-4923-a579-ef6f0a17892d,O4713,P17,2,165.71
f67b0bb5-aadf-4d64-b241-4e64c71af16e,O4713,P37,3,344.86
12c40837-7933-4c0d-88e6-de29aceb177d,O4713,P33,3,410.57
d1924e0b-9691-475c-91f4-d9901d801d78,O4714,P3,2,210.16
41871e53-3af6-4e28-baff-faeb17267814,O4714,P18,1,164.27
1ce360ad-8800-43c3-b6cd-f76486fc21a7,O4714,P42,3,364.27
85e361cd-0049-4475-8898-c8950abab7dd,O4715,P22,2,315.67
68889ad1-fcc4-4ad5-9393-04245dabefd5,O4716,P49,1,16.6
0e072935-a1e5-4b32-9424-5a36fd2fba0d,O4716,P12,1,196.5
fb8abc2b-d1e3-4e75-8eac-2f03233330e2,O4717,P37,3,344.86
015e3f23-e8a3-4871-be3c-9cca34819f6a,O4718,P27,1,329.1
b62abf1a-7ef8-4f54-8436-ad32271afd43,O4718,P3,3,210.16
b52bbdd6-b1b7-4ecc-a981-2ffac279b28d,O4719,P29,3,495.24
9a912d74-994c-433c-be6a-d0392abf670a,O4719,P48,1,51.12
8a037963-e090-460f-a8e7-9b2f9ab20c0d,O4719,P13,2,195.01
214ffc2f-ae9a-4ba2-8e6d-c063cb890253,O4720,P23,3,218.14
b012ec35-6852-4ae1-b898-e01997205573,O4720,P47,3,397.61
85781138-c370-4a85-9de3-a2986e81f7ad,O4721,P17,2,165.71
fd63d52f-c039-4d18-ae49-18a603aa0a35,O4721,P15,2,17.14
981407a3-7c1e-4a40-98d6-a418b89fa71a,O4721,P29,2,495.24
e12c04ff-8173-438b-b193-e7ee58374c43,O4722,P37,1,344.86
abe7466e-4aa5-496d-996e-775ff6e3bd9d,O4722,P0,1,29.14
a3ce1c64-6667-4139-b1d7-449771742751,O4722,P20,1,322.96
b002e2a2-b62c-4402-9475-cbe3b42f4d9d,O4722,P19,1,318.26
6c4fc4c7-5f4d-4ad6-82e2-073d21a6f1e7,O4723,P19,2,318.26
47cc056c-d5ca-48a0-857f-d70c305c38c1,O4723,P12,2,196.5
1f87ea36-3928-4f5f-a67a-b6ae9224b9cc,O4723,P46,1,297.7
f37dd016-1737-4842-a4af-e0ac95685fe9,O4723,P15,1,17.14
aa817f81-2f34-4244-9fa2-ba707293d4f5,O4724,P38,1,28.25
b7059956-26dc-4e93-a8c6-536b1c2a3863,O4725,P49,2,16.6
83ee2b1e-9a77-49bb-8eb3-da0563021068,O4725,P16,1,150.17
50982f34-20b1-4011-8825-392cfc5aa0b0,O4726,P1,2,386.89
bb71d620-7c5b-4f5f-8bf1-db4e6d4513fd,O4726,P38,2,28.25
62b76037-37fd-41ad-b8b9-d3cc333f9015,O4726,P13,2,195.01
7ece1232-e78e-4821-bc46-54e1adc5c137,O4726,P38,1,28.25
ed3050c8-cc01-4bbf-b735-f6396ad99e52,O4727,P11,1,422.06
ccdbd30f-a650-40b0-8e8c-bccf1db1b37d,O4727,P15,1,17.14
8129acab-124f-4bdd-af35-cdf190f4025d,O4727,P29,1,495.24
14f4aace-0a18-4bfb-95c1-ad2192222bea,O4728,P45,1,488.83
9340409c-57d6-486d-bd74-50fb5a53ecf9,O4728,P28,1,45.74
bc542865-bfd3-4ba5-bde9-753ed934fb97,O4729,P3,3,210.16
01ffa5ee-3b81-4686-9f36-a958709e7c56,O4729,P40,1,61.97
8d687351-7b65-469f-aa41-1a0213a42fa1,O4730,P28,2,45.74
fadb4415-5c97-46b7-b045-75750a1870cd,O4730,P25,1,204.24
a7adfe80-c06c-464a-9906-d19d9e14a126,O4730,P37,2,344.86
78f442b4-fa0f-47f8-adf0-b9c65ff28291,O4731,P47,2,397.61
1eb10ef2-f385-490e-b8bf-1c58640a688e,O4732,P34,2,23.19
563908cf-98db-4214-a839-51d56d9e4fea,O4733,P25,1,204.24
59708bb8-e1a0-4727-b3a8-1d1445190d6f,O4733,P49,1,16.6
234f3a85-e98e-4222-9155-65f07a1e6aa3,O4733,P25,1,204.24
87c794e4-7435-46be-a96a-05156a771fb7,O4734,P25,3,204.24
22eda16d-2a14-4bda-88f2-98d7756f0633,O4734,P20,1,322.96
8d7c3e26-4534-41ef-b281-2dca8ec277c6,O4735,P15,3,17.14
3758f686-e026-4aea-a281-815406397f94,O4735,P11,1,422.06
f4412eff-3956-4936-8312-11100b9c7d1a,O4736,P6,3,288.13
37384d3e-12b0-4cdc-9c1d-d486012d451b,O4736,P10,2,192.31
dc0981e1-a2be-4962-8bec-a6c252b60ba0,O4736,P0,2,29.14
7c44d9e0-951e-4728-bdbf-01ee85a83f57,O4737,P2,1,153.08
bed310a3-953f-4a34-bf81-25e2bfb7e569,O4737,P37,3,344.86
1ce8b474-d892-4045-91f9-f1ec58020372,O4737,P40,1,61.97
08ddcef8-ac17-44c2-af67-ccbc47a82ab5,O4737,P45,1,488.83
79425ea7-830e-4e27-9dd5-e8d5cb5a2653,O4738,P46,2,297.7
95d5e662-f1da-4e30-8bb2-17fecdf04c35,O4739,P6,2,288.13
27017280-484e-4d88-a5e1-ec80fa154ba4,O4739,P22,1,315.67
31c5a5d3-1d0d-459f-93d6-8f15522e1d3f,O4739,P5,1,428.82
85a25e73-ec0b-4a3e-92f1-8ad64a4d8e70,O4739,P29,3,495.24
3211c0e6-5234-423c-9563-438c51345ccf,O4740,P29,1,495.24
c77d1e71-1036-4756-8568-de89d97482aa,O4740,P48,2,51.12
cbd1c353-9ff8-46ee-a7c5-f75ae25359a2,O4740,P17,3,165.71
5165fc9a-e626-462c-9080-64e76af9ccd7,O4741,P34,2,23.19
94c28c83-4006-405d-8e36-db1935e982a8,O4741,P41,2,227.6
e84b6dae-d5f4-4b75-8adb-9022ab909fcd,O4741,P45,2,488.83
7e68d4f5-41a8-4054-b24a-7669cf3a9f3b,O4741,P30,1,469.52
125767bb-91fe-436f-bf40-779fe486a5a8,O4742,P49,2,16.6
98fbef00-0c27-44e5-9044-f8367ee8dd0f,O4742,P18,2,164.27
dafbf501-496e-40ce-839f-f780ccb0627f,O4742,P16,1,150.17
174bf472-d494-41bc-ae15-7ca711c9f5db,O4743,P42,3,364.27
246ec749-50a3-4799-9894-c2741eb43f94,O4744,P22,2,315.67
c533147c-e160-4452-ae73-c1eaef7d6f25,O4745,P9,3,114.1
0680c1c3-09ae-4055-b638-31592e9ef0e6,O4745,P32,3,205.58
190083f6-c59d-4f43-877d-15f6bcb3262a,O4746,P10,2,192.31
81316839-85a6-4c98-adb8-3a9747241a9d,O4746,P37,3,344.86
7aabefbf-3aa0-4859-81b4-b0355e88fca7,O4746,P40,3,61.97
8c257ad6-1487-4b76-afea-a4c3d35b98f9,O4746,P39,3,382.01
4228b883-d7cc-4deb-865c-8e8c6acb83af,O4747,P46,2,297.7
033033ee-2447-41ee-900a-fb9a277090fc,O4747,P22,3,315.67
5473ba29-10ce-42e9-b759-f958430232ae,O4747,P45,3,488.83
fba05791-6350-40a8-a9bf-55c648ba5821,O4747,P30,2,469.52
433fec0d-8d77-4d2a-a9a4-64db86a46132,O4748,P30,2,469.52
0594c15f-3392-462c-811a-6224421f4ac1,O4748,P27,3,329.1
bb81ef15-9bf0-4587-98e2-ce8bc4c9ff51,O4748,P32,2,205.58
c7ad8f40-379a-4709-891e-184cdd227444,O4748,P49,2,16.6
72c0a37c-de8a-408a-848e-5b6858849d17,O4749,P19,3,318.26
b1913985-541f-4715-bdf8-47271821100c,O4749,P25,1,204.24
3a81c736-ea4e-481f-a22e-25870bda9f37,O4749,P47,3,397.61
543a0947-fabe-444c-9d79-4e9e1ea362cd,O4749,P14,2,30.25
6fdf1526-60b6-4a5f-8b88-aaa76e0fd177,O4750,P39,2,382.01
0d429b63-96e7-4611-88ee-99adea75bde0,O4751,P43,2,451.76
a1c0698d-aa6d-4361-9d17-f04ba36c609e,O4751,P49,1,16.6
cb247f66-f7f1-426f-a17b-c7dda38abd1f,O4751,P46,1,297.7
ba58a06f-a2bf-4a85-b351-187447c148c0,O4752,P42,2,364.27
d64969ae-3dd9-4e20-9b13-edc9faeda227,O4752,P43,3,451.76
e20d38a4-dc80-4833-9609-1879841c4408,O4753,P38,3,28.25
eef0e2d0-dbeb-4dc6-9879-382d8ead2744,O4754,P28,2,45.74
2c1f4d39-56b4-466a-8ce4-143622fec829,O4754,P33,3,410.57
a7281ce9-db72-41c4-b1d4-d23012980fb7,O4755,P39,1,382.01
cb05e7ed-13f7-41b6-b9c4-df7465f49572,O4756,P21,3,243.54
4ec0202a-555e-402b-879e-78044797e576,O4757,P5,3,428.82
f6840d48-7b7f-4bd2-a04d-fc93a7ac1a81,O4757,P37,2,344.86
64023c3a-c890-4a84-9096-2c82d1f73b2b,O4757,P25,1,204.24
27a60959-b513-4258-9869-b66067472de4,O4758,P34,3,23.19
689a1041-a932-4ca0-ae31-773dd913e4d7,O4759,P31,1,92.64
0a80aeac-93b7-48f3-bdba-130fe260b3bf,O4759,P27,2,329.1
eb4d5de1-c010-4d54-9b5f-816f88a701db,O4759,P39,2,382.01
958ff199-9eac-48d2-a0ce-099b6f8a1380,O4760,P45,3,488.83
e5df5533-1fa1-4bfe-8253-6b1be5a964a7,O4760,P35,1,199.25
63fc7d0a-098e-4e0e-903d-30b4baaca234,O4760,P43,2,451.76
a8f9b953-abdd-46b1-93c4-dd7d71f177c6,O4761,P24,3,327.27
9e9b1c58-d90d-40c4-b86c-33d47dc0eb59,O4761,P45,1,488.83
a62ba36c-494d-4395-ac44-36dc973e9956,O4761,P23,2,218.14
a617f785-0945-447d-8a26-4d4283dca5d2,O4762,P0,2,29.14
9d9a5d72-f088-4abe-9794-a01a149d7256,O4762,P9,1,114.1
efe5e08d-bd9a-4bee-9e93-48eb04726e66,O4763,P45,2,488.83
1a143c8c-7e2e-4cba-a89b-a4bf19038732,O4763,P14,2,30.25
aa4eef25-b713-4b5d-8de7-67a21ba95016,O4764,P26,3,251.1
4306028a-be94-4a18-a1d2-a23df430ddbc,O4764,P47,2,397.61
5ca44ff3-f613-45d7-969d-b60383a7cdf9,O4765,P30,1,469.52
c5f95399-3780-419e-afd8-31a4da320c90,O4765,P38,2,28.25
11cf83d9-40c9-47ba-86ee-b679b36220f2,O4765,P4,1,428.84
b15b4910-b30e-435c-8ff4-c67cbc6ad895,O4766,P45,2,488.83
400e5fcb-3a6a-4a4c-bcb1-ca712b4ec64c,O4766,P29,3,495.24
23d16e75-8120-4661-a034-538917283da5,O4766,P16,2,150.17
43fdd666-2d56-4924-a12e-7cc9a2533592,O4767,P22,1,315.67
fe53d386-5c3a-4336-a9d5-4b02b6222358,O4767,P28,1,45.74
e04681da-ebc9-41b7-a2c0-73aba531447a,O4768,P21,3,243.54
22ac988a-779d-45cf-9a31-1a1bf0fc0e52,O4768,P33,1,410.57
570cff6d-4ca8-40f9-a0c1-0b180c8341e0,O4768,P19,2,318.26
4d139b27-8aef-4eb7-88ec-13950974a569,O4768,P4,3,428.84
de7fa5bc-67d8-4e9f-b7b5-2ac13ef9e1f4,O4769,P32,1,205.58
417217e2-1fbe-4735-8e6d-9a2bdd8f881a,O4769,P47,1,397.61
1f39cf8d-91b2-4374-9872-7b20ed2846a3,O4769,P22,1,315.67
ac5bc27b-453e-4920-ad24-681a4cf7493b,O4770,P1,2,386.89
688ab771-6e80-48bd-99a2-14d0f46381cc,O4770,P48,1,51.12
1767f72e-c83f-4584-b3b4-7f696ba72d9f,O4771,P47,2,397.61
bf0cffec-ce5b-4647-97b3-174353e8f277,O4771,P47,3,397.61
27de0f0f-b377-4557-a1fb-e0d9d4fd2a3d,O4771,P21,3,243.54
3447b93e-1d3f-4410-b776-32c79a8fb172,O4772,P25,1,204.24
8b2dfdeb-c787-41b9-8f00-6bec84e94028,O4772,P44,1,165.78
648efb42-2a3b-4d88-9934-0d52fbf60157,O4773,P25,1,204.24
afe050f8-4198-41f6-aef2-f3f90b048b27,O4773,P31,2,92.64
bb1fe63d-5238-4bc7-9acb-124b2cccbc19,O4773,P25,3,204.24
a3b2f6bf-619e-4924-bf59-466a9ffedabe,O4773,P20,3,322.96
89affebd-3b72-47e7-9722-239cf248bbd4,O4774,P46,2,297.7
9653611f-5e7d-41b5-bec8-6b8af46fec12,O4774,P31,2,92.64
667f63ff-c1be-4f5c-9de5-87061ccd80e4,O4775,P39,2,382.01
91131c6d-0057-48ef-a1f1-3194167c189c,O4775,P6,2,288.13
9b53e2f9-af22-4425-868d-11d21feb3f21,O4775,P33,1,410.57
c3d4d6c3-5ebd-4a83-beb3-67e67654854f,O4775,P12,3,196.5
3045b55b-a5c7-47c7-bd4f-722cf5de9472,O4776,P46,1,297.7
1a16bc8d-9e0f-4353-b84b-a93463e022b5,O4777,P9,1,114.1
4b1b0315-7462-4aa4-a792-f29b5a2c3adb,O4777,P13,1,195.01
49a6ea48-624c-4d6e-a4f4-22db2bdded53,O4777,P7,3,40.44
bd618781-0bf3-4f8c-9517-51ae22595203,O4778,P23,1,218.14
96e9420a-e105-41d4-8284-ee185e2283a4,O4778,P22,1,315.67
846952ae-957c-4e9f-abc4-e6e8f2c3370c,O4778,P11,1,422.06
80d7f6c6-d0c1-45fd-b18a-f8605421d7dc,O4779,P3,1,210.16
785b5121-d022-4388-87e2-f17d362ee087,O4780,P38,1,28.25
685b2d4c-d4b8-4d9f-9327-53207d85ecc4,O4780,P25,1,204.24
2513a8b8-9f0d-45a3-ae61-6464f7125271,O4780,P40,2,61.97
24c3e29b-bcfe-42db-bd50-e03db3550fa5,O4780,P11,3,422.06
926ab8e0-7d29-4800-bc22-458d6e5efc6d,O4781,P15,1,17.14
61457101-fb0a-484f-8f68-8da15df4bb29,O4781,P1,2,386.89
55c74ea8-97e5-40ac-8da2-870d0c70224c,O4781,P29,2,495.24
525cbacb-499e-4368-9087-fc69705c925c,O4782,P27,3,329.1
06385c79-6938-4491-8209-5286647af941,O4782,P29,2,495.24
1e61d2ef-d37f-433b-b44c-45be0cb64eb4,O4782,P23,2,218.14
2a1466f2-8e8a-4a1e-85be-11cb5c479f99,O4782,P31,2,92.64
d72c1e3c-a91b-47cd-8c1c-d1c93797d6e5,O4783,P20,3,322.96
a91f05bf-7907-4e97-afa6-746c6f0af785,O4783,P12,2,196.5
621b84b3-b026-48ac-b509-60073f717f25,O4784,P7,3,40.44
04f2782b-6c2b-4ea0-8d3c-c2f537dc14a5,O4784,P0,3,29.14
5711ca96-b152-4324-9c8f-de9a40b4bb1f,O4785,P46,3,297.7
9065f890-d08d-400a-aaba-0790a1418981,O4785,P24,3,327.27
fcd5d541-3208-427c-a0ec-ba26be86f44f,O4785,P40,1,61.97
9bed4d25-1e26-42f7-af8f-3650f697353b,O4786,P44,1,165.78
9b59fd0d-d300-4ce1-8421-295bbf53e03b,O4786,P12,1,196.5
082f3d8e-5c0f-4ef7-8ad6-ab39fca88376,O4786,P0,3,29.14
582e567b-b993-4dec-b83d-db8790b005a3,O4787,P6,2,288.13
6412feef-96f1-470a-be85-01ec8a151411,O4787,P16,1,150.17
64b3f35f-3b48-4086-bad6-be6dd230c67f,O4788,P5,3,428.82
18449055-2396-4277-be82-4eb073cfc935,O4788,P10,3,192.31
c88f2b4f-3bfd-43f6-af11-5c577155ffb4,O4789,P28,3,45.74
296e96e2-cf65-4fa4-9fb6-625748cbcd5a,O4790,P16,2,150.17
11302900-7005-4dd6-ba44-8b656f6ec6ed,O4790,P31,3,92.64
6de4e40c-a327-4b93-b3e4-510b67ad0d64,O4790,P20,3,322.96
1e5baa82-ac59-4f5a-892a-62a66bf39eca,O4791,P9,1,114.1
b8748ac5-1ccb-4a7d-98c3-d88273820172,O4791,P40,3,61.97
5eb0dd47-c8dd-49b5-b186-c383d5f9d701,O4791,P4,3,428.84
9ab846d6-efa7-4a41-bad7-0b79de78f004,O4791,P12,1,196.5
73ed601c-0a1d-4a45-8b80-48fd2d93cc6e,O4792,P37,1,344.86
45a8c411-8446-45da-b735-852ea525b16a,O4792,P44,2,165.78
31c69ffc-544c-4b38-90aa-39864a1f75f5,O4792,P21,1,243.54
28f9b6e9-bc56-4d8b-acec-b986cee6aaac,O4792,P31,2,92.64
247fce59-3649-475d-b12d-b8ccff833c9e,O4793,P41,1,227.6
d9603ae0-7411-409f-9b0c-60fc3b36eed7,O4794,P31,3,92.64
72608a22-1873-4d9f-8c56-1073b638224a,O4794,P7,1,40.44
adf149e2-d1b6-40a7-a96b-379a1c03446b,O4795,P17,3,165.71
6cd50486-70a9-40f2-8bc8-7d9d9e7076d0,O4796,P26,3,251.1
559dfce5-a285-4147-b0fb-28e50151a1dd,O4796,P22,3,315.67
ae014d7e-7535-4833-8691-692e37759273,O4797,P17,1,165.71
e54f482c-fb8d-4f16-a71e-fc9c9b63c243,O4798,P37,2,344.86
5cb464e8-0958-4107-bf5f-6d959cfb26c1,O4798,P28,1,45.74
5d200dcd-295f-41cf-ab89-43beba3b593a,O4798,P1,3,386.89
ed0467d9-86f2-4fe0-8fd3-c1a71a677ca1,O4798,P18,2,164.27
b71bd2fa-1bf5-4fc9-b7f4-dbacdea63f2b,O4799,P24,1,327.27
66634bba-35c7-4955-bba9-0665a5f7d24b,O4799,P3,1,210.16
81b7d276-0123-4de7-9260-1322cc592ec2,O4799,P48,2,51.12
11b87967-d5d8-4c57-a756-b81bc3eda91d,O4800,P4,1,428.84
d8c46b3d-e029-4460-bcf7-972a89e14797,O4800,P13,1,195.01
858adc94-a764-49e9-9e22-29f550ebe62d,O4801,P27,3,329.1
9daffa66-1ec6-4919-9531-fdfefd623158,O4801,P28,2,45.74
78d1d821-be76-4764-80d4-266b74d62e99,O4802,P47,1,397.61
a34e572d-783a-4305-a8d7-14e00f9e598f,O4803,P49,1,16.6
1aeedd4c-4c01-4729-8852-b5b07608e62e,O4803,P29,2,495.24
8d4e9f92-cf7d-40df-93ff-558f3b97b699,O4804,P11,3,422.06
ba686bca-5dfb-4223-ac02-e2bbae5075cb,O4804,P39,1,382.01
a8392a69-836c-4369-9070-74d672c48a92,O4805,P18,1,164.27
d77907f9-13ea-4e5e-84d1-697a95da8bb9,O4805,P49,2,16.6
d3268ed4-8c85-434f-9e9b-f4b420b3afea,O4806,P32,3,205.58
a7aa1ef2-4ca2-45af-9009-73964cde67fc,O4806,P17,2,165.71
80f94941-38d6-4976-9fbb-a95e805152c6,O4806,P24,1,327.27
c1d51831-260f-4d22-b695-2239cab83790,O4807,P4,3,428.84
980b9ed6-2b4c-4f74-b901-b7a8921ebf3b,O4807,P38,2,28.25
58455bec-74dd-42e9-9a77-62b982479b14,O4808,P27,2,329.1
48eff39c-9939-4321-8dc1-387ebcda1d43,O4809,P24,1,327.27
be7c4f2c-caa8-40ea-b515-a90c5d4ab635,O4809,P37,3,344.86
c4d6ad84-e051-4e33-b46c-f2e5a0a7d738,O4809,P35,3,199.25
54dbaac6-9d65-4734-b4d1-f76f6ecc9eb5,O4809,P31,2,92.64
6a8091ef-2e7e-4c4e-ae16-53cd76718009,O4810,P8,2,13.01
c7c39699-859f-4188-8621-af4a9f66ec72,O4810,P40,3,61.97
5405190f-57fb-4bce-9ef0-a14eec236f11,O4810,P34,3,23.19
191bc11e-7235-4642-9fd2-83356b0c34bc,O4811,P4,2,428.84
ce3e8b14-b248-48da-9193-53a88eccd027,O4812,P7,1,40.44
159e0065-81f1-4705-afb0-13266d24b818,O4812,P26,3,251.1
c9566d2b-bd73-41cd-9560-99624689f7f3,O4812,P40,2,61.97
83a1d8a3-32ac-47dd-81b2-0fbec0d81fca,O4813,P7,2,40.44
68c7af71-516e-4392-85e4-1a50cd71f31d,O4813,P5,3,428.82
07e73f4a-9a4f-420b-940f-3e6f7bdf5222,O4813,P32,2,205.58
02d255de-e96b-4899-af08-f55f169467d3,O4814,P24,2,327.27
8709e254-8d86-4d68-a4ae-d0dfb7db8d69,O4814,P27,3,329.1
e4ea330e-6f37-47ca-8793-f075be4f38a8,O4814,P42,2,364.27
d67b69d2-0f6b-42cb-b02d-07a93ce56362,O4815,P3,1,210.16
ba8d8dcf-e112-4678-9fc6-760421d515fb,O4815,P46,2,297.7
34d32f60-d7b4-44a5-a510-4ddf04fc128f,O4815,P7,3,40.44
b630fda8-09fa-4062-9612-ab32abf44718,O4816,P47,1,397.61
ad6d0cc9-e2c6-4297-a321-3a6915b8a7a3,O4817,P49,3,16.6
a1db8e52-60c7-4fea-879a-b0b17418fd4b,O4817,P49,2,16.6
c8c7d34d-ea9b-4cc3-9870-92b5ac172f20,O4817,P49,1,16.6
55d117d6-bf0e-40d4-957a-e83c3f571d0d,O4817,P15,2,17.14
7f39597b-33b2-458d-bb34-f4cd0b11d6e9,O4818,P45,1,488.83
9764a40b-e4a5-40f0-ae7a-0972c50edf83,O4818,P18,3,164.27
6b26a783-1a3b-4d2e-8c83-dc7e3b52d3c0,O4818,P26,1,251.1
f21c8165-e7db-4cda-bb68-0f3c5d9525c1,O4818,P22,3,315.67
6bee0a82-63ed-4728-a313-46f97ac1b208,O4819,P3,3,210.16
9765567b-c7b7-4e6a-b1a7-1b7760e68516,O4819,P19,3,318.26
1f432f24-0a50-450b-89c7-17c736ccc9b2,O4819,P37,2,344.86
733615df-56f1-4a53-b1ac-f6d26956432b,O4819,P20,1,322.96
242ff1ee-9cd1-4ab8-8012-d6cecdafb161,O4820,P48,1,51.12
f10b73c6-6f48-4a58-b9fb-8be988184e34,O4821,P15,3,17.14
def7847d-bd45-4f84-94ce-694a0cb2c5ac,O4822,P0,1,29.14
7ad63cd8-5590-4a48-a692-7c04910c96c4,O4823,P28,1,45.74
9379492e-076f-49c5-bded-b08dce2611df,O4823,P11,1,422.06
72500d54-5a3f-4e5e-a68b-5af0ebd3a4e6,O4823,P32,3,205.58
742dd6b9-6afa-4853-929e-ceab3c1ef832,O4824,P39,2,382.01
a767c373-aa0a-47f4-b80f-2da11a0be86b,O4824,P42,3,364.27
a434f0c8-5602-447f-b9e6-ab7085fed6ce,O4825,P46,2,297.7
fcb7239c-baa4-4916-9d48-f03d265c9d86,O4825,P46,2,297.7
16395d1f-366a-4dd4-9530-f8e32ab6dd20,O4826,P44,2,165.78
affbedaf-6114-4eea-87b4-8619fb5efeee,O4826,P11,2,422.06
0c66bb82-2156-4aef-9c0e-2a9916833d30,O4827,P40,1,61.97
b3141da8-780c-4aaf-943c-f62a44c2ed70,O4827,P41,3,227.6
efa20276-5c82-474d-ba22-6a16ed3bea13,O4827,P45,1,488.83
29c55115-d954-4be8-af04-a675c0caa412,O4827,P35,1,199.25
5aa9b6f0-a423-4495-b244-71d576d25cd7,O4828,P7,1,40.44
79c856fa-bb4e-47a1-929e-c5c762767bb2,O4829,P43,2,451.76
08ae156f-97c5-4986-9a72-31b4b0ee30e0,O4829,P28,3,45.74
8d9e7442-ac0f-4bff-837a-69b2adeb0649,O4830,P17,2,165.71
ec5af12b-77be-42d9-83e1-b1a6c382da92,O4831,P16,3,150.17
52b9bc7a-0ea8-49ab-b928-1793337dd4cb,O4832,P12,3,196.5
571f8010-2cdc-416a-9aed-2d00a2ae4438,O4832,P15,1,17.14
16b517ae-8fa4-4231-9ea5-21dc59c6fe51,O4832,P30,1,469.52
6934ff03-201e-4cb9-936a-90e82b217f04,O4832,P15,1,17.14
27a73d2b-d8b1-4a48-8488-f64be4ea91ae,O4833,P15,2,17.14
77c27f53-29a5-4a29-bcad-d60ada6bb833,O4833,P6,1,288.13
39003029-2c14-4524-9fb9-fc770d02038d,O4834,P38,1,28.25
f15f4401-efcc-4ee3-95d2-6b01ffa12231,O4834,P23,1,218.14
888bdab8-133d-4747-bcf2-f05fc687f4fd,O4834,P7,2,40.44
6e350bd1-9c1c-43b6-b697-e66205b907bc,O4834,P21,2,243.54
9cd2129b-08a8-471b-92ff-b7f73228785e,O4835,P10,1,192.31
615e1c49-e8cf-435a-be8f-30ee73f7eeba,O4836,P49,1,16.6
dcb51e7d-a2ee-4927-bac7-1229b188b43f,O4837,P13,1,195.01
7213acd0-5005-4403-bbad-b176be4e663a,O4837,P35,3,199.25
1dc6e670-057b-4ac2-aa51-d0c427cf7d2c,O4838,P13,2,195.01
1549eb9b-e5f4-4ee4-b629-c66f4ce8d84c,O4838,P15,1,17.14
2d455454-5e9f-452d-b58b-5bf9b3ca67d1,O4839,P49,3,16.6
a1424e93-fe38-4764-8b04-4183e74d7765,O4840,P10,1,192.31
eb85f673-9148-4f39-88a0-53c51ef08d3d,O4840,P6,1,288.13
453fba7e-6cd5-4ae8-988f-670c1c8fca25,O4841,P5,2,428.82
bb42bb9a-1c63-40bf-808b-7c271f391246,O4841,P25,1,204.24
dd486780-9acb-4212-aadb-3256f921a4e8,O4841,P39,2,382.01
2a07dc6c-457e-463b-838d-22f299978701,O4842,P46,1,297.7
5cab3d4a-7223-48f8-a6a0-26007247ab9a,O4843,P27,3,329.1
7cfb52d7-a765-451d-a37b-71079fe45469,O4843,P25,2,204.24
52d4f01b-f3db-4100-9a0d-2387d88efe98,O4843,P37,1,344.86
a22bc37d-a787-44b8-8a30-6b7b9d8f85fc,O4844,P49,3,16.6
d89e356b-e9ef-4094-972a-b9fce129a272,O4844,P34,2,23.19
69e16e6a-6050-4288-ac16-9cbab012ce7b,O4845,P0,3,29.14
7d416a4e-6b15-4f47-9921-f56646eca26d,O4846,P6,1,288.13
332d7d79-7798-4080-b65c-6c8f06f87c55,O4846,P34,2,23.19
1980974f-834c-42e9-9fc1-461f4dab9cd9,O4847,P43,2,451.76
7a6c8297-d1ff-40dc-bdd6-c00f6148e96a,O4848,P0,1,29.14
e8f71cf3-7245-4dc3-a079-0376399263fb,O4849,P6,1,288.13
ba8dc74f-7e36-486b-b076-0d0ba630b071,O4850,P36,2,229.21
650e349a-8a40-41e6-9b3c-3c71b68f3cae,O4851,P36,1,229.21
9a295249-bdac-4f39-9057-c8a9dd9ade1b,O4852,P27,2,329.1
c959fbab-5db0-45fd-b103-6f71f3ee53d1,O4852,P39,3,382.01
add9dadb-0f2c-42b6-b881-cdd0d3f3a1ce,O4852,P28,2,45.74
0485b296-6c62-49dd-a784-34cb41c7eb65,O4853,P22,2,315.67
b210103a-402c-4457-adb0-ec9843121109,O4854,P46,3,297.7
0fceb129-8e59-4078-ac96-2ffaa5ed7b44,O4855,P4,1,428.84
81717970-64d1-44f4-b8b6-fb26c78373ee,O4855,P20,3,322.96
94d8e38a-4632-4c5d-ac24-148d191a20f2,O4855,P41,3,227.6
f5bad1b6-6571-4b62-a9d0-aa55f8177717,O4856,P2,1,153.08
0ad092da-1fd9-4635-ba44-ea622d9061a5,O4856,P19,1,318.26
8945931d-7100-4f2d-a5a3-218452c772d5,O4856,P27,1,329.1
f72b5d73-9b41-43db-a88e-0f9e4433491a,O4856,P29,2,495.24
b2691c8a-d947-42c8-8234-752b0243d41e,O4857,P10,3,192.31
210088fc-1b75-49d0-9f23-90dca772972c,O4857,P6,2,288.13
724a9cc5-3482-4aba-9253-1be4bf27c501,O4857,P23,2,218.14
9e6ec737-d390-47ba-940f-2a41c74ff829,O4858,P24,3,327.27
4704ccd9-dcaf-4257-99e5-2cdbe3f272e8,O4858,P48,1,51.12
72029e3c-8e32-4229-83c4-8dd3b5d874ff,O4858,P1,1,386.89
1cda7b02-4e8d-4f2c-8d7d-4ed24415d6a2,O4859,P32,3,205.58
a52aa83b-7e1d-449a-abd9-1e8749fb249f,O4859,P20,3,322.96
9c399aa3-f98b-4f6a-a6a3-8245f3b833d6,O4860,P1,1,386.89
a680de50-f50e-4c6e-981b-162da0d77d80,O4860,P31,1,92.64
ecebafe3-fa83-441c-a3c1-33647f3050ff,O4861,P15,1,17.14
65fedb07-a3e6-4a05-87e7-03aca559d02a,O4861,P16,2,150.17
f3a2b767-7805-4953-b43c-17868ac21d96,O4861,P9,2,114.1
3dd40a5b-f1a3-4a45-87e6-88b656bff53c,O4861,P5,2,428.82
d6812fbf-d988-4372-96da-e0db0bae64fa,O4862,P40,3,61.97
339e7b77-0f82-4e03-87b6-19a3241a1ea0,O4862,P20,1,322.96
6b161366-2f79-45e4-a1c5-bf4f5aea465f,O4862,P11,2,422.06
5fc9166d-9716-45a3-ab96-3965caf3f2ae,O4862,P17,1,165.71
1119d397-f07d-407f-bfd8-06da25450970,O4863,P29,3,495.24
65170fd3-335f-4ecb-95d4-7ca58130b34a,O4863,P17,2,165.71
235b7fb2-0471-4636-96b3-132981c826c7,O4863,P32,1,205.58
d31581ef-5c48-438d-b935-3d4d04214a46,O4864,P1,2,386.89
f5cb9592-2520-42b7-8cdb-57fb39493898,O4865,P39,1,382.01
4b8fad18-5e97-41ce-8024-af32818609b2,O4865,P23,1,218.14
17ed383a-0750-4008-9d0d-ff9e137d04ac,O4865,P33,1,410.57
a81b688c-5321-4c10-bd64-10d25ef6ec5c,O4866,P14,2,30.25
8046067f-2cd7-4939-a4bc-a669ee9c5b4c,O4866,P14,2,30.25
8bb8aa25-7f81-406b-bf0a-eec5ff90c537,O4867,P0,1,29.14
1f476147-41b3-4f1c-99fc-82d191890ea9,O4867,P9,3,114.1
d1db8d12-d3b0-4a10-948c-35bb21a1c8a8,O4868,P40,1,61.97
4290b9b6-8f2a-4667-8838-1b14752ffe8f,O4868,P9,3,114.1
f9688ac2-a764-4796-b7e6-a7754f6d6d22,O4868,P35,1,199.25
9d49e5de-1b87-45ca-a395-30109be425b6,O4869,P5,1,428.82
e72fd5b1-cb5f-4572-a683-e74a2a7ea6af,O4869,P11,1,422.06
e18b2ae6-8f79-40a7-9e1e-83eb08d37858,O4869,P16,3,150.17
12a5b032-2f55-44fa-8862-311a7f1816ff,O4870,P10,3,192.31
4528930f-fa36-4545-b11a-8cf7b56ed630,O4870,P12,3,196.5
8ffaae56-dd3f-4d99-9f09-6cc77b6c9803,O4870,P13,2,195.01
6460b838-7230-4614-b3cc-ba8d0332f760,O4871,P29,2,495.24
62989015-9427-47c0-8991-fe53f9da4510,O4871,P11,3,422.06
379a8c08-e2fc-4656-b102-b467d61794b3,O4871,P5,2,428.82
9f58aa34-0029-4a4c-8f62-ef47596e2ac7,O4872,P2,3,153.08
f737b0e6-7228-4d72-b6b2-42bb16bdaced,O4872,P32,1,205.58
d67430e7-4b2d-4b1c-bda1-679372ce0777,O4872,P6,3,288.13
fc6219c3-672b-4a33-b279-03212bc829bd,O4872,P25,2,204.24
9ffc2b04-5596-4247-bedc-580b361f246f,O4873,P27,3,329.1
1bd5d560-af83-4ea7-a14a-cf9a005b63c2,O4873,P26,3,251.1
1bd88ac8-dc34-4673-abe5-3a9fb2ba5af9,O4873,P36,1,229.21
cb12cce5-e4a9-42d3-ac49-3060343d952c,O4874,P41,2,227.6
f1a1e3be-4e41-40a2-ac84-85fe130ed0b4,O4875,P45,1,488.83
01920d75-1362-4a34-abe2-0a771addf130,O4875,P40,2,61.97
a5822f0a-7190-406a-aa7e-dd4f32cb2377,O4875,P36,3,229.21
17b7d07d-cb42-4d06-9872-c59784beaa5f,O4875,P37,1,344.86
27604763-e0a7-4f4f-8aff-dfa715e5fb03,O4876,P37,3,344.86
089b4d31-a9e1-464c-9abb-f153e4ef09cf,O4876,P1,1,386.89
68c6d9ef-f398-447a-967c-c7d2c58e0ea2,O4877,P42,1,364.27
7cdb1df2-d3c6-4650-a520-86903960ecd3,O4877,P5,3,428.82
39453b2b-0705-4760-95d4-e89a0cad4229,O4878,P20,3,322.96
8746e60c-3c33-4bd7-9959-83baa5255730,O4878,P46,3,297.7
1e4d956c-e613-4227-b49c-2b0a6219e817,O4878,P12,1,196.5
552375a3-0bb8-408c-adcb-7b34312b44f1,O4879,P31,2,92.64
8dbb662d-7635-4739-8c41-ff82c613a44f,O4879,P12,3,196.5
af2c1ccd-f44c-426b-bca1-71e0303b8683,O4879,P45,1,488.83
c40415c1-35d5-4340-ad71-e02f04df505f,O4880,P43,1,451.76
4b7ca250-6e56-48db-a72a-a1df3f07692d,O4880,P30,3,469.52
8e4fa646-4b8b-43aa-b02d-2071118cfce7,O4881,P42,2,364.27
1a68fa83-5bd4-4eec-9b9e-d927596496ef,O4881,P48,2,51.12
bb4efb14-65fe-4e3f-b138-f8beb0da065d,O4881,P35,1,199.25
e675067d-77d0-48f0-bf14-09d16ce3a62a,O4881,P33,1,410.57
f944399f-6afc-4032-af44-bbc76ce4184a,O4882,P4,3,428.84
2c0d3ab6-1826-4b3d-8ec3-725e06bb3c69,O4882,P4,1,428.84
ad1c06ef-f127-4970-ba91-1f7c5cb60711,O4882,P46,3,297.7
79a82b57-0ef9-4c98-8f13-6970e37fa862,O4883,P41,2,227.6
6d3ab4ee-dd65-4f99-aaab-7c343039adbd,O4883,P3,2,210.16
b8986e21-50e0-44b5-a4e1-a8199340458b,O4883,P5,1,428.82
d28a338b-eed3-4b2c-85ed-4988dc60a724,O4884,P33,2,410.57
aec5531f-13cc-4d3e-9f47-b7a9a87383ee,O4884,P46,3,297.7
533ee2ed-d91a-49d5-9922-a6596d1c8a9f,O4885,P24,1,327.27
57773508-ff8d-4318-bb20-e81c9a720bad,O4885,P37,1,344.86
a18b46d1-0c62-45e2-934b-43dd71e4f0fd,O4885,P40,1,61.97
2b6b2123-eb69-4148-b564-9ed7dea0b0e5,O4886,P12,1,196.5
53928a1e-3b0b-486f-b3df-b0fb992481f2,O4886,P19,1,318.26
217547a3-e74f-4d28-a1d2-167380a176d0,O4887,P44,2,165.78
848729ec-ed2d-4959-b34f-35f60fb23ef4,O4887,P40,2,61.97
89cf4af8-7d62-46c2-9426-31c8a1141f4d,O4887,P32,2,205.58
3ed5be4a-2bce-4056-9749-e1e494ea4ecf,O4888,P20,1,322.96
95100705-7019-4022-9083-5cebd9dbbabb,O4888,P0,1,29.14
6aa88b83-a88b-434b-8ff6-94df756eaaed,O4888,P49,2,16.6
63aa8dac-6646-4bcb-a988-bc687d41f79e,O4888,P46,2,297.7
bbb1da5f-d1aa-4f06-be97-b4ed94e3d2f8,O4889,P0,2,29.14
e80544c6-0cdd-473b-af1b-ffbceffd628c,O4889,P42,1,364.27
db17f475-6586-4454-8f19-39301a20d5d6,O4889,P39,3,382.01
ec5303ec-81bd-4c14-bc43-855ecff3d5d7,O4890,P7,1,40.44
486caebe-5d70-4c40-a865-ccaed97127a2,O4890,P9,3,114.1
86ce34ce-7d14-4a71-9f42-eb74ae614485,O4890,P2,3,153.08
f9c02b5e-22fe-4174-acfc-2c985787815b,O4891,P41,2,227.6
a1dda3c7-b4f2-42de-ad20-479e4654f7d5,O4891,P29,3,495.24
22657859-052f-4de4-929f-f6a0035e62ae,O4891,P33,3,410.57
004a1118-0001-4a8a-bcda-77e78f3a04e2,O4891,P5,3,428.82
13157121-38ca-4b94-b26f-80be09432f0a,O4892,P6,3,288.13
d8675df1-5570-4499-8fbd-7c275c09b262,O4893,P19,3,318.26
fe4d8122-734c-4347-aa7c-8d591e1aeabf,O4893,P9,1,114.1
11fa3fdb-2305-4088-8a03-a63cb74149b6,O4894,P18,2,164.27
6d483552-f3e5-4bc1-abba-a16e74738d76,O4894,P10,1,192.31
63a49a67-8b89-4fd1-b97d-6f18711a0c90,O4894,P49,1,16.6
c0bacb49-62cc-4c30-8dab-d621a26fa534,O4894,P20,3,322.96
947d6e68-ba70-46d1-a474-12182faac083,O4895,P45,3,488.83
6d4add9d-cf8f-43e5-b4e5-1c8721e07091,O4896,P22,1,315.67
e3805450-99c9-4172-b3de-cdb93e5b65a3,O4897,P39,2,382.01
b7bcaf85-47fd-4b44-aabc-c05ed86a248c,O4897,P7,3,40.44
e8c91469-11fd-464c-b3c6-ba32b62fbba0,O4898,P16,2,150.17
04fb9afc-0c78-4f2e-8794-0f47b1757870,O4898,P40,1,61.97
94df08a8-167a-49e8-a054-12f2d1870091,O4898,P19,3,318.26
538d44c7-a35d-46cb-960c-a702855c0a5f,O4898,P43,1,451.76
184c778f-e5d7-4b7b-8105-61b02081810a,O4899,P0,3,29.14
7fe758c6-f93e-4039-9876-710742a04277,O4900,P10,2,192.31
55143f5e-90c6-4e03-b932-0962bd98db73,O4900,P37,2,344.86
a7b56605-6e34-4648-848a-b5584ec41a9d,O4900,P37,2,344.86
8a2960e4-d4a4-4634-b2da-ad93870181bf,O4901,P43,3,451.76
d62c1d8d-b1d1-49b4-830e-460668758233,O4901,P10,3,192.31
15920f1c-32cf-4d92-8637-2276a53b9538,O4901,P34,1,23.19
ea09b8e0-f2d8-4113-9b04-450e3f64e80b,O4901,P45,3,488.83
d0678c94-6d0c-4e56-9716-610ac233fdde,O4902,P6,3,288.13
3662bfeb-82d6-4b88-a5ad-43b7f506937a,O4902,P0,3,29.14
73bdfe6f-7570-4310-aefe-0873460952ff,O4903,P39,1,382.01
e6967fd6-5cb3-4e24-98be-7fde47ce46c6,O4903,P13,1,195.01
44985eab-cec0-46b7-a695-53148a25e329,O4903,P25,1,204.24
dc8d1892-e02c-4066-ace6-3eea40da4dc6,O4903,P10,1,192.31
cef54650-f1c2-4eb4-a740-c3b34957a4cf,O4904,P35,3,199.25
5f533fd5-0960-4b8c-9114-0933a3533359,O4905,P20,3,322.96
5493cf3a-34a8-40bc-bcec-b800b2e61226,O4905,P20,2,322.96
2abec75b-a9d8-4208-b965-f0ec2b8bcc17,O4905,P30,3,469.52
fd752b7b-9045-4d8c-97f5-174e66eea9e4,O4906,P38,1,28.25
7f1e5a90-59e6-4500-bf49-182d39485da8,O4906,P18,2,164.27
545f2c73-5f6b-4c8a-b957-c32a2dda3f15,O4906,P7,2,40.44
82975597-51b9-441d-86b9-e1e2e9c54277,O4906,P4,2,428.84
de8b9c84-a3b0-4d9f-82ca-ab4f998d7f73,O4907,P16,2,150.17
e82afb84-8609-403d-873c-d555488d01ba,O4907,P24,1,327.27
2f250361-59ff-4995-8d03-5797107a11d7,O4907,P10,2,192.31
e8b5e6e0-325b-4776-922a-a8a527dc0b8e,O4907,P21,1,243.54
a9b5bb23-2c9a-4ced-ae95-366f2e52018c,O4908,P31,3,92.64
036aafd8-3d4d-453f-9383-741ab010f571,O4908,P16,3,150.17
98929666-0698-4daf-9fbb-8a71ac20577c,O4908,P39,1,382.01
6d0ca50b-2ca6-4e8d-b1e3-812e086a7a0e,O4909,P28,2,45.74
e96cad80-27c4-4279-bb31-f30c68c58304,O4909,P6,2,288.13
b56989ca-b911-42bc-8082-1f725112b2df,O4909,P38,2,28.25
a3a9c913-acd3-4b58-9e86-b47af044dfe8,O4910,P37,1,344.86
c208b27a-550a-4f9e-9cea-465d8d045c67,O4910,P22,1,315.67
1d4865a6-1868-4775-8bbd-40f4ed5bd213,O4911,P11,1,422.06
6f69aaa3-ed60-4e4d-bdf8-337270eda1da,O4911,P19,3,318.26
c2c6b4bf-e8cf-4300-a4ad-019e5a492729,O4911,P27,3,329.1
27cda809-dba7-4dca-8124-2a9c15639f3e,O4912,P32,1,205.58
eb392ce7-c79b-46a4-a9a4-7274882c55fc,O4912,P26,2,251.1
d73b28cc-434b-4f9c-afc9-b1789bc9c1d4,O4912,P5,3,428.82
066b5a74-6e71-47b3-a601-00909af559cc,O4912,P28,3,45.74
5fabf177-306b-410c-b4f9-a5f1b4301243,O4913,P32,2,205.58
36b91eff-2eba-470b-a252-b677ce8b119d,O4913,P7,1,40.44
440b395f-a365-4b26-8156-aa1f8681e8e2,O4913,P1,2,386.89
15b72c3f-5f9d-4cbd-b256-b9051cd3734a,O4913,P3,2,210.16
861d91e7-864c-4360-afa8-ef8cfa519040,O4914,P0,1,29.14
1fcc7ba1-8563-409d-b91f-9ec179a5e571,O4914,P14,2,30.25
a7340e71-71a7-47f0-a009-74a3e8f56d6b,O4914,P5,1,428.82
b368b1ca-4348-48af-aa7e-e4d2f4262fc4,O4914,P23,3,218.14
80adc617-96cb-4774-bc71-b79fe18ca51e,O4915,P25,3,204.24
631a4020-e7c2-4de0-88f2-22bec1a8402b,O4915,P22,3,315.67
d2b46d62-285b-4417-a558-62c9e894a6f7,O4916,P46,3,297.7
04b436b8-74da-4439-a803-c0e52cf4cc4f,O4916,P16,1,150.17
cdd7314b-ea15-4cab-8ebb-35e36fa83943,O4917,P8,3,13.01
f70cfdba-7776-4751-971e-cede7637eb62,O4917,P12,1,196.5
e398d1ef-42e3-4379-9b8d-858a02cbe27b,O4917,P5,2,428.82
7ee22188-389a-46cd-a5b5-f9f9dec0b6c7,O4917,P1,1,386.89
4bfba45a-50b0-4f31-ab4b-e3a4998ab77d,O4918,P29,3,495.24
208acdf7-c611-4fe3-bac4-d35a266e05d7,O4919,P16,3,150.17
4f7eb2a3-e10a-421f-869c-7a2607d69252,O4919,P44,1,165.78
61f0b000-4125-4009-8000-5bf58d65f2b5,O4920,P8,1,13.01
d42b7677-d7c0-4c1c-a531-e316fe811324,O4921,P48,1,51.12
e1efa563-5b87-491c-aa0e-b11fdaf6da7a,O4922,P44,1,165.78
a2b86499-1070-4c71-bd29-a4adfda5e512,O4923,P11,1,422.06
8a817a92-afe9-40a1-b8a0-f6fb584f33b3,O4923,P4,1,428.84
23ec1a39-baf1-4045-b220-b721587a618c,O4924,P26,2,251.1
5de871b7-5dbe-4bbc-a84b-4cc17cab6191,O4924,P45,2,488.83
f0f043bc-5ac7-40bd-88d6-54151f2e7b02,O4924,P46,3,297.7
ce2c4ecb-8eeb-4a37-bef6-dbfa52148e1e,O4924,P6,2,288.13
e4e33424-6199-4607-bff5-d8b69f6e9160,O4925,P5,2,428.82
ab189975-8ccb-4a48-99ec-88e746495796,O4925,P35,2,199.25
44da5f10-95bb-4531-941d-adbd2bad118d,O4926,P25,1,204.24
c466acba-2be2-47b9-bd7c-351d63d1a0c6,O4926,P32,2,205.58
1e28b118-e33b-4c9c-8af6-f485941b1332,O4926,P9,2,114.1
ad7fc118-f313-4176-a26c-44f9661f8b41,O4926,P12,1,196.5
79bae9a2-e78b-4230-becc-c9f50e7eeed9,O4927,P46,1,297.7
b04870ad-e1fd-4023-a566-a7dcb0e750f0,O4927,P3,1,210.16
ee0793bb-0149-47bb-872d-f98513315dfb,O4927,P10,3,192.31
e8271475-94a5-4530-9510-00d326b09df8,O4927,P37,3,344.86
de02e386-877b-4165-99d8-83ee1845712e,O4928,P44,3,165.78
0f44722b-5ead-4bfc-af27-333a52285be6,O4928,P44,1,165.78
e13aa72c-77b8-4896-955c-039934a48225,O4928,P7,1,40.44
37cde9ec-b436-4dfe-8c07-afd58f58ca2a,O4929,P10,1,192.31
a3bba0f3-31d4-4603-8f42-2df13ffb41bb,O4929,P38,1,28.25
c76be405-df03-4697-8bda-392f7b1d2c76,O4929,P21,3,243.54
6ed703c6-317b-4768-b3c6-7c9a5d8acf09,O4929,P47,3,397.61
4278655f-aa4e-463f-b88f-463b02b877e7,O4930,P13,1,195.01
21926a15-adfc-4619-bcf7-17a4507a9f00,O4930,P3,2,210.16
0543390b-7309-4191-b4b6-57ff63af145d,O4930,P20,3,322.96
d560aeaf-3822-446e-ba94-f3f6a4a2ce09,O4930,P0,1,29.14
03a66b1e-3e23-4a20-b7df-abde95889d3c,O4931,P2,3,153.08
3a4ddc38-48d7-4aaa-a98b-c35df027f9f4,O4931,P7,1,40.44
2087ff38-4c36-40bc-9cdd-e91d9b7ffe1d,O4932,P31,3,92.64
43054656-dfc7-484a-b8eb-fdc7c61626d8,O4932,P40,2,61.97
05a09522-7305-46ba-a766-e5d84652df0d,O4933,P10,2,192.31
ec03795c-a8f7-4789-9a09-93f38765e348,O4933,P35,3,199.25
760ff81b-22b1-47e5-9c8c-eb77cb091ef6,O4934,P12,1,196.5
0b479952-48cd-4db2-959a-2007091e4331,O4934,P47,2,397.61
bf85eddf-2b77-4c22-acbf-4a60b27fafbc,O4934,P18,1,164.27
431d5af9-66c8-4997-ae00-8c35f9eb87ae,O4934,P47,3,397.61
a7c3a186-87a2-4a52-a8b8-377c46e30804,O4935,P29,3,495.24
9aa5f5a9-ac4b-43b6-ade9-f8787c9e7da8,O4936,P38,2,28.25
e16c5966-6f7c-430a-85f8-223c830ba84e,O4936,P4,2,428.84
5cfc5126-d94e-4d29-b256-650a7ae689bf,O4937,P26,3,251.1
e64e0ea3-19eb-4bc5-b487-5d049e73cc59,O4937,P46,3,297.7
0631c3ce-facd-448a-b92a-9124cd378930,O4937,P32,2,205.58
41653d5a-17c5-4f03-bd8e-70cb665bf05f,O4938,P26,2,251.1
4173e155-b727-47cc-b39f-50532d35743b,O4938,P31,3,92.64
5adc2979-6f31-4d06-a018-1302a61d55f8,O4938,P41,2,227.6
2037b0ad-9a5d-4f68-8332-3f2a8a045b55,O4938,P41,2,227.6
3d1184d2-6048-4895-8773-01395a3c06c8,O4939,P34,2,23.19
8ae2da1b-e3df-4ae9-931b-324c014e6b88,O4939,P11,2,422.06
f61eb9ee-08b3-4ebf-94e0-282ae5057b5f,O4939,P7,2,40.44
962fa4c3-d556-45b1-9222-b7f63756c4e4,O4940,P2,1,153.08
44368158-e0ad-4c18-b8b7-7323216d5977,O4941,P21,2,243.54
e932ed86-6b8d-40e6-8c16-944b30e3b255,O4941,P33,2,410.57
cae77302-7bec-4b0d-aed4-e5a74cdcd866,O4942,P32,3,205.58
b1f17dc8-53b2-420d-b9f8-4a72fe80f4ec,O4943,P22,3,315.67
68fb1f5c-64bd-4acc-b705-598b2ca9d805,O4943,P29,2,495.24
f79d480d-5380-4a69-bc73-b6a1b8bc0cb2,O4944,P30,2,469.52
86218623-f031-4058-8c47-ec88982b2ece,O4945,P44,3,165.78
608c881e-2f25-4d2b-a024-bcaf96cc2f27,O4945,P23,1,218.14
c87d53b9-50f7-4f43-9084-bed8c6c3b25e,O4946,P28,1,45.74
6ecd254f-aaf7-4f8d-89aa-84af8e079254,O4947,P13,2,195.01
03d415ab-63ba-4858-8503-ccb8fd73b2f6,O4948,P40,2,61.97
21e4e546-6b5b-47f9-bb39-2acac55dfd8b,O4948,P32,1,205.58
7b83305e-3bfe-4766-9159-57336a4ed7f8,O4948,P43,3,451.76
c9cbfe32-2ca8-48ef-9b87-ab8944aaad64,O4948,P31,2,92.64
b0b3a245-b4d5-473a-9e2b-bd8e2c31da5a,O4949,P48,1,51.12
806f0681-ec9d-4319-9115-7df017f8f1e4,O4949,P6,1,288.13
5aee0f9d-0314-4d74-ae53-5722b15299e9,O4949,P2,1,153.08
6b51f2a2-befb-4360-91ca-a03fc6123d0b,O4950,P20,2,322.96
848261c6-f154-4073-994b-1bcfbcbd0fd4,O4950,P39,2,382.01
bb20ac2a-66d0-4d1a-b3a1-4f6e9595131b,O4950,P32,2,205.58
a1754976-a007-450e-9ef1-1aa809e73e90,O4951,P48,3,51.12
5fe56741-821a-49e8-8c12-9393a2e806ff,O4952,P27,1,329.1
11a87892-e5f8-4a86-98dc-6916736d3358,O4952,P48,2,51.12
a821136d-b872-49b8-b420-757ac0af8f82,O4952,P19,3,318.26
8c73c79c-2d5d-48a4-aa9c-7de7aea3068d,O4953,P1,2,386.89
55ef01a8-f1df-4008-83e5-22d4483eab51,O4953,P31,3,92.64
4d72e3c0-e8c1-4f61-b7be-fa5ce091362d,O4953,P4,2,428.84
d7a66732-d157-4731-b5a7-1f6dd6c92c70,O4954,P49,1,16.6
b7134051-4bd9-4238-875d-f60abb32a943,O4954,P5,1,428.82
371cf823-7150-4a8d-9f58-d4f98ee859c1,O4954,P47,2,397.61
7ae117f2-06c4-4752-ab5c-4bd5bcf415b3,O4954,P33,2,410.57
7c451092-a8ed-4560-8268-ff1c12f97bac,O4955,P37,1,344.86
a5741e14-4a74-4ce4-8ca8-7b15eb630ee8,O4955,P7,1,40.44
df58efdf-1410-4a80-ba9a-6cc61c75d618,O4956,P49,2,16.6
9bbdda19-20a3-47b1-a773-016c7f3d6f7b,O4956,P23,1,218.14
e8236046-376c-4d2c-aa10-20b6a8d23141,O4956,P4,3,428.84
6892f876-7feb-4335-878c-c8911f6a1849,O4956,P38,1,28.25
e01dcc0a-d21e-4978-8385-73074ab142dc,O4957,P24,2,327.27
d3ba9b8c-b6ae-4953-b95d-b63a36bd0636,O4958,P33,3,410.57
ccfe0178-673f-447f-af9b-deb74534d2c8,O4959,P40,2,61.97
8fd3f553-e8c7-42bd-961f-19bdabd31326,O4959,P37,1,344.86
315eecdf-8152-4378-b7ee-990a70b13c63,O4959,P3,3,210.16
2ace2fa0-f11e-4bb7-bc7d-72f443b67be0,O4960,P13,3,195.01
c6e8d936-bcf5-4914-9375-10957ec8b8a4,O4960,P32,3,205.58
9762e0c2-ff79-4d13-a0fe-19021eb99ebb,O4960,P11,1,422.06
c28c9f13-d99c-48ae-80e2-e2064e51666b,O4961,P38,2,28.25
7f2a3198-40b1-4e82-bba6-8414178275ad,O4961,P34,3,23.19
e0da94b9-7d8c-4899-b10b-d31df2b17eab,O4961,P49,3,16.6
0eaded0b-7ae1-408f-9c32-bde5e0dd4264,O4962,P6,3,288.13
494d0a45-bc09-4bb0-959a-28069c750892,O4963,P15,1,17.14
916023fa-22cb-44bd-9c03-f786b4ed7228,O4963,P20,3,322.96
2c9a7b45-5711-4ff3-a75a-6a8bd9e9b510,O4963,P3,1,210.16
18565088-6c76-47b4-acde-84ee32fc63bf,O4964,P18,1,164.27
59c32032-6901-4b66-8034-5147fb0db3d7,O4964,P38,2,28.25
0251c53b-740a-466e-a0d6-b96874f05fe7,O4964,P38,3,28.25
1f293136-dce9-4d82-b19e-7d82bfe89188,O4964,P13,1,195.01
966fb831-fbfb-4949-bd3e-2fc9de77345b,O4965,P25,3,204.24
6477bdff-c89a-437a-bdbd-9fff0cedd847,O4966,P16,3,150.17
1384318a-2913-4048-96b6-a4e3a6149996,O4966,P3,2,210.16
5f0ab161-b537-470c-b347-4898c6710594,O4966,P46,2,297.7
0d698508-6095-4f4b-a687-86ce03f90422,O4967,P18,2,164.27
fc813f4c-d026-4349-bcd2-412bf7534ae8,O4967,P7,3,40.44
229abde1-af31-4b94-8593-7e45f3a8fb61,O4967,P31,3,92.64
568b22f7-7cbe-4e9d-b63e-406b90220ab7,O4968,P2,3,153.08
d4a97b48-58bd-4f48-a836-b7df25ce8d6b,O4969,P38,1,28.25
110d3a7b-613e-4de7-a496-0f446bc11b8d,O4969,P36,2,229.21
7089acf4-ae6d-4933-974d-72df83d6199b,O4969,P15,3,17.14
84faecee-c20a-4fb3-a39a-28e90ceda114,O4969,P13,1,195.01
cd61efc9-df5f-43cf-92ee-4ab1b901dc21,O4970,P48,1,51.12
ff3a75f3-c5d4-48ca-ac63-6eb7a5eb2bab,O4971,P22,3,315.67
239be0ba-476a-453b-a3f6-c57cd60aceac,O4972,P27,3,329.1
2b3a8a47-f988-4a66-a580-75f4f13d0560,O4972,P11,3,422.06
c217d2b5-e402-45fe-aeda-fb05c187ff34,O4972,P19,1,318.26
70b3e856-c846-4d7f-8faa-34279f4bfd04,O4972,P28,3,45.74
3cfb8c9f-9991-42ae-8ba4-1a486e45a2f1,O4973,P45,3,488.83
3a0c6856-c405-49d2-9f56-eb9d37ff5911,O4974,P35,3,199.25
979b9fbf-63a9-4672-8d8d-66ba3aac05a9,O4974,P26,2,251.1
983f091e-27f5-4c2a-b6b2-af69d00e0611,O4975,P18,2,164.27
643fe23f-d0f0-424a-a824-467750fcd0fb,O4975,P48,2,51.12
e5cce0e1-a01a-4883-bce9-5993d6f6b7ff,O4975,P41,3,227.6
b5a16f17-6032-4774-a767-055cfdf55e41,O4976,P25,1,204.24
d9d5999a-fcb3-40e4-b233-2958c7b55e21,O4976,P40,3,61.97
dcda5758-56ae-4046-a223-2e698d7424b1,O4976,P46,1,297.7
80c65065-6b3a-4c5c-8d13-851eab8118f4,O4976,P35,1,199.25
bf97c902-d879-4c64-a33e-19f0a94c7fe6,O4977,P7,1,40.44
f9cb36ff-9589-4999-9aa9-4712d21496fd,O4978,P33,3,410.57
f85c33ba-619e-48e3-9d77-d5e041efc59c,O4978,P20,3,322.96
ad8a38b5-bec7-46cb-ac09-d5118af1000d,O4978,P27,3,329.1
0cd31c66-31fd-4955-aa52-492435a9fe66,O4979,P15,2,17.14
3cc7c612-f444-41cf-b196-2ed94b0911a4,O4979,P0,2,29.14
66c45afb-f5ca-4ff3-810c-c3f03491c46b,O4980,P31,1,92.64
6699dffa-81de-429f-ad17-043ffe01cbb1,O4980,P8,1,13.01
f37659a7-164d-4a2e-a8be-c99962993255,O4980,P6,2,288.13
0b20b8c8-d024-4e35-8ceb-45fc2d5f822a,O4980,P28,3,45.74
9c41359d-db6a-4c5d-a01f-25f66e88713f,O4981,P30,3,469.52
3af62f8f-5f03-4174-81cd-fe1c6f0ef481,O4981,P18,2,164.27
03b10d53-97cb-4e80-b3b0-5053ddbac3f3,O4981,P29,3,495.24
63a405dd-403d-426c-95a9-110f2b7e6258,O4981,P32,1,205.58
9211b78f-d5a9-46fa-a552-fb84d6a6995b,O4982,P35,1,199.25
3274bcad-45a2-4629-a561-06664227f459,O4982,P29,3,495.24
46045dce-7e38-40a8-8696-917f9d453d2c,O4982,P6,2,288.13
f0ead833-b8e7-43d4-8d63-e9fb3115a5b1,O4982,P30,2,469.52
f5f1fa73-665b-4f18-ae3e-6d665d42409d,O4983,P31,1,92.64
8f110660-942d-42ee-b5f5-636c6bd79cec,O4983,P22,1,315.67
81698bf4-e783-4fe3-9577-c5505393c375,O4984,P31,1,92.64
ddeae225-ccbe-4654-907d-ba17a77af24d,O4984,P28,3,45.74
a23c28d5-65cc-44b5-a31c-b0511803be80,O4984,P47,1,397.61
51ddf1c9-4dee-4d38-abad-cdd8038620ba,O4984,P44,2,165.78
064e95fe-ebc8-4dfe-85a7-84bed91c27fa,O4985,P3,1,210.16
b9de3fa7-6593-4570-a123-9bae7db25eec,O4986,P42,3,364.27
4d14d34a-b450-40bf-8aff-fe1f3ea60d00,O4987,P24,2,327.27
a442e029-86af-478a-99e4-a26551443e69,O4988,P39,1,382.01
1f7d0563-f6e9-4e5f-ae62-111d60e8e6d8,O4988,P38,3,28.25
a663227d-71d1-4f4d-9c5c-a806ce66c3c2,O4988,P5,2,428.82
649c3f2e-6286-4a52-8256-0260d1499163,O4989,P5,2,428.82
96303c2e-fc53-40ff-9862-1abd45ee0a60,O4989,P48,1,51.12
263d2a70-f5c9-4a7b-b948-ae4a8c2371f0,O4989,P12,3,196.5
b892f73c-2aa2-4355-a6a6-efaecc073b84,O4990,P15,2,17.14
897f248f-f0d2-4fc7-b7df-13994ce23325,O4990,P13,1,195.01
4b5f6342-e6e0-412b-a41a-f7a3e9e97db5,O4990,P23,1,218.14
07a153af-5d88-4f40-985f-7ea04adb1859,O4990,P37,1,344.86
4459bb94-ed51-4eb5-b063-94ab49ceb96d,O4991,P44,2,165.78
0238ea2f-a4cb-4377-8237-36cefd7474cc,O4991,P2,3,153.08
c7d14f6c-d569-47f4-bc9d-ab333d9a528d,O4991,P22,1,315.67
53e8a5b0-5379-4ec1-8bf5-39753706eea4,O4992,P31,3,92.64
0549969b-5c0b-4add-81ea-54d93442a903,O4992,P1,2,386.89
2225a752-19cd-4628-be17-3618cb203ecb,O4992,P12,3,196.5
3bf6a97f-f0b9-41c2-a218-4c7c72ddd1c3,O4992,P44,2,165.78
dd55f80f-80a1-4f48-8b9b-dcfdf0ce1de2,O4993,P46,2,297.7
bc635e15-f8c5-4430-8a97-c168750f55fc,O4993,P47,3,397.61
fc2b48f3-5853-4fca-8aa4-57ae5d170961,O4993,P39,3,382.01
45cbd97a-fd04-4cdb-b8f4-c30d40880aea,O4994,P12,2,196.5
ee2a8f36-61b7-43ca-840b-9e4c1009231e,O4994,P17,2,165.71
7be42543-e672-4719-9a15-7192cdaff7ed,O4994,P42,3,364.27
e1fd571c-0a4f-4707-a67a-c9d135a66039,O4994,P23,2,218.14
6749f89c-c0c0-458b-9cdd-625c1d5b12df,O4995,P35,2,199.25
97cc748e-2c7c-4828-8afe-03c79967c3f9,O4995,P48,1,51.12
97a10477-dc3d-415e-a069-61f1dec84086,O4996,P44,3,165.78
b226565e-f4c9-4158-93c1-54dcb4d5a682,O4996,P0,2,29.14
c74eaa96-bbbb-4381-80fa-d25336e9b4e2,O4997,P17,2,165.71
48b13b3a-8b71-4e17-9aeb-53de9712b7b0,O4997,P49,2,16.6
ed4dadbc-73d1-47c5-bb04-6de9a6332e29,O4997,P12,1,196.5
3559e836-33c5-4dc7-b696-f8039b24c811,O4997,P13,2,195.01
19e7c18e-0236-44a0-8497-b9bab36c9a2e,O4998,P26,3,251.1
85ac0d2d-3739-43c7-835e-f087e62263f3,O4998,P42,2,364.27
f5ab9aae-a6a1-41b6-bc8c-7b34c08e129c,O4998,P3,3,210.16
11bd2d5e-48f3-49ce-844e-6ed2eec35517,O4998,P46,3,297.7
bfb67f78-f9a4-4c82-b935-b0d9e3ed0036,O4999,P41,3,227.6
fccb22b3-04ee-446f-a4cd-776bd4724db2,O4999,P0,2,29.14
ab1e2045-3c6f-42a5-8b45-c12e5bd64e19,O4999,P47,1,397.61
4ba5319e-3daa-4e44-9663-5108877bded3,O4999,P16,3,150.17
