order_id,user_id,order_date,order_status,total_amount
O0,U897,2026-01-10 13:38:34,Completed,2335.1299999999997
O1,U107,2025-12-12 21:13:56,Completed,16.6
O2,U721,2025-10-30 11:14:01,Completed,138.38
O3,U707,2025-10-18 12:23:04,Completed,497.27
O4,U29,2025-06-10 02:36:09,Completed,903.52
O5,U191,2025-04-21 21:39:30,Cancelled,342.29999999999995
O6,U14,2025-04-17 23:03:32,Cancelled,1696.1499999999999
O7,U674,2025-07-28 08:09:56,Completed,2370.83
O8,U73,2025-04-15 20:53:06,Completed,495.24
O9,U986,2025-10-04 17:58:25,Completed,1452.93
O10,U260,2025-04-08 16:29:03,Completed,2092.6099999999997
O11,U468,2025-04-08 14:53:27,Completed,461.69
O12,U246,2025-10-07 15:08:39,Cancelled,561.97
O13,U455,2025-04-26 06:40:47,Completed,1297.81
O14,U14,2025-04-09 21:13:32,Cancelled,1891.68
O15,U396,2026-02-01 03:40:54,Completed,61.97
O16,U72,2026-01-21 15:41:10,Completed,2568.9300000000003
O17,U759,2026-02-11 13:49:27,Cancelled,449.02
O18,U310,2025-07-11 01:37:14,Completed,2418.34
O19,U180,2026-01-14 11:30:23,Cancelled,51.12
O20,U398,2025-06-25 23:04:29,Completed,2755.98
O21,U561,2025-10-31 05:46:30,Completed,1689.45
O22,U49,2025-08-13 20:38:59,Completed,939.04
O23,U216,2025-04-06 11:21:34,Completed,819.27
O24,U64,2025-04-27 11:24:42,Cancelled,1194.95
O25,U708,2026-01-13 13:58:20,Completed,659.58
O26,U971,2026-03-08 14:33:21,Completed,2775.36
O27,U673,2025-07-18 18:16:58,Cancelled,893.0999999999999
O28,U519,2026-01-23 22:14:32,Completed,1065.7
O29,U312,2025-04-16 22:32:59,Completed,730.62
O30,U888,2025-12-15 15:48:45,Completed,1420.8500000000001
O31,U340,2026-03-14 14:49:03,Completed,60.5
O32,U705,2025-05-18 01:03:45,Completed,1179.76
O33,U194,2025-09-26 06:16:57,Cancelled,188.94
O34,U434,2025-07-12 09:15:19,Completed,2996.01
O35,U502,2025-06-29 04:44:25,Completed,1578.1200000000001
O36,U22,2025-07-06 22:34:22,Cancelled,422.06
O37,U547,2025-06-05 06:26:00,Completed,3109.3
O38,U792,2025-03-17 20:09:23,Completed,857.64
O39,U395,2025-12-22 02:51:43,Completed,1498.6
O40,U800,2025-07-29 03:48:25,Completed,468.98
O41,U88,2026-02-15 10:20:37,Completed,1531.5
O42,U212,2025-07-07 16:46:17,Completed,2084.1099999999997
O43,U41,2025-06-26 23:29:25,Completed,636.52
O44,U795,2025-09-06 22:54:21,Cancelled,2492.2799999999997
O45,U699,2026-01-26 21:56:31,Completed,87.42
O46,U738,2025-07-11 19:26:52,Completed,302.44
O47,U37,2026-03-03 11:17:22,Completed,1283.48
O48,U886,2025-12-08 07:54:12,Completed,548.58
O49,U752,2025-03-28 03:18:08,Returned,2401.0099999999998
O50,U273,2025-10-04 16:34:01,Completed,1267.8600000000001
O51,U51,2025-11-19 20:15:23,Completed,1310.31
O52,U349,2025-12-31 02:01:13,Cancelled,1502.63
O53,U772,2025-07-18 17:21:23,Completed,1442.8500000000001
O54,U196,2025-07-12 21:00:59,Completed,2189.02
O55,U858,2025-05-13 20:59:28,Completed,1711.56
O56,U100,2025-08-22 16:40:58,Completed,692.14
O57,U718,2025-06-09 01:21:24,Completed,1219.52
O58,U238,2025-04-11 17:40:01,Completed,2227.92
O59,U403,2026-02-23 09:40:34,Completed,497.13
O60,U708,2026-02-14 03:19:06,Completed,773.78
O61,U695,2026-03-12 14:35:10,Completed,778.3599999999999
O62,U710,2026-01-11 18:17:38,Completed,1035.59
O63,U172,2026-02-03 01:18:03,Completed,1658.0100000000002
O64,U303,2025-04-14 06:57:40,Completed,753.11
O65,U678,2025-08-24 05:54:18,Completed,1696.2600000000002
O66,U172,2026-02-24 18:03:11,Completed,333.53999999999996
O67,U299,2025-11-19 11:29:10,Completed,386.89
O68,U453,2026-03-14 23:10:56,Completed,685.1200000000001
O69,U21,2026-03-04 00:41:35,Completed,990.48
O70,U385,2025-03-31 15:37:24,Completed,192.31
O71,U100,2025-05-09 21:38:48,Cancelled,495.24
O72,U924,2025-05-14 04:59:18,Completed,697.0
O73,U42,2025-07-01 21:36:16,Completed,1861.61
O74,U293,2025-03-29 03:24:58,Completed,1020.0799999999999
O75,U729,2025-11-13 17:41:52,Cancelled,576.3700000000001
O76,U253,2025-12-29 17:58:01,Completed,502.2
O77,U483,2025-09-06 10:41:04,Returned,227.6
O78,U159,2025-07-08 07:10:14,Cancelled,1391.06
O79,U551,2025-08-23 11:34:44,Completed,2159.34
O80,U389,2025-11-23 13:05:37,Completed,745.6300000000001
O81,U967,2025-12-22 18:42:21,Completed,1296.95
O82,U586,2025-06-15 08:46:45,Completed,422.06
O83,U434,2025-06-28 23:20:58,Returned,857.13
O84,U894,2025-06-07 19:19:37,Completed,593.56
O85,U886,2025-04-08 00:03:20,Completed,1944.57
O86,U218,2025-08-22 01:52:12,Completed,1995.42
O87,U384,2025-08-26 22:45:22,Completed,3163.79
O88,U392,2025-10-10 21:55:31,Completed,450.51
O89,U725,2025-05-25 16:49:16,Completed,645.41
O90,U371,2025-06-15 01:46:38,Completed,471.43
O91,U261,2025-08-22 14:25:37,Completed,1189.8600000000001
O92,U197,2025-12-16 20:13:03,Completed,1612.8799999999999
O93,U290,2025-12-22 15:42:53,Completed,1674.93
O94,U817,2025-08-16 23:36:32,Completed,498.25
O95,U98,2026-02-28 22:32:05,Completed,1548.44
O96,U359,2025-08-27 19:34:22,Completed,1550.69
O97,U481,2025-12-09 13:13:52,Completed,2119.5
O98,U63,2025-11-16 07:20:58,Completed,508.0799999999999
O99,U821,2026-02-12 23:53:39,Completed,451.76
O100,U523,2025-10-04 06:03:52,Completed,450.51
O101,U592,2025-07-27 22:14:34,Completed,543.34
O102,U850,2025-09-06 00:56:56,Completed,1227.87
O103,U980,2025-05-15 21:28:33,Completed,69.57000000000001
O104,U834,2025-09-21 10:36:33,Completed,1503.8999999999999
O105,U401,2025-09-01 02:59:27,Returned,172.17000000000002
O106,U945,2025-08-21 12:37:26,Cancelled,980.5
O107,U398,2025-07-05 07:25:55,Completed,1695.03
O108,U138,2025-05-24 20:31:57,Completed,1932.44
O109,U484,2026-02-02 19:12:58,Completed,107.71000000000001
O110,U771,2025-08-29 21:16:52,Completed,17.14
O111,U783,2025-11-02 01:27:53,Completed,3353.5599999999995
O112,U550,2026-02-14 03:59:27,Completed,1165.76
O113,U986,2025-08-25 11:19:24,Completed,1214.33
O114,U554,2025-04-12 04:35:54,Completed,300.34
O115,U726,2026-02-18 07:03:08,Completed,1448.1
O116,U931,2025-10-23 19:32:48,Completed,1147.23
O117,U438,2026-01-07 02:59:14,Cancelled,841.0
O118,U790,2025-07-11 14:40:33,Completed,1810.88
O119,U494,2025-10-03 21:01:07,Completed,1128.71
O120,U125,2025-06-20 01:02:24,Completed,1291.84
O121,U77,2025-11-20 22:33:47,Completed,1380.1299999999999
O122,U807,2025-04-02 11:55:08,Completed,686.63
O123,U669,2026-03-05 05:00:55,Cancelled,1054.6399999999999
O124,U428,2025-05-04 02:01:18,Completed,459.24
O125,U661,2025-09-02 19:37:24,Completed,1244.53
O126,U159,2025-11-15 00:37:46,Completed,1669.1799999999998
O127,U624,2026-01-16 10:54:14,Completed,1693.57
O128,U60,2025-07-02 05:45:40,Completed,1236.96
O129,U589,2025-08-11 13:17:38,Returned,288.13
O130,U558,2025-07-23 00:01:37,Completed,974.25
O131,U528,2025-08-31 20:15:21,Completed,331.56
O132,U336,2025-07-03 03:45:48,Completed,393.0
O133,U108,2026-02-13 09:03:30,Completed,2663.7
O134,U740,2025-06-17 08:20:26,Completed,1092.81
O135,U923,2026-01-01 01:06:48,Completed,3150.8500000000004
O136,U341,2026-01-10 07:11:20,Completed,2573.14
O137,U876,2025-05-09 17:59:51,Completed,2070.5299999999997
O138,U929,2025-07-05 04:54:08,Completed,821.14
O139,U702,2025-11-17 21:16:20,Completed,165.78
O140,U36,2025-12-01 13:31:06,Completed,385.12
O141,U595,2025-10-21 07:58:17,Completed,2711.21
O142,U292,2025-09-09 10:36:10,Completed,137.22
O143,U510,2025-03-15 09:07:38,Completed,687.63
O144,U863,2025-07-22 20:03:10,Completed,1706.1999999999998
O145,U989,2025-09-25 12:47:04,Completed,393.38
O146,U383,2025-09-14 02:56:51,Completed,1588.0299999999997
O147,U701,2026-01-07 20:51:30,Completed,469.52
O148,U774,2025-05-15 12:25:41,Completed,228.2
O149,U144,2026-01-11 00:01:56,Completed,1077.31
O150,U599,2025-09-16 01:28:13,Completed,165.78
O151,U14,2026-01-12 21:10:34,Completed,738.06
O152,U84,2025-12-20 06:23:45,Completed,927.21
O153,U362,2026-02-11 21:27:28,Completed,455.2
O154,U756,2025-04-30 20:44:40,Completed,995.54
O155,U317,2025-09-19 11:17:59,Cancelled,342.08
O156,U463,2025-07-13 23:02:14,Completed,981.8399999999999
O157,U887,2025-12-23 21:28:01,Completed,614.75
O158,U929,2025-09-20 10:24:05,Completed,1265.6599999999999
O159,U653,2025-05-14 06:17:17,Completed,1460.8600000000001
O160,U515,2025-06-28 20:20:28,Cancelled,1202.55
O161,U695,2025-10-27 13:35:46,Completed,1512.07
O162,U590,2025-10-21 01:44:42,Completed,813.6000000000001
O163,U505,2025-08-06 11:20:53,Completed,1457.44
O164,U499,2025-09-01 23:52:52,Completed,605.73
O165,U42,2025-06-02 09:04:00,Completed,1347.29
O166,U139,2025-10-10 16:14:51,Completed,1208.62
O167,U886,2026-03-03 12:01:31,Cancelled,2245.12
O168,U62,2026-02-28 18:26:35,Completed,387.77
O169,U661,2026-02-28 04:28:52,Completed,3398.88
O170,U120,2025-06-26 16:41:51,Completed,688.71
O171,U160,2025-07-01 23:52:01,Cancelled,645.92
O172,U315,2026-01-05 04:14:43,Completed,408.48
O173,U461,2025-11-15 19:38:34,Completed,971.0400000000001
O174,U334,2026-01-15 11:13:59,Completed,1408.56
O175,U333,2025-05-17 22:46:40,Completed,1826.42
O176,U943,2025-12-24 18:52:48,Completed,192.31
O177,U234,2025-05-12 13:40:12,Completed,1315.24
O178,U128,2025-12-04 10:21:55,Completed,1771.6200000000001
O179,U544,2025-09-25 03:58:29,Cancelled,2752.5
O180,U214,2025-08-02 07:34:33,Completed,2162.41
O181,U904,2025-11-30 17:17:31,Cancelled,451.6
O182,U835,2025-05-23 01:01:15,Completed,205.58
O183,U368,2025-12-08 07:31:19,Completed,1472.24
O184,U377,2025-11-13 20:10:04,Completed,3374.92
O185,U155,2025-08-23 16:29:29,Completed,331.56
O186,U756,2025-05-01 20:26:18,Completed,1263.8899999999999
O187,U369,2025-08-27 09:03:01,Cancelled,91.48
O188,U639,2026-01-23 05:44:48,Completed,1462.37
O189,U162,2026-02-25 19:36:31,Completed,1566.9700000000003
O190,U663,2026-01-28 09:24:49,Completed,46.38
O191,U589,2026-01-12 16:19:36,Completed,1014.27
O192,U276,2025-05-16 19:26:22,Completed,428.84
O193,U202,2026-02-25 16:47:14,Completed,1072.24
O194,U638,2025-06-19 02:04:28,Completed,2411.8999999999996
O195,U938,2025-05-30 18:40:48,Returned,497.34000000000003
O196,U394,2025-07-16 20:55:42,Completed,1197.45
O197,U563,2026-03-12 04:12:57,Completed,1469.36
O198,U301,2025-05-17 18:19:52,Completed,2266.29
O199,U849,2025-11-17 05:52:32,Completed,2456.49
O200,U509,2025-12-25 14:38:04,Completed,721.91
O201,U854,2025-09-18 14:12:47,Completed,631.34
O202,U891,2025-07-25 21:32:56,Completed,1571.8300000000002
O203,U665,2025-09-09 00:47:05,Completed,1348.4499999999998
O204,U99,2025-12-01 10:42:06,Completed,2176.7
O205,U595,2026-03-12 02:22:50,Completed,1407.27
O206,U190,2025-11-27 13:30:01,Completed,939.04
O207,U60,2025-09-01 03:25:37,Completed,1619.77
O208,U356,2025-03-29 12:08:44,Completed,756.9100000000001
O209,U279,2025-05-28 14:13:29,Completed,1626.3700000000001
O210,U988,2026-03-08 06:39:06,Completed,2673.54
O211,U571,2025-03-24 12:59:46,Completed,459.24
O212,U885,2026-02-23 12:28:04,Completed,1041.7
O213,U678,2025-11-06 10:20:02,Completed,2343.36
O214,U31,2025-03-28 07:07:59,Completed,461.26
O215,U999,2025-09-19 22:28:35,Completed,2494.41
O216,U121,2025-10-29 16:41:11,Completed,657.6700000000001
O217,U523,2025-04-09 14:43:03,Completed,3154.54
O218,U405,2026-01-28 14:18:52,Completed,362.3
O219,U500,2025-10-03 06:44:54,Completed,2772.24
O220,U470,2025-12-29 10:04:42,Completed,2368.06
O221,U765,2025-04-09 14:53:06,Completed,1409.1
O222,U442,2025-11-28 20:42:41,Completed,2166.39
O223,U81,2025-10-20 12:14:18,Completed,28.25
O224,U882,2025-11-25 10:38:28,Completed,390.57
O225,U453,2025-12-28 21:43:34,Completed,34.28
O226,U621,2025-09-10 23:43:48,Completed,449.92
O227,U758,2025-06-08 06:25:41,Completed,1480.6399999999999
O228,U911,2025-03-29 17:15:09,Completed,1677.63
O229,U250,2025-12-08 03:54:20,Completed,1261.0
O230,U572,2025-09-02 16:38:57,Completed,1234.0
O231,U805,2025-09-25 18:25:23,Returned,471.94000000000005
O232,U587,2025-10-14 08:18:42,Completed,576.9300000000001
O233,U19,2025-11-19 16:56:19,Completed,1650.79
O234,U387,2025-03-26 12:32:21,Completed,92.64
O235,U858,2025-03-15 19:49:02,Completed,2146.01
O236,U799,2025-05-13 21:50:47,Completed,1554.21
O237,U369,2025-12-04 05:53:10,Cancelled,1840.1399999999999
O238,U896,2026-03-12 08:59:18,Completed,2251.62
O239,U239,2025-12-15 18:15:01,Completed,1354.5
O240,U886,2025-11-25 08:45:47,Completed,137.22
O241,U741,2025-05-22 17:02:03,Completed,2080.92
O242,U391,2026-03-06 17:56:04,Completed,546.08
O243,U507,2025-12-30 09:35:59,Completed,979.4
O244,U140,2026-01-10 04:09:28,Completed,1145.95
O245,U270,2026-03-01 09:38:59,Completed,495.24
O246,U750,2025-08-07 09:23:42,Completed,1544.53
O247,U522,2025-04-09 19:09:18,Completed,1109.52
O248,U266,2025-09-24 13:31:39,Completed,954.78
O249,U767,2025-06-30 20:09:49,Completed,1068.4099999999999
O250,U343,2025-04-11 18:05:55,Completed,1603.7199999999998
O251,U484,2025-07-02 20:16:26,Completed,739.7099999999999
O252,U450,2025-11-05 12:17:25,Completed,1547.52
O253,U262,2025-06-30 15:45:17,Completed,1744.47
O254,U563,2025-12-09 11:26:28,Completed,1872.15
O255,U748,2025-10-27 05:23:55,Cancelled,812.0899999999999
O256,U439,2025-08-20 08:08:06,Completed,521.0600000000001
O257,U292,2025-10-21 03:17:55,Completed,1703.34
O258,U195,2025-09-19 10:36:01,Completed,49.800000000000004
O259,U930,2025-08-23 03:01:49,Completed,2825.7400000000002
O260,U449,2025-12-07 06:20:48,Completed,1542.37
O261,U401,2025-07-13 02:32:58,Completed,1192.83
O262,U517,2026-03-07 12:25:05,Completed,524.11
O263,U822,2025-12-06 21:03:47,Completed,2238.7999999999997
O264,U519,2025-03-29 22:31:49,Completed,1850.8999999999999
O265,U997,2025-06-03 03:53:49,Completed,602.51
O266,U296,2025-10-04 19:03:25,Completed,2105.27
O267,U356,2025-04-08 23:54:32,Completed,894.68
O268,U252,2025-07-07 00:40:56,Returned,1675.41
O269,U104,2025-03-16 11:14:29,Completed,61.97
O270,U368,2026-02-01 23:57:49,Completed,1743.75
O271,U674,2025-10-06 08:56:31,Completed,185.28
O272,U257,2025-12-24 08:59:00,Completed,1932.56
O273,U608,2025-04-28 14:24:08,Completed,1438.54
O274,U118,2025-10-11 13:48:08,Completed,131.24
O275,U283,2025-06-06 16:25:06,Completed,451.76
O276,U296,2025-11-25 14:09:04,Completed,3255.39
O277,U225,2025-11-02 12:31:46,Completed,701.61
O278,U174,2026-02-22 14:08:16,Completed,2776.53
O279,U949,2026-01-01 09:36:04,Completed,1741.52
O280,U184,2025-06-06 18:50:51,Completed,328.54
O281,U826,2025-05-19 13:19:34,Completed,2577.7200000000003
O282,U226,2026-01-30 10:05:57,Completed,1222.44
O283,U624,2025-10-22 05:59:42,Completed,1198.81
O284,U156,2025-06-07 04:30:17,Completed,1891.01
O285,U532,2026-02-01 20:06:29,Completed,1435.23
O286,U666,2025-07-07 18:45:06,Completed,3751.06
O287,U668,2026-02-25 05:53:13,Completed,1297.76
O288,U113,2026-01-03 19:33:14,Completed,393.0
O289,U381,2025-09-29 08:21:01,Completed,61.97
O290,U351,2025-03-28 23:18:28,Completed,235.83
O291,U137,2026-03-09 06:39:02,Cancelled,1639.56
O292,U299,2025-10-18 19:02:31,Completed,1245.73
O293,U641,2026-02-14 06:41:33,Completed,780.4200000000001
O294,U141,2025-05-19 19:29:32,Completed,505.14
O295,U949,2025-07-31 17:04:29,Completed,919.69
O296,U337,2025-09-16 09:41:29,Completed,730.62
O297,U771,2025-05-02 00:16:31,Completed,2747.09
O298,U322,2026-01-21 11:13:46,Completed,1708.6399999999999
O299,U856,2025-08-07 09:37:05,Cancelled,1679.9099999999999
O300,U663,2026-01-03 15:21:53,Completed,687.63
O301,U514,2025-03-18 23:54:00,Completed,1378.0
O302,U904,2025-04-04 20:17:47,Completed,989.33
O303,U122,2025-07-09 01:22:34,Completed,497.4
O304,U370,2025-04-11 10:51:00,Cancelled,974.88
O305,U445,2025-08-13 11:41:48,Completed,841.9300000000001
O306,U885,2026-01-08 10:19:06,Completed,1137.08
O307,U35,2025-09-18 10:00:11,Completed,1056.4
O308,U47,2025-03-18 17:13:50,Completed,2296.01
O309,U415,2025-11-24 02:11:42,Completed,2021.75
O310,U987,2026-01-13 23:52:55,Completed,205.58
O311,U533,2026-01-19 21:43:52,Completed,951.86
O312,U813,2025-12-07 01:10:20,Completed,2447.61
O313,U817,2025-04-03 13:56:57,Completed,1970.6399999999999
O314,U705,2025-04-05 14:59:42,Completed,1983.3200000000002
O315,U479,2025-08-04 15:23:14,Completed,473.88
O316,U941,2026-03-10 13:53:35,Completed,662.7
O317,U3,2025-08-12 00:17:00,Completed,4278.610000000001
O318,U332,2026-03-02 15:48:14,Completed,878.12
O319,U861,2026-03-07 13:38:38,Completed,1846.1999999999998
O320,U133,2025-11-11 20:39:16,Completed,288.13
O321,U7,2026-02-23 05:50:40,Completed,1127.9
O322,U321,2025-03-22 12:36:14,Cancelled,221.03
O323,U886,2025-08-12 22:17:06,Cancelled,386.89
O324,U447,2025-10-07 16:41:33,Cancelled,1021.34
O325,U73,2025-10-28 13:32:02,Completed,277.12
O326,U758,2025-06-22 14:36:52,Completed,821.96
O327,U258,2025-10-11 16:57:55,Completed,560.39
O328,U905,2026-01-10 04:12:58,Completed,2059.91
O329,U666,2025-07-14 10:36:35,Completed,2556.06
O330,U801,2025-04-05 14:15:55,Completed,1199.98
O331,U143,2025-12-08 10:19:18,Completed,1727.1
O332,U703,2025-12-05 18:17:54,Completed,1146.03
O333,U692,2025-10-16 10:41:08,Completed,572.75
O334,U450,2025-07-29 21:42:37,Returned,585.03
O335,U131,2025-11-09 21:06:09,Completed,2563.83
O336,U13,2025-07-09 06:16:36,Completed,1313.95
O337,U128,2025-03-21 05:33:46,Completed,977.66
O338,U458,2026-03-10 23:04:02,Completed,322.96
O339,U417,2026-01-10 18:39:28,Completed,2810.5
O340,U282,2025-05-05 23:31:34,Completed,2154.0600000000004
O341,U588,2026-03-12 13:38:20,Completed,297.7
O342,U487,2025-10-05 09:44:21,Completed,203.16
O343,U64,2025-11-13 10:53:46,Completed,28.25
O344,U615,2025-11-20 23:33:59,Cancelled,1328.15
O345,U565,2025-12-04 15:43:00,Completed,3674.0899999999997
O346,U719,2026-01-16 19:45:00,Cancelled,2459.36
O347,U710,2025-05-25 16:31:55,Completed,1060.9
O348,U727,2025-05-07 10:55:49,Completed,398.5
O349,U121,2025-04-12 06:49:54,Completed,1510.02
O350,U815,2025-09-23 04:56:22,Completed,982.51
O351,U380,2025-08-16 02:44:51,Completed,1507.6999999999998
O352,U163,2025-05-20 00:12:32,Completed,131.67000000000002
O353,U879,2025-08-21 09:48:30,Completed,914.4499999999999
O354,U376,2025-03-30 03:50:11,Completed,2408.9
O355,U375,2025-12-12 02:21:50,Completed,2144.14
O356,U859,2025-10-04 15:54:45,Completed,803.94
O357,U585,2026-01-28 07:17:14,Completed,1580.73
O358,U631,2025-11-30 03:41:59,Completed,1765.38
O359,U261,2025-05-28 11:41:15,Completed,1507.98
O360,U795,2026-02-04 18:05:26,Completed,857.64
O361,U478,2025-04-09 23:24:40,Completed,1833.63
O362,U938,2025-09-05 05:48:18,Completed,2294.69
O363,U347,2026-01-21 04:14:48,Cancelled,616.74
O364,U180,2025-12-15 21:55:02,Completed,1403.23
O365,U678,2025-05-09 13:45:43,Completed,1879.42
O366,U511,2025-07-26 23:17:22,Completed,795.22
O367,U621,2025-11-05 03:59:23,Completed,1192.83
O368,U686,2025-10-06 17:04:01,Returned,795.22
O369,U333,2026-01-20 12:53:59,Completed,570.36
O370,U482,2025-11-17 19:38:37,Completed,1967.08
O371,U670,2025-08-16 20:05:07,Completed,768.5699999999999
O372,U670,2025-04-09 05:04:20,Completed,835.75
O373,U636,2025-08-07 22:50:43,Returned,1102.44
O374,U834,2025-04-29 10:53:18,Completed,2128.47
O375,U831,2025-10-31 00:47:00,Cancelled,672.36
O376,U607,2025-07-06 05:19:25,Cancelled,655.1800000000001
O377,U313,2026-02-13 00:29:06,Completed,1893.9899999999998
O378,U670,2026-02-10 06:19:19,Cancelled,1295.83
O379,U633,2025-08-01 02:45:44,Completed,459.24
O380,U838,2025-10-28 20:07:53,Cancelled,1890.24
O381,U905,2026-01-01 13:11:16,Completed,1050.6100000000001
O382,U273,2025-09-14 19:19:25,Completed,1525.86
O383,U201,2026-01-14 02:26:45,Completed,1623.3999999999999
O384,U70,2025-09-07 20:09:00,Completed,420.32
O385,U128,2026-01-01 04:05:51,Completed,1914.4199999999998
O386,U738,2025-08-24 23:29:05,Completed,114.1
O387,U878,2025-03-15 22:46:57,Completed,2446.34
O388,U316,2025-09-02 11:31:02,Cancelled,1286.52
O389,U51,2025-09-22 09:40:40,Completed,2873.74
O390,U496,2025-10-26 01:13:51,Returned,1630.4499999999998
O391,U297,2025-06-10 05:51:53,Completed,84.75
O392,U792,2026-02-19 12:23:58,Completed,3699.29
O393,U466,2025-05-01 06:23:12,Completed,720.5899999999999
O394,U436,2025-12-16 14:01:43,Returned,2640.19
O395,U200,2025-04-29 08:13:59,Cancelled,263.49
O396,U709,2026-03-11 22:26:31,Completed,1044.56
O397,U423,2025-08-28 08:24:18,Completed,210.16
O398,U845,2025-09-13 22:54:04,Completed,4516.09
O399,U823,2025-10-25 20:15:14,Completed,2897.17
O400,U141,2026-03-01 04:03:58,Completed,931.02
O401,U380,2025-10-25 07:24:46,Completed,847.76
O402,U445,2025-12-25 14:39:59,Completed,1659.95
O403,U134,2025-11-03 17:21:07,Completed,1245.3200000000002
O404,U401,2025-06-05 21:13:12,Completed,499.78
O405,U926,2025-05-19 03:33:06,Completed,1146.03
O406,U468,2025-06-08 08:06:40,Completed,721.5799999999999
O407,U668,2025-07-18 09:24:12,Returned,1880.64
O408,U227,2026-01-21 11:27:54,Completed,342.29999999999995
O409,U177,2025-10-12 08:40:20,Completed,1920.5900000000001
O410,U375,2025-06-07 11:02:22,Cancelled,2293.7500000000005
O411,U342,2025-03-22 08:25:00,Completed,1034.21
O412,U782,2026-02-09 14:32:25,Completed,1533.6399999999999
O413,U881,2025-08-15 06:12:43,Completed,488.83
O414,U896,2026-01-12 13:47:17,Completed,1099.78
O415,U459,2025-11-15 09:58:50,Completed,165.78
O416,U929,2025-12-26 13:50:55,Cancelled,2292.8199999999997
O417,U936,2025-07-12 03:55:44,Returned,631.34
O418,U626,2026-01-15 23:44:39,Completed,3705.9300000000003
O419,U861,2025-10-17 14:45:41,Completed,328.54
O420,U122,2025-05-03 01:57:58,Completed,475.19
O421,U497,2025-08-09 20:03:18,Completed,382.01
O422,U853,2025-10-03 06:18:23,Cancelled,810.9100000000001
O423,U228,2025-10-31 04:17:58,Completed,1765.2400000000002
O424,U725,2025-03-30 17:58:42,Completed,13.01
O425,U352,2025-06-23 18:43:05,Cancelled,51.12
O426,U526,2025-07-03 03:11:45,Cancelled,342.29999999999995
O427,U199,2025-05-22 00:43:36,Completed,1227.67
O428,U903,2025-03-22 23:28:57,Completed,616.74
O429,U769,2025-04-06 12:01:39,Returned,893.0999999999999
O430,U65,2025-05-03 23:20:24,Completed,2554.67
O431,U65,2025-06-30 20:45:58,Completed,2254.8199999999997
O432,U366,2025-09-01 13:06:14,Completed,150.45
O433,U263,2026-02-24 00:37:20,Completed,492.81000000000006
O434,U553,2025-07-07 10:33:33,Completed,985.4399999999999
O435,U583,2025-12-26 14:08:06,Returned,87.42
O436,U564,2025-06-27 12:56:26,Completed,1490.0900000000001
O437,U374,2026-01-03 12:32:36,Cancelled,1844.72
O438,U172,2025-09-25 21:35:06,Cancelled,1664.68
O439,U845,2025-05-07 08:58:15,Returned,185.91
O440,U106,2025-12-07 19:01:59,Completed,2324.5999999999995
O441,U520,2025-09-03 16:20:11,Completed,1114.21
O442,U446,2026-01-16 19:01:49,Cancelled,880.85
O443,U998,2026-01-16 10:33:48,Completed,350.53
O444,U719,2025-05-30 18:43:56,Completed,2551.06
O445,U565,2025-07-26 14:04:45,Completed,502.2
O446,U697,2026-01-12 23:08:16,Completed,185.28
O447,U158,2025-08-15 21:56:25,Completed,317.4
O448,U643,2025-04-19 07:50:56,Completed,1709.83
O449,U957,2026-01-13 00:22:04,Completed,1609.8899999999999
O450,U609,2026-01-13 08:33:19,Completed,1094.3300000000002
O451,U652,2025-12-24 01:02:01,Completed,327.27
O452,U977,2025-06-08 09:15:22,Completed,2202.37
O453,U338,2025-10-25 07:12:42,Completed,2777.6
O454,U667,2026-02-09 12:47:06,Completed,398.5
O455,U697,2025-07-27 06:11:49,Completed,1286.52
O456,U10,2025-10-13 11:25:03,Completed,1724.23
O457,U343,2025-05-30 23:00:27,Cancelled,455.2
O458,U189,2025-09-09 10:14:07,Returned,1166.1
O459,U175,2025-12-21 17:58:31,Completed,1125.33
O460,U762,2025-05-18 07:21:52,Completed,978.45
O461,U279,2025-09-07 14:20:07,Cancelled,626.62
O462,U1,2026-01-23 07:02:48,Completed,737.73
O463,U316,2025-06-30 23:09:10,Completed,422.06
O464,U429,2025-05-01 23:34:43,Completed,245.33999999999997
O465,U586,2025-09-06 16:02:47,Cancelled,2804.1800000000003
O466,U403,2025-11-21 03:58:51,Completed,1100.88
O467,U304,2025-12-31 19:50:47,Completed,1610.84
O468,U594,2026-01-01 09:50:19,Completed,631.34
O469,U394,2025-03-20 02:16:37,Completed,2138.55
O470,U63,2025-05-01 18:44:40,Completed,654.42
O471,U55,2025-04-02 13:11:22,Completed,3222.7
O472,U292,2025-10-02 13:24:18,Completed,2030.2
O473,U143,2025-09-09 07:45:30,Cancelled,415.64
O474,U124,2025-11-21 09:22:35,Completed,199.25
O475,U701,2025-06-04 16:18:36,Completed,1590.43
O476,U65,2025-04-16 13:33:45,Completed,1274.23
O477,U220,2025-08-13 22:40:05,Completed,521.21
O478,U340,2025-10-02 10:41:59,Cancelled,900.5199999999999
O479,U36,2025-12-07 11:30:02,Completed,327.27
O480,U679,2025-10-18 03:53:41,Completed,1245.6699999999998
O481,U949,2025-10-31 04:18:09,Completed,2206.94
O482,U157,2026-03-11 02:01:32,Cancelled,2359.24
O483,U431,2025-06-28 01:16:00,Completed,2520.1800000000003
O484,U230,2025-03-17 18:02:29,Completed,2475.4100000000003
O485,U640,2025-05-12 16:21:29,Completed,801.5500000000001
O486,U56,2025-12-09 22:10:52,Completed,1286.46
O487,U733,2025-07-28 15:15:03,Completed,2427.94
O488,U423,2025-09-08 23:38:35,Completed,986.89
O489,U571,2026-02-27 08:16:20,Completed,1901.5
O490,U560,2025-08-05 18:42:57,Completed,995.79
O491,U805,2025-04-27 00:42:43,Cancelled,3150.88
O492,U555,2025-11-27 23:00:54,Completed,729.59
O493,U673,2026-01-21 08:34:00,Completed,883.66
O494,U254,2025-08-06 21:54:44,Completed,464.23999999999995
O495,U474,2025-09-14 14:39:33,Completed,263.88
O496,U638,2025-06-18 21:53:15,Completed,1174.12
O497,U90,2025-04-04 02:00:57,Completed,469.52
O498,U656,2025-06-21 04:44:01,Cancelled,455.2
O499,U794,2026-01-10 19:02:13,Completed,576.9300000000001
O500,U522,2025-10-25 02:26:55,Completed,2875.8199999999997
O501,U435,2026-01-22 16:16:41,Completed,799.73
O502,U858,2026-03-03 11:04:34,Cancelled,3863.19
O503,U39,2025-04-29 05:54:55,Completed,1466.8400000000001
O504,U866,2025-10-20 22:08:55,Returned,987.3000000000001
O505,U194,2025-11-23 10:26:44,Completed,1237.25
O506,U190,2026-02-27 19:54:57,Completed,1418.44
O507,U575,2025-12-05 14:05:07,Completed,1563.23
O508,U774,2025-09-02 09:33:36,Completed,510.14
O509,U637,2026-02-24 20:29:45,Completed,2627.16
O510,U13,2025-11-01 18:27:51,Completed,534.51
O511,U187,2025-08-04 04:15:59,Completed,360.77
O512,U250,2026-01-11 02:16:47,Cancelled,2721.7299999999996
O513,U554,2025-05-11 04:15:36,Completed,1771.38
O514,U959,2025-08-19 06:32:34,Completed,2851.8900000000003
O515,U277,2025-10-03 07:14:00,Completed,900.9399999999999
O516,U629,2025-06-09 02:38:16,Completed,2229.56
O517,U979,2025-06-21 11:46:00,Completed,944.75
O518,U586,2026-03-10 04:21:47,Completed,150.45999999999998
O519,U615,2025-11-12 18:09:11,Completed,597.75
O520,U770,2025-06-23 00:05:22,Completed,2098.43
O521,U504,2025-08-12 08:05:25,Completed,318.26
O522,U124,2025-04-08 15:38:16,Completed,654.54
O523,U362,2026-02-04 19:48:22,Cancelled,506.69
O524,U236,2025-06-24 14:09:41,Completed,689.72
O525,U992,2026-02-20 03:07:22,Cancelled,165.71
O526,U281,2026-02-08 17:50:43,Completed,689.72
O527,U943,2025-10-01 13:41:15,Completed,1293.8600000000001
O528,U182,2025-11-04 21:17:53,Cancelled,327.27
O529,U979,2026-01-14 06:19:36,Completed,92.64
O530,U968,2026-02-28 07:16:37,Completed,1124.82
O531,U880,2025-10-03 03:31:45,Completed,229.21
O532,U147,2025-05-30 11:05:57,Completed,1741.4299999999998
O533,U823,2025-06-11 08:31:33,Completed,1924.23
O534,U960,2025-06-05 16:00:22,Completed,2869.71
O535,U740,2025-12-25 22:00:06,Completed,2834.27
O536,U453,2025-12-25 21:38:28,Completed,339.33
O537,U91,2025-07-19 08:11:19,Completed,459.24
O538,U320,2026-02-14 20:16:00,Completed,216.16
O539,U693,2026-03-14 17:59:25,Completed,1563.56
O540,U531,2025-07-10 22:16:02,Completed,1498.52
O541,U759,2025-06-10 11:05:17,Completed,56.5
O542,U333,2026-01-23 19:03:03,Completed,2254.92
O543,U453,2026-02-26 09:37:50,Completed,712.58
O544,U109,2025-10-11 07:22:29,Completed,795.22
O545,U490,2025-07-09 17:40:58,Completed,1072.3000000000002
O546,U37,2025-09-28 20:34:55,Completed,1421.5700000000002
O547,U186,2025-07-17 06:44:45,Completed,49.800000000000004
O548,U394,2026-03-05 20:14:55,Completed,185.28
O549,U357,2025-09-19 02:40:24,Completed,1513.2199999999998
O550,U721,2025-12-27 03:54:07,Cancelled,431.64
O551,U968,2025-10-14 23:46:48,Completed,917.38
O552,U494,2025-11-25 08:13:31,Completed,1752.3899999999999
O553,U900,2026-02-01 21:04:11,Completed,156.99
O554,U158,2025-10-07 20:29:54,Returned,1908.38
O555,U275,2025-03-24 06:50:45,Completed,857.68
O556,U116,2025-12-22 03:12:52,Completed,2372.59
O557,U206,2026-02-14 08:04:05,Cancelled,417.91
O558,U81,2025-12-11 10:12:56,Completed,1329.6399999999999
O559,U170,2025-11-10 08:37:46,Completed,2970.0499999999997
O560,U670,2025-06-29 12:36:25,Completed,2968.16
O561,U18,2025-08-21 13:23:49,Completed,423.72
O562,U707,2026-01-10 01:42:10,Completed,1453.8100000000002
O563,U719,2025-07-22 02:19:11,Completed,2133.08
O564,U360,2025-05-16 10:48:13,Completed,1124.32
O565,U684,2025-11-09 16:10:18,Returned,2204.7
O566,U944,2025-08-23 04:43:19,Cancelled,707.89
O567,U292,2025-06-02 09:11:29,Completed,1763.79
O568,U181,2025-04-10 23:24:39,Completed,1887.52
O569,U119,2025-07-12 01:37:07,Cancelled,506.56999999999994
O570,U618,2025-10-09 02:18:42,Completed,1322.52
O571,U112,2025-09-27 21:47:39,Completed,2589.16
O572,U887,2025-06-07 03:41:35,Completed,2794.82
O573,U69,2025-11-17 16:48:16,Completed,450.51
O574,U332,2025-04-28 05:29:28,Completed,185.28
O575,U83,2025-12-22 09:06:10,Completed,968.8799999999999
O576,U561,2026-02-08 21:18:07,Cancelled,2267.29
O577,U775,2025-07-19 11:41:14,Completed,987.3000000000001
O578,U913,2025-10-07 02:01:36,Completed,26.02
O579,U882,2025-11-04 13:24:58,Completed,671.56
O580,U65,2025-09-10 07:46:53,Completed,33.2
O581,U880,2025-07-18 13:56:32,Cancelled,56.5
O582,U801,2025-09-20 09:29:04,Completed,796.49
O583,U8,2025-12-26 16:09:24,Completed,1764.0600000000002
O584,U810,2026-02-23 19:35:26,Cancelled,2207.3
O585,U644,2026-01-24 11:12:14,Completed,521.03
O586,U52,2025-07-01 15:11:50,Completed,576.26
O587,U825,2026-01-09 18:13:29,Completed,303.59
O588,U636,2025-08-02 13:06:42,Completed,719.19
O589,U324,2025-07-18 14:10:52,Completed,1465.76
O590,U728,2025-04-13 21:53:26,Completed,1485.72
O591,U102,2025-04-11 17:07:46,Completed,687.63
O592,U666,2025-10-15 07:41:14,Completed,958.36
O593,U513,2025-05-22 23:25:10,Completed,480.82
O594,U716,2025-11-28 10:31:17,Completed,1273.04
O595,U945,2025-08-02 04:55:12,Cancelled,1185.82
O596,U933,2026-01-04 15:29:21,Completed,1071.8
O597,U232,2026-01-17 11:31:07,Completed,2399.98
O598,U15,2026-03-02 01:15:48,Completed,1618.7
O599,U84,2025-07-21 21:16:20,Completed,980.14
O600,U962,2026-03-15 02:29:27,Returned,1671.94
O601,U235,2025-10-30 09:11:38,Completed,1686.6299999999999
O602,U452,2025-10-01 15:20:39,Completed,954.78
O603,U372,2026-01-12 18:33:09,Completed,1578.36
O604,U807,2026-03-09 04:59:24,Completed,1013.8699999999999
O605,U661,2025-04-06 09:59:39,Completed,318.26
O606,U905,2025-07-22 19:12:23,Completed,1261.4399999999998
O607,U683,2025-09-29 10:21:21,Completed,1459.98
O608,U281,2025-09-22 09:51:16,Completed,2157.8199999999997
O609,U381,2026-02-26 13:45:34,Completed,616.74
O610,U457,2025-07-11 02:04:29,Completed,2244.85
O611,U708,2025-05-20 03:42:14,Completed,1280.16
O612,U757,2025-03-28 02:04:19,Completed,1544.56
O613,U270,2025-03-22 03:30:11,Completed,1078.3799999999999
O614,U869,2025-12-21 10:50:29,Completed,1788.6299999999999
O615,U529,2025-06-10 07:47:47,Completed,1616.3600000000001
O616,U583,2025-07-04 12:17:32,Completed,798.7
O617,U513,2025-07-01 22:13:12,Completed,318.26
O618,U918,2025-12-11 13:47:42,Completed,1364.6
O619,U634,2025-08-14 00:43:13,Completed,2187.0299999999997
O620,U953,2025-12-20 18:47:40,Completed,965.1600000000001
O621,U311,2026-02-28 14:20:59,Returned,148.62
O622,U183,2026-03-07 20:44:40,Completed,1309.71
O623,U993,2025-03-28 00:31:39,Completed,218.14
O624,U635,2025-12-23 20:12:58,Cancelled,768.5600000000001
O625,U883,2025-12-01 02:35:09,Completed,1498.9299999999998
O626,U471,2025-04-27 14:39:32,Completed,1204.5700000000002
O627,U843,2025-04-09 20:33:56,Completed,331.56
O628,U179,2025-06-06 15:51:58,Cancelled,678.28
O629,U794,2025-06-03 01:05:39,Completed,939.04
O630,U191,2025-05-13 20:43:06,Completed,1165.02
O631,U44,2026-01-27 12:06:09,Completed,1815.71
O632,U802,2025-06-12 11:20:21,Completed,315.67
O633,U590,2025-03-20 11:32:56,Returned,775.21
O634,U715,2025-07-08 12:09:31,Cancelled,2223.56
O635,U683,2026-02-24 22:15:56,Completed,1389.88
O636,U419,2025-05-16 22:28:28,Completed,1207.08
O637,U765,2026-01-12 02:45:40,Completed,502.2
O638,U699,2025-08-27 13:12:43,Completed,1829.46
O639,U211,2026-01-27 23:08:19,Completed,1249.82
O640,U440,2025-11-14 08:42:52,Completed,1995.56
O641,U375,2026-03-07 01:04:02,Completed,204.24
O642,U657,2025-07-08 08:23:00,Completed,355.12
O643,U310,2025-12-31 19:04:38,Completed,954.78
O644,U543,2025-12-15 14:30:36,Completed,1325.58
O645,U117,2026-01-08 03:48:26,Completed,300.34
O646,U760,2025-11-10 18:46:24,Completed,1336.65
O647,U447,2025-03-27 22:45:06,Completed,397.61
O648,U418,2025-06-06 22:56:55,Completed,1406.48
O649,U719,2025-07-05 21:19:14,Completed,277.92
O650,U351,2025-11-25 19:14:44,Completed,1126.78
O651,U204,2025-08-31 06:44:09,Completed,1408.56
O652,U657,2025-07-16 12:40:08,Completed,1956.29
O653,U839,2025-07-04 12:23:41,Completed,966.03
O654,U692,2025-04-06 05:56:54,Completed,1739.9099999999999
O655,U699,2025-09-08 23:50:21,Completed,986.4399999999999
O656,U540,2025-12-26 10:21:29,Completed,833.0999999999999
O657,U581,2025-08-28 05:40:31,Completed,1286.52
O658,U503,2026-01-30 23:37:21,Completed,1414.6599999999999
O659,U5,2025-11-03 01:28:46,Completed,1866.5
O660,U743,2026-03-02 07:22:05,Completed,185.91
O661,U348,2025-06-16 09:55:51,Completed,2048.67
O662,U443,2025-10-26 06:38:24,Completed,410.57
O663,U275,2025-10-28 23:21:56,Completed,364.64
O664,U207,2026-01-08 18:50:14,Completed,2704.19
O665,U846,2025-11-10 18:28:30,Completed,789.98
O666,U739,2025-07-02 14:38:08,Completed,1010.86
O667,U932,2025-04-03 04:11:44,Completed,993.51
O668,U489,2026-03-08 21:25:50,Completed,3270.3599999999997
O669,U331,2025-06-22 11:16:03,Completed,1157.27
O670,U74,2025-09-04 15:41:17,Completed,544.11
O671,U680,2025-11-10 12:29:00,Completed,455.2
O672,U629,2025-10-14 20:14:36,Completed,2795.06
O673,U150,2025-11-18 22:43:31,Completed,1063.05
O674,U844,2026-02-23 03:39:03,Completed,1647.45
O675,U218,2025-04-23 12:17:51,Completed,683.58
O676,U77,2026-03-09 21:56:47,Completed,983.0700000000002
O677,U494,2025-08-27 13:16:47,Returned,1596.85
O678,U906,2025-05-30 05:57:15,Completed,611.0899999999999
O679,U754,2025-12-07 06:12:07,Completed,1336.24
O680,U928,2026-01-06 18:40:03,Completed,1747.5
O681,U219,2025-11-23 21:35:45,Completed,3258.57
O682,U724,2025-04-10 11:30:27,Completed,1923.6599999999999
O683,U347,2025-07-25 03:17:52,Cancelled,667.55
O684,U518,2025-08-31 09:23:07,Completed,712.56
O685,U740,2026-03-04 07:22:48,Completed,300.34
O686,U738,2025-05-28 23:37:51,Cancelled,965.3600000000001
O687,U506,2026-02-18 17:04:51,Completed,2016.1999999999998
O688,U348,2026-01-20 11:45:40,Cancelled,84.75
O689,U508,2025-04-29 15:51:55,Completed,508.66
O690,U504,2025-05-02 00:10:01,Completed,940.78
O691,U645,2026-02-03 15:02:44,Completed,1231.26
O692,U411,2025-07-08 11:32:05,Completed,2043.42
O693,U559,2025-04-13 11:46:08,Returned,1029.1
O694,U908,2025-09-12 21:37:08,Completed,753.3
O695,U308,2025-06-27 20:51:52,Completed,921.52
O696,U432,2026-02-23 18:44:00,Completed,773.74
O697,U674,2025-10-25 21:56:24,Completed,498.39
O698,U555,2026-02-27 11:36:15,Completed,2177.45
O699,U383,2025-08-09 07:11:26,Completed,1092.86
O700,U879,2026-03-12 13:22:30,Completed,306.16
O701,U360,2026-01-01 22:19:39,Completed,401.22
O702,U313,2025-10-08 16:34:04,Completed,903.52
O703,U178,2025-03-18 07:49:47,Cancelled,465.5
O704,U245,2025-12-02 12:56:43,Completed,1440.8799999999999
O705,U906,2025-07-05 04:09:06,Completed,917.96
O706,U966,2025-06-26 19:06:20,Completed,17.14
O707,U936,2025-03-17 17:58:41,Completed,1845.3200000000002
O708,U598,2025-07-24 02:06:18,Completed,687.63
O709,U877,2025-08-24 02:03:20,Completed,1442.24
O710,U442,2025-09-17 02:17:18,Completed,1361.5099999999998
O711,U413,2025-05-30 09:05:25,Completed,2181.94
O712,U72,2025-11-09 14:59:11,Completed,451.76
O713,U895,2025-05-17 10:11:48,Completed,455.2
O714,U740,2025-12-06 10:02:11,Cancelled,779.1
O715,U49,2026-01-02 10:44:55,Completed,1395.83
O716,U725,2026-01-24 13:54:14,Completed,1311.48
O717,U661,2025-05-27 16:41:52,Completed,879.1899999999999
O718,U612,2025-11-26 12:46:27,Completed,2518.26
O719,U488,2025-08-13 04:04:29,Completed,297.77
O720,U168,2026-02-28 13:33:42,Completed,2186.05
O721,U856,2025-10-23 04:44:00,Completed,1969.74
O722,U400,2025-09-10 02:48:18,Returned,1371.15
O723,U615,2025-08-01 02:45:49,Completed,318.26
O724,U862,2025-09-11 18:57:15,Returned,1431.3999999999999
O725,U108,2026-02-23 16:37:33,Returned,816.1800000000001
O726,U566,2025-10-04 17:21:53,Completed,1698.3799999999999
O727,U694,2025-04-04 14:22:16,Completed,488.83
O728,U247,2025-12-04 11:50:04,Completed,1296.86
O729,U210,2026-03-12 11:19:43,Completed,2223.55
O730,U710,2025-04-18 16:47:01,Completed,1466.49
O731,U355,2025-12-15 15:45:13,Cancelled,1673.28
O732,U798,2025-10-21 15:44:39,Completed,764.02
O733,U250,2025-05-22 18:23:16,Completed,1151.25
O734,U542,2026-01-11 13:00:18,Completed,985.42
O735,U546,2025-06-19 05:36:01,Completed,1293.99
O736,U763,2025-11-18 01:10:31,Completed,458.42
O737,U565,2025-12-13 10:33:57,Completed,1925.8100000000002
O738,U894,2025-05-25 10:22:51,Completed,1343.64
O739,U857,2025-07-09 13:24:36,Completed,1874.94
O740,U770,2025-12-13 04:07:23,Completed,1130.8799999999999
O741,U111,2026-01-24 20:16:12,Completed,1183.88
O742,U342,2025-07-17 15:49:03,Completed,1371.27
O743,U410,2025-05-16 08:49:01,Completed,411.16
O744,U714,2025-10-14 02:25:03,Returned,382.52
O745,U305,2025-03-23 15:37:54,Completed,397.38
O746,U468,2025-10-15 21:09:50,Completed,1697.4199999999998
O747,U73,2025-11-21 15:29:51,Completed,645.92
O748,U693,2025-04-25 03:45:14,Completed,844.04
O749,U756,2025-04-17 04:55:26,Completed,229.21
O750,U140,2026-02-21 13:04:13,Completed,614.55
O751,U398,2026-01-06 04:13:07,Completed,630.48
O752,U810,2026-01-03 01:03:15,Completed,1134.75
O753,U738,2025-03-30 05:21:05,Completed,1483.29
O754,U141,2025-08-27 20:33:32,Completed,745.23
O755,U706,2025-10-02 18:05:09,Completed,1007.56
O756,U565,2025-03-15 13:44:00,Completed,977.66
O757,U996,2025-11-19 05:26:57,Completed,1231.71
O758,U591,2026-01-20 22:53:18,Completed,1088.51
O759,U900,2025-11-12 07:27:28,Completed,693.37
O760,U302,2026-03-11 19:14:30,Completed,2830.41
O761,U556,2025-06-28 09:47:35,Completed,2545.59
O762,U598,2025-12-05 13:14:26,Completed,322.19
O763,U143,2025-09-13 19:18:59,Completed,114.1
O764,U165,2025-10-11 07:20:37,Completed,744.11
O765,U534,2026-02-28 00:06:18,Completed,60.5
O766,U584,2025-04-24 08:07:00,Completed,689.72
O767,U878,2026-02-21 10:42:34,Completed,3127.29
O768,U839,2026-01-24 07:47:54,Completed,548.76
O769,U118,2025-07-21 00:32:34,Completed,854.14
O770,U727,2025-07-01 16:41:41,Completed,123.94
O771,U406,2025-12-25 09:12:52,Completed,981.81
O772,U573,2026-02-10 22:24:17,Completed,496.02
O773,U398,2026-01-11 23:30:20,Completed,612.72
O774,U488,2025-10-19 13:23:53,Completed,1286.46
O775,U247,2025-07-12 22:01:24,Completed,1822.84
O776,U282,2025-05-23 22:26:23,Completed,1418.44
O777,U841,2025-12-30 10:28:14,Completed,790.44
O778,U105,2025-03-26 03:07:27,Returned,1910.46
O779,U835,2025-07-15 16:30:49,Completed,585.03
O780,U621,2025-08-08 18:37:02,Completed,51.12
O781,U269,2025-11-12 11:16:52,Completed,482.01
O782,U56,2025-12-02 06:51:28,Completed,2481.8199999999997
O783,U806,2025-05-18 09:50:43,Completed,1034.58
O784,U94,2025-07-15 17:29:02,Completed,2379.33
O785,U948,2025-08-22 12:17:00,Completed,165.71
O786,U448,2025-06-11 05:21:06,Completed,2283.3199999999997
O787,U429,2025-08-11 22:51:53,Cancelled,1602.08
O788,U540,2025-03-17 12:10:29,Completed,40.44
O789,U565,2026-02-08 23:24:06,Completed,58.28
O790,U299,2026-02-19 21:24:27,Completed,1182.35
O791,U645,2025-07-24 22:31:44,Completed,591.21
O792,U585,2026-01-28 01:25:39,Cancelled,647.38
O793,U386,2025-12-06 19:23:30,Completed,2291.59
O794,U50,2025-05-11 07:03:47,Completed,1162.09
O795,U495,2025-09-10 14:15:13,Returned,1490.53
O796,U204,2025-10-19 10:05:35,Cancelled,2041.7799999999997
O797,U422,2025-04-22 22:26:44,Completed,1289.98
O798,U405,2026-03-06 16:46:19,Completed,2622.23
O799,U853,2025-07-22 15:53:39,Completed,576.26
O800,U399,2025-04-20 23:45:43,Completed,1750.24
O801,U524,2025-12-14 02:22:31,Completed,1754.75
O802,U26,2025-09-04 22:00:09,Completed,1345.44
O803,U652,2025-12-17 12:19:12,Completed,849.81
O804,U422,2025-05-11 19:36:46,Completed,2012.2399999999998
O805,U689,2025-08-16 20:37:27,Cancelled,1197.1000000000001
O806,U91,2025-11-06 01:33:54,Completed,114.1
O807,U259,2025-09-27 18:42:00,Completed,1967.55
O808,U936,2026-02-02 21:41:58,Cancelled,963.15
O809,U931,2025-04-28 00:23:16,Completed,580.64
O810,U328,2025-08-02 04:44:06,Completed,1428.88
O811,U443,2025-12-20 19:01:39,Completed,497.34000000000003
O812,U458,2025-04-06 12:54:53,Cancelled,1512.06
O813,U688,2026-01-13 18:56:20,Completed,2255.1099999999997
O814,U841,2025-12-04 14:59:19,Completed,2266.4
O815,U515,2025-07-22 01:13:46,Completed,2010.99
O816,U857,2025-10-02 07:31:32,Completed,1092.81
O817,U219,2025-08-18 04:09:51,Cancelled,689.72
O818,U619,2025-12-11 21:23:09,Completed,153.08
O819,U7,2025-05-26 00:13:56,Completed,1710.03
O820,U726,2025-07-13 22:01:17,Completed,177.82
O821,U731,2026-01-02 15:38:54,Completed,451.76
O822,U942,2025-08-21 09:02:28,Completed,1690.02
O823,U91,2025-03-29 18:51:08,Completed,2237.4700000000003
O824,U758,2025-10-19 19:10:26,Completed,506.27
O825,U761,2025-11-04 16:22:40,Completed,495.9
O826,U795,2025-05-04 10:34:54,Completed,1637.58
O827,U320,2025-07-28 02:17:07,Completed,2448.9900000000002
O828,U241,2026-01-29 00:04:15,Completed,1062.83
O829,U476,2025-07-17 14:30:48,Completed,3016.6499999999996
O830,U691,2026-02-22 01:49:26,Completed,100.94
O831,U417,2025-06-13 22:30:05,Completed,1265.3
O832,U130,2025-07-15 19:58:42,Returned,654.54
O833,U602,2025-03-21 16:13:01,Completed,1621.57
O834,U639,2025-11-07 05:52:44,Completed,844.12
O835,U247,2026-02-01 21:58:29,Completed,1952.0900000000001
O836,U498,2025-11-20 01:57:24,Completed,1972.21
O837,U189,2025-08-25 22:54:25,Completed,956.04
O838,U39,2025-10-29 06:43:49,Completed,247.88
O839,U527,2026-02-07 10:09:35,Completed,1055.98
O840,U511,2025-09-14 23:52:08,Completed,2308.95
O841,U844,2025-08-30 04:41:16,Completed,795.22
O842,U587,2026-01-27 20:51:14,Completed,2003.4700000000003
O843,U213,2026-02-08 20:24:35,Completed,1671.56
O844,U540,2025-06-17 17:02:21,Completed,1183.24
O845,U214,2026-03-14 22:37:40,Completed,229.29
O846,U66,2025-05-15 10:31:33,Cancelled,1903.35
O847,U357,2025-06-27 04:36:55,Completed,726.92
O848,U479,2025-08-30 22:00:20,Completed,2451.88
O849,U493,2025-11-16 03:20:58,Completed,2317.71
O850,U953,2025-10-29 08:39:17,Completed,1786.92
O851,U10,2026-01-02 21:31:08,Completed,751.8199999999999
O852,U201,2026-02-09 05:47:38,Completed,1594.84
O853,U662,2025-09-12 23:14:29,Completed,2181.0299999999997
O854,U134,2025-11-19 17:20:22,Cancelled,205.58
O855,U522,2026-03-04 16:37:18,Completed,243.54
O856,U576,2025-06-24 20:39:56,Completed,1875.5
O857,U952,2026-02-27 01:55:23,Completed,654.54
O858,U497,2025-03-26 03:55:28,Completed,1905.3500000000001
O859,U30,2026-01-26 23:48:52,Completed,699.1600000000001
O860,U101,2025-04-05 09:21:23,Completed,1970.14
O861,U589,2026-02-13 15:54:57,Completed,420.8
O862,U86,2025-10-20 00:55:39,Cancelled,970.6
O863,U563,2025-09-02 15:02:37,Returned,1771.0
O864,U828,2026-03-08 13:39:53,Returned,1382.39
O865,U365,2025-03-20 19:43:36,Returned,2654.96
O866,U639,2026-01-02 05:38:14,Completed,243.54
O867,U714,2025-04-29 19:55:21,Completed,1446.21
O868,U146,2025-03-15 21:49:35,Completed,315.67
O869,U495,2025-11-20 13:22:05,Completed,721.63
O870,U588,2025-04-13 23:17:53,Completed,192.52
O871,U391,2025-05-16 03:41:32,Completed,1954.68
O872,U60,2025-11-18 17:20:36,Completed,199.99
O873,U413,2025-10-15 18:51:08,Cancelled,700.0500000000001
O874,U83,2026-02-13 14:02:11,Cancelled,91.48
O875,U75,2025-12-09 13:46:02,Completed,1765.46
O876,U517,2025-03-27 22:41:26,Completed,1648.24
O877,U258,2026-02-15 19:44:55,Completed,1715.1399999999999
O878,U271,2025-12-03 02:13:18,Cancelled,1279.48
O879,U966,2025-07-27 18:58:14,Completed,1246.8899999999999
O880,U298,2025-10-06 08:56:14,Cancelled,870.16
O881,U211,2025-08-12 03:56:42,Completed,1408.56
O882,U430,2025-12-15 03:02:10,Completed,749.72
O883,U831,2025-11-21 08:16:49,Completed,736.6899999999999
O884,U47,2025-04-14 11:52:13,Completed,30.25
O885,U611,2025-03-29 21:47:43,Completed,546.46
O886,U283,2025-10-17 03:09:01,Completed,218.14
O887,U778,2025-10-01 07:27:18,Completed,2078.2799999999997
O888,U598,2026-03-11 17:12:03,Completed,1485.72
O889,U361,2025-07-08 12:18:39,Completed,480.24
O890,U179,2026-01-13 03:46:38,Completed,1686.6
O891,U878,2025-09-22 12:23:56,Cancelled,419.02
O892,U91,2025-05-06 06:16:30,Completed,475.56
O893,U493,2025-10-12 16:52:49,Completed,2361.31
O894,U682,2026-02-05 19:53:52,Completed,322.96
O895,U12,2025-12-22 16:55:34,Returned,342.29999999999995
O896,U746,2025-06-07 14:00:22,Completed,1355.28
O897,U456,2025-06-16 03:24:01,Cancelled,1914.72
O898,U367,2025-06-27 06:31:03,Completed,1187.82
O899,U523,2026-01-27 08:49:39,Completed,26.02
O900,U458,2025-11-16 09:36:41,Completed,455.2
O901,U992,2025-07-10 13:57:16,Completed,1035.79
O902,U930,2025-03-17 14:31:06,Completed,631.41
O903,U958,2025-10-31 01:14:33,Completed,654.54
O904,U623,2025-11-19 00:49:00,Cancelled,469.52
O905,U125,2026-01-09 18:17:49,Completed,2396.14
O906,U322,2026-01-13 00:56:10,Completed,1987.1699999999998
O907,U117,2025-05-12 21:33:08,Completed,1370.73
O908,U23,2025-05-09 12:52:03,Completed,854.06
O909,U597,2026-01-03 17:59:48,Completed,840.4300000000001
O910,U563,2025-07-20 04:51:25,Completed,1521.78
O911,U382,2025-06-16 15:06:33,Completed,1277.3700000000001
O912,U983,2026-01-28 15:38:54,Completed,1221.28
O913,U148,2025-05-13 02:15:50,Completed,2076.72
O914,U484,2025-10-13 20:39:54,Completed,799.61
O915,U885,2025-04-15 09:46:07,Completed,315.67
O916,U516,2025-11-22 11:17:40,Completed,933.42
O917,U95,2025-07-03 17:30:03,Completed,2088.41
O918,U76,2025-08-17 12:01:37,Completed,468.8
O919,U190,2025-06-25 09:46:26,Completed,1762.3799999999999
O920,U484,2025-04-08 15:51:00,Completed,449.47
O921,U735,2025-12-24 03:57:12,Completed,188.34
O922,U482,2025-09-06 07:18:20,Completed,661.03
O923,U146,2026-01-16 15:38:03,Cancelled,1210.6999999999998
O924,U477,2025-06-12 00:18:07,Completed,318.26
O925,U802,2025-12-21 21:40:46,Completed,925.32
O926,U85,2025-10-12 11:49:21,Completed,342.58
O927,U12,2025-07-26 22:37:29,Completed,958.36
O928,U701,2025-10-11 18:16:30,Completed,903.52
O929,U864,2025-12-03 14:31:44,Completed,451.2
O930,U219,2025-03-25 09:51:42,Completed,2210.0299999999997
O931,U645,2026-02-05 15:51:05,Completed,614.78
O932,U976,2025-12-05 13:03:15,Completed,2440.2599999999998
O933,U782,2025-07-23 21:56:41,Completed,2273.76
O934,U699,2026-02-21 22:25:38,Completed,660.74
O935,U171,2025-10-26 10:21:30,Completed,896.33
O936,U433,2026-02-10 14:55:52,Completed,69.57000000000001
O937,U227,2026-03-13 08:55:49,Completed,497.34000000000003
O938,U700,2025-04-19 23:27:13,Completed,243.54
O939,U917,2025-10-20 15:31:38,Completed,1021.91
O940,U416,2025-05-30 13:28:46,Cancelled,1908.37
O941,U548,2026-01-05 19:39:15,Completed,1720.1799999999998
O942,U244,2025-12-26 22:19:28,Completed,1548.65
O943,U113,2025-08-06 11:02:59,Completed,2187.77
O944,U227,2025-08-31 03:41:17,Completed,331.56
O945,U202,2025-04-23 22:11:58,Completed,889.17
O946,U78,2026-02-18 04:27:55,Completed,609.01
O947,U190,2025-03-26 07:05:35,Completed,1378.26
O948,U283,2026-02-26 05:46:53,Completed,1719.57
O949,U544,2025-08-09 14:52:18,Completed,121.32
O950,U838,2026-01-11 03:49:52,Cancelled,1220.63
O951,U494,2025-04-12 11:02:21,Completed,308.48
O952,U5,2026-03-10 00:11:29,Completed,893.0999999999999
O953,U60,2025-07-16 22:58:58,Completed,1111.78
O954,U439,2025-04-30 12:01:55,Completed,1466.84
O955,U291,2025-09-14 02:33:55,Completed,1250.6399999999999
O956,U718,2026-03-11 16:08:16,Completed,94.78
O957,U280,2025-09-10 11:04:09,Completed,1460.21
O958,U560,2025-11-24 20:06:15,Completed,969.29
O959,U374,2025-06-26 18:36:31,Completed,1160.67
O960,U686,2025-11-18 18:37:37,Completed,699.0899999999999
O961,U621,2025-12-17 20:23:27,Completed,1336.87
O962,U258,2026-03-15 00:35:59,Completed,453.7
O963,U57,2025-08-21 20:06:13,Cancelled,331.56
O964,U802,2026-01-30 05:22:05,Completed,859.54
O965,U485,2026-01-03 23:32:49,Cancelled,1162.6
O966,U493,2025-05-22 22:33:18,Cancelled,1480.34
O967,U824,2025-12-14 18:25:05,Completed,2356.7000000000003
O968,U710,2025-03-26 19:38:03,Completed,2380.1800000000003
O969,U201,2025-11-07 08:26:28,Completed,654.42
O970,U501,2026-01-23 23:57:59,Completed,1530.21
O971,U140,2025-05-08 19:19:18,Completed,1862.5
O972,U0,2025-06-24 00:22:53,Completed,900.9699999999998
O973,U692,2025-06-26 15:10:51,Completed,245.33999999999997
O974,U980,2025-08-09 06:42:48,Cancelled,646.5000000000001
O975,U760,2025-08-04 15:35:13,Completed,1156.19
O976,U93,2026-02-11 16:08:01,Completed,1490.6999999999998
O977,U533,2026-02-17 23:59:23,Completed,954.78
O978,U921,2026-02-08 18:12:51,Returned,306.16
O979,U441,2025-08-22 15:24:55,Returned,1896.66
O980,U999,2025-12-16 21:50:18,Completed,852.24
O981,U62,2025-06-18 03:46:43,Completed,652.37
O982,U375,2025-04-30 18:27:52,Completed,331.42
O983,U261,2025-03-28 02:46:51,Completed,1049.51
O984,U2,2026-01-04 19:54:32,Completed,1072.72
O985,U829,2025-11-16 23:29:14,Returned,826.9
O986,U891,2025-09-09 20:47:21,Completed,873.14
O987,U572,2025-07-16 18:54:42,Completed,398.5
O988,U16,2026-02-21 05:47:59,Completed,1840.6399999999999
O989,U858,2026-02-23 18:02:30,Returned,1344.8
O990,U524,2025-08-15 15:45:07,Completed,174.82
O991,U629,2025-07-06 12:19:24,Cancelled,109.4
O992,U95,2025-05-28 22:32:10,Completed,2356.39
O993,U747,2025-05-16 09:40:27,Completed,1355.28
O994,U436,2025-12-24 19:15:31,Completed,851.12
O995,U692,2025-06-09 20:06:16,Completed,1866.77
O996,U392,2025-06-26 08:23:35,Completed,23.19
O997,U872,2025-12-11 12:04:19,Completed,803.75
O998,U619,2025-09-20 13:47:56,Completed,2120.91
O999,U458,2026-01-27 11:47:25,Returned,988.27
O1000,U5,2025-08-08 14:41:45,Returned,2664.06
O1001,U524,2025-04-24 14:52:16,Cancelled,1245.3700000000001
O1002,U750,2025-09-21 13:58:52,Completed,674.4100000000001
O1003,U503,2025-12-02 00:47:39,Completed,654.52
O1004,U27,2026-02-15 13:31:42,Completed,1342.96
O1005,U966,2025-04-27 13:51:59,Completed,397.61
O1006,U532,2025-12-03 22:53:53,Completed,3333.47
O1007,U684,2026-02-06 05:14:38,Returned,743.78
O1008,U65,2025-06-13 16:57:00,Completed,40.44
O1009,U268,2025-07-01 02:08:48,Completed,1034.58
O1010,U656,2025-05-18 07:23:47,Cancelled,783.1100000000001
O1011,U195,2025-07-16 04:55:04,Returned,1242.5
O1012,U695,2025-05-08 22:23:11,Completed,84.75
O1013,U239,2026-02-08 20:34:27,Completed,947.01
O1014,U429,2025-11-22 10:10:13,Completed,1325.9299999999998
O1015,U133,2025-06-25 06:58:59,Completed,386.89
O1016,U653,2025-04-30 19:34:39,Completed,806.15
O1017,U143,2025-05-13 20:22:57,Cancelled,1026.08
O1018,U253,2025-08-25 22:56:26,Completed,2903.7200000000003
O1019,U528,2026-03-13 11:05:08,Completed,911.3000000000001
O1020,U882,2026-01-18 03:12:19,Completed,1861.1299999999999
O1021,U370,2026-01-11 09:55:15,Completed,795.81
O1022,U213,2025-04-17 00:36:16,Completed,382.01
O1023,U877,2025-04-16 07:00:28,Returned,1121.3
O1024,U738,2025-09-16 00:30:41,Completed,2209.7
O1025,U833,2025-05-09 06:14:30,Completed,2310.88
O1026,U398,2025-07-30 05:28:49,Cancelled,644.4100000000001
O1027,U962,2025-08-11 22:50:32,Cancelled,2323.76
O1028,U630,2025-07-24 02:08:00,Cancelled,69.57000000000001
O1029,U770,2025-12-19 13:39:40,Completed,2675.58
O1030,U267,2025-04-29 05:42:14,Completed,1873.6599999999999
O1031,U3,2025-10-30 13:46:52,Completed,1438.71
O1032,U983,2026-03-01 01:56:17,Cancelled,1798.5
O1033,U845,2026-03-02 09:33:19,Completed,700.64
O1034,U395,2025-07-30 13:44:21,Completed,1430.45
O1035,U486,2025-05-02 17:39:02,Completed,1044.4099999999999
O1036,U507,2025-06-21 23:31:27,Completed,742.13
O1037,U701,2025-10-02 07:38:27,Completed,428.82
O1038,U248,2025-05-22 17:57:13,Completed,312.64
O1039,U344,2025-05-14 12:20:46,Completed,342.29999999999995
O1040,U814,2026-03-07 05:57:07,Returned,1234.12
O1041,U687,2025-11-10 13:59:20,Completed,534.79
O1042,U31,2025-08-10 23:12:48,Completed,192.31
O1043,U503,2025-06-06 23:20:03,Completed,2055.99
O1044,U851,2025-11-27 16:39:50,Completed,277.92
O1045,U844,2025-11-06 22:15:42,Completed,450.51
O1046,U586,2025-08-21 08:53:17,Completed,1192.83
O1047,U97,2025-10-10 10:44:05,Completed,1381.81
O1048,U459,2025-07-11 03:37:44,Completed,654.42
O1049,U523,2026-02-26 23:07:40,Completed,2647.5299999999997
O1050,U43,2025-06-12 22:27:32,Completed,2547.56
O1051,U708,2026-01-08 09:36:19,Completed,510.19
O1052,U692,2025-05-20 20:43:20,Completed,1940.92
O1053,U295,2025-12-24 09:39:36,Completed,668.65
O1054,U705,2025-09-21 06:09:56,Completed,192.31
O1055,U128,2025-09-17 05:00:54,Completed,1196.86
O1056,U226,2025-11-28 20:57:38,Completed,916.31
O1057,U726,2025-09-15 15:01:04,Completed,1666.39
O1058,U553,2025-04-02 01:47:58,Returned,1377.35
O1059,U44,2025-09-21 10:30:07,Completed,1235.13
O1060,U470,2025-03-30 03:43:22,Completed,1737.7699999999998
O1061,U218,2025-07-06 00:03:25,Cancelled,58.28
O1062,U279,2025-09-23 07:48:09,Completed,4405.46
O1063,U420,2025-06-20 21:49:08,Completed,150.17
O1064,U8,2025-10-30 03:55:10,Completed,1405.29
O1065,U141,2025-10-16 10:11:27,Completed,30.25
O1066,U504,2025-04-27 20:16:55,Completed,1735.4299999999998
O1067,U339,2025-06-30 06:54:37,Completed,433.13
O1068,U17,2025-07-27 18:57:14,Completed,1058.8500000000001
O1069,U178,2025-10-19 23:43:32,Cancelled,804.7199999999999
O1070,U181,2025-09-12 13:15:33,Cancelled,2037.9
O1071,U473,2025-11-21 06:14:45,Completed,1086.06
O1072,U324,2025-11-21 12:33:31,Cancelled,1864.73
O1073,U500,2025-09-02 18:44:12,Completed,204.48
O1074,U142,2025-05-05 22:02:36,Completed,2070.01
O1075,U489,2025-12-04 00:59:15,Completed,1587.96
O1076,U338,2025-08-10 17:19:26,Completed,1557.19
O1077,U40,2026-02-26 19:35:38,Completed,656.25
O1078,U300,2025-10-09 09:04:55,Cancelled,1638.6499999999999
O1079,U225,2026-03-14 17:25:31,Completed,165.71
O1080,U975,2025-11-01 07:25:25,Completed,1839.93
O1081,U269,2025-11-22 17:41:54,Completed,780.51
O1082,U700,2025-11-11 09:18:02,Completed,77.44
O1083,U470,2026-03-01 06:40:35,Completed,1220.5600000000002
O1084,U504,2025-10-25 03:55:38,Completed,1160.67
O1085,U4,2025-06-21 16:28:51,Completed,642.76
O1086,U365,2025-06-30 03:55:36,Completed,614.17
O1087,U300,2025-06-30 00:23:06,Completed,644.27
O1088,U659,2025-11-04 07:08:09,Completed,342.29999999999995
O1089,U915,2025-11-15 02:25:59,Completed,1526.8799999999999
O1090,U468,2026-01-22 02:25:44,Completed,936.99
O1091,U788,2025-12-25 00:30:28,Completed,2259.24
O1092,U671,2026-01-11 10:05:40,Completed,1701.44
O1093,U83,2025-05-29 23:34:59,Completed,2996.67
O1094,U97,2025-05-19 04:13:39,Cancelled,881.3
O1095,U200,2025-11-06 11:53:30,Completed,1127.6799999999998
O1096,U265,2025-05-14 17:43:27,Completed,1034.58
O1097,U672,2026-01-08 21:54:48,Completed,1123.35
O1098,U71,2026-03-09 06:40:17,Completed,344.86
O1099,U916,2025-04-18 16:55:04,Completed,941.4000000000001
O1100,U152,2025-07-20 15:01:15,Completed,1971.98
O1101,U705,2026-03-06 22:44:44,Completed,2110.7700000000004
O1102,U78,2026-02-07 17:27:26,Completed,504.58
O1103,U600,2026-01-21 04:44:14,Completed,1073.31
O1104,U174,2025-03-20 19:12:13,Completed,121.32
O1105,U7,2026-03-07 22:12:50,Completed,2089.39
O1106,U372,2025-09-17 02:38:56,Completed,906.2299999999999
O1107,U841,2026-02-26 01:28:33,Completed,2881.3199999999997
O1108,U441,2025-11-14 21:30:33,Cancelled,1804.6
O1109,U786,2025-05-20 16:49:07,Completed,402.85
O1110,U529,2026-02-09 13:55:47,Completed,205.58
O1111,U425,2025-11-25 09:13:11,Completed,2173.8
O1112,U227,2025-11-24 08:44:56,Completed,689.72
O1113,U214,2025-10-08 16:06:18,Completed,1401.02
O1114,U271,2026-01-30 22:23:24,Completed,67.72
O1115,U287,2026-01-01 09:07:13,Completed,1111.02
O1116,U790,2025-12-03 22:41:12,Completed,39.03
O1117,U807,2025-09-02 14:18:05,Completed,860.0899999999999
O1118,U75,2026-03-02 03:43:15,Completed,1841.96
O1119,U986,2025-03-21 06:09:16,Completed,291.89
O1120,U508,2025-06-20 05:56:10,Completed,1688.54
O1121,U801,2025-10-04 14:33:47,Completed,1304.9899999999998
O1122,U973,2025-05-17 00:54:27,Completed,1512.23
O1123,U721,2025-12-29 08:20:27,Completed,1573.56
O1124,U282,2026-01-01 14:05:05,Completed,654.54
O1125,U30,2026-01-21 18:56:40,Completed,51.42
O1126,U853,2025-11-08 19:57:36,Completed,894.64
O1127,U403,2025-05-21 13:24:07,Completed,1251.7199999999998
O1128,U205,2025-05-31 15:58:44,Cancelled,1378.8000000000002
O1129,U777,2026-02-18 17:20:06,Completed,572.64
O1130,U871,2025-04-21 10:32:04,Completed,1038.92
O1131,U968,2025-09-18 03:04:43,Completed,1076.97
O1132,U246,2026-01-07 04:48:31,Completed,510.77000000000004
O1133,U947,2026-01-12 02:01:39,Cancelled,700.8700000000001
O1134,U710,2025-12-21 08:25:12,Completed,932.1299999999999
O1135,U935,2025-05-06 15:57:23,Completed,779.66
O1136,U465,2025-05-15 22:34:49,Completed,1601.55
O1137,U185,2025-06-23 23:05:27,Completed,636.52
O1138,U447,2025-05-08 08:34:41,Completed,268.82
O1139,U870,2025-07-18 15:48:49,Completed,857.64
O1140,U262,2025-04-02 00:10:23,Completed,995.61
O1141,U310,2025-09-01 21:32:29,Completed,2820.71
O1142,U717,2025-12-03 17:51:52,Completed,2110.54
O1143,U982,2026-01-11 09:57:23,Completed,625.81
O1144,U680,2026-03-12 08:26:06,Completed,2061.98
O1145,U771,2025-05-01 15:16:32,Completed,2947.07
O1146,U239,2025-05-28 04:41:24,Cancelled,2005.7699999999998
O1147,U770,2025-11-10 16:31:05,Completed,612.72
O1148,U205,2025-08-11 10:38:24,Cancelled,3149.8500000000004
O1149,U706,2025-09-24 08:00:09,Returned,1952.3600000000001
O1150,U888,2026-01-22 00:46:04,Completed,1311.1799999999998
O1151,U846,2025-08-06 17:40:42,Returned,523.11
O1152,U714,2025-03-31 17:10:05,Completed,567.76
O1153,U242,2025-12-16 09:38:47,Returned,1528.04
O1154,U843,2025-10-24 13:23:45,Completed,1228.55
O1155,U853,2025-12-22 11:02:46,Completed,1514.66
O1156,U794,2025-11-12 05:12:03,Completed,26.02
O1157,U701,2025-05-09 13:56:53,Completed,576.9300000000001
O1158,U88,2025-03-28 19:15:24,Completed,1286.52
O1159,U326,2025-07-20 14:35:52,Completed,904.06
O1160,U385,2025-04-01 16:41:42,Completed,713.5699999999999
O1161,U293,2025-04-22 22:13:52,Completed,1632.1
O1162,U224,2025-04-19 01:46:45,Completed,1138.73
O1163,U978,2025-07-29 10:07:32,Completed,597.75
O1164,U332,2025-05-11 15:54:51,Completed,2534.19
O1165,U397,2026-01-27 02:42:28,Completed,2100.54
O1166,U244,2025-09-25 21:44:21,Completed,2884.32
O1167,U769,2025-07-23 04:50:43,Completed,2489.37
O1168,U682,2025-06-24 14:34:36,Completed,33.2
O1169,U353,2025-10-24 06:05:58,Completed,2639.35
O1170,U28,2025-06-03 00:55:02,Completed,199.25
O1171,U8,2025-08-26 03:26:58,Completed,390.02
O1172,U692,2025-09-13 09:20:25,Completed,1766.4
O1173,U375,2025-04-09 05:21:58,Completed,843.22
O1174,U651,2025-05-26 01:42:10,Completed,1105.05
O1175,U628,2025-09-26 04:23:36,Completed,795.37
O1176,U397,2025-09-15 10:44:52,Completed,2119.03
O1177,U541,2025-09-22 01:12:02,Completed,1729.9
O1178,U505,2025-09-11 07:33:02,Completed,1051.66
O1179,U377,2025-06-13 08:10:39,Completed,947.01
O1180,U112,2025-10-15 00:14:33,Completed,1380.31
O1181,U363,2025-03-29 13:25:01,Completed,49.800000000000004
O1182,U651,2025-04-15 07:23:15,Completed,1133.8600000000001
O1183,U375,2026-01-23 01:36:22,Completed,1038.92
O1184,U653,2025-10-29 14:22:07,Completed,1369.41
O1185,U958,2025-06-02 21:07:10,Cancelled,1219.86
O1186,U23,2025-12-17 15:32:47,Completed,1909.29
O1187,U981,2025-09-27 22:33:38,Completed,1895.24
O1188,U770,2025-11-30 10:46:34,Completed,204.24
O1189,U115,2026-01-17 12:05:02,Returned,492.81000000000006
O1190,U153,2025-09-25 00:55:59,Completed,2192.49
O1191,U228,2025-11-29 11:13:19,Completed,2044.4599999999998
O1192,U981,2025-08-07 07:30:16,Completed,2698.33
O1193,U641,2025-07-21 22:15:33,Cancelled,1164.68
O1194,U813,2025-05-06 08:50:54,Completed,2080.63
O1195,U328,2025-09-13 18:16:06,Cancelled,1635.47
O1196,U733,2025-09-20 18:42:04,Completed,181.5
O1197,U481,2026-01-03 12:33:02,Completed,758.59
O1198,U907,2025-10-08 08:45:35,Completed,1819.2
O1199,U955,2025-10-25 03:10:29,Completed,463.1
O1200,U460,2025-03-21 00:18:48,Completed,1126.64
O1201,U22,2025-10-18 06:21:01,Completed,153.14
O1202,U397,2025-10-15 23:16:41,Completed,1897.74
O1203,U816,2026-02-10 21:03:26,Completed,402.58
O1204,U465,2025-10-12 16:32:59,Completed,3153.26
O1205,U351,2026-02-14 08:09:13,Completed,610.22
O1206,U626,2026-01-11 00:10:16,Completed,1107.34
O1207,U399,2026-02-16 08:36:54,Returned,578.37
O1208,U678,2026-02-07 08:05:43,Completed,706.1800000000001
O1209,U783,2025-06-28 22:52:03,Completed,1005.0699999999999
O1210,U375,2026-03-05 02:34:52,Completed,895.22
O1211,U861,2025-09-23 07:40:06,Completed,1086.63
O1212,U604,2025-08-28 00:54:01,Completed,639.42
O1213,U813,2025-03-17 22:41:00,Completed,891.27
O1214,U604,2025-06-14 23:22:02,Completed,1347.15
O1215,U943,2025-10-25 04:02:05,Completed,1689.0
O1216,U295,2025-09-17 11:24:10,Cancelled,74.88
O1217,U40,2026-01-31 16:32:01,Completed,636.52
O1218,U481,2025-07-17 20:46:12,Completed,726.88
O1219,U650,2025-09-11 23:10:13,Completed,195.01
O1220,U114,2025-10-18 18:12:06,Completed,2538.12
O1221,U353,2025-09-24 06:59:44,Completed,1476.3400000000001
O1222,U919,2026-02-20 02:39:15,Completed,2600.78
O1223,U969,2026-03-14 00:45:17,Cancelled,1801.39
O1224,U665,2025-10-26 01:11:51,Completed,645.92
O1225,U226,2025-12-08 20:48:34,Completed,1449.72
O1226,U726,2025-08-25 04:49:19,Completed,91.48
O1227,U334,2025-06-22 09:52:40,Completed,1488.21
O1228,U540,2025-11-21 18:05:14,Completed,1334.8
O1229,U283,2025-10-25 18:10:10,Completed,355.36
O1230,U143,2025-11-18 15:36:42,Completed,1159.46
O1231,U430,2026-02-07 05:40:33,Completed,1355.28
O1232,U901,2025-11-08 02:04:07,Completed,883.6999999999999
O1233,U181,2025-03-16 03:35:58,Completed,1166.22
O1234,U135,2025-04-28 21:49:50,Completed,1084.74
O1235,U180,2025-11-13 04:35:18,Completed,480.35
O1236,U153,2025-07-17 23:08:57,Completed,1023.4200000000001
O1237,U447,2025-04-18 08:38:32,Completed,2618.86
O1238,U123,2025-12-27 20:55:48,Completed,1007.0899999999999
O1239,U558,2026-01-20 05:54:24,Completed,576.9300000000001
O1240,U3,2025-09-06 23:30:47,Completed,306.16
O1241,U243,2026-03-15 04:43:18,Completed,1319.12
O1242,U614,2025-03-23 05:03:21,Returned,1117.57
O1243,U186,2025-06-28 15:06:09,Completed,1261.57
O1244,U122,2026-02-23 17:12:38,Completed,1250.0
O1245,U508,2025-05-11 05:21:45,Completed,408.03
O1246,U353,2025-09-15 22:33:47,Completed,331.42
O1247,U127,2026-02-05 09:01:50,Completed,1035.94
O1248,U211,2025-10-21 05:39:04,Completed,2557.52
O1249,U992,2025-11-03 07:47:59,Completed,137.22
O1250,U157,2025-09-08 10:53:51,Completed,1162.94
O1251,U112,2025-11-08 06:56:45,Completed,2139.84
O1252,U750,2025-11-19 02:01:31,Completed,1230.6799999999998
O1253,U888,2025-07-10 13:14:21,Completed,1646.53
O1254,U225,2025-12-29 02:08:59,Returned,23.19
O1255,U593,2025-08-19 05:43:54,Completed,1682.0099999999998
O1256,U809,2025-04-20 02:24:46,Completed,942.03
O1257,U929,2025-12-14 16:17:26,Completed,936.72
O1258,U339,2025-12-24 12:45:11,Completed,1018.9399999999999
O1259,U327,2025-09-29 05:59:25,Completed,1284.8
O1260,U637,2026-01-11 15:12:23,Completed,2501.3500000000004
O1261,U327,2025-09-08 20:24:52,Cancelled,1579.88
O1262,U379,2025-06-13 11:57:43,Completed,963.61
O1263,U825,2025-04-27 20:48:30,Completed,1098.37
O1264,U195,2025-06-01 20:41:20,Completed,914.4000000000001
O1265,U769,2025-03-20 12:04:37,Completed,33.2
O1266,U144,2026-02-03 00:23:07,Returned,1518.21
O1267,U844,2025-04-21 08:18:02,Completed,524.3
O1268,U942,2025-09-12 02:41:16,Completed,1034.58
O1269,U439,2025-05-17 09:16:56,Completed,903.52
O1270,U815,2025-07-01 08:23:03,Completed,516.5699999999999
O1271,U983,2025-04-10 09:43:46,Cancelled,620.22
O1272,U918,2025-03-21 11:13:44,Completed,411.16
O1273,U550,2026-02-21 03:56:39,Completed,587.35
O1274,U693,2025-09-24 19:28:25,Completed,422.06
O1275,U657,2025-05-07 06:09:51,Completed,229.21
O1276,U680,2026-01-05 00:30:09,Completed,2630.33
O1277,U337,2026-03-14 01:43:32,Completed,551.16
O1278,U964,2026-01-08 13:20:43,Completed,1355.28
O1279,U949,2025-09-16 23:44:47,Completed,420.32
O1280,U115,2025-12-12 04:46:40,Completed,1063.26
O1281,U558,2025-06-28 04:37:23,Completed,3269.1800000000003
O1282,U299,2025-12-11 12:59:37,Completed,2030.1299999999999
O1283,U338,2025-05-09 13:24:54,Completed,597.75
O1284,U481,2025-11-16 16:12:16,Completed,1745.54
O1285,U732,2025-09-19 13:55:22,Completed,2258.71
O1286,U669,2025-07-28 17:28:03,Completed,2098.44
O1287,U957,2025-10-08 12:49:24,Completed,3122.6099999999997
O1288,U3,2026-01-07 22:20:35,Completed,898.0899999999999
O1289,U563,2025-09-25 03:05:57,Completed,39.03
O1290,U157,2025-03-24 01:09:52,Returned,331.56
O1291,U508,2026-02-11 00:22:16,Cancelled,231.60000000000002
O1292,U342,2026-02-16 06:11:40,Completed,1657.6599999999999
O1293,U899,2026-01-20 20:44:06,Completed,1797.44
O1294,U294,2025-08-26 18:09:05,Completed,616.74
O1295,U266,2025-09-21 03:36:21,Completed,827.3199999999999
O1296,U708,2025-05-01 08:32:55,Completed,3856.59
O1297,U238,2025-05-02 08:38:04,Cancelled,1794.04
O1298,U43,2025-04-21 08:28:20,Completed,1479.99
O1299,U516,2025-03-27 21:54:11,Cancelled,2508.3
O1300,U845,2025-03-15 09:55:31,Completed,420.32
O1301,U293,2025-08-24 04:36:28,Completed,384.62
O1302,U418,2025-05-16 10:58:36,Completed,1160.67
O1303,U361,2026-03-06 02:39:36,Completed,229.21
O1304,U936,2025-08-07 22:16:22,Completed,1265.26
O1305,U616,2025-03-23 15:26:19,Returned,2025.06
O1306,U981,2025-07-01 19:02:50,Completed,306.16
O1307,U87,2025-03-23 09:04:47,Completed,2546.4300000000003
O1308,U786,2026-02-16 05:43:47,Completed,1519.6100000000001
O1309,U739,2025-08-03 02:46:52,Completed,853.7
O1310,U717,2025-04-18 18:15:00,Completed,939.04
O1311,U694,2025-08-22 06:27:17,Completed,1286.52
O1312,U647,2025-03-19 04:26:32,Cancelled,344.86
O1313,U349,2025-08-04 15:25:00,Completed,630.48
O1314,U126,2025-12-27 18:36:55,Completed,939.04
O1315,U742,2025-06-13 04:55:14,Returned,100.94
O1316,U675,2025-05-18 10:46:54,Completed,193.72
O1317,U742,2025-05-30 21:18:04,Completed,1108.74
O1318,U412,2025-07-16 02:09:16,Cancelled,1438.09
O1319,U759,2025-06-10 03:41:02,Completed,1252.22
O1320,U816,2026-02-01 17:09:48,Completed,1710.23
O1321,U125,2025-12-08 13:49:04,Cancelled,856.9200000000001
O1322,U779,2025-10-21 14:47:26,Completed,315.67
O1323,U275,2026-01-23 17:26:03,Completed,428.84
O1324,U368,2025-09-11 14:07:14,Completed,844.12
O1325,U428,2026-01-19 01:58:56,Completed,2012.75
O1326,U506,2025-10-04 20:41:17,Cancelled,654.54
O1327,U551,2025-10-19 12:27:46,Completed,1395.7800000000002
O1328,U72,2026-03-04 11:15:45,Completed,113.09
O1329,U590,2026-01-12 08:12:36,Completed,823.6500000000001
O1330,U920,2026-01-13 06:07:35,Completed,1735.74
O1331,U298,2025-07-30 05:07:00,Completed,631.34
O1332,U575,2026-03-06 04:19:39,Completed,1141.93
O1333,U177,2025-11-24 11:02:45,Completed,2379.29
O1334,U643,2025-07-15 10:03:09,Completed,1301.49
O1335,U672,2025-11-25 23:32:04,Completed,996.25
O1336,U446,2026-02-03 10:29:04,Completed,410.57
O1337,U428,2025-05-30 14:12:14,Completed,2012.8399999999997
O1338,U940,2026-02-25 14:25:31,Completed,1488.62
O1339,U297,2025-10-19 06:38:37,Completed,196.5
O1340,U191,2025-04-25 02:07:55,Completed,1325.22
O1341,U347,2025-10-21 06:40:52,Completed,218.14
O1342,U397,2025-09-16 00:26:05,Completed,84.75
O1343,U207,2025-07-20 09:14:54,Completed,1462.77
O1344,U806,2026-01-17 05:33:37,Completed,2073.3999999999996
O1345,U603,2025-10-21 17:35:50,Completed,2105.6299999999997
O1346,U891,2025-08-14 14:30:10,Completed,1207.8
O1347,U135,2025-08-01 16:04:23,Completed,810.91
O1348,U938,2025-11-26 18:42:54,Completed,1178.12
O1349,U166,2025-11-16 01:28:41,Completed,965.56
O1350,U279,2025-06-09 05:48:32,Completed,1095.23
O1351,U211,2025-04-21 03:41:36,Completed,2354.98
O1352,U962,2025-08-14 03:00:26,Cancelled,3680.7899999999995
O1353,U541,2025-08-27 16:17:42,Completed,977.26
O1354,U372,2025-07-27 08:15:28,Completed,1196.1200000000001
O1355,U717,2026-01-21 02:35:41,Completed,257.46000000000004
O1356,U760,2025-10-29 01:23:18,Completed,811.6999999999999
O1357,U769,2026-02-21 12:31:18,Completed,1734.19
O1358,U42,2025-07-10 00:41:17,Completed,947.01
O1359,U30,2025-08-10 10:00:08,Completed,1180.23
O1360,U738,2025-07-24 15:48:01,Completed,1436.22
O1361,U127,2025-08-18 15:30:02,Completed,1305.2900000000002
O1362,U198,2025-11-01 12:41:44,Completed,891.9300000000001
O1363,U373,2025-03-20 06:06:24,Completed,857.68
O1364,U412,2025-10-02 04:47:08,Completed,40.44
O1365,U488,2025-06-09 23:35:27,Completed,1236.27
O1366,U645,2025-07-16 21:14:56,Completed,505.53999999999996
O1367,U240,2025-04-14 18:45:13,Completed,1060.6
O1368,U347,2026-01-13 04:04:00,Completed,567.0999999999999
O1369,U755,2025-12-11 15:44:14,Completed,424.1
O1370,U676,2025-12-29 04:35:02,Completed,1682.1000000000001
O1371,U590,2025-06-03 21:29:43,Completed,947.01
O1372,U512,2025-07-09 10:14:20,Completed,1407.34
O1373,U602,2025-07-12 21:00:42,Completed,1277.7199999999998
O1374,U982,2025-04-05 08:03:00,Cancelled,1731.14
O1375,U974,2025-11-19 10:59:39,Completed,1034.58
O1376,U133,2025-12-04 11:19:37,Completed,417.82
O1377,U580,2025-10-06 12:56:25,Cancelled,537.13
O1378,U135,2026-02-14 11:35:46,Completed,2493.46
O1379,U601,2026-02-11 17:59:38,Cancelled,2034.6799999999998
O1380,U997,2025-04-14 16:34:23,Completed,2178.96
O1381,U912,2025-09-06 12:36:11,Returned,1769.87
O1382,U950,2025-08-11 01:51:27,Completed,1943.2
O1383,U104,2026-01-28 13:59:12,Completed,140.55
O1384,U720,2025-06-19 12:41:40,Completed,730.62
O1385,U49,2025-07-24 01:33:38,Completed,997.25
O1386,U55,2026-01-31 16:21:53,Completed,1485.72
O1387,U208,2025-06-05 11:13:07,Completed,785.1
O1388,U888,2025-11-25 14:58:52,Completed,2973.99
O1389,U493,2025-09-10 13:58:44,Completed,1359.2499999999998
O1390,U986,2025-07-24 07:19:42,Completed,549.05
O1391,U671,2025-09-12 01:30:57,Completed,969.4699999999999
O1392,U305,2025-04-21 00:39:39,Completed,2686.65
O1393,U644,2025-07-05 20:13:41,Completed,2017.08
O1394,U264,2025-10-10 21:02:23,Completed,164.27
O1395,U942,2026-01-28 22:37:52,Completed,123.94
O1396,U383,2025-09-13 06:50:11,Cancelled,1902.77
O1397,U834,2025-08-26 09:10:52,Completed,1539.51
O1398,U947,2026-02-23 05:42:12,Cancelled,650.7
O1399,U181,2026-02-03 20:43:42,Completed,1083.08
O1400,U634,2026-01-14 08:57:37,Completed,846.23
O1401,U650,2026-02-01 06:35:30,Completed,1026.69
O1402,U152,2025-09-20 20:01:55,Completed,300.34
O1403,U1,2025-10-20 13:37:47,Completed,1111.39
O1404,U304,2025-09-24 09:31:10,Completed,2276.58
O1405,U35,2026-01-30 07:15:31,Completed,1344.86
O1406,U376,2026-02-10 13:54:31,Completed,3022.2
O1407,U782,2025-09-29 07:37:17,Completed,255.02
O1408,U163,2025-09-04 10:23:25,Completed,1316.45
O1409,U272,2025-04-18 05:36:42,Completed,1655.5
O1410,U192,2025-12-27 06:34:34,Completed,1355.02
O1411,U462,2025-11-19 00:30:54,Completed,16.6
O1412,U578,2026-01-13 06:20:22,Completed,1785.19
O1413,U299,2026-01-19 17:46:31,Completed,458.42
O1414,U8,2025-06-26 15:24:27,Completed,2471.6
O1415,U896,2025-04-05 08:55:06,Completed,1212.78
O1416,U311,2026-02-11 11:39:59,Completed,455.2
O1417,U546,2025-05-12 19:06:52,Cancelled,1770.0
O1418,U534,2026-02-13 20:29:50,Completed,85.64
O1419,U3,2025-06-06 12:09:54,Cancelled,327.27
O1420,U695,2025-12-31 16:03:13,Completed,1564.94
O1421,U397,2025-11-05 19:15:57,Completed,2552.49
O1422,U270,2025-12-10 20:56:32,Completed,861.53
O1423,U617,2025-07-15 07:48:52,Completed,2187.36
O1424,U960,2025-05-06 15:22:53,Completed,1782.53
O1425,U958,2026-03-07 22:59:50,Completed,864.39
O1426,U790,2025-10-08 16:18:16,Completed,1519.29
O1427,U796,2025-07-12 13:48:40,Completed,993.9
O1428,U712,2026-01-09 21:30:08,Completed,1481.53
O1429,U278,2026-03-03 08:42:30,Completed,1471.47
O1430,U536,2025-11-01 16:56:04,Completed,58.28
O1431,U248,2025-10-04 05:33:31,Completed,1226.8600000000001
O1432,U655,2025-11-11 13:55:14,Returned,3624.5299999999997
O1433,U419,2025-06-13 20:45:16,Completed,837.21
O1434,U234,2025-04-10 09:11:15,Completed,2521.46
O1435,U427,2026-01-10 03:39:30,Completed,306.17
O1436,U296,2025-08-06 23:40:37,Completed,1286.46
O1437,U669,2026-02-11 13:06:14,Completed,477.75
O1438,U197,2025-08-17 02:14:25,Completed,45.74
O1439,U88,2025-07-11 11:20:20,Completed,709.8499999999999
O1440,U342,2025-03-31 18:45:52,Completed,1885.5700000000002
O1441,U543,2025-05-03 04:32:45,Completed,2005.19
O1442,U216,2025-12-16 19:06:12,Completed,2084.93
O1443,U880,2025-12-28 21:47:58,Completed,1021.58
O1444,U720,2026-01-11 17:47:37,Completed,257.19
O1445,U110,2025-08-28 11:51:28,Completed,1940.5
O1446,U888,2025-10-28 07:00:32,Completed,1872.3999999999999
O1447,U431,2025-07-29 11:43:35,Returned,644.9000000000001
O1448,U369,2025-10-09 00:29:13,Completed,1640.1799999999998
O1449,U914,2025-10-26 04:35:31,Completed,970.5
O1450,U845,2026-02-09 01:33:46,Completed,762.17
O1451,U921,2025-11-04 11:12:53,Cancelled,1743.26
O1452,U444,2026-03-02 13:14:29,Returned,998.19
O1453,U505,2025-05-09 15:10:42,Completed,1502.58
O1454,U663,2025-07-17 16:31:28,Completed,2206.1499999999996
O1455,U754,2026-01-20 03:42:58,Completed,58.28
O1456,U222,2025-08-11 00:56:05,Cancelled,210.16
O1457,U458,2025-07-11 19:03:15,Completed,1032.9
O1458,U964,2025-06-16 17:33:29,Completed,1051.1799999999998
O1459,U564,2026-02-16 05:46:26,Completed,3132.3799999999997
O1460,U748,2026-01-23 03:41:28,Completed,2413.27
O1461,U753,2025-10-14 04:28:57,Completed,1828.76
O1462,U872,2025-04-23 10:44:58,Completed,1325.1
O1463,U47,2025-10-29 22:40:21,Completed,1484.9
O1464,U164,2026-02-08 15:53:07,Completed,492.81000000000006
O1465,U727,2025-10-15 09:43:31,Completed,2268.1
O1466,U884,2026-02-22 01:09:57,Completed,588.4
O1467,U194,2026-03-10 18:21:54,Completed,746.34
O1468,U975,2025-09-02 18:57:19,Completed,903.52
O1469,U189,2026-01-26 03:55:13,Cancelled,707.5
O1470,U705,2026-01-04 21:14:59,Completed,1819.05
O1471,U139,2025-05-04 03:23:03,Completed,49.800000000000004
O1472,U576,2025-09-08 12:50:10,Completed,1766.39
O1473,U256,2025-09-02 14:26:40,Cancelled,795.7400000000001
O1474,U719,2026-02-22 19:56:34,Completed,1205.06
O1475,U723,2026-03-09 07:59:09,Returned,929.9100000000001
O1476,U983,2026-02-01 18:55:13,Completed,654.42
O1477,U246,2025-05-05 12:13:41,Completed,1413.69
O1478,U946,2026-01-18 00:23:27,Completed,502.2
O1479,U222,2026-01-23 22:51:37,Completed,1297.54
O1480,U888,2026-03-12 17:45:25,Completed,1073.53
O1481,U177,2025-11-30 05:49:15,Completed,848.13
O1482,U122,2026-01-22 06:16:06,Completed,1141.68
O1483,U445,2025-11-19 02:12:16,Completed,410.57
O1484,U897,2025-03-30 04:32:21,Returned,1973.65
O1485,U576,2025-08-30 00:46:44,Completed,1639.26
O1486,U105,2025-11-09 05:29:18,Returned,1879.6200000000001
O1487,U221,2025-12-06 16:10:53,Completed,1131.72
O1488,U38,2025-08-05 08:06:54,Completed,240.66000000000003
O1489,U522,2025-07-05 02:44:00,Completed,442.45
O1490,U235,2025-04-27 21:37:18,Cancelled,2630.3999999999996
O1491,U529,2025-04-21 19:24:01,Completed,2948.25
O1492,U910,2026-01-28 10:49:02,Cancelled,1237.8999999999999
O1493,U137,2026-01-07 09:10:47,Completed,1721.38
O1494,U643,2025-03-30 18:10:23,Completed,741.12
O1495,U240,2025-07-28 18:39:15,Completed,833.59
O1496,U904,2025-05-23 07:21:02,Completed,308.17
O1497,U36,2025-10-05 09:56:59,Completed,987.3000000000001
O1498,U66,2025-08-13 07:22:43,Completed,87.42
O1499,U388,2025-12-13 15:43:38,Completed,1621.4
O1500,U719,2025-08-08 07:28:05,Completed,318.26
O1501,U184,2025-05-02 22:20:00,Completed,977.66
O1502,U187,2025-11-18 18:27:38,Completed,373.95000000000005
O1503,U706,2025-10-23 09:32:09,Completed,1105.3
O1504,U76,2025-12-18 18:33:31,Completed,3227.42
O1505,U327,2025-12-17 10:44:51,Completed,196.5
O1506,U872,2025-06-11 05:37:38,Completed,227.6
O1507,U648,2025-11-02 17:11:31,Completed,976.2
O1508,U400,2025-07-31 01:58:45,Completed,1527.3899999999999
O1509,U706,2026-02-27 11:22:52,Completed,2489.13
O1510,U886,2025-04-03 22:05:43,Completed,1689.21
O1511,U62,2026-01-12 19:09:09,Completed,1572.69
O1512,U596,2025-12-14 22:27:13,Completed,1134.17
O1513,U239,2025-09-22 02:01:00,Completed,497.13
O1514,U69,2025-12-29 01:17:37,Completed,1571.8899999999999
O1515,U611,2026-02-01 23:34:22,Completed,981.81
O1516,U194,2026-02-10 11:49:25,Completed,2327.27
O1517,U665,2025-06-10 07:06:14,Completed,2076.0099999999998
O1518,U474,2025-03-20 22:46:22,Completed,1178.8999999999999
O1519,U892,2026-01-09 01:30:26,Completed,367.48
O1520,U830,2025-12-03 12:18:54,Completed,1037.02
O1521,U690,2025-03-31 12:58:45,Completed,910.9000000000001
O1522,U151,2025-11-17 01:20:32,Completed,1296.52
O1523,U215,2025-11-03 11:19:59,Cancelled,2218.68
O1524,U55,2025-09-16 21:32:41,Completed,1088.11
O1525,U207,2025-09-28 01:28:52,Completed,947.01
O1526,U854,2026-01-24 21:19:28,Completed,28.25
O1527,U972,2025-04-30 20:04:15,Completed,666.05
O1528,U967,2025-03-31 12:59:22,Completed,554.27
O1529,U475,2025-10-29 17:57:55,Completed,771.22
O1530,U158,2025-07-18 20:15:52,Completed,1518.38
O1531,U534,2025-12-17 22:52:32,Completed,925.97
O1532,U525,2026-02-07 17:59:04,Completed,861.54
O1533,U456,2025-09-04 06:21:26,Completed,165.78
O1534,U601,2025-04-29 09:43:58,Completed,1710.97
O1535,U250,2025-05-01 10:58:58,Completed,131.13
O1536,U237,2026-01-17 14:08:37,Cancelled,205.58
O1537,U607,2025-12-16 08:38:38,Completed,1782.4399999999998
O1538,U503,2025-06-16 18:26:59,Completed,1231.71
O1539,U89,2026-02-08 00:01:56,Completed,1634.86
O1540,U31,2025-08-31 11:49:07,Completed,61.97
O1541,U839,2025-09-14 18:10:36,Completed,2411.25
O1542,U566,2026-01-20 14:38:38,Completed,476.71999999999997
O1543,U624,2025-12-11 13:21:36,Completed,1322.08
O1544,U77,2025-07-09 16:08:48,Completed,267.23
O1545,U376,2026-03-03 04:01:16,Completed,1120.96
O1546,U308,2025-09-08 08:53:53,Completed,2233.4700000000003
O1547,U142,2026-03-01 07:47:27,Completed,382.01
O1548,U738,2025-11-10 13:25:22,Completed,283.79
O1549,U613,2025-03-22 04:42:17,Completed,1551.42
O1550,U471,2025-12-16 16:40:24,Completed,392.47
O1551,U197,2025-10-08 18:10:34,Completed,26.02
O1552,U25,2026-01-07 12:55:48,Completed,3692.34
O1553,U52,2025-07-23 05:12:27,Completed,2055.22
O1554,U662,2025-09-01 12:37:24,Cancelled,1206.69
O1555,U881,2025-07-11 22:05:06,Completed,3293.2200000000003
O1556,U108,2025-11-11 21:19:52,Cancelled,1324.5400000000002
O1557,U187,2025-07-04 23:20:15,Completed,1629.39
O1558,U812,2025-12-09 21:26:06,Completed,1381.9299999999998
O1559,U436,2025-04-24 19:50:46,Completed,2151.15
O1560,U209,2025-10-10 09:52:52,Completed,1549.04
O1561,U389,2025-03-23 14:09:34,Returned,1110.24
O1562,U900,2025-06-24 22:16:39,Completed,891.86
O1563,U99,2025-04-29 08:28:03,Cancelled,1945.73
O1564,U578,2025-09-26 18:59:24,Completed,1040.01
O1565,U335,2025-08-29 08:53:30,Completed,331.42
O1566,U441,2025-05-03 14:59:50,Completed,1091.29
O1567,U359,2025-12-26 12:11:04,Cancelled,1129.3
O1568,U940,2025-05-02 07:40:15,Completed,931.6800000000001
O1569,U456,2026-01-23 13:34:17,Completed,505.0
O1570,U178,2025-11-03 08:05:25,Completed,1375.24
O1571,U715,2026-02-09 21:09:21,Completed,767.97
O1572,U890,2025-06-07 17:35:24,Completed,314.18
O1573,U365,2026-03-06 16:55:56,Completed,2046.0299999999997
O1574,U992,2026-02-01 00:28:46,Cancelled,307.23
O1575,U22,2025-12-21 17:30:04,Returned,1818.98
O1576,U41,2025-08-03 17:59:18,Completed,1231.95
O1577,U237,2025-09-03 11:20:02,Completed,629.94
O1578,U888,2026-01-24 18:16:34,Completed,783.0199999999999
O1579,U249,2025-08-06 15:01:43,Completed,1564.0
O1580,U4,2025-05-18 13:08:17,Completed,3049.29
O1581,U56,2025-07-12 08:54:13,Returned,1688.24
O1582,U391,2025-11-23 14:16:07,Completed,2551.1899999999996
O1583,U351,2025-07-27 05:28:05,Completed,331.56
O1584,U0,2025-09-07 14:51:17,Completed,2692.2999999999997
O1585,U614,2026-02-25 09:47:08,Completed,142.60000000000002
O1586,U869,2025-11-22 09:51:07,Completed,2390.89
O1587,U373,2026-02-10 11:44:21,Completed,153.08
O1588,U738,2026-02-27 07:32:29,Completed,1146.03
O1589,U545,2025-12-03 10:52:14,Completed,2932.6000000000004
O1590,U243,2026-01-11 12:08:47,Completed,715.96
O1591,U745,2025-11-22 19:36:34,Completed,649.8499999999999
O1592,U995,2025-05-12 12:47:08,Completed,150.17
O1593,U479,2025-07-19 10:15:03,Completed,2749.8999999999996
O1594,U517,2025-06-10 16:00:51,Completed,40.44
O1595,U880,2025-12-20 04:54:42,Completed,153.08
O1596,U764,2025-08-02 16:31:11,Completed,1142.23
O1597,U213,2025-06-05 02:02:03,Completed,873.97
O1598,U113,2025-11-20 02:01:46,Completed,2435.8
O1599,U297,2026-01-10 12:15:29,Completed,1915.7099999999998
O1600,U170,2025-06-09 19:09:43,Completed,2386.31
O1601,U851,2025-08-16 21:52:45,Completed,1087.08
O1602,U782,2025-09-02 17:52:27,Cancelled,1993.46
O1603,U220,2026-03-10 00:58:21,Completed,819.52
O1604,U436,2026-02-20 20:55:11,Completed,131.67000000000002
O1605,U277,2026-03-09 05:46:42,Completed,1033.2
O1606,U353,2026-01-02 03:35:20,Cancelled,497.13
O1607,U282,2025-11-08 05:45:32,Completed,1724.15
O1608,U306,2026-01-07 06:42:47,Cancelled,1666.54
O1609,U284,2026-01-14 08:48:55,Completed,815.73
O1610,U42,2026-02-25 08:19:57,Completed,277.92
O1611,U588,2025-04-19 11:29:01,Cancelled,628.73
O1612,U747,2026-01-27 16:55:59,Cancelled,1620.81
O1613,U383,2025-12-28 15:51:01,Completed,411.16
O1614,U221,2026-02-01 09:54:35,Completed,807.0
O1615,U608,2025-10-02 02:47:12,Completed,1825.7800000000002
O1616,U531,2025-09-12 18:35:14,Completed,393.59
O1617,U450,2025-11-26 19:40:56,Completed,2359.3599999999997
O1618,U32,2025-09-12 00:31:23,Returned,723.0699999999999
O1619,U919,2025-12-18 02:21:25,Completed,899.2900000000001
O1620,U0,2026-02-21 14:39:30,Completed,1570.9
O1621,U112,2025-09-28 02:50:31,Completed,210.16
O1622,U577,2026-01-09 05:15:19,Completed,2755.8
O1623,U501,2025-10-28 19:02:22,Completed,893.21
O1624,U580,2026-01-27 22:35:34,Completed,1028.9699999999998
O1625,U288,2025-09-19 18:14:21,Completed,1872.26
O1626,U471,2025-04-03 20:45:38,Completed,1299.2
O1627,U670,2025-12-21 20:02:25,Completed,677.4399999999999
O1628,U120,2025-11-11 09:10:54,Completed,459.24
O1629,U377,2025-05-11 20:35:50,Completed,1826.64
O1630,U35,2025-05-12 02:03:16,Completed,98.72
O1631,U375,2025-08-02 07:18:51,Completed,1353.6000000000001
O1632,U375,2025-07-11 09:43:25,Completed,1017.37
O1633,U511,2025-04-04 19:17:39,Completed,1263.8899999999999
O1634,U721,2025-07-31 12:10:16,Completed,1882.55
O1635,U380,2025-06-16 00:12:27,Completed,84.75
O1636,U157,2025-11-26 13:31:13,Completed,645.92
O1637,U708,2025-09-30 06:23:04,Completed,23.19
O1638,U111,2025-05-11 23:28:30,Completed,857.68
O1639,U440,2025-04-07 14:21:15,Completed,123.94
O1640,U151,2025-11-28 18:50:24,Completed,150.17
O1641,U584,2025-07-09 00:22:36,Completed,3052.3900000000003
O1642,U919,2025-08-26 23:13:02,Completed,844.12
O1643,U38,2025-06-26 17:14:44,Completed,17.14
O1644,U880,2025-03-29 01:37:10,Completed,45.74
O1645,U923,2025-06-23 03:01:44,Cancelled,1041.94
O1646,U471,2025-10-20 19:51:35,Completed,315.88
O1647,U413,2025-12-05 19:27:47,Cancelled,2636.09
O1648,U407,2026-01-18 20:41:59,Completed,1446.03
O1649,U717,2025-10-31 03:58:48,Completed,1925.8599999999997
O1650,U382,2026-03-13 19:06:58,Completed,428.09000000000003
O1651,U280,2026-01-11 07:17:05,Returned,2999.2200000000003
O1652,U594,2025-03-26 23:46:21,Completed,745.29
O1653,U420,2025-04-04 20:20:46,Completed,1032.49
O1654,U283,2025-10-09 14:07:23,Completed,2696.7
O1655,U257,2025-04-16 15:38:51,Returned,1694.69
O1656,U90,2026-03-02 01:37:17,Completed,488.83
O1657,U664,2026-01-20 20:27:48,Completed,1724.06
O1658,U802,2025-08-13 12:16:37,Completed,1351.05
O1659,U542,2025-06-06 07:34:22,Completed,2059.6
O1660,U437,2025-07-13 08:44:43,Completed,165.78
O1661,U76,2025-12-20 01:02:10,Completed,1697.7
O1662,U144,2025-11-02 03:04:49,Completed,658.2
O1663,U216,2025-07-22 09:54:32,Completed,1466.49
O1664,U676,2025-05-12 17:44:44,Completed,990.48
O1665,U206,2025-10-01 17:32:03,Completed,1422.13
O1666,U759,2025-07-14 19:27:23,Completed,614.35
O1667,U562,2025-04-28 07:48:23,Cancelled,1391.2199999999998
O1668,U412,2026-01-10 22:59:10,Cancelled,60.5
O1669,U967,2025-04-22 01:28:18,Completed,775.3100000000001
O1670,U216,2025-09-07 18:47:59,Completed,885.9300000000001
O1671,U341,2025-10-11 11:44:51,Completed,1501.76
O1672,U967,2025-04-18 04:16:11,Completed,2435.92
O1673,U702,2025-08-31 18:33:01,Completed,775.26
O1674,U883,2025-09-06 05:02:13,Completed,1542.28
O1675,U277,2026-02-09 04:42:18,Completed,26.02
O1676,U819,2025-07-09 17:05:10,Completed,101.22
O1677,U260,2025-08-27 00:06:15,Completed,752.37
O1678,U775,2025-09-10 15:10:47,Completed,218.14
O1679,U843,2026-01-12 13:06:52,Completed,362.67
O1680,U835,2025-09-05 18:36:41,Completed,844.12
O1681,U236,2025-09-19 06:05:37,Completed,636.52
O1682,U500,2025-07-28 01:41:00,Completed,519.5699999999999
O1683,U943,2026-02-09 17:25:06,Completed,3021.67
O1684,U373,2025-12-21 06:08:14,Completed,40.44
O1685,U341,2025-07-31 01:27:28,Completed,1897.04
O1686,U36,2025-07-03 13:37:14,Completed,243.54
O1687,U631,2025-09-28 08:10:16,Completed,753.87
O1688,U554,2025-12-07 04:52:32,Completed,1446.76
O1689,U120,2025-11-23 02:02:13,Completed,2225.5
O1690,U643,2026-01-09 23:14:43,Completed,1472.8400000000001
O1691,U731,2025-09-15 06:36:57,Completed,2599.95
O1692,U535,2025-08-10 23:54:31,Completed,894.73
O1693,U67,2025-10-20 02:41:06,Completed,1393.73
O1694,U749,2025-06-09 14:55:46,Completed,1522.99
O1695,U343,2026-01-19 22:42:02,Completed,2257.39
O1696,U467,2025-05-14 21:25:50,Completed,954.78
O1697,U446,2025-07-18 00:26:44,Returned,1156.26
O1698,U916,2026-02-25 00:03:29,Completed,30.25
O1699,U796,2025-08-01 12:01:11,Completed,1471.0
O1700,U418,2026-03-02 09:11:28,Completed,785.8199999999999
O1701,U950,2025-10-12 08:47:11,Completed,1375.32
O1702,U333,2025-06-05 10:21:13,Completed,2142.93
O1703,U719,2025-11-22 17:11:45,Completed,1684.83
O1704,U92,2025-10-07 12:46:30,Completed,1034.58
O1705,U628,2026-03-01 12:03:48,Completed,1102.35
O1706,U742,2025-08-22 14:42:58,Completed,2991.74
O1707,U6,2025-09-19 21:18:09,Completed,2104.36
O1708,U188,2025-12-26 18:37:04,Cancelled,637.5999999999999
O1709,U625,2025-08-08 17:30:55,Completed,709.85
O1710,U146,2025-07-20 23:27:49,Completed,2568.76
O1711,U890,2026-03-12 12:02:56,Completed,1081.3
O1712,U109,2025-08-21 08:57:51,Completed,495.03
O1713,U961,2025-11-23 02:31:59,Completed,2068.33
O1714,U46,2025-07-29 00:41:01,Completed,1700.31
O1715,U243,2025-06-26 15:52:07,Completed,523.6999999999999
O1716,U507,2025-06-18 08:29:38,Completed,390.02
O1717,U595,2025-12-27 11:00:59,Completed,1863.11
O1718,U762,2025-06-09 14:54:33,Cancelled,300.34
O1719,U419,2025-06-17 10:58:07,Completed,1284.02
O1720,U846,2025-05-03 14:54:56,Completed,847.06
O1721,U25,2025-04-24 09:36:32,Completed,26.02
O1722,U966,2025-06-06 06:59:35,Completed,1875.27
O1723,U449,2025-07-31 09:20:46,Completed,2156.15
O1724,U987,2025-07-15 01:24:23,Completed,358.9
O1725,U846,2025-11-11 02:43:35,Completed,1707.19
O1726,U398,2025-07-07 19:52:37,Completed,2019.3400000000001
O1727,U849,2025-04-28 11:20:16,Completed,420.32
O1728,U292,2025-08-15 12:38:01,Completed,364.27
O1729,U95,2026-01-29 21:12:38,Completed,1751.1200000000001
O1730,U860,2025-09-12 23:53:25,Returned,730.62
O1731,U77,2025-05-17 17:20:22,Completed,165.71
O1732,U44,2025-05-15 17:02:40,Completed,1342.28
O1733,U333,2025-03-21 18:43:39,Returned,2120.6800000000003
O1734,U630,2025-09-27 22:07:03,Completed,192.31
O1735,U560,2025-12-29 23:53:11,Cancelled,1092.81
O1736,U328,2025-08-22 09:32:20,Completed,1286.46
O1737,U855,2026-01-19 16:49:16,Completed,798.98
O1738,U826,2026-03-04 00:49:44,Completed,2478.0200000000004
O1739,U877,2025-08-27 23:41:16,Completed,821.8
O1740,U148,2025-06-02 16:42:03,Completed,2901.9300000000003
O1741,U287,2025-04-23 00:32:42,Completed,378.59000000000003
O1742,U586,2025-11-21 16:50:23,Completed,974.8399999999999
O1743,U734,2025-08-24 14:03:32,Completed,2980.41
O1744,U60,2025-06-11 23:25:22,Completed,2690.6099999999997
O1745,U263,2025-07-17 10:03:18,Returned,818.64
O1746,U366,2025-05-19 02:03:34,Completed,569.9
O1747,U541,2026-01-23 02:35:08,Completed,1178.37
O1748,U163,2025-11-17 21:14:37,Completed,1064.48
O1749,U278,2025-10-24 14:49:30,Returned,1022.3400000000001
O1750,U782,2025-09-30 17:59:58,Completed,185.91
O1751,U716,2025-08-03 14:52:47,Completed,818.06
O1752,U893,2025-05-05 18:41:00,Completed,592.25
O1753,U204,2025-04-06 23:32:14,Completed,1794.37
O1754,U63,2025-07-23 06:35:14,Completed,1779.33
O1755,U594,2026-02-25 15:39:04,Completed,2453.79
O1756,U484,2025-11-14 01:34:21,Completed,1413.4
O1757,U282,2025-06-27 10:38:04,Completed,853.21
O1758,U190,2025-07-20 08:04:29,Completed,1494.62
O1759,U911,2025-11-09 12:26:59,Completed,215.53
O1760,U86,2026-03-04 14:24:14,Cancelled,724.85
O1761,U948,2025-11-16 22:19:02,Completed,1333.31
O1762,U594,2025-11-26 20:28:35,Completed,26.02
O1763,U736,2026-01-10 00:18:57,Completed,993.1500000000001
O1764,U981,2026-01-17 19:24:27,Returned,478.49
O1765,U195,2025-05-07 00:46:37,Returned,114.1
O1766,U781,2025-05-25 06:39:53,Completed,3373.8399999999997
O1767,U303,2025-10-10 10:09:10,Completed,393.0
O1768,U896,2025-06-20 12:31:58,Completed,1552.05
O1769,U603,2025-07-10 10:34:52,Completed,411.16
O1770,U660,2025-07-05 08:42:05,Completed,810.87
O1771,U743,2025-07-16 12:38:10,Completed,1910.7599999999998
O1772,U569,2026-03-10 22:25:15,Completed,2499.59
O1773,U749,2025-06-20 13:27:03,Completed,1134.35
O1774,U719,2025-10-14 19:01:10,Completed,903.52
O1775,U594,2025-11-14 12:20:38,Completed,2241.26
O1776,U789,2025-12-18 01:12:34,Completed,716.09
O1777,U984,2025-12-29 12:09:13,Completed,487.08
O1778,U30,2025-06-17 06:46:59,Completed,450.51
O1779,U997,2025-05-30 18:38:33,Completed,1890.94
O1780,U211,2025-09-12 18:37:15,Completed,1567.64
O1781,U526,2025-09-15 17:52:10,Completed,165.78
O1782,U773,2026-03-06 03:23:36,Completed,1445.27
O1783,U942,2025-06-25 18:41:31,Returned,165.71
O1784,U913,2025-06-22 18:18:32,Completed,87.42
O1785,U733,2025-08-25 11:29:52,Completed,1524.71
O1786,U43,2025-08-01 19:49:28,Completed,1485.73
O1787,U523,2025-11-07 07:18:23,Completed,244.56
O1788,U549,2025-05-18 13:03:21,Completed,967.26
O1789,U687,2025-04-20 16:08:29,Completed,775.5699999999999
O1790,U893,2026-02-15 20:46:56,Returned,682.8
O1791,U283,2025-11-13 20:09:43,Completed,1641.0900000000001
O1792,U929,2025-06-21 20:38:21,Cancelled,210.16
O1793,U267,2025-12-13 13:52:37,Completed,1654.16
O1794,U244,2025-11-24 10:57:16,Returned,492.81000000000006
O1795,U900,2026-02-04 19:06:31,Cancelled,1260.94
O1796,U16,2026-02-17 03:26:44,Completed,1957.04
O1797,U829,2025-10-25 18:56:51,Completed,480.35
O1798,U841,2026-01-02 04:59:37,Cancelled,1619.57
O1799,U528,2026-01-06 03:22:17,Completed,730.62
O1800,U924,2025-08-21 05:57:57,Completed,150.17
O1801,U550,2025-04-23 00:51:30,Completed,844.12
O1802,U74,2025-03-24 18:32:11,Cancelled,1474.26
O1803,U628,2025-08-02 07:17:06,Completed,3160.4700000000003
O1804,U485,2025-10-18 09:15:35,Completed,1025.2199999999998
O1805,U592,2025-09-06 01:15:06,Completed,893.69
O1806,U243,2025-08-29 06:22:07,Completed,1335.79
O1807,U747,2025-03-20 02:32:46,Returned,1441.98
O1808,U600,2025-07-25 01:28:38,Completed,196.5
O1809,U617,2025-09-10 04:45:58,Completed,2342.18
O1810,U840,2026-02-11 16:26:17,Completed,948.79
O1811,U125,2025-11-23 10:21:57,Completed,1229.35
O1812,U908,2026-02-17 08:31:04,Completed,576.26
O1813,U75,2025-10-09 23:06:13,Completed,501.49
O1814,U87,2025-06-15 18:55:42,Completed,1694.8799999999999
O1815,U953,2025-12-26 10:07:39,Cancelled,1184.75
O1816,U304,2025-03-18 22:53:21,Completed,977.66
O1817,U656,2026-02-23 19:50:54,Cancelled,589.5
O1818,U168,2025-12-21 11:28:03,Completed,1139.52
O1819,U802,2025-07-25 13:57:39,Completed,131.54000000000002
O1820,U366,2025-06-16 03:38:39,Completed,611.21
O1821,U999,2025-07-31 05:08:46,Completed,77.64
O1822,U294,2026-01-16 05:50:07,Completed,1441.24
O1823,U387,2026-02-22 12:37:33,Returned,2490.2000000000003
O1824,U89,2025-11-27 23:00:56,Completed,1948.6000000000001
O1825,U708,2026-02-15 19:12:16,Completed,2588.9
O1826,U429,2025-06-02 06:38:13,Completed,576.9300000000001
O1827,U823,2025-09-30 08:28:43,Completed,1159.31
O1828,U203,2025-10-03 08:07:43,Completed,589.5
O1829,U15,2026-01-27 11:48:28,Completed,1825.18
O1830,U725,2025-03-28 02:49:10,Completed,781.1700000000001
O1831,U100,2025-06-05 09:26:45,Completed,654.54
O1832,U293,2026-02-01 13:09:02,Completed,1779.33
O1833,U425,2025-12-16 07:13:27,Completed,1288.68
O1834,U91,2025-07-10 14:11:45,Completed,61.97
O1835,U942,2025-09-24 20:10:06,Completed,934.8599999999999
O1836,U551,2025-11-03 15:57:04,Completed,1192.83
O1837,U300,2025-06-18 10:41:48,Completed,1079.84
O1838,U930,2026-03-10 09:20:52,Completed,1250.27
O1839,U220,2025-04-05 22:54:23,Completed,660.73
O1840,U241,2025-10-18 05:09:35,Completed,711.89
O1841,U442,2026-02-10 17:34:43,Returned,1840.27
O1842,U374,2025-11-01 11:25:37,Completed,2137.77
O1843,U929,2025-12-05 23:59:17,Completed,2831.48
O1844,U327,2026-02-03 16:40:39,Completed,1479.3400000000001
O1845,U275,2025-10-28 23:02:56,Completed,1769.82
O1846,U324,2025-08-31 16:00:13,Completed,1876.04
O1847,U235,2025-05-14 12:52:48,Completed,1202.1399999999999
O1848,U74,2025-09-04 21:33:55,Completed,1696.4099999999999
O1849,U46,2025-05-29 01:08:38,Cancelled,776.91
O1850,U104,2025-08-30 03:31:12,Completed,49.800000000000004
O1851,U579,2026-01-19 13:16:59,Completed,1663.0600000000002
O1852,U758,2025-06-02 13:04:16,Completed,1459.49
O1853,U108,2025-10-22 14:34:18,Completed,1100.09
O1854,U431,2025-04-13 16:37:23,Completed,873.0799999999999
O1855,U132,2026-02-15 08:04:56,Returned,998.3199999999999
O1856,U420,2025-09-11 17:21:16,Completed,1067.25
O1857,U727,2025-07-28 22:59:51,Completed,484.15000000000003
O1858,U263,2025-10-14 16:06:34,Completed,737.02
O1859,U51,2025-12-06 12:01:58,Completed,409.7799999999999
O1860,U43,2025-11-15 15:37:40,Completed,1129.27
O1861,U789,2025-10-18 21:37:57,Completed,28.25
O1862,U832,2025-05-23 08:50:04,Completed,1944.72
O1863,U699,2025-06-19 19:03:11,Completed,1912.46
O1864,U49,2025-12-16 10:37:41,Completed,2313.2400000000002
O1865,U296,2025-11-30 03:54:56,Cancelled,358.2
O1866,U445,2025-08-30 07:34:23,Completed,592.47
O1867,U854,2026-02-24 04:29:40,Completed,2422.23
O1868,U768,2025-05-21 18:05:09,Completed,153.08
O1869,U557,2026-01-12 02:19:32,Completed,2537.2099999999996
O1870,U646,2025-08-11 14:31:36,Completed,1266.18
O1871,U238,2025-11-17 18:36:12,Completed,1800.35
O1872,U510,2025-08-05 07:23:04,Completed,576.9300000000001
O1873,U412,2026-03-12 23:42:01,Completed,51.12
O1874,U796,2025-03-17 18:25:27,Completed,549.08
O1875,U931,2025-10-11 17:01:30,Completed,1692.8699999999997
O1876,U608,2025-04-08 12:03:21,Completed,390.02
O1877,U385,2025-07-30 02:26:36,Cancelled,243.54
O1878,U747,2025-11-13 08:47:06,Completed,1418.8000000000002
O1879,U910,2025-03-15 07:57:01,Completed,1926.55
O1880,U256,2025-04-20 03:18:54,Completed,1123.1
O1881,U371,2026-02-13 02:38:26,Completed,612.22
O1882,U742,2025-12-22 20:42:41,Completed,819.47
O1883,U459,2025-11-02 13:24:55,Completed,26.02
O1884,U667,2025-09-01 05:59:42,Completed,2163.12
O1885,U536,2026-03-14 19:34:14,Completed,450.51
O1886,U226,2025-12-09 02:58:07,Completed,1179.6399999999999
O1887,U59,2025-09-01 05:42:35,Completed,3499.4599999999996
O1888,U503,2025-05-05 05:33:49,Completed,1587.96
O1889,U676,2026-02-08 11:50:25,Returned,2876.6499999999996
O1890,U184,2025-12-19 05:26:43,Completed,3311.2
O1891,U227,2025-10-01 14:42:42,Completed,2202.5
O1892,U6,2025-08-25 09:28:30,Completed,1048.01
O1893,U532,2025-09-21 16:42:33,Completed,636.52
O1894,U257,2025-12-16 08:41:56,Cancelled,438.36
O1895,U143,2025-12-08 12:54:14,Completed,880.06
O1896,U972,2025-10-10 09:03:05,Cancelled,23.19
O1897,U79,2025-04-08 12:46:40,Completed,1779.44
O1898,U408,2025-04-16 15:34:22,Completed,1146.26
O1899,U137,2025-07-16 21:40:29,Completed,1511.1100000000001
O1900,U809,2026-01-30 02:49:51,Completed,318.26
O1901,U583,2026-02-16 00:54:44,Completed,841.48
O1902,U515,2026-02-15 12:51:45,Completed,428.84
O1903,U959,2025-10-04 02:20:13,Completed,153.35999999999999
O1904,U197,2025-11-16 18:45:06,Completed,1834.11
O1905,U204,2025-12-20 06:20:33,Completed,382.29
O1906,U199,2025-05-16 04:51:56,Completed,422.06
O1907,U608,2025-10-17 07:28:22,Completed,1962.4
O1908,U705,2025-04-27 14:17:41,Completed,645.8900000000001
O1909,U96,2025-04-25 04:03:35,Completed,1226.13
O1910,U973,2025-06-06 22:07:03,Completed,966.4399999999999
O1911,U673,2026-01-01 04:00:03,Completed,1795.54
O1912,U430,2025-12-09 18:06:51,Completed,981.81
O1913,U52,2025-04-21 07:16:18,Completed,817.11
O1914,U174,2025-09-14 01:40:36,Completed,488.83
O1915,U258,2025-04-03 17:37:38,Completed,51.12
O1916,U632,2025-08-03 04:46:26,Returned,1811.25
O1917,U732,2025-03-28 22:29:03,Cancelled,415.96000000000004
O1918,U466,2025-06-24 20:03:56,Completed,728.54
O1919,U468,2026-01-07 16:26:17,Completed,2479.38
O1920,U789,2026-02-08 13:52:55,Completed,833.69
O1921,U723,2025-12-24 17:24:03,Cancelled,2482.4399999999996
O1922,U284,2025-08-23 15:51:08,Completed,968.0
O1923,U796,2026-01-11 03:29:19,Completed,92.64
O1924,U212,2026-03-06 16:18:37,Completed,205.58
O1925,U389,2025-06-08 10:58:30,Completed,1027.31
O1926,U804,2025-08-01 11:01:45,Completed,1812.42
O1927,U352,2025-11-02 12:24:25,Completed,2081.7799999999997
O1928,U848,2026-02-22 16:32:16,Completed,1103.41
O1929,U317,2026-02-14 05:47:31,Completed,948.58
O1930,U140,2025-07-17 14:47:13,Completed,16.6
O1931,U863,2026-02-07 00:46:36,Cancelled,1583.8300000000002
O1932,U821,2026-01-18 05:21:44,Cancelled,1354.77
O1933,U625,2025-04-01 21:32:27,Returned,654.42
O1934,U620,2026-01-09 09:37:15,Completed,1747.54
O1935,U67,2025-08-01 16:52:13,Returned,936.72
O1936,U650,2025-11-23 20:13:08,Completed,1100.66
O1937,U503,2025-07-02 18:55:46,Completed,2182.3900000000003
O1938,U201,2025-10-29 14:38:37,Completed,1200.36
O1939,U367,2026-03-12 00:50:40,Completed,2248.34
O1940,U5,2026-01-29 06:32:30,Completed,449.92
O1941,U751,2025-12-14 20:17:17,Completed,153.35999999999999
O1942,U601,2026-03-12 11:27:10,Completed,1104.42
O1943,U619,2025-12-07 09:13:53,Completed,1225.8600000000001
O1944,U991,2025-08-10 00:24:10,Completed,218.14
O1945,U246,2025-05-28 08:54:25,Completed,687.23
O1946,U45,2025-04-17 20:03:22,Completed,2970.15
O1947,U352,2025-05-11 18:05:52,Completed,2769.35
O1948,U549,2026-03-14 00:55:18,Completed,1978.0900000000001
O1949,U406,2025-06-19 18:46:06,Completed,410.57
O1950,U363,2025-08-23 08:47:20,Returned,1629.81
O1951,U291,2025-08-26 02:30:45,Completed,1412.36
O1952,U123,2025-12-11 21:20:06,Completed,749.37
O1953,U797,2026-02-05 18:26:41,Completed,1286.46
O1954,U901,2026-03-08 09:46:19,Completed,973.3199999999999
O1955,U815,2026-01-05 12:31:45,Cancelled,288.13
O1956,U193,2025-08-13 11:56:11,Completed,328.54
O1957,U569,2025-12-27 14:29:26,Completed,1666.31
O1958,U366,2025-07-19 10:57:09,Completed,1675.0900000000001
O1959,U667,2025-08-25 16:17:57,Completed,1566.07
O1960,U81,2025-11-13 08:38:24,Completed,137.22
O1961,U711,2025-07-19 21:59:22,Cancelled,1443.1
O1962,U731,2025-04-21 20:08:30,Cancelled,1581.96
O1963,U539,2025-04-24 15:30:43,Completed,654.54
O1964,U759,2025-12-20 05:46:36,Completed,34.28
O1965,U41,2025-07-03 22:21:42,Completed,2123.99
O1966,U773,2025-03-16 15:14:02,Completed,2390.88
O1967,U990,2025-04-26 19:00:15,Completed,2849.2799999999997
O1968,U520,2025-08-25 03:43:35,Completed,410.57
O1969,U115,2026-01-17 23:36:18,Completed,1025.78
O1970,U291,2026-03-14 19:53:11,Completed,401.76
O1971,U72,2025-05-23 09:29:13,Completed,2274.67
O1972,U14,2025-09-01 11:49:17,Completed,908.4000000000001
O1973,U229,2025-07-20 06:10:34,Completed,2087.95
O1974,U967,2026-01-25 05:54:52,Completed,196.54999999999998
O1975,U179,2026-01-30 02:30:56,Completed,590.47
O1976,U582,2025-06-06 15:32:06,Completed,227.6
O1977,U295,2025-12-19 11:13:22,Completed,2212.15
O1978,U304,2025-03-30 05:12:22,Cancelled,870.14
O1979,U499,2025-07-13 19:36:41,Completed,2788.92
O1980,U326,2025-11-10 14:29:12,Completed,822.88
O1981,U671,2025-10-17 08:33:44,Completed,1980.33
O1982,U321,2025-03-30 10:14:57,Completed,1655.46
O1983,U107,2025-11-23 04:40:45,Cancelled,1150.24
O1984,U36,2025-10-08 19:46:48,Completed,1414.0299999999997
O1985,U806,2025-06-19 13:11:35,Completed,892.06
O1986,U318,2025-04-08 13:17:38,Cancelled,1286.52
O1987,U34,2025-06-12 00:18:54,Cancelled,2572.06
O1988,U580,2025-04-17 04:59:15,Completed,1342.9299999999998
O1989,U570,2025-05-17 16:32:57,Completed,1828.4499999999998
O1990,U820,2025-12-03 11:59:42,Completed,700.8700000000001
O1991,U357,2025-12-05 10:09:46,Completed,731.06
O1992,U760,2026-03-05 11:20:28,Completed,229.21
O1993,U822,2025-08-01 05:05:52,Completed,595.4
O1994,U730,2025-05-10 04:07:02,Completed,492.81000000000006
O1995,U679,2026-01-26 08:40:19,Completed,662.8499999999999
O1996,U814,2025-05-12 20:59:28,Completed,2243.71
O1997,U337,2025-12-12 01:22:09,Completed,251.1
O1998,U947,2025-05-24 04:20:18,Completed,968.8799999999999
O1999,U658,2025-12-29 02:23:07,Cancelled,834.15
O2000,U170,2026-01-08 05:26:11,Completed,297.7
O2001,U596,2025-07-01 13:22:47,Completed,2467.7100000000005
O2002,U233,2025-11-15 11:59:22,Completed,1187.12
O2003,U325,2025-06-08 10:53:19,Completed,1156.3899999999999
O2004,U873,2026-01-29 03:11:27,Completed,159.84
O2005,U894,2025-12-06 12:15:45,Returned,1948.48
O2006,U955,2025-12-12 06:36:41,Completed,1537.7
O2007,U289,2025-10-02 14:45:57,Returned,1042.29
O2008,U178,2025-04-24 06:08:50,Completed,306.16
O2009,U963,2025-07-08 07:03:14,Completed,1809.79
O2010,U896,2026-02-01 07:28:09,Completed,1500.3300000000002
O2011,U194,2025-12-22 17:17:46,Returned,277.92
O2012,U746,2025-05-24 03:17:14,Cancelled,2268.73
O2013,U8,2025-08-07 13:34:20,Completed,764.02
O2014,U1,2025-04-16 02:46:29,Cancelled,17.14
O2015,U268,2025-12-23 22:47:54,Completed,845.52
O2016,U947,2025-05-05 04:38:42,Cancelled,2487.9
O2017,U546,2025-10-30 14:27:06,Cancelled,243.54
O2018,U965,2026-01-06 06:24:53,Completed,1895.33
O2019,U311,2025-07-08 10:33:57,Completed,538.5500000000001
O2020,U835,2026-01-23 07:35:52,Completed,164.27
O2021,U257,2025-08-26 15:01:11,Cancelled,3086.1
O2022,U519,2026-03-12 12:30:42,Cancelled,1266.18
O2023,U326,2025-10-29 08:22:24,Completed,689.72
O2024,U707,2026-03-04 10:13:17,Completed,205.58
O2025,U520,2026-01-29 14:01:03,Completed,688.8199999999999
O2026,U350,2026-03-06 16:16:49,Completed,276.37
O2027,U347,2025-04-22 19:10:59,Completed,2253.27
O2028,U91,2025-12-21 06:18:04,Completed,1465.5
O2029,U236,2026-01-28 07:49:06,Completed,1485.79
O2030,U517,2025-04-05 19:51:33,Completed,150.17
O2031,U836,2025-06-30 02:36:15,Cancelled,411.16
O2032,U562,2026-01-12 02:44:41,Completed,1364.54
O2033,U993,2025-05-19 10:05:20,Completed,1819.66
O2034,U753,2025-08-30 10:54:54,Cancelled,123.94
O2035,U553,2026-01-12 22:38:37,Completed,658.2
O2036,U960,2026-01-08 06:17:59,Returned,49.800000000000004
O2037,U390,2025-04-08 22:10:33,Completed,947.25
O2038,U404,2025-11-16 12:15:14,Completed,964.36
O2039,U190,2025-06-12 01:28:11,Completed,2055.74
O2040,U380,2026-01-29 01:05:00,Completed,1135.3400000000001
O2041,U689,2026-01-17 06:03:09,Completed,2113.8
O2042,U572,2025-07-10 06:05:48,Completed,3005.05
O2043,U828,2025-03-21 16:37:54,Completed,687.38
O2044,U27,2025-10-30 01:02:03,Completed,592.22
O2045,U683,2025-09-02 22:24:02,Completed,1501.1000000000001
O2046,U972,2026-02-16 04:24:22,Completed,97.31
O2047,U933,2025-05-24 14:09:25,Completed,114.1
O2048,U243,2025-12-01 08:12:44,Completed,1398.3899999999999
O2049,U880,2025-04-22 01:03:54,Completed,692.3
O2050,U767,2026-02-05 21:18:15,Completed,1429.59
O2051,U115,2025-12-27 14:47:03,Completed,1441.3200000000002
O2052,U752,2025-04-27 13:40:29,Completed,954.78
O2053,U336,2025-06-03 20:10:51,Completed,165.71
O2054,U671,2025-11-25 19:35:53,Completed,434.93999999999994
O2055,U815,2025-05-20 00:50:08,Completed,687.63
O2056,U646,2025-07-08 15:21:07,Cancelled,102.24
O2057,U992,2025-12-17 21:29:18,Completed,1614.1
O2058,U785,2026-01-15 06:12:10,Completed,1877.04
O2059,U738,2025-09-14 23:15:38,Completed,1652.1899999999998
O2060,U759,2025-03-27 20:47:06,Completed,60.5
O2061,U73,2025-10-23 06:06:26,Cancelled,26.02
O2062,U187,2025-08-19 13:28:51,Completed,690.3599999999999
O2063,U444,2025-12-21 18:29:19,Completed,1616.77
O2064,U907,2025-08-23 14:20:24,Completed,821.9100000000001
O2065,U515,2025-06-24 01:28:40,Completed,1290.69
O2066,U74,2026-02-12 09:29:05,Completed,1678.6399999999999
O2067,U393,2025-04-26 01:29:38,Completed,1341.67
O2068,U723,2025-09-05 10:31:18,Cancelled,2141.81
O2069,U768,2025-11-02 01:11:38,Completed,2377.5699999999997
O2070,U462,2025-05-30 07:59:45,Completed,1088.9
O2071,U835,2025-03-23 09:36:44,Completed,589.94
O2072,U936,2025-07-03 14:49:37,Completed,1038.04
O2073,U341,2025-05-16 01:31:30,Completed,1898.58
O2074,U786,2025-09-01 19:35:26,Completed,1869.02
O2075,U951,2025-09-05 10:49:45,Completed,446.12
O2076,U294,2025-11-16 08:26:24,Completed,576.9300000000001
O2077,U39,2025-05-25 18:00:19,Completed,1598.81
O2078,U851,2025-08-08 07:40:02,Completed,469.52
O2079,U874,2025-11-19 01:29:14,Completed,857.64
O2080,U805,2025-07-03 05:36:01,Cancelled,2566.3
O2081,U695,2025-07-25 02:22:56,Completed,2152.5299999999997
O2082,U28,2025-11-07 02:49:09,Cancelled,84.75
O2083,U416,2025-07-31 22:11:30,Completed,768.05
O2084,U54,2025-04-18 14:57:22,Completed,892.45
O2085,U659,2025-06-02 07:30:29,Completed,1961.92
O2086,U665,2025-07-03 02:24:54,Completed,483.25
O2087,U267,2025-06-28 14:47:03,Completed,585.03
O2088,U235,2025-04-09 10:59:34,Completed,1930.6200000000001
O2089,U427,2025-05-15 15:09:10,Completed,1262.0
O2090,U62,2026-01-25 07:12:17,Completed,974.22
O2091,U902,2025-10-05 05:01:08,Completed,1355.23
O2092,U902,2026-01-04 13:15:02,Completed,433.43
O2093,U274,2026-03-06 00:49:35,Cancelled,213.95999999999998
O2094,U793,2025-05-07 23:43:00,Completed,393.0
O2095,U179,2025-11-08 09:12:40,Cancelled,1919.79
O2096,U290,2025-05-04 22:50:55,Completed,492.81000000000006
O2097,U687,2025-06-19 23:27:08,Completed,397.61
O2098,U150,2025-04-18 18:50:50,Completed,1861.98
O2099,U850,2025-08-18 01:46:39,Completed,1205.84
O2100,U893,2025-08-13 12:30:15,Returned,1810.67
O2101,U574,2025-04-12 17:09:40,Completed,2240.27
O2102,U459,2025-05-09 19:49:17,Cancelled,654.42
O2103,U760,2026-02-06 15:08:45,Completed,507.86
O2104,U104,2025-10-21 20:17:18,Completed,1910.76
O2105,U191,2025-05-08 06:47:28,Completed,1592.9299999999998
O2106,U727,2025-12-23 06:50:37,Completed,1524.5900000000001
O2107,U45,2025-09-28 09:32:04,Completed,450.51
O2108,U746,2025-08-25 09:07:48,Completed,1171.02
O2109,U316,2026-02-05 21:23:44,Completed,450.51
O2110,U389,2025-07-23 23:55:50,Completed,2504.7699999999995
O2111,U517,2025-03-16 03:20:24,Completed,1239.31
O2112,U303,2025-04-01 07:59:02,Returned,1680.2399999999998
O2113,U923,2025-12-07 18:09:09,Completed,2159.86
O2114,U500,2025-09-09 21:29:58,Completed,1833.6399999999999
O2115,U28,2025-05-07 05:20:49,Completed,16.6
O2116,U686,2025-09-06 12:48:52,Completed,1534.3899999999999
O2117,U218,2025-04-15 09:24:06,Completed,165.78
O2118,U859,2025-06-02 11:10:14,Cancelled,1691.3
O2119,U455,2025-06-24 12:41:12,Completed,2490.66
O2120,U817,2025-12-18 08:27:33,Returned,2018.6000000000001
O2121,U649,2026-02-13 22:17:42,Completed,2062.15
O2122,U871,2025-09-01 22:42:24,Completed,1126.55
O2123,U797,2025-05-20 05:00:40,Completed,339.36
O2124,U856,2025-06-25 16:52:48,Completed,884.02
O2125,U871,2025-04-05 19:19:03,Cancelled,2049.87
O2126,U107,2025-11-06 17:36:00,Completed,730.0599999999998
O2127,U788,2025-09-29 23:44:35,Completed,3115.5699999999997
O2128,U800,2025-05-03 02:09:07,Completed,1099.75
O2129,U293,2026-02-05 01:54:27,Completed,1355.28
O2130,U157,2026-02-21 13:25:41,Completed,1059.44
O2131,U674,2025-12-29 12:29:07,Cancelled,1457.11
O2132,U508,2025-07-09 07:08:40,Completed,1512.06
O2133,U117,2025-03-18 23:27:50,Completed,28.25
O2134,U485,2026-02-04 21:45:20,Completed,687.63
O2135,U549,2025-06-23 07:59:35,Completed,612.72
O2136,U695,2025-08-06 07:11:18,Completed,398.5
O2137,U745,2025-04-10 08:55:44,Completed,459.24
O2138,U127,2026-02-16 14:44:01,Completed,815.71
O2139,U402,2025-07-27 01:21:14,Completed,895.2
O2140,U273,2026-02-27 12:58:44,Completed,576.9300000000001
O2141,U284,2025-03-16 08:57:58,Cancelled,599.51
O2142,U828,2026-01-23 13:14:07,Completed,49.800000000000004
O2143,U263,2025-11-16 07:24:56,Completed,1721.35
O2144,U406,2025-07-12 08:39:19,Cancelled,946.63
O2145,U41,2025-04-01 02:56:10,Completed,1181.08
O2146,U567,2025-05-04 21:08:52,Completed,1881.5300000000002
O2147,U483,2025-04-28 09:59:38,Returned,1464.94
O2148,U671,2025-11-17 07:40:51,Completed,471.43
O2149,U656,2025-06-01 23:44:29,Completed,582.14
O2150,U486,2025-03-18 13:49:06,Completed,1932.44
O2151,U138,2025-04-12 12:05:34,Completed,1767.51
O2152,U886,2025-10-17 08:12:48,Completed,1742.9399999999998
O2153,U701,2026-02-22 06:23:48,Completed,1790.57
O2154,U616,2025-10-16 13:17:20,Returned,205.58
O2155,U248,2026-02-21 20:27:30,Completed,1528.51
O2156,U339,2026-02-20 20:07:18,Completed,658.9000000000001
O2157,U229,2025-11-20 12:23:37,Completed,1550.0800000000002
O2158,U282,2025-04-05 20:31:03,Completed,1216.96
O2159,U904,2025-06-19 00:18:05,Completed,1651.3799999999999
O2160,U960,2026-02-13 11:10:03,Completed,1671.63
O2161,U654,2026-03-05 04:06:15,Completed,952.38
O2162,U894,2025-06-01 15:56:48,Cancelled,318.26
O2163,U514,2025-05-07 08:35:25,Completed,831.48
O2164,U781,2025-11-26 17:34:28,Completed,1634.04
O2165,U242,2025-11-05 11:51:20,Completed,397.61
O2166,U969,2025-12-25 06:53:43,Completed,1398.28
O2167,U943,2025-09-29 18:14:05,Completed,277.92
O2168,U575,2025-08-16 22:59:27,Completed,1985.34
O2169,U644,2026-03-04 09:30:09,Completed,469.52
O2170,U284,2025-12-15 17:10:49,Completed,1091.99
O2171,U818,2025-06-22 18:26:51,Cancelled,1254.61
O2172,U307,2025-10-15 17:00:00,Completed,1266.18
O2173,U576,2025-11-21 16:03:49,Completed,1745.1799999999998
O2174,U362,2025-12-31 04:15:59,Returned,87.42
O2175,U384,2025-04-16 12:46:45,Completed,2958.24
O2176,U718,2026-02-18 00:00:10,Completed,660.67
O2177,U690,2026-02-28 22:54:06,Completed,617.4799999999999
O2178,U796,2025-04-10 08:23:06,Completed,1337.23
O2179,U33,2025-11-17 22:19:05,Completed,16.6
O2180,U254,2025-05-10 10:07:11,Completed,954.78
O2181,U227,2025-10-26 19:06:00,Completed,488.83
O2182,U783,2026-01-06 19:38:32,Completed,215.51
O2183,U793,2026-02-06 19:28:32,Completed,854.61
O2184,U109,2026-01-24 15:08:32,Cancelled,658.2
O2185,U418,2026-01-25 07:38:58,Completed,2287.63
O2186,U747,2025-10-08 19:32:14,Completed,277.92
O2187,U313,2025-05-30 02:05:27,Completed,80.88
O2188,U455,2025-08-21 18:29:32,Completed,1673.47
O2189,U279,2025-11-23 08:41:01,Completed,2460.01
O2190,U673,2026-02-23 10:55:20,Completed,58.28
O2191,U324,2025-11-24 21:46:18,Completed,2616.5
O2192,U286,2025-11-25 04:34:15,Completed,1241.6999999999998
O2193,U874,2025-10-14 06:16:26,Completed,1104.34
O2194,U8,2025-05-31 15:18:10,Completed,2561.82
O2195,U84,2026-02-03 10:14:52,Completed,1286.46
O2196,U438,2025-06-12 03:48:50,Completed,990.48
O2197,U941,2025-03-23 10:55:04,Cancelled,1522.02
O2198,U404,2025-04-07 06:01:11,Completed,576.9300000000001
O2199,U853,2026-01-03 11:49:23,Completed,315.67
O2200,U883,2025-10-27 11:47:42,Completed,3630.65
O2201,U254,2025-10-25 03:45:38,Completed,288.13
O2202,U505,2025-07-15 11:48:23,Completed,2480.05
O2203,U162,2025-04-28 11:08:36,Completed,2268.02
O2204,U232,2025-07-29 17:45:14,Completed,739.8799999999999
O2205,U477,2025-05-01 12:57:51,Completed,2187.44
O2206,U193,2026-02-12 14:56:24,Completed,1185.86
O2207,U306,2025-12-05 10:38:57,Completed,2326.46
O2208,U810,2026-02-08 15:16:31,Completed,1671.41
O2209,U691,2025-04-04 00:29:44,Returned,1561.4599999999998
O2210,U267,2025-10-13 01:49:20,Cancelled,497.34000000000003
O2211,U815,2025-03-17 10:26:25,Completed,645.92
O2212,U236,2025-04-20 14:38:52,Completed,2153.42
O2213,U508,2025-12-23 11:18:31,Completed,1006.5
O2214,U469,2025-08-09 17:01:58,Cancelled,1684.38
O2215,U387,2026-01-04 12:22:13,Completed,343.74
O2216,U501,2026-02-07 07:22:58,Completed,1434.49
O2217,U293,2025-12-22 03:50:09,Cancelled,1702.76
O2218,U360,2025-06-07 06:44:12,Completed,1361.77
O2219,U926,2025-10-06 12:28:03,Completed,980.8
O2220,U20,2025-12-12 14:28:57,Completed,1675.55
O2221,U964,2025-07-01 08:10:29,Completed,1265.13
O2222,U826,2026-01-26 15:38:00,Completed,747.0799999999999
O2223,U853,2025-06-04 00:32:59,Cancelled,1135.86
O2224,U396,2026-01-28 17:34:51,Completed,2643.8799999999997
O2225,U324,2025-10-19 07:59:33,Completed,1231.71
O2226,U621,2025-09-21 13:07:58,Returned,3123.9300000000003
O2227,U964,2025-11-09 17:19:46,Completed,2031.3400000000001
O2228,U238,2025-06-03 12:26:30,Completed,1296.0
O2229,U732,2026-02-10 14:45:48,Completed,1898.0899999999997
O2230,U785,2026-02-16 22:16:18,Completed,821.14
O2231,U960,2025-10-25 12:20:22,Completed,1464.9799999999998
O2232,U89,2026-02-04 22:10:15,Completed,526.91
O2233,U592,2025-07-05 00:12:38,Completed,644.21
O2234,U173,2025-12-14 08:14:09,Cancelled,2212.39
O2235,U409,2025-04-24 19:03:15,Completed,482.46000000000004
O2236,U381,2025-07-21 10:31:25,Cancelled,1342.99
O2237,U325,2026-01-07 05:19:37,Completed,1162.56
O2238,U126,2025-12-21 18:22:08,Completed,397.61
O2239,U924,2025-07-19 22:46:47,Completed,46.38
O2240,U669,2025-09-14 04:37:05,Completed,199.25
O2241,U423,2026-02-28 17:30:26,Completed,1661.4399999999998
O2242,U43,2026-03-10 14:56:26,Completed,1442.98
O2243,U848,2025-04-09 17:43:12,Completed,968.8799999999999
O2244,U998,2026-02-26 14:54:01,Completed,1866.46
O2245,U451,2025-07-04 19:47:19,Completed,1053.6599999999999
O2246,U362,2025-04-07 13:30:33,Cancelled,322.96
O2247,U353,2025-06-28 05:14:24,Cancelled,1984.37
O2248,U185,2026-02-26 01:10:04,Completed,1993.49
O2249,U302,2025-09-05 12:42:18,Completed,735.75
O2250,U549,2025-06-05 05:32:38,Completed,322.96
O2251,U553,2025-07-19 02:18:44,Completed,389.89
O2252,U457,2025-09-10 03:06:52,Completed,3136.7
O2253,U645,2025-12-01 10:50:10,Completed,229.21
O2254,U152,2026-02-12 02:23:12,Completed,2363.22
O2255,U574,2025-11-06 08:38:01,Completed,566.8000000000001
O2256,U875,2025-07-10 20:11:21,Completed,1447.81
O2257,U799,2025-05-29 05:44:16,Completed,576.26
O2258,U582,2025-11-28 20:51:50,Completed,497.34000000000003
O2259,U367,2025-03-27 16:21:18,Completed,1006.18
O2260,U691,2025-08-03 17:53:37,Completed,954.78
O2261,U111,2025-04-18 07:14:25,Completed,781.9300000000001
O2262,U352,2025-10-06 09:39:38,Completed,1430.45
O2263,U280,2025-05-01 08:33:54,Completed,399.9
O2264,U633,2025-10-04 00:33:04,Completed,728.54
O2265,U726,2025-10-16 23:20:44,Completed,1582.2900000000002
O2266,U845,2025-07-03 00:27:13,Completed,1630.19
O2267,U758,2025-08-23 04:26:47,Completed,1937.22
O2268,U966,2025-06-20 02:04:57,Completed,1281.51
O2269,U956,2025-10-02 03:45:35,Completed,488.83
O2270,U652,2025-08-18 07:04:08,Completed,451.76
O2271,U559,2025-06-28 13:37:52,Completed,243.54
O2272,U609,2026-01-18 22:50:04,Completed,1332.04
O2273,U979,2025-07-21 11:05:38,Completed,1209.21
O2274,U989,2025-04-18 08:25:33,Completed,431.0
O2275,U18,2025-11-29 06:25:49,Completed,557.5999999999999
O2276,U318,2025-03-26 13:00:41,Completed,1671.71
O2277,U292,2026-03-13 16:58:10,Completed,1628.4499999999998
O2278,U414,2025-06-11 13:38:49,Returned,487.08
O2279,U394,2025-05-05 10:57:35,Completed,1980.4699999999998
O2280,U15,2025-10-07 19:31:26,Completed,2142.0899999999997
O2281,U54,2025-09-09 04:27:42,Completed,2077.12
O2282,U229,2025-05-18 16:32:03,Completed,2373.74
O2283,U918,2025-03-19 10:52:09,Completed,2062.04
O2284,U610,2025-12-18 17:02:16,Completed,687.72
O2285,U183,2025-04-26 16:51:08,Cancelled,2684.0299999999997
O2286,U967,2025-10-06 10:21:40,Completed,1843.47
O2287,U985,2025-04-21 04:05:02,Completed,2174.76
O2288,U748,2025-11-21 03:08:24,Completed,2632.06
O2289,U253,2025-05-29 21:46:21,Cancelled,2717.06
O2290,U706,2025-03-21 04:14:59,Completed,1600.72
O2291,U601,2025-12-11 15:59:48,Completed,766.9200000000001
O2292,U697,2026-01-26 04:19:56,Completed,306.48
O2293,U783,2026-02-21 04:00:21,Completed,2777.15
O2294,U573,2025-08-13 23:05:28,Completed,1751.51
O2295,U421,2025-03-27 20:12:10,Completed,2232.8799999999997
O2296,U319,2025-04-18 16:48:34,Completed,1040.62
O2297,U838,2025-11-04 05:02:56,Completed,671.86
O2298,U480,2025-05-31 03:14:53,Completed,2657.69
O2299,U710,2025-08-24 12:36:49,Cancelled,2706.52
O2300,U821,2025-06-07 20:36:41,Completed,1105.05
O2301,U104,2025-05-23 16:24:35,Completed,893.4499999999999
O2302,U33,2025-11-30 09:44:02,Completed,1901.1200000000001
O2303,U741,2025-04-23 10:02:04,Completed,2199.98
O2304,U402,2025-10-12 18:37:12,Completed,259.59000000000003
O2305,U6,2026-01-04 08:37:44,Completed,1332.15
O2306,U317,2025-08-22 12:34:02,Completed,844.76
O2307,U851,2025-05-23 11:16:38,Completed,882.8299999999999
O2308,U44,2025-05-22 00:41:44,Completed,1509.62
O2309,U152,2025-07-01 13:54:11,Completed,2550.43
O2310,U448,2025-11-12 23:11:27,Completed,46.38
O2311,U674,2025-03-23 23:12:18,Completed,1108.78
O2312,U819,2025-04-30 21:27:50,Completed,39.03
O2313,U864,2025-10-19 23:24:23,Completed,1267.49
O2314,U484,2025-08-06 23:44:21,Completed,1526.71
O2315,U687,2025-09-11 03:04:00,Completed,1584.38
O2316,U142,2026-03-07 05:11:41,Completed,185.91
O2317,U233,2025-04-05 02:15:53,Completed,228.2
O2318,U483,2025-09-03 01:42:30,Completed,728.54
O2319,U31,2025-11-01 10:47:51,Completed,153.08
O2320,U402,2025-04-07 07:09:10,Completed,2108.99
O2321,U318,2025-12-22 19:25:50,Completed,218.14
O2322,U491,2025-04-15 09:15:51,Cancelled,706.94
O2323,U586,2026-01-14 21:36:08,Completed,1097.34
O2324,U808,2025-08-15 08:59:43,Completed,1940.94
O2325,U985,2025-06-16 22:23:44,Completed,1606.63
O2326,U739,2025-03-24 01:32:58,Completed,1457.1299999999999
O2327,U207,2025-10-11 10:39:05,Completed,937.18
O2328,U873,2025-11-26 17:15:12,Completed,1433.59
O2329,U614,2025-09-17 00:17:27,Completed,1671.74
O2330,U779,2025-10-19 00:04:23,Completed,63.629999999999995
O2331,U950,2025-10-14 21:09:55,Completed,1266.18
O2332,U127,2026-01-17 05:07:27,Cancelled,1266.95
O2333,U852,2025-04-08 09:32:48,Completed,1282.2199999999998
O2334,U195,2026-01-05 13:13:21,Completed,297.7
O2335,U893,2025-07-15 16:18:56,Returned,87.42
O2336,U963,2025-07-30 11:47:04,Completed,34.28
O2337,U775,2025-03-15 04:59:54,Completed,1011.8199999999999
O2338,U122,2026-02-22 05:16:48,Completed,977.66
O2339,U240,2025-08-05 13:34:38,Completed,452.03
O2340,U8,2026-03-11 10:15:10,Completed,367.15999999999997
O2341,U202,2025-04-10 22:33:09,Completed,331.56
O2342,U418,2026-02-16 15:47:35,Completed,1669.93
O2343,U928,2025-08-30 17:21:13,Completed,1544.1000000000001
O2344,U632,2025-04-21 07:50:50,Completed,92.64
O2345,U104,2025-10-10 04:40:27,Completed,1362.0399999999997
O2346,U745,2025-11-04 23:33:40,Cancelled,893.0999999999999
O2347,U790,2025-06-11 07:37:24,Cancelled,3019.47
O2348,U710,2025-07-29 15:58:20,Completed,2185.52
O2349,U434,2025-10-25 19:47:38,Completed,1402.88
O2350,U585,2025-03-19 18:53:41,Cancelled,251.1
O2351,U966,2025-12-02 06:21:31,Completed,2216.29
O2352,U91,2025-12-10 19:02:52,Completed,1955.21
O2353,U640,2025-10-07 01:56:39,Completed,318.79
O2354,U267,2025-04-30 19:06:43,Completed,1266.18
O2355,U793,2026-03-06 12:23:41,Completed,1722.96
O2356,U368,2025-12-09 04:13:04,Completed,1329.61
O2357,U497,2025-12-25 16:31:03,Completed,773.9
O2358,U25,2025-06-04 16:06:46,Completed,949.6800000000001
O2359,U644,2026-01-22 22:22:10,Completed,1575.52
O2360,U820,2025-08-24 09:18:43,Completed,2520.52
O2361,U591,2025-11-23 08:56:14,Completed,1449.42
O2362,U798,2025-06-06 09:04:54,Completed,1513.3899999999999
O2363,U383,2025-06-15 01:10:38,Completed,3115.17
O2364,U237,2026-02-20 04:26:31,Cancelled,728.54
O2365,U259,2025-08-05 04:27:45,Completed,595.4
O2366,U643,2026-01-10 02:35:02,Returned,2835.87
O2367,U671,2025-11-16 20:37:49,Completed,926.6800000000001
O2368,U742,2025-10-21 23:10:44,Completed,852.8299999999999
O2369,U257,2025-12-26 11:58:19,Completed,1057.08
O2370,U665,2025-12-19 10:50:30,Completed,918.8800000000001
O2371,U254,2025-11-30 14:09:29,Completed,577.5600000000001
O2372,U345,2025-12-06 02:09:46,Completed,1537.53
O2373,U991,2026-01-09 21:07:56,Completed,713.82
O2374,U357,2026-01-07 18:38:48,Cancelled,1114.35
O2375,U631,2025-10-09 07:40:15,Completed,1949.6399999999999
O2376,U274,2025-08-25 04:50:58,Cancelled,1543.56
O2377,U767,2025-09-14 01:36:40,Completed,957.19
O2378,U44,2026-02-20 23:43:11,Completed,194.92000000000002
O2379,U796,2025-09-13 08:10:34,Completed,2397.3100000000004
O2380,U276,2025-12-05 15:03:07,Completed,1669.44
O2381,U249,2025-12-16 02:22:47,Completed,137.22
O2382,U124,2025-10-29 00:05:53,Completed,1323.94
O2383,U201,2025-11-01 15:35:25,Completed,1276.4099999999999
O2384,U389,2025-12-21 11:01:32,Returned,1286.52
O2385,U318,2026-02-16 09:32:32,Completed,1909.9599999999998
O2386,U185,2026-01-21 17:34:14,Completed,450.51
O2387,U704,2025-10-23 15:04:34,Completed,1009.1300000000001
O2388,U696,2025-05-11 06:10:41,Completed,2388.46
O2389,U560,2025-08-31 13:44:09,Completed,1127.34
O2390,U454,2025-11-24 23:12:04,Completed,436.28
O2391,U635,2026-01-08 18:29:14,Completed,3192.2000000000003
O2392,U496,2025-11-03 05:56:34,Cancelled,1996.8000000000002
O2393,U931,2025-04-08 14:31:53,Completed,331.56
O2394,U246,2025-09-22 13:16:54,Completed,153.35999999999999
O2395,U759,2026-02-13 08:53:17,Completed,1725.38
O2396,U343,2025-07-31 22:39:03,Completed,475.37
O2397,U558,2025-07-04 16:19:29,Completed,46.38
O2398,U581,2025-05-05 18:20:30,Completed,2966.4
O2399,U95,2025-06-17 14:58:24,Completed,410.57
O2400,U547,2026-02-04 19:57:07,Completed,867.3499999999999
O2401,U426,2025-03-30 21:25:27,Returned,495.24
O2402,U271,2026-03-05 10:44:02,Completed,2774.68
O2403,U154,2025-12-05 18:11:21,Completed,739.89
O2404,U700,2026-02-20 11:51:35,Completed,707.29
O2405,U168,2026-01-17 13:57:36,Completed,2200.39
O2406,U294,2026-02-18 10:55:49,Completed,26.02
O2407,U227,2025-11-24 04:36:57,Completed,1448.32
O2408,U527,2025-04-27 11:39:20,Completed,3220.45
O2409,U487,2025-12-14 01:04:58,Completed,882.0
O2410,U700,2025-08-11 10:45:17,Completed,1243.67
O2411,U288,2026-01-02 13:16:18,Completed,1464.0
O2412,U650,2025-05-19 23:27:27,Completed,1690.5599999999997
O2413,U943,2026-03-15 08:41:34,Completed,2097.89
O2414,U248,2025-08-22 06:46:36,Completed,1737.0199999999998
O2415,U396,2025-09-28 10:00:16,Completed,958.36
O2416,U240,2025-03-20 14:27:37,Completed,2060.0299999999997
O2417,U668,2025-11-17 10:47:13,Completed,2525.6400000000003
O2418,U112,2025-04-26 11:35:00,Completed,747.0799999999999
O2419,U134,2026-03-04 12:33:42,Completed,433.76
O2420,U70,2026-01-27 20:26:47,Completed,1862.43
O2421,U639,2025-12-30 15:34:09,Completed,1052.1
O2422,U351,2026-01-26 01:05:53,Completed,1711.39
O2423,U461,2025-08-04 03:33:24,Completed,497.13
O2424,U597,2025-06-15 12:55:17,Completed,987.3000000000001
O2425,U781,2025-07-22 12:01:46,Cancelled,1272.94
O2426,U589,2025-06-08 01:37:53,Completed,2121.63
O2427,U286,2025-05-14 22:14:33,Completed,1151.28
O2428,U69,2026-02-05 02:07:06,Completed,478.37
O2429,U188,2025-06-11 11:49:10,Completed,2391.9
O2430,U292,2026-01-03 05:02:55,Completed,1050.6
O2431,U279,2025-06-06 08:27:41,Completed,199.99
O2432,U150,2026-01-21 00:00:14,Returned,196.5
O2433,U772,2025-10-02 02:05:35,Completed,1575.1100000000001
O2434,U422,2026-01-14 18:58:41,Completed,251.1
O2435,U70,2025-11-16 20:40:47,Completed,777.62
O2436,U996,2025-07-14 17:12:47,Completed,1223.6
O2437,U84,2025-07-02 17:49:02,Returned,1516.18
O2438,U736,2026-02-27 04:42:09,Completed,843.9499999999999
O2439,U909,2025-08-16 15:14:58,Returned,879.3299999999999
O2440,U633,2026-01-22 04:32:19,Completed,687.63
O2441,U95,2026-02-13 19:51:31,Completed,2245.84
O2442,U51,2025-04-13 00:55:30,Completed,2017.08
O2443,U506,2025-12-07 02:59:15,Completed,492.81000000000006
O2444,U413,2025-10-07 10:55:14,Returned,1804.69
O2445,U313,2026-01-27 01:57:26,Completed,1626.67
O2446,U881,2025-08-21 16:30:05,Completed,1695.31
O2447,U599,2025-09-05 13:59:28,Completed,251.1
O2448,U332,2025-09-11 03:24:11,Completed,1843.47
O2449,U659,2026-02-02 20:40:52,Completed,682.8
O2450,U357,2026-03-10 11:12:22,Returned,1000.51
O2451,U607,2025-05-30 20:26:11,Completed,1134.22
O2452,U632,2025-05-21 09:45:59,Completed,2392.23
O2453,U61,2026-03-02 07:51:17,Completed,1824.4599999999998
O2454,U672,2025-06-26 19:06:08,Completed,1808.44
O2455,U173,2025-09-04 19:59:32,Completed,822.3
O2456,U249,2025-07-30 10:52:38,Completed,1477.72
O2457,U755,2026-03-05 11:03:37,Completed,393.0
O2458,U964,2026-01-08 04:55:00,Completed,718.98
O2459,U773,2025-09-02 04:38:23,Completed,1319.78
O2460,U155,2025-11-05 06:46:12,Completed,1116.6200000000001
O2461,U439,2025-07-31 03:23:49,Completed,1082.45
O2462,U269,2025-07-26 21:12:06,Completed,384.62
O2463,U310,2025-03-26 19:24:31,Completed,512.81
O2464,U693,2025-12-16 05:52:53,Returned,136.95
O2465,U387,2025-03-27 13:26:47,Cancelled,730.62
O2466,U646,2025-04-11 09:16:33,Completed,2355.84
O2467,U852,2026-01-02 16:51:34,Completed,2093.04
O2468,U275,2025-06-11 18:15:04,Completed,61.97
O2469,U491,2025-10-23 07:21:32,Completed,165.78
O2470,U832,2025-10-07 08:23:36,Returned,939.04
O2471,U848,2026-03-14 00:19:21,Completed,2157.5600000000004
O2472,U887,2025-11-18 18:49:28,Completed,616.74
O2473,U832,2025-09-01 10:03:04,Completed,365.03
O2474,U155,2025-06-24 14:53:27,Completed,1360.31
O2475,U618,2025-04-20 12:45:24,Completed,1328.21
O2476,U409,2025-06-17 18:22:48,Completed,1654.16
O2477,U924,2025-11-22 10:42:09,Completed,2296.54
O2478,U650,2025-09-13 06:42:53,Completed,13.01
O2479,U189,2025-04-13 19:15:44,Completed,318.26
O2480,U511,2025-09-29 23:10:21,Completed,883.75
O2481,U647,2025-04-30 16:04:40,Completed,654.42
O2482,U439,2025-11-13 05:08:44,Completed,1103.12
O2483,U143,2025-05-01 14:11:44,Returned,1270.72
O2484,U233,2026-01-01 02:04:11,Cancelled,2037.6100000000001
O2485,U259,2025-05-19 12:08:11,Completed,17.14
O2486,U602,2025-10-04 15:41:07,Completed,1728.2199999999998
O2487,U946,2025-12-23 17:55:27,Completed,1163.49
O2488,U573,2025-06-29 15:46:09,Completed,2083.69
O2489,U2,2026-01-04 07:04:36,Completed,749.55
O2490,U690,2025-11-26 23:51:08,Completed,903.52
O2491,U906,2025-11-01 17:33:13,Completed,1498.4700000000003
O2492,U127,2026-01-13 16:09:50,Completed,903.52
O2493,U313,2025-11-08 22:45:22,Completed,2090.87
O2494,U24,2025-09-11 00:36:37,Completed,2194.29
O2495,U560,2026-01-23 06:58:05,Completed,1504.02
O2496,U525,2025-08-07 01:47:56,Completed,1709.98
O2497,U299,2025-04-24 18:35:23,Completed,2378.7099999999996
O2498,U818,2025-04-18 22:00:27,Completed,29.14
O2499,U431,2025-05-01 03:26:14,Completed,277.92
O2500,U845,2025-07-13 21:29:10,Completed,251.1
O2501,U281,2025-09-05 19:32:06,Completed,1482.82
O2502,U588,2025-10-12 06:20:25,Completed,299.93
O2503,U294,2026-02-23 02:25:35,Completed,1460.0
O2504,U669,2025-12-04 07:31:50,Completed,46.38
O2505,U674,2025-12-30 08:39:24,Completed,3163.05
O2506,U441,2025-09-12 09:12:04,Completed,3561.02
O2507,U407,2025-10-06 02:09:41,Completed,753.3
O2508,U173,2025-08-17 16:40:02,Cancelled,790.1
O2509,U597,2025-11-27 18:36:16,Completed,1728.6299999999999
O2510,U506,2025-10-09 12:06:02,Completed,1890.7399999999998
O2511,U369,2026-01-17 05:04:08,Completed,1152.07
O2512,U616,2025-08-10 12:31:43,Completed,1750.0
O2513,U648,2025-09-11 01:55:41,Completed,451.76
O2514,U214,2026-03-13 20:40:44,Completed,1050.4199999999998
O2515,U192,2026-01-01 03:13:32,Completed,1785.7
O2516,U600,2025-10-06 22:40:29,Completed,2262.3799999999997
O2517,U332,2025-09-26 09:04:03,Cancelled,487.08
O2518,U988,2025-04-05 02:43:50,Completed,33.2
O2519,U608,2025-05-15 18:52:22,Completed,1639.11
O2520,U523,2025-09-21 02:29:04,Completed,893.8
O2521,U299,2025-09-30 10:27:49,Completed,1712.92
O2522,U430,2025-03-30 07:54:40,Completed,682.76
O2523,U468,2025-08-14 23:03:20,Completed,679.68
O2524,U293,2025-04-27 07:40:16,Completed,1981.4499999999998
O2525,U603,2025-03-18 01:34:26,Completed,593.68
O2526,U759,2025-04-10 18:18:16,Cancelled,597.75
O2527,U239,2025-09-11 09:18:09,Completed,1273.45
O2528,U316,2025-04-22 08:12:24,Completed,150.17
O2529,U416,2025-12-15 10:55:22,Completed,1296.31
O2530,U188,2025-11-15 10:15:21,Completed,203.16
O2531,U357,2025-05-18 08:21:58,Completed,121.32
O2532,U898,2025-11-24 19:32:21,Completed,1679.4
O2533,U309,2026-03-10 11:55:44,Completed,102.24
O2534,U440,2025-05-03 08:30:25,Completed,2286.93
O2535,U331,2025-05-05 05:22:28,Completed,1930.9299999999998
O2536,U946,2026-02-18 07:37:55,Completed,90.75
O2537,U468,2025-06-10 19:26:14,Completed,2487.34
O2538,U726,2025-07-25 04:02:10,Cancelled,342.29999999999995
O2539,U229,2026-01-18 17:52:54,Completed,1986.0299999999997
O2540,U123,2025-08-08 12:15:05,Completed,910.85
O2541,U466,2025-12-20 11:51:38,Completed,1805.4499999999998
O2542,U562,2025-12-10 06:10:13,Completed,1418.25
O2543,U226,2025-11-18 07:31:30,Completed,34.28
O2544,U951,2025-07-17 18:32:48,Completed,469.52
O2545,U840,2025-08-31 09:32:14,Completed,746.43
O2546,U83,2026-03-03 16:33:57,Completed,445.97999999999996
O2547,U898,2025-10-17 19:10:27,Completed,285.12
O2548,U545,2026-02-09 23:41:20,Completed,815.89
O2549,U34,2025-12-21 21:48:30,Completed,393.0
O2550,U872,2025-11-20 18:21:54,Completed,1393.2299999999998
O2551,U995,2025-10-13 08:43:16,Completed,1562.82
O2552,U978,2025-08-10 13:51:51,Completed,1395.7800000000002
O2553,U198,2025-10-12 02:10:34,Cancelled,384.62
O2554,U57,2025-06-02 12:37:00,Completed,1097.34
O2555,U515,2025-12-07 20:52:36,Completed,988.68
O2556,U58,2025-07-19 12:47:39,Returned,1728.82
O2557,U980,2026-02-11 04:16:58,Completed,3719.2599999999998
O2558,U581,2025-03-30 05:12:39,Completed,2610.62
O2559,U884,2025-09-04 11:26:32,Completed,892.6000000000001
O2560,U124,2025-04-23 08:11:11,Completed,893.0999999999999
O2561,U963,2025-07-12 20:20:08,Completed,1147.3600000000001
O2562,U810,2025-12-24 17:32:27,Completed,69.57000000000001
O2563,U9,2025-09-15 12:51:10,Cancelled,1870.5
O2564,U350,2025-06-18 01:07:59,Completed,2337.09
O2565,U648,2026-02-16 15:05:44,Completed,1504.71
O2566,U428,2025-10-06 23:58:20,Completed,359.81
O2567,U149,2026-01-09 04:03:09,Cancelled,682.8
O2568,U656,2026-02-14 09:42:55,Completed,23.19
O2569,U34,2025-05-29 13:50:35,Returned,769.82
O2570,U546,2025-04-22 23:45:02,Completed,1811.38
O2571,U474,2025-04-04 11:09:27,Completed,1136.06
O2572,U903,2025-05-30 08:39:59,Completed,1945.67
O2573,U134,2025-05-26 12:30:42,Completed,49.800000000000004
O2574,U540,2025-07-23 17:31:29,Completed,804.5
O2575,U257,2025-10-07 18:54:29,Completed,60.5
O2576,U602,2026-02-19 13:21:39,Cancelled,33.2
O2577,U331,2026-03-05 23:15:18,Completed,1036.4299999999998
O2578,U19,2026-01-05 22:45:40,Completed,2073.83
O2579,U458,2026-01-17 03:53:49,Completed,2235.78
O2580,U167,2025-08-10 15:56:21,Completed,855.28
O2581,U4,2025-04-12 10:11:14,Completed,1936.01
O2582,U880,2025-12-30 14:59:27,Cancelled,165.78
O2583,U896,2025-11-12 16:53:33,Completed,1454.3899999999999
O2584,U229,2025-08-13 12:40:50,Returned,1788.66
O2585,U262,2025-10-05 21:02:53,Completed,1500.53
O2586,U528,2025-09-01 16:21:49,Completed,451.76
O2587,U583,2025-12-01 20:54:28,Completed,1625.85
O2588,U57,2025-08-30 08:59:44,Completed,2009.4299999999998
O2589,U437,2025-03-24 07:00:20,Completed,3242.71
O2590,U671,2025-11-10 03:27:06,Completed,2543.0599999999995
O2591,U567,2025-07-21 07:40:34,Completed,409.32
O2592,U244,2026-02-10 14:44:53,Completed,1286.34
O2593,U685,2026-02-16 18:48:12,Completed,654.42
O2594,U480,2025-06-12 19:39:07,Completed,1800.7700000000002
O2595,U454,2025-06-17 05:35:54,Completed,1898.52
O2596,U414,2025-08-19 01:18:18,Completed,1031.76
O2597,U902,2025-11-14 00:03:51,Completed,2191.44
O2598,U99,2025-06-19 11:23:14,Completed,2686.01
O2599,U975,2025-07-18 19:47:11,Returned,327.27
O2600,U904,2025-03-18 10:24:47,Completed,1231.71
O2601,U981,2025-04-02 08:56:58,Completed,585.03
O2602,U414,2025-09-04 22:04:14,Returned,990.48
O2603,U14,2025-08-11 23:53:53,Completed,1955.71
O2604,U873,2026-01-17 05:49:05,Completed,892.6700000000001
O2605,U907,2025-09-27 01:15:00,Completed,153.35999999999999
O2606,U299,2025-09-14 01:20:23,Completed,1608.8600000000001
O2607,U34,2026-01-06 15:12:53,Completed,487.08
O2608,U609,2025-12-20 19:36:57,Completed,458.42
O2609,U784,2025-07-21 13:30:20,Completed,879.56
O2610,U782,2025-08-26 06:14:46,Completed,1184.42
O2611,U49,2025-12-10 21:02:50,Cancelled,2644.8599999999997
O2612,U190,2025-04-30 13:41:10,Cancelled,987.3000000000001
O2613,U655,2025-05-10 21:38:05,Completed,1151.81
O2614,U905,2026-03-03 18:25:23,Completed,1683.8700000000001
O2615,U442,2025-04-11 08:23:37,Completed,689.72
O2616,U54,2025-07-20 07:58:04,Completed,478.39
O2617,U710,2026-03-10 05:15:36,Completed,2507.09
O2618,U826,2025-05-14 16:47:53,Completed,821.8
O2619,U148,2025-06-18 06:38:12,Completed,918.6
O2620,U474,2025-12-04 16:30:26,Completed,1283.73
O2621,U366,2025-12-03 13:08:15,Completed,607.06
O2622,U87,2026-02-27 10:32:38,Completed,1596.79
O2623,U860,2025-05-13 10:25:05,Completed,1164.1799999999998
O2624,U174,2025-10-01 07:06:30,Completed,3156.67
O2625,U821,2025-09-05 16:26:02,Completed,609.54
O2626,U387,2025-12-04 18:32:52,Completed,2491.99
O2627,U585,2025-09-25 14:58:29,Completed,862.27
O2628,U457,2025-11-20 03:53:52,Returned,2290.52
O2629,U46,2025-07-23 07:18:08,Completed,962.31
O2630,U574,2025-05-20 03:14:20,Completed,420.32
O2631,U969,2026-01-06 00:34:56,Completed,441.27
O2632,U485,2026-03-05 09:50:31,Completed,1069.03
O2633,U430,2025-05-12 00:25:26,Completed,502.2
O2634,U828,2026-02-03 13:41:33,Completed,2613.69
O2635,U517,2025-09-02 13:31:32,Completed,3582.0199999999995
O2636,U608,2025-08-25 15:29:37,Completed,2083.5
O2637,U745,2025-07-27 02:13:56,Completed,1496.3600000000001
O2638,U811,2025-10-25 19:34:53,Completed,84.75
O2639,U505,2025-08-25 05:38:47,Completed,1603.1799999999998
O2640,U797,2025-08-04 09:55:16,Completed,495.24
O2641,U960,2025-03-29 15:25:48,Completed,1275.02
O2642,U900,2025-04-13 18:10:29,Returned,715.42
O2643,U267,2025-04-22 01:29:30,Completed,1286.52
O2644,U679,2026-01-19 05:58:10,Completed,358.79
O2645,U428,2026-02-24 20:12:39,Completed,2225.56
O2646,U875,2025-09-03 22:47:54,Completed,972.0799999999999
O2647,U781,2026-03-07 00:03:02,Completed,1380.76
O2648,U358,2025-04-19 22:50:28,Returned,280.63
O2649,U103,2025-09-13 22:19:19,Completed,981.81
O2650,U299,2025-08-12 20:58:01,Completed,300.34
O2651,U897,2025-10-17 21:29:07,Returned,2376.6
O2652,U296,2025-12-10 11:53:20,Completed,1268.84
O2653,U836,2025-06-29 20:42:17,Completed,645.92
O2654,U443,2025-06-24 14:25:30,Completed,1946.13
O2655,U681,2026-01-02 13:54:11,Completed,1242.91
O2656,U644,2025-09-24 20:54:50,Cancelled,1498.08
O2657,U84,2025-11-30 10:31:30,Completed,2344.38
O2658,U934,2025-04-23 10:25:24,Completed,1527.3899999999999
O2659,U643,2025-11-15 03:05:16,Cancelled,331.42
O2660,U271,2025-10-07 03:35:30,Completed,459.24
O2661,U680,2025-12-26 06:31:32,Completed,69.57000000000001
O2662,U577,2025-06-07 08:08:09,Completed,482.16
O2663,U374,2025-11-02 23:13:01,Completed,884.21
O2664,U458,2025-03-20 05:49:07,Completed,1101.04
O2665,U337,2025-12-15 23:50:13,Completed,165.71
O2666,U601,2025-06-16 04:05:13,Completed,1696.44
O2667,U394,2025-06-04 10:32:44,Completed,397.61
O2668,U80,2025-05-28 20:06:23,Completed,1729.94
O2669,U333,2026-02-01 14:03:15,Completed,2172.79
O2670,U741,2026-03-08 00:31:43,Completed,968.46
O2671,U284,2025-09-20 10:39:56,Completed,45.74
O2672,U424,2025-10-16 16:03:15,Completed,1929.15
O2673,U790,2026-02-02 00:04:07,Completed,39.03
O2674,U730,2025-04-29 15:56:01,Completed,1339.55
O2675,U183,2025-04-09 19:07:53,Completed,2022.03
O2676,U384,2025-05-07 21:25:26,Completed,947.01
O2677,U601,2025-10-26 00:28:33,Completed,2976.8
O2678,U415,2025-07-29 05:37:25,Completed,342.29999999999995
O2679,U503,2026-02-02 05:12:13,Completed,1774.42
O2680,U82,2025-06-24 16:03:59,Completed,412.26
O2681,U139,2025-12-06 01:44:36,Completed,1092.81
O2682,U439,2026-01-19 18:36:54,Cancelled,1799.66
O2683,U485,2025-08-26 10:31:07,Completed,816.62
O2684,U80,2025-11-13 23:14:04,Completed,2564.57
O2685,U727,2025-04-04 23:13:38,Completed,1390.77
O2686,U668,2025-07-28 03:04:05,Completed,1079.01
O2687,U298,2026-01-29 18:30:44,Completed,690.25
O2688,U724,2025-11-11 00:31:41,Completed,795.22
O2689,U809,2025-11-10 03:21:32,Completed,2392.59
O2690,U181,2025-06-29 19:31:05,Cancelled,711.11
O2691,U665,2025-07-10 01:02:49,Cancelled,377.28
O2692,U833,2025-06-02 18:39:01,Completed,890.23
O2693,U697,2026-01-13 00:21:53,Cancelled,1166.73
O2694,U32,2025-05-09 21:23:29,Cancelled,1114.0
O2695,U397,2026-01-04 16:20:32,Completed,943.05
O2696,U729,2025-08-11 23:12:58,Cancelled,859.77
O2697,U948,2026-03-08 17:15:09,Completed,2570.42
O2698,U591,2025-10-05 10:29:25,Completed,1130.74
O2699,U229,2026-02-04 15:29:15,Completed,2184.74
O2700,U845,2025-08-08 22:06:08,Completed,1016.5699999999999
O2701,U534,2025-11-06 17:00:47,Cancelled,1017.1
O2702,U188,2026-02-01 13:01:28,Cancelled,318.26
O2703,U908,2025-11-17 13:39:45,Completed,687.63
O2704,U308,2025-10-01 12:52:16,Completed,2170.83
O2705,U821,2025-06-17 11:42:41,Completed,2371.08
O2706,U59,2025-07-22 14:03:07,Completed,1629.54
O2707,U982,2025-10-27 23:57:34,Completed,1862.3999999999999
O2708,U646,2025-09-06 01:49:54,Completed,240.31
O2709,U465,2025-11-23 22:33:29,Completed,1921.51
O2710,U79,2025-06-26 14:45:22,Completed,497.13
O2711,U799,2025-04-27 03:07:33,Completed,2007.8600000000001
O2712,U337,2025-05-02 07:53:33,Completed,609.8199999999999
O2713,U137,2025-06-02 05:06:32,Completed,786.53
O2714,U58,2025-04-19 06:36:58,Completed,1367.41
O2715,U969,2025-07-28 07:21:07,Completed,2872.9700000000003
O2716,U191,2026-03-05 17:01:41,Completed,1455.35
O2717,U815,2025-09-29 19:06:40,Completed,821.14
O2718,U649,2025-08-23 19:01:07,Completed,1219.78
O2719,U46,2025-12-22 23:39:28,Completed,820.01
O2720,U830,2025-10-12 15:44:28,Cancelled,228.2
O2721,U45,2026-01-28 07:01:25,Completed,2035.9499999999998
O2722,U22,2026-01-13 14:50:56,Completed,624.13
O2723,U163,2026-01-30 02:27:47,Completed,502.2
O2724,U372,2025-06-20 08:52:09,Completed,2248.5299999999997
O2725,U722,2025-09-22 09:40:06,Completed,29.14
O2726,U241,2025-07-19 07:31:54,Completed,2015.3999999999996
O2727,U171,2025-07-08 02:07:04,Completed,1423.6100000000001
O2728,U560,2026-02-17 20:19:15,Completed,636.52
O2729,U507,2025-07-21 00:24:05,Completed,1503.97
O2730,U245,2025-05-08 09:14:20,Cancelled,320.69
O2731,U34,2025-09-01 12:05:35,Completed,1656.5099999999998
O2732,U14,2026-01-13 18:47:00,Cancelled,694.29
O2733,U977,2025-05-15 23:33:46,Completed,1019.81
O2734,U665,2025-05-22 12:39:49,Completed,820.13
O2735,U627,2026-01-19 12:06:11,Cancelled,585.03
O2736,U210,2025-08-31 10:40:48,Cancelled,40.44
O2737,U917,2025-06-21 09:46:14,Completed,711.37
O2738,U616,2026-01-29 08:04:48,Completed,1930.6799999999998
O2739,U972,2025-07-31 16:39:17,Completed,796.64
O2740,U822,2025-08-30 10:11:27,Completed,1180.06
O2741,U477,2025-04-28 03:03:55,Completed,1517.4499999999998
O2742,U763,2025-11-03 01:36:57,Completed,313.96000000000004
O2743,U538,2026-01-09 18:37:15,Completed,1451.29
O2744,U604,2025-04-20 08:12:35,Completed,893.0999999999999
O2745,U657,2025-09-21 12:23:18,Returned,2913.84
O2746,U516,2025-07-06 03:41:44,Completed,488.83
O2747,U610,2025-04-25 12:22:56,Completed,288.13
O2748,U155,2025-04-08 10:19:25,Completed,238.69
O2749,U293,2025-11-17 23:33:58,Completed,2787.01
O2750,U568,2025-10-02 17:26:50,Completed,550.56
O2751,U958,2025-07-01 10:58:07,Completed,3144.71
O2752,U850,2026-02-09 16:08:12,Completed,708.6700000000001
O2753,U651,2026-01-30 04:47:38,Completed,658.2
O2754,U247,2025-04-02 21:44:39,Completed,228.2
O2755,U752,2025-12-10 06:41:39,Returned,462.97
O2756,U171,2026-03-14 23:35:14,Completed,1514.06
O2757,U448,2025-05-14 05:30:55,Completed,1519.06
O2758,U841,2026-02-22 03:58:43,Completed,712.6700000000001
O2759,U745,2026-02-02 05:32:31,Completed,360.72
O2760,U757,2026-01-04 14:13:32,Completed,795.22
O2761,U160,2026-01-05 19:18:21,Completed,2594.07
O2762,U189,2026-03-12 22:33:04,Completed,2049.2799999999997
O2763,U812,2026-03-13 01:52:05,Completed,1408.56
O2764,U101,2025-12-31 01:05:34,Completed,2482.76
O2765,U358,2025-10-20 09:30:01,Completed,328.54
O2766,U164,2025-10-30 06:13:02,Completed,1435.71
O2767,U255,2025-07-24 11:47:31,Completed,1246.71
O2768,U871,2025-09-19 22:16:49,Completed,1424.0
O2769,U277,2025-04-15 19:37:24,Completed,69.57000000000001
O2770,U59,2025-07-08 16:37:06,Completed,1961.73
O2771,U368,2026-02-27 13:23:02,Completed,1846.8500000000001
O2772,U267,2025-06-11 05:24:04,Completed,977.66
O2773,U506,2025-04-02 02:01:31,Completed,1493.73
O2774,U967,2025-08-23 05:55:06,Returned,451.76
O2775,U225,2026-02-23 11:58:26,Completed,939.04
O2776,U326,2026-03-08 14:28:24,Completed,642.56
O2777,U651,2025-08-10 17:02:22,Completed,682.8
O2778,U386,2025-07-23 04:16:42,Returned,502.2
O2779,U806,2025-04-19 22:34:26,Cancelled,121.32
O2780,U206,2025-10-03 19:35:09,Completed,576.9300000000001
O2781,U167,2025-12-13 15:29:11,Returned,515.74
O2782,U586,2025-05-13 12:29:39,Completed,184.12
O2783,U116,2026-02-01 02:02:43,Completed,401.13
O2784,U277,2025-09-28 09:02:39,Completed,1038.96
O2785,U575,2025-10-06 04:25:11,Completed,1913.97
O2786,U629,2025-12-13 16:28:59,Completed,676.28
O2787,U226,2025-10-09 14:02:42,Cancelled,2218.67
O2788,U448,2025-11-21 01:13:37,Completed,450.51
O2789,U298,2025-12-13 05:43:21,Completed,243.54
O2790,U105,2025-04-07 01:07:50,Completed,682.8
O2791,U449,2025-04-14 19:15:01,Completed,585.03
O2792,U982,2025-11-13 20:22:46,Returned,2163.56
O2793,U301,2025-08-21 13:16:19,Completed,981.81
O2794,U205,2025-12-14 18:08:20,Completed,2313.88
O2795,U762,2026-03-07 20:25:41,Completed,528.06
O2796,U602,2025-08-19 09:58:37,Completed,914.18
O2797,U886,2026-01-01 09:54:37,Completed,636.4399999999999
O2798,U295,2025-05-02 09:06:06,Completed,977.66
O2799,U617,2025-08-23 03:47:15,Completed,785.26
O2800,U806,2026-02-23 18:03:31,Completed,523.6999999999999
O2801,U275,2025-10-20 11:41:38,Completed,654.54
O2802,U225,2025-04-19 21:44:08,Completed,1220.8400000000001
O2803,U990,2025-08-13 02:52:27,Completed,1147.01
O2804,U821,2026-03-08 01:37:26,Completed,469.52
O2805,U898,2025-10-04 06:38:18,Completed,398.5
O2806,U262,2025-05-27 04:07:36,Completed,1023.4599999999999
O2807,U956,2025-05-10 18:10:15,Completed,895.45
O2808,U393,2025-05-12 21:53:12,Completed,1660.55
O2809,U273,2026-02-16 18:27:25,Cancelled,789.01
O2810,U289,2025-09-26 11:08:53,Completed,420.32
O2811,U775,2025-05-09 16:07:38,Completed,329.1
O2812,U138,2025-05-25 03:25:49,Completed,2322.6
O2813,U425,2025-09-21 06:30:29,Completed,1252.3400000000001
O2814,U660,2025-10-12 17:36:16,Completed,592.66
O2815,U990,2025-10-13 15:55:13,Completed,1742.67
O2816,U557,2025-09-27 18:52:01,Completed,1341.46
O2817,U542,2025-08-05 02:30:04,Completed,990.48
O2818,U236,2025-09-23 16:15:13,Completed,502.78
O2819,U183,2025-04-12 13:36:49,Completed,784.91
O2820,U533,2025-07-21 03:43:21,Completed,544.23
O2821,U988,2026-01-30 23:54:49,Completed,1033.04
O2822,U369,2025-11-23 05:15:10,Completed,2807.27
O2823,U319,2026-02-24 23:21:37,Completed,589.5
O2824,U567,2025-05-12 00:26:43,Completed,1649.55
O2825,U608,2026-03-11 00:01:42,Completed,1372.8
O2826,U440,2025-07-25 23:38:12,Completed,472.91
O2827,U298,2025-08-06 02:35:38,Cancelled,1012.89
O2828,U244,2025-07-21 20:29:17,Completed,857.64
O2829,U62,2025-07-29 12:53:42,Completed,306.16
O2830,U119,2025-10-08 19:42:07,Completed,2895.95
O2831,U414,2025-05-28 07:36:08,Completed,150.17
O2832,U260,2025-09-16 09:41:50,Completed,2734.3799999999997
O2833,U352,2025-06-16 09:55:24,Completed,674.17
O2834,U760,2025-09-23 08:33:32,Completed,864.39
O2835,U389,2026-01-02 09:11:57,Completed,2101.8999999999996
O2836,U726,2025-06-22 18:07:01,Completed,187.02
O2837,U413,2025-04-01 23:19:22,Completed,1844.09
O2838,U790,2025-06-25 23:05:31,Completed,3338.88
O2839,U138,2025-05-20 04:59:20,Completed,1310.9899999999998
O2840,U660,2025-05-17 04:28:56,Completed,30.25
O2841,U76,2025-05-19 16:51:26,Completed,1373.09
O2842,U985,2026-02-18 04:37:20,Completed,210.16
O2843,U169,2025-06-15 21:46:54,Completed,2440.62
O2844,U917,2025-10-11 20:15:26,Completed,1198.91
O2845,U715,2025-12-10 02:52:03,Completed,1436.69
O2846,U839,2025-09-15 22:43:44,Cancelled,1819.4399999999998
O2847,U556,2025-12-10 07:31:11,Completed,842.0999999999999
O2848,U336,2025-08-16 14:13:55,Completed,34.28
O2849,U549,2025-11-29 00:05:09,Cancelled,2034.37
O2850,U701,2025-11-04 18:12:28,Completed,2822.09
O2851,U104,2026-02-22 04:38:49,Completed,821.14
O2852,U986,2026-03-03 13:39:06,Completed,576.9300000000001
O2853,U890,2025-11-09 22:25:29,Completed,576.26
O2854,U545,2025-08-15 00:04:33,Completed,629.68
O2855,U796,2025-05-08 13:41:43,Completed,1337.64
O2856,U98,2025-10-13 13:09:53,Cancelled,840.51
O2857,U13,2026-02-17 23:43:50,Completed,222.21
O2858,U746,2025-11-18 20:33:55,Completed,2130.24
O2859,U129,2025-03-28 02:41:00,Completed,1645.6299999999999
O2860,U803,2025-06-19 02:27:40,Completed,177.39
O2861,U120,2025-06-27 07:42:10,Completed,1215.62
O2862,U855,2025-07-23 06:55:41,Completed,689.72
O2863,U215,2025-09-23 00:07:17,Returned,1158.31
O2864,U645,2025-05-03 03:18:03,Completed,16.6
O2865,U399,2025-04-14 09:45:46,Completed,1200.68
O2866,U830,2025-08-18 11:57:20,Completed,649.97
O2867,U285,2026-01-18 16:51:53,Completed,327.27
O2868,U270,2025-06-22 03:25:17,Completed,913.69
O2869,U788,2025-03-29 11:46:20,Completed,1057.13
O2870,U89,2026-01-12 16:09:29,Completed,667.94
O2871,U924,2025-10-12 18:56:34,Cancelled,2671.0
O2872,U659,2026-02-10 07:23:39,Completed,576.26
O2873,U312,2026-02-20 14:09:10,Completed,737.5999999999999
O2874,U80,2025-12-27 21:17:43,Completed,2063.73
O2875,U220,2026-03-13 15:40:02,Completed,2991.29
O2876,U976,2025-08-07 03:08:05,Completed,2033.1799999999998
O2877,U347,2025-10-12 10:31:51,Returned,114.1
O2878,U907,2025-05-09 07:58:54,Cancelled,1447.92
O2879,U858,2025-06-01 07:41:54,Cancelled,1048.33
O2880,U453,2025-08-25 20:59:34,Completed,954.78
O2881,U855,2025-11-23 14:52:02,Completed,972.68
O2882,U711,2025-08-31 05:44:55,Completed,90.75
O2883,U471,2025-06-18 08:45:47,Completed,2191.55
O2884,U138,2026-01-17 15:40:34,Completed,1528.6399999999999
O2885,U142,2026-01-24 21:37:35,Completed,84.75
O2886,U824,2025-11-30 07:04:48,Completed,1770.19
O2887,U133,2025-08-08 08:40:21,Completed,1163.57
O2888,U798,2025-09-22 23:26:38,Completed,1146.52
O2889,U67,2026-02-10 17:14:34,Completed,3295.5
O2890,U338,2025-12-13 05:05:50,Completed,456.95
O2891,U595,2025-08-25 20:19:15,Completed,1768.15
O2892,U841,2026-02-13 22:58:20,Completed,829.47
O2893,U404,2025-04-27 06:29:28,Completed,431.67
O2894,U978,2025-11-24 10:23:48,Completed,585.03
O2895,U447,2026-02-05 15:31:47,Completed,1522.78
O2896,U731,2025-12-16 12:14:40,Completed,2028.08
O2897,U239,2025-07-29 01:22:47,Completed,123.94
O2898,U834,2025-07-17 17:02:03,Cancelled,844.94
O2899,U429,2025-03-22 12:24:01,Completed,2633.48
O2900,U137,2025-11-30 14:15:01,Completed,945.39
O2901,U306,2025-05-04 16:24:37,Completed,56.5
O2902,U936,2025-07-21 00:02:20,Cancelled,2144.77
O2903,U906,2025-06-04 05:11:53,Completed,2192.4
O2904,U196,2025-06-24 12:25:35,Completed,2178.3
O2905,U210,2025-12-01 10:08:49,Cancelled,990.48
O2906,U653,2025-06-10 12:25:47,Completed,165.71
O2907,U663,2026-01-17 12:35:38,Completed,300.34
O2908,U160,2025-12-25 20:51:31,Completed,2461.38
O2909,U782,2025-06-08 00:26:56,Completed,1266.18
O2910,U355,2025-04-25 07:14:21,Completed,124.78
O2911,U772,2025-11-18 19:50:01,Completed,795.22
O2912,U158,2025-10-28 07:39:59,Completed,2509.8500000000004
O2913,U160,2025-05-23 02:08:53,Completed,2090.27
O2914,U762,2025-07-01 14:00:12,Returned,398.5
O2915,U813,2025-08-25 02:42:58,Completed,2019.83
O2916,U442,2025-12-01 04:25:09,Cancelled,3187.89
O2917,U461,2025-08-23 09:44:08,Cancelled,2932.98
O2918,U325,2026-01-10 06:44:26,Completed,421.19
O2919,U682,2025-07-24 15:44:45,Returned,1155.79
O2920,U740,2025-08-28 23:54:19,Completed,1906.04
O2921,U597,2025-09-08 00:42:46,Completed,631.34
O2922,U707,2026-01-07 15:22:04,Returned,753.3
O2923,U717,2025-06-11 00:29:59,Completed,1362.62
O2924,U475,2025-05-06 19:41:32,Completed,327.27
O2925,U643,2025-04-06 12:24:22,Completed,390.02
O2926,U632,2025-11-22 19:17:14,Completed,1166.29
O2927,U978,2026-01-28 08:53:51,Completed,1407.94
O2928,U910,2026-01-06 11:10:12,Completed,2649.01
O2929,U923,2025-04-11 20:39:36,Completed,1315.46
O2930,U916,2025-10-06 09:04:37,Cancelled,46.38
O2931,U0,2026-01-02 20:33:59,Completed,2144.18
O2932,U640,2025-09-07 01:02:28,Completed,1765.94
O2933,U441,2025-10-12 14:26:21,Completed,2487.09
O2934,U926,2025-11-04 14:45:24,Completed,1942.18
O2935,U751,2026-02-06 18:44:27,Completed,1926.4199999999998
O2936,U978,2026-01-20 08:13:32,Completed,1486.9699999999998
O2937,U621,2025-04-17 13:39:42,Completed,1688.88
O2938,U986,2025-07-11 08:27:14,Completed,422.06
O2939,U447,2026-01-18 23:04:34,Cancelled,1852.97
O2940,U441,2025-07-27 19:46:21,Completed,608.4599999999999
O2941,U855,2025-05-30 00:44:45,Returned,1986.62
O2942,U880,2026-01-09 08:06:26,Cancelled,2516.24
O2943,U465,2026-02-17 07:09:21,Completed,1550.29
O2944,U891,2026-02-22 15:38:51,Completed,3089.91
O2945,U561,2025-12-17 15:59:59,Completed,1091.76
O2946,U4,2025-10-27 10:13:23,Completed,1311.92
O2947,U283,2025-05-15 10:16:14,Completed,455.2
O2948,U352,2026-01-18 21:55:40,Completed,1714.1000000000001
O2949,U203,2025-06-15 06:58:41,Completed,1481.13
O2950,U386,2025-05-01 02:05:12,Completed,605.03
O2951,U651,2025-04-23 01:31:51,Cancelled,590.81
O2952,U44,2025-12-03 11:27:20,Completed,686.62
O2953,U394,2025-03-17 18:15:13,Completed,547.84
O2954,U726,2026-01-08 14:13:16,Completed,1737.8600000000001
O2955,U222,2025-10-14 05:15:26,Completed,1248.08
O2956,U366,2025-03-20 00:29:26,Completed,459.24
O2957,U616,2025-08-18 02:07:41,Completed,728.54
O2958,U886,2025-07-19 02:27:17,Returned,1438.09
O2959,U726,2025-08-25 14:31:38,Completed,2511.37
O2960,U569,2025-08-09 01:36:25,Completed,797.68
O2961,U78,2025-04-13 00:46:39,Completed,1217.0900000000001
O2962,U592,2026-03-01 23:35:43,Completed,1563.0
O2963,U944,2025-03-30 17:49:33,Completed,1355.02
O2964,U161,2025-11-03 17:24:49,Completed,1454.94
O2965,U591,2025-11-30 21:26:45,Completed,2325.14
O2966,U170,2025-04-13 04:50:01,Completed,2771.82
O2967,U501,2025-06-20 20:38:21,Completed,856.6
O2968,U217,2025-11-28 06:43:46,Completed,1530.8
O2969,U665,2026-01-27 03:03:31,Cancelled,408.48
O2970,U584,2025-10-26 01:57:46,Completed,1084.61
O2971,U323,2026-01-01 17:20:25,Completed,1056.04
O2972,U184,2025-08-07 08:27:53,Completed,154.61
O2973,U353,2025-08-22 21:52:07,Cancelled,455.2
O2974,U668,2025-07-01 19:26:12,Completed,664.81
O2975,U487,2026-03-04 12:34:44,Completed,2381.4
O2976,U168,2025-04-30 02:56:16,Returned,1902.1499999999999
O2977,U204,2025-10-01 16:22:02,Completed,636.15
O2978,U558,2025-10-09 18:13:32,Completed,2299.08
O2979,U516,2025-03-24 20:19:46,Completed,645.92
O2980,U848,2025-08-03 08:51:40,Completed,1551.23
O2981,U261,2025-11-09 13:17:33,Completed,469.52
O2982,U467,2025-04-13 17:50:06,Completed,1271.16
O2983,U215,2025-09-30 00:11:22,Completed,1463.47
O2984,U898,2026-01-03 15:49:47,Completed,1659.15
O2985,U841,2025-05-20 09:21:28,Completed,968.8799999999999
O2986,U731,2025-08-23 20:02:51,Completed,17.14
O2987,U111,2025-08-17 16:15:30,Completed,2372.7200000000003
O2988,U508,2025-04-23 23:25:21,Completed,422.06
O2989,U644,2025-08-21 23:42:40,Completed,153.35999999999999
O2990,U270,2025-03-20 22:38:49,Completed,2952.2099999999996
O2991,U302,2025-11-15 23:45:57,Completed,329.1
O2992,U630,2025-07-29 18:49:44,Completed,845.3399999999999
O2993,U416,2025-05-31 01:41:49,Returned,2451.8999999999996
O2994,U617,2025-10-22 02:13:41,Completed,502.2
O2995,U810,2026-03-12 23:57:19,Completed,228.2
O2996,U815,2025-06-17 07:20:04,Completed,1470.8400000000001
O2997,U29,2025-04-30 04:29:46,Completed,358.8
O2998,U353,2025-04-20 00:13:43,Cancelled,959.18
O2999,U237,2025-08-30 13:11:10,Completed,919.19
O3000,U474,2025-03-17 23:36:22,Completed,488.83
O3001,U540,2025-08-07 19:03:26,Completed,459.24
O3002,U517,2025-03-27 03:25:27,Completed,1788.66
O3003,U373,2025-05-25 00:50:02,Completed,1869.4299999999998
O3004,U160,2025-12-16 00:14:28,Completed,243.54
O3005,U961,2025-10-05 12:21:11,Cancelled,1188.98
O3006,U542,2025-03-20 06:06:17,Completed,2335.6800000000003
O3007,U121,2025-04-15 05:19:45,Completed,783.03
O3008,U693,2025-12-18 07:40:54,Completed,625.81
O3009,U555,2025-09-10 10:15:48,Completed,1752.8899999999999
O3010,U621,2025-05-02 07:17:41,Completed,13.01
O3011,U167,2025-07-30 17:42:55,Completed,227.6
O3012,U605,2025-04-21 12:56:03,Completed,204.24
O3013,U268,2025-08-15 05:37:55,Completed,1373.0600000000002
O3014,U200,2025-09-30 12:52:02,Completed,437.53
O3015,U338,2025-04-22 21:41:29,Completed,1244.1000000000001
O3016,U44,2026-02-02 05:04:08,Completed,785.39
O3017,U932,2025-05-03 08:28:10,Completed,1450.5
O3018,U560,2025-07-27 12:06:19,Completed,1404.9900000000002
O3019,U145,2025-08-20 11:45:12,Completed,1641.84
O3020,U212,2025-05-15 16:19:29,Completed,830.9499999999999
O3021,U65,2026-01-25 09:42:10,Completed,1591.3
O3022,U128,2025-04-07 14:00:51,Completed,1841.25
O3023,U260,2025-05-09 20:37:21,Completed,807.21
O3024,U63,2025-08-13 19:26:08,Completed,92.64
O3025,U203,2025-10-21 15:51:07,Completed,408.48
O3026,U562,2025-03-16 16:27:54,Completed,2803.71
O3027,U252,2026-01-31 07:34:53,Completed,322.96
O3028,U317,2026-02-22 01:27:20,Completed,3556.12
O3029,U579,2025-11-26 03:12:37,Returned,1355.28
O3030,U105,2025-08-03 11:40:05,Cancelled,46.38
O3031,U955,2025-08-06 09:07:54,Completed,84.75
O3032,U735,2026-01-02 07:53:00,Cancelled,199.25
O3033,U461,2025-06-14 14:06:14,Cancelled,26.02
O3034,U34,2025-04-28 18:47:10,Completed,1272.83
O3035,U574,2025-09-12 23:35:52,Completed,1938.3
O3036,U271,2025-04-22 21:00:50,Completed,1897.7399999999998
O3037,U861,2026-02-16 13:28:38,Cancelled,1488.2500000000002
O3038,U661,2025-04-28 21:09:42,Completed,1875.83
O3039,U849,2025-04-15 09:38:54,Cancelled,30.25
O3040,U729,2025-09-12 21:28:11,Completed,196.5
O3041,U192,2026-01-03 14:37:11,Completed,1412.5
O3042,U269,2025-09-04 06:05:29,Cancelled,1515.72
O3043,U460,2025-05-12 19:07:28,Completed,1483.0299999999997
O3044,U832,2025-03-22 00:44:42,Cancelled,1507.8000000000002
O3045,U201,2025-07-02 01:38:22,Completed,3569.5600000000004
O3046,U84,2025-07-16 20:10:50,Completed,1699.8899999999999
O3047,U449,2025-09-04 16:25:32,Completed,1250.6399999999999
O3048,U218,2025-04-13 00:45:14,Completed,1658.0100000000002
O3049,U159,2025-07-08 23:54:39,Completed,227.6
O3050,U11,2025-06-15 07:00:39,Completed,726.42
O3051,U580,2025-03-22 10:16:07,Completed,949.79
O3052,U890,2025-05-26 20:26:57,Completed,904.8
O3053,U801,2025-07-02 19:47:59,Cancelled,735.4399999999999
O3054,U847,2025-07-18 20:52:29,Completed,3019.06
O3055,U941,2026-01-26 19:43:05,Completed,1422.71
O3056,U610,2025-04-10 18:02:06,Completed,164.27
O3057,U605,2025-05-25 11:27:46,Completed,878.4599999999999
O3058,U865,2025-11-27 05:04:47,Completed,294.65999999999997
O3059,U117,2025-07-18 06:32:37,Completed,1713.8300000000002
O3060,U661,2025-07-26 00:38:22,Completed,1368.31
O3061,U511,2025-07-30 14:57:49,Completed,1292.2
O3062,U15,2026-02-21 07:40:19,Completed,1092.81
O3063,U986,2025-07-11 16:53:50,Completed,1842.81
O3064,U392,2025-12-20 02:07:03,Completed,1238.67
O3065,U441,2025-04-29 23:25:11,Completed,1284.71
O3066,U696,2026-01-15 05:55:32,Completed,660.52
O3067,U237,2025-07-30 12:37:06,Completed,69.57000000000001
O3068,U926,2025-11-06 17:28:11,Completed,1893.4
O3069,U798,2025-08-04 15:54:08,Cancelled,90.75
O3070,U257,2025-07-27 05:46:54,Completed,2804.7799999999997
O3071,U333,2025-05-21 13:15:37,Completed,1659.28
O3072,U13,2025-09-20 08:41:58,Completed,212.26
O3073,U757,2025-04-18 11:43:16,Completed,639.9300000000001
O3074,U367,2025-03-20 01:51:40,Completed,1073.6
O3075,U6,2025-09-13 03:34:23,Completed,151.57
O3076,U899,2025-09-26 02:07:39,Completed,178.72
O3077,U558,2025-12-10 02:10:20,Completed,3164.54
O3078,U701,2025-10-01 21:07:16,Completed,968.8799999999999
O3079,U172,2026-03-05 17:12:03,Completed,1162.84
O3080,U644,2025-07-27 04:32:43,Completed,2654.53
O3081,U417,2025-03-27 14:40:24,Completed,2049.55
O3082,U538,2025-04-25 16:42:56,Cancelled,1513.62
O3083,U810,2025-11-19 22:10:17,Completed,2334.8599999999997
O3084,U571,2025-08-04 17:18:11,Completed,282.57
O3085,U467,2026-03-14 16:50:04,Cancelled,153.35999999999999
O3086,U577,2026-02-06 19:42:36,Completed,612.72
O3087,U907,2025-10-27 16:48:41,Completed,1541.2099999999998
O3088,U881,2025-09-12 21:40:03,Returned,1466.49
O3089,U727,2025-12-03 19:37:10,Completed,1266.18
O3090,U718,2025-04-01 04:23:46,Completed,488.38
O3091,U812,2025-08-24 03:19:12,Completed,1156.29
O3092,U63,2025-04-08 08:41:48,Completed,3277.7799999999997
O3093,U788,2025-11-17 07:19:27,Cancelled,1617.5700000000002
O3094,U659,2026-02-28 10:46:12,Completed,1772.3899999999999
O3095,U784,2025-04-03 08:33:51,Completed,1387.36
O3096,U710,2025-12-30 20:50:25,Completed,1137.02
O3097,U316,2025-10-27 04:47:06,Completed,821.14
O3098,U312,2025-09-10 19:09:48,Cancelled,1007.5900000000001
O3099,U831,2025-05-17 23:53:45,Completed,1749.47
O3100,U506,2025-04-16 12:22:57,Completed,1587.26
O3101,U875,2026-01-05 13:12:37,Completed,2315.56
O3102,U180,2025-06-11 19:22:33,Completed,80.88
O3103,U457,2025-09-19 06:52:19,Completed,315.67
O3104,U524,2025-07-09 19:05:45,Completed,1093.96
O3105,U894,2025-06-20 03:24:14,Cancelled,2848.04
O3106,U419,2025-05-05 13:05:00,Completed,2759.7200000000003
O3107,U935,2026-01-15 03:59:53,Completed,809.87
O3108,U318,2025-04-11 05:19:04,Completed,1125.4399999999998
O3109,U860,2025-07-07 11:09:36,Completed,1424.02
O3110,U900,2025-06-15 14:21:03,Completed,895.0799999999999
O3111,U402,2025-03-21 06:44:09,Cancelled,657.34
O3112,U194,2026-02-15 13:36:08,Completed,765.8299999999999
O3113,U272,2025-07-14 03:07:30,Completed,1301.1399999999999
O3114,U491,2025-07-23 04:03:40,Completed,2112.23
O3115,U93,2026-01-12 21:42:17,Completed,1484.45
O3116,U25,2025-06-22 14:40:31,Completed,1270.74
O3117,U782,2025-09-10 14:03:47,Completed,585.03
O3118,U272,2025-11-30 13:04:19,Completed,782.13
O3119,U861,2025-11-05 16:01:50,Completed,62.34
O3120,U108,2025-10-09 23:22:49,Completed,561.9200000000001
O3121,U684,2025-04-26 12:50:30,Cancelled,894.46
O3122,U226,2025-06-24 22:47:15,Completed,3347.9900000000002
O3123,U971,2025-05-21 18:51:29,Completed,210.16
O3124,U5,2025-10-03 19:46:34,Completed,521.85
O3125,U546,2026-01-28 05:27:01,Cancelled,2786.1
O3126,U329,2025-08-22 08:49:47,Cancelled,1889.2799999999997
O3127,U586,2025-11-07 20:47:17,Completed,1297.51
O3128,U427,2025-04-30 17:43:17,Completed,793.16
O3129,U227,2025-10-17 15:17:15,Completed,1869.22
O3130,U917,2025-06-03 12:21:29,Completed,1021.58
O3131,U2,2025-05-09 01:05:17,Completed,1266.18
O3132,U577,2025-12-04 21:26:42,Completed,993.23
O3133,U857,2025-09-19 03:48:07,Completed,1166.74
O3134,U706,2025-12-28 11:14:21,Completed,682.8
O3135,U131,2025-12-11 02:24:48,Completed,2669.87
O3136,U973,2025-10-28 20:45:32,Completed,205.58
O3137,U113,2025-05-20 17:52:13,Completed,944.57
O3138,U399,2025-04-21 12:27:56,Completed,3027.26
O3139,U871,2025-06-24 10:37:45,Completed,844.85
O3140,U193,2025-06-23 18:29:54,Completed,2205.06
O3141,U804,2026-02-17 14:44:26,Completed,1047.5
O3142,U23,2025-04-02 21:28:05,Cancelled,1287.85
O3143,U756,2025-06-25 20:08:19,Completed,1344.86
O3144,U713,2026-01-01 18:39:24,Completed,511.01
O3145,U412,2025-07-04 18:32:16,Completed,228.2
O3146,U897,2025-09-20 15:03:17,Completed,588.09
O3147,U117,2025-06-08 18:24:13,Completed,1208.3899999999999
O3148,U182,2025-03-30 14:10:27,Cancelled,2193.75
O3149,U472,2025-04-08 12:51:59,Completed,337.12
O3150,U193,2025-04-29 01:24:15,Completed,90.75
O3151,U498,2025-08-06 18:31:50,Completed,903.3800000000001
O3152,U150,2025-06-27 03:26:20,Completed,90.75
O3153,U775,2025-05-04 07:28:22,Completed,533.77
O3154,U116,2025-06-28 09:24:52,Completed,1231.71
O3155,U310,2025-09-27 03:30:50,Cancelled,192.31
O3156,U103,2025-08-09 16:54:01,Completed,1155.33
O3157,U886,2025-04-24 19:53:29,Completed,39.790000000000006
O3158,U288,2025-08-17 14:23:06,Completed,1949.25
O3159,U637,2025-03-16 23:36:02,Completed,585.03
O3160,U105,2025-04-19 21:00:44,Completed,978.8199999999999
O3161,U138,2025-06-26 20:57:28,Completed,915.78
O3162,U359,2026-03-03 22:17:15,Completed,243.54
O3163,U133,2025-05-05 14:09:32,Completed,329.31
O3164,U301,2025-03-22 06:40:42,Completed,932.7800000000001
O3165,U55,2025-03-30 08:23:36,Completed,23.19
O3166,U698,2025-12-17 18:27:43,Completed,114.1
O3167,U376,2025-04-10 20:41:48,Cancelled,576.26
O3168,U527,2025-06-07 22:53:45,Completed,981.81
O3169,U991,2025-04-11 05:36:46,Completed,331.42
O3170,U149,2025-11-09 10:06:50,Completed,1532.97
O3171,U145,2025-06-08 16:19:58,Completed,2026.23
O3172,U111,2026-01-08 12:39:49,Completed,1440.2400000000002
O3173,U545,2026-01-02 22:19:12,Completed,462.03999999999996
O3174,U59,2025-04-17 15:49:55,Completed,630.48
O3175,U163,2025-10-01 21:44:05,Completed,1947.94
O3176,U807,2026-02-18 07:31:15,Returned,2252.7
O3177,U350,2025-09-03 19:30:06,Returned,74.72
O3178,U15,2025-12-26 07:04:02,Completed,850.51
O3179,U758,2025-06-15 16:01:21,Completed,1518.59
O3180,U879,2026-02-28 18:19:40,Completed,451.39
O3181,U828,2025-04-05 04:31:23,Completed,2886.9500000000003
O3182,U706,2025-08-10 20:28:00,Completed,979.52
O3183,U111,2025-09-07 04:39:32,Completed,1874.8000000000002
O3184,U772,2025-07-18 13:00:57,Completed,947.01
O3185,U847,2025-04-27 23:53:07,Completed,747.7
O3186,U87,2026-02-19 12:33:44,Completed,1502.97
O3187,U51,2025-09-01 09:56:08,Completed,2431.5
O3188,U569,2025-04-22 18:52:49,Completed,1266.18
O3189,U326,2025-10-20 13:06:27,Completed,1056.65
O3190,U300,2025-09-09 04:38:41,Completed,1477.75
O3191,U4,2025-12-23 23:58:00,Completed,1648.23
O3192,U454,2025-08-31 01:36:05,Completed,1519.55
O3193,U678,2025-07-27 13:55:39,Cancelled,717.97
O3194,U176,2025-12-03 21:31:54,Completed,514.9200000000001
O3195,U349,2025-12-10 06:47:59,Completed,383.85
O3196,U172,2025-05-11 01:09:37,Completed,977.66
O3197,U62,2025-06-19 10:33:25,Completed,1286.46
O3198,U492,2026-01-28 15:48:27,Completed,428.82
O3199,U183,2026-01-25 07:36:34,Completed,1844.96
O3200,U957,2025-05-24 10:05:29,Completed,318.26
O3201,U314,2026-03-11 02:21:42,Completed,2145.8199999999997
O3202,U417,2026-02-01 08:02:39,Completed,968.8799999999999
O3203,U271,2025-08-21 22:45:23,Cancelled,2132.12
O3204,U506,2026-02-06 09:58:47,Returned,2159.06
O3205,U366,2026-03-05 20:31:37,Completed,2210.0699999999997
O3206,U637,2025-08-06 15:01:32,Completed,2771.33
O3207,U624,2025-10-26 23:28:48,Completed,1589.91
O3208,U12,2025-07-02 17:40:32,Completed,524.79
O3209,U621,2025-05-12 19:31:48,Completed,1310.95
O3210,U659,2025-03-23 23:09:05,Completed,2519.5899999999997
O3211,U19,2025-08-22 05:06:53,Completed,659.6899999999999
O3212,U11,2025-03-25 12:23:37,Completed,2227.98
O3213,U600,2025-04-20 23:22:13,Completed,1162.59
O3214,U516,2025-10-10 05:26:41,Completed,2019.48
O3215,U599,2026-01-01 06:04:08,Cancelled,1543.4799999999998
O3216,U983,2025-12-25 21:26:42,Completed,2132.3199999999997
O3217,U293,2025-07-02 23:39:56,Completed,631.34
O3218,U794,2025-03-27 03:09:45,Completed,1490.1599999999999
O3219,U148,2026-02-27 14:14:58,Completed,951.5
O3220,U580,2025-11-27 11:11:15,Completed,981.81
O3221,U966,2025-10-14 08:51:22,Returned,1975.56
O3222,U744,2025-08-17 16:21:42,Completed,1076.48
O3223,U734,2026-02-25 12:52:51,Completed,657.14
O3224,U485,2025-12-02 19:01:45,Completed,996.76
O3225,U173,2026-03-14 13:58:00,Completed,795.5799999999999
O3226,U845,2025-08-24 12:51:22,Completed,1553.24
O3227,U573,2026-02-12 12:47:58,Returned,925.95
O3228,U926,2025-09-29 14:20:42,Completed,442.8
O3229,U113,2025-03-19 23:09:16,Completed,2754.3199999999997
O3230,U138,2026-02-20 23:01:09,Completed,629.86
O3231,U956,2025-07-29 13:23:40,Completed,472.53999999999996
O3232,U415,2025-03-16 13:28:18,Completed,541.0
O3233,U613,2025-08-22 02:36:15,Completed,1707.56
O3234,U220,2025-11-24 22:26:14,Completed,2586.99
O3235,U383,2025-07-23 18:26:44,Completed,654.54
O3236,U858,2025-04-11 08:40:46,Completed,329.1
O3237,U578,2026-02-02 09:55:06,Completed,2038.3200000000002
O3238,U176,2025-08-11 19:09:41,Completed,1905.06
O3239,U282,2025-07-05 23:48:23,Returned,595.4
O3240,U971,2025-05-31 00:50:49,Completed,458.42
O3241,U148,2025-07-03 12:28:40,Completed,874.22
O3242,U551,2026-03-01 13:43:04,Completed,2569.6200000000003
O3243,U385,2026-03-04 11:36:47,Returned,1361.77
O3244,U822,2025-03-24 21:52:09,Completed,1689.86
O3245,U537,2025-04-03 15:06:26,Completed,1929.33
O3246,U49,2025-10-08 13:44:32,Completed,2093.74
O3247,U949,2025-05-30 07:37:15,Completed,585.03
O3248,U770,2025-06-10 12:41:04,Completed,1381.88
O3249,U979,2025-04-06 09:56:14,Completed,2770.75
O3250,U443,2025-03-18 00:00:35,Cancelled,2577.1099999999997
O3251,U640,2025-12-06 19:58:00,Completed,812.0
O3252,U830,2025-06-04 10:39:52,Completed,1672.1399999999999
O3253,U474,2025-10-29 04:48:54,Completed,754.4200000000001
O3254,U841,2026-01-18 05:41:12,Completed,2235.42
O3255,U629,2025-04-17 17:49:30,Completed,1485.72
O3256,U857,2025-03-16 17:46:05,Completed,2142.04
O3257,U969,2025-08-30 02:18:58,Completed,887.96
O3258,U503,2025-05-06 18:15:13,Completed,1639.1100000000001
O3259,U638,2025-11-28 10:05:37,Completed,2058.06
O3260,U389,2025-06-03 04:03:56,Completed,2135.99
O3261,U215,2025-12-08 19:11:35,Completed,45.74
O3262,U995,2025-07-04 13:22:21,Completed,3123.66
O3263,U521,2025-03-24 08:56:22,Completed,2064.29
O3264,U468,2025-06-02 04:24:50,Completed,33.2
O3265,U525,2025-11-28 09:06:06,Completed,251.1
O3266,U78,2026-02-24 11:30:35,Cancelled,2783.0699999999997
O3267,U175,2025-05-07 13:47:42,Completed,2280.94
O3268,U618,2025-05-06 08:33:18,Completed,637.67
O3269,U126,2025-04-17 12:51:57,Completed,2335.66
O3270,U63,2025-07-28 09:27:49,Completed,1189.8600000000001
O3271,U279,2025-09-23 01:45:36,Completed,3381.09
O3272,U100,2025-12-06 11:26:09,Completed,1295.3200000000002
O3273,U552,2026-01-26 15:01:16,Completed,1548.52
O3274,U453,2025-10-30 18:59:41,Completed,1318.6
O3275,U108,2025-08-26 13:19:37,Cancelled,1330.82
O3276,U589,2025-05-05 04:07:48,Completed,3259.2
O3277,U973,2025-03-30 03:28:33,Cancelled,1351.17
O3278,U351,2025-11-17 02:15:15,Completed,885.88
O3279,U219,2025-06-17 16:49:47,Completed,4262.85
O3280,U482,2025-04-05 11:28:50,Completed,3105.2
O3281,U690,2025-12-26 10:22:32,Completed,908.25
O3282,U682,2025-08-04 20:56:13,Completed,1783.52
O3283,U148,2025-09-25 10:46:39,Completed,450.51
O3284,U518,2025-05-16 04:12:50,Completed,857.32
O3285,U654,2025-08-13 00:09:29,Completed,747.6800000000001
O3286,U71,2025-07-21 12:51:44,Cancelled,972.13
O3287,U239,2026-02-10 11:12:32,Completed,1732.1
O3288,U891,2025-10-24 21:55:46,Cancelled,196.5
O3289,U696,2025-06-10 01:31:52,Completed,1346.48
O3290,U98,2025-06-04 08:30:34,Returned,938.64
O3291,U772,2025-09-21 11:25:17,Cancelled,67.28
O3292,U422,2025-12-27 01:54:48,Completed,2347.3599999999997
O3293,U402,2025-05-25 18:33:35,Cancelled,1355.28
O3294,U751,2026-02-24 02:15:13,Completed,1425.56
O3295,U744,2025-06-21 06:06:29,Completed,1197.52
O3296,U155,2025-05-20 19:56:56,Cancelled,595.2
O3297,U687,2025-04-16 08:56:29,Completed,1605.3999999999999
O3298,U380,2025-04-08 03:39:25,Cancelled,451.76
O3299,U178,2026-02-08 07:55:36,Completed,1666.4199999999998
O3300,U451,2025-08-17 03:44:29,Completed,219.69
O3301,U23,2025-04-16 00:03:07,Completed,1107.66
O3302,U637,2026-02-25 19:57:16,Completed,1885.95
O3303,U511,2025-04-22 06:29:07,Completed,1095.56
O3304,U696,2025-06-18 12:58:54,Completed,272.57
O3305,U822,2025-11-06 17:00:39,Completed,1967.79
O3306,U961,2025-08-19 13:09:21,Completed,1433.62
O3307,U568,2025-08-18 14:02:08,Completed,1514.99
O3308,U208,2025-10-11 18:44:13,Completed,502.2
O3309,U980,2025-11-05 09:15:58,Cancelled,1524.39
O3310,U963,2025-04-19 21:06:00,Completed,451.76
O3311,U992,2026-02-07 15:06:25,Completed,69.57000000000001
O3312,U805,2025-07-29 06:04:55,Completed,617.0699999999999
O3313,U981,2025-10-28 19:28:20,Completed,2196.02
O3314,U974,2025-09-03 19:57:02,Cancelled,1080.65
O3315,U688,2025-07-28 14:14:38,Cancelled,574.23
O3316,U127,2025-11-07 12:38:53,Returned,390.02
O3317,U886,2025-04-19 10:51:07,Cancelled,687.38
O3318,U822,2025-09-27 16:18:04,Completed,1013.32
O3319,U495,2025-04-20 19:48:51,Completed,913.66
O3320,U482,2025-09-02 22:58:11,Completed,660.56
O3321,U953,2025-09-12 03:15:01,Completed,3057.32
O3322,U395,2025-06-28 00:34:23,Completed,327.27
O3323,U673,2025-06-21 19:38:29,Completed,1920.4
O3324,U450,2025-04-28 06:16:44,Completed,1524.6200000000001
O3325,U742,2025-06-29 23:58:32,Completed,1248.55
O3326,U586,2026-03-10 18:30:47,Completed,238.10999999999999
O3327,U155,2025-05-06 05:31:53,Completed,2044.2000000000003
O3328,U266,2025-11-18 00:16:49,Completed,1056.6
O3329,U649,2025-07-10 12:12:41,Completed,455.2
O3330,U133,2025-09-28 18:21:45,Completed,1394.31
O3331,U809,2025-07-18 06:45:22,Completed,1957.1299999999999
O3332,U940,2026-03-14 05:53:16,Completed,1192.83
O3333,U124,2026-03-03 00:45:38,Completed,87.42
O3334,U953,2025-11-16 08:40:43,Completed,1410.2499999999998
O3335,U399,2026-01-12 01:51:24,Completed,551.99
O3336,U510,2025-03-30 22:21:15,Completed,1036.59
O3337,U305,2026-01-03 17:11:43,Completed,2198.9
O3338,U339,2025-04-26 03:21:13,Completed,658.2
O3339,U855,2025-09-09 14:25:13,Completed,16.6
O3340,U771,2025-09-12 13:37:59,Cancelled,153.08
O3341,U214,2025-11-23 14:43:55,Completed,938.56
O3342,U440,2025-07-25 01:09:01,Completed,1838.1999999999998
O3343,U610,2025-03-23 12:14:37,Completed,329.1
O3344,U222,2025-11-29 00:32:50,Completed,689.72
O3345,U633,2025-05-09 00:34:32,Completed,603.16
O3346,U741,2025-05-17 19:44:02,Completed,2261.71
O3347,U962,2026-02-16 23:01:30,Cancelled,451.05999999999995
O3348,U983,2025-11-20 00:29:33,Completed,285.71000000000004
O3349,U605,2025-12-17 10:20:09,Completed,1733.91
O3350,U25,2025-03-30 10:48:45,Completed,624.95
O3351,U620,2025-12-19 23:05:17,Completed,450.51
O3352,U418,2025-08-29 06:41:16,Completed,364.27
O3353,U404,2025-06-28 01:26:13,Completed,1814.8200000000002
O3354,U507,2025-08-28 10:23:28,Completed,2284.41
O3355,U78,2025-03-28 17:16:52,Completed,492.81000000000006
O3356,U793,2025-08-10 10:37:24,Completed,1673.9
O3357,U572,2025-10-22 02:18:10,Completed,1434.29
O3358,U636,2025-08-16 08:38:30,Completed,318.26
O3359,U585,2025-11-21 13:46:33,Completed,2041.3200000000002
O3360,U643,2025-07-06 23:04:53,Completed,492.81000000000006
O3361,U291,2025-08-28 23:24:08,Completed,2707.5
O3362,U414,2025-12-11 01:51:12,Completed,1479.22
O3363,U683,2025-10-24 19:57:22,Cancelled,153.35999999999999
O3364,U525,2025-10-01 06:42:48,Completed,624.54
O3365,U457,2026-03-10 03:15:33,Completed,1623.71
O3366,U902,2025-03-21 20:48:58,Completed,127.86
O3367,U546,2025-03-29 08:03:03,Completed,893.21
O3368,U210,2026-03-02 19:02:23,Completed,968.06
O3369,U752,2025-04-27 02:55:27,Completed,1168.88
O3370,U748,2025-10-29 05:21:48,Cancelled,1462.66
O3371,U371,2025-06-20 11:10:21,Completed,2027.96
O3372,U390,2025-06-19 04:07:08,Completed,1282.2300000000002
O3373,U639,2025-04-20 22:55:17,Cancelled,2392.83
O3374,U881,2025-10-03 00:53:10,Completed,2495.75
O3375,U834,2025-12-06 20:34:18,Completed,298.74
O3376,U69,2025-04-28 09:59:07,Completed,428.84
O3377,U146,2025-08-25 00:13:19,Completed,458.42
O3378,U802,2025-11-09 02:40:25,Completed,299.38
O3379,U219,2025-06-30 14:26:28,Completed,1157.8600000000001
O3380,U347,2025-04-09 23:11:13,Cancelled,981.81
O3381,U352,2025-08-26 19:55:42,Completed,2829.62
O3382,U498,2025-08-08 14:17:35,Completed,2110.18
O3383,U412,2025-03-18 17:30:48,Completed,459.24
O3384,U576,2025-08-14 04:24:29,Completed,46.38
O3385,U218,2026-03-03 17:06:47,Cancelled,687.63
O3386,U742,2025-10-09 00:20:07,Completed,1171.7400000000002
O3387,U956,2025-09-20 23:13:22,Completed,1976.1699999999998
O3388,U259,2026-02-04 03:51:58,Completed,428.82
O3389,U330,2026-01-04 08:09:26,Completed,595.4
O3390,U829,2025-11-17 06:40:30,Cancelled,137.22
O3391,U588,2026-03-09 14:18:36,Completed,192.31
O3392,U547,2025-07-22 11:46:01,Completed,857.64
O3393,U163,2025-04-22 19:14:50,Completed,1360.69
O3394,U674,2026-03-12 10:05:31,Completed,689.72
O3395,U720,2025-11-18 04:19:22,Completed,689.72
O3396,U26,2026-02-02 07:48:59,Completed,247.25
O3397,U513,2025-09-17 10:06:56,Completed,1790.57
O3398,U761,2025-04-13 17:40:56,Returned,1124.51
O3399,U802,2026-02-10 07:00:21,Completed,1545.87
O3400,U707,2025-05-12 12:43:33,Cancelled,844.12
O3401,U100,2025-06-28 14:36:21,Completed,185.91
O3402,U146,2025-11-17 05:04:54,Completed,1499.4199999999998
O3403,U605,2025-08-25 01:01:26,Completed,1031.24
O3404,U544,2026-01-31 16:42:39,Completed,102.24
O3405,U995,2025-08-04 02:09:13,Completed,981.81
O3406,U682,2025-09-25 22:35:36,Returned,2430.74
O3407,U108,2026-01-21 09:00:29,Completed,390.02
O3408,U813,2026-01-28 11:40:17,Completed,165.78
O3409,U56,2025-07-15 06:23:44,Completed,3128.26
O3410,U121,2025-11-12 19:40:05,Completed,1505.56
O3411,U944,2025-04-26 18:24:25,Completed,1440.7399999999998
O3412,U124,2025-12-23 07:42:25,Completed,2067.56
O3413,U473,2025-03-16 07:36:37,Completed,411.16
O3414,U435,2025-07-20 09:47:21,Completed,90.75
O3415,U810,2025-10-01 15:36:20,Completed,1472.7199999999998
O3416,U270,2025-08-10 18:22:52,Completed,1850.11
O3417,U776,2025-10-17 23:02:56,Completed,26.02
O3418,U399,2025-04-13 17:50:52,Completed,13.01
O3419,U238,2025-04-05 14:40:22,Completed,1651.4099999999999
O3420,U805,2025-11-07 14:36:57,Completed,1514.6999999999998
O3421,U120,2025-11-24 23:09:54,Completed,455.79999999999995
O3422,U298,2025-11-14 17:13:24,Returned,679.36
O3423,U671,2026-01-28 05:26:30,Completed,410.57
O3424,U106,2025-11-28 06:00:05,Completed,1460.35
O3425,U491,2025-10-19 07:24:16,Completed,2791.66
O3426,U949,2025-10-31 21:14:05,Completed,576.26
O3427,U900,2025-04-18 10:27:03,Completed,1982.6299999999999
O3428,U884,2025-07-08 00:42:36,Completed,1499.6
O3429,U209,2025-11-18 03:32:18,Completed,1068.63
O3430,U202,2025-11-23 01:19:58,Completed,1604.72
O3431,U513,2025-10-30 20:35:07,Completed,2548.41
O3432,U185,2025-12-06 16:51:36,Completed,1286.45
O3433,U619,2025-08-28 23:09:27,Cancelled,2866.63
O3434,U433,2025-08-03 19:58:17,Completed,1588.92
O3435,U633,2025-04-09 08:07:17,Completed,1459.31
O3436,U172,2025-11-09 18:45:12,Completed,80.88
O3437,U366,2025-08-07 21:30:32,Completed,364.27
O3438,U604,2025-08-01 16:19:21,Completed,595.4
O3439,U278,2025-07-23 14:30:57,Completed,1267.8600000000001
O3440,U323,2025-09-26 05:39:45,Completed,382.01
O3441,U443,2026-02-24 02:02:57,Completed,687.63
O3442,U968,2025-08-05 23:50:59,Completed,1376.04
O3443,U76,2026-01-31 16:21:02,Completed,1046.1799999999998
O3444,U862,2026-01-21 04:22:58,Completed,1441.87
O3445,U417,2026-03-12 15:48:44,Completed,527.52
O3446,U512,2025-08-09 22:47:52,Completed,844.12
O3447,U234,2026-02-26 01:59:37,Completed,841.15
O3448,U914,2025-09-19 05:41:00,Completed,431.28
O3449,U419,2026-03-11 11:52:23,Completed,30.25
O3450,U124,2025-12-11 22:18:36,Completed,3253.09
O3451,U850,2026-01-25 03:46:24,Completed,318.26
O3452,U359,2025-03-19 21:45:53,Cancelled,1927.8
O3453,U632,2025-10-25 13:30:29,Completed,2431.09
O3454,U858,2026-03-02 01:11:54,Completed,1705.44
O3455,U361,2025-07-01 06:36:35,Completed,1146.03
O3456,U152,2025-04-22 16:46:58,Completed,1426.1499999999999
O3457,U742,2025-09-28 00:17:19,Completed,1991.1999999999998
O3458,U441,2026-01-22 21:47:23,Completed,3529.9200000000005
O3459,U557,2025-08-30 02:44:07,Completed,334.42
O3460,U807,2025-04-13 02:25:15,Cancelled,1411.35
O3461,U78,2025-07-28 07:26:35,Completed,473.7
O3462,U192,2025-05-22 09:10:01,Completed,1508.5
O3463,U681,2026-01-02 08:39:13,Cancelled,847.16
O3464,U504,2026-02-06 05:28:02,Returned,2008.1200000000001
O3465,U293,2026-01-11 10:03:36,Completed,2732.39
O3466,U686,2025-04-04 16:25:26,Completed,45.74
O3467,U922,2026-01-09 09:25:35,Completed,2171.7799999999997
O3468,U84,2026-01-02 05:26:05,Completed,1424.1399999999999
O3469,U907,2025-11-01 09:12:32,Completed,1469.04
O3470,U238,2025-12-28 11:04:33,Completed,977.66
O3471,U885,2025-09-13 17:03:15,Completed,1972.78
O3472,U304,2025-04-13 05:18:54,Completed,1343.1599999999999
O3473,U981,2025-06-05 04:13:51,Completed,456.95
O3474,U913,2025-08-30 19:46:39,Cancelled,1654.6799999999998
O3475,U204,2026-02-04 07:37:57,Completed,3964.24
O3476,U725,2025-06-19 13:15:45,Completed,941.2
O3477,U523,2025-12-03 08:14:21,Completed,1023.4200000000001
O3478,U700,2025-11-01 12:49:29,Returned,2064.5
O3479,U613,2025-12-19 14:49:58,Completed,728.54
O3480,U884,2025-05-17 01:39:36,Completed,671.42
O3481,U733,2025-11-24 11:38:13,Completed,192.31
O3482,U183,2025-09-17 14:16:58,Completed,1927.2799999999997
O3483,U756,2026-01-31 10:53:01,Completed,338.86
O3484,U567,2025-04-15 17:25:12,Completed,205.58
O3485,U970,2026-01-04 05:48:04,Completed,2046.8
O3486,U758,2025-05-01 10:48:48,Completed,512.81
O3487,U49,2025-07-10 17:58:14,Completed,297.7
O3488,U523,2025-12-02 02:18:55,Completed,497.34000000000003
O3489,U496,2026-02-08 11:11:03,Completed,2397.04
O3490,U962,2025-11-26 16:49:32,Completed,1227.7199999999998
O3491,U419,2025-10-23 10:02:03,Completed,411.16
O3492,U819,2026-02-19 06:00:24,Completed,1843.91
O3493,U473,2025-09-10 16:41:27,Completed,90.75
O3494,U32,2026-02-08 20:23:33,Returned,1737.2199999999998
O3495,U590,2025-08-08 15:08:35,Completed,734.49
O3496,U112,2025-09-13 11:44:39,Completed,1320.12
O3497,U599,2025-10-23 02:25:50,Completed,1877.49
O3498,U259,2026-01-01 02:28:44,Completed,2119.54
O3499,U190,2025-12-18 06:30:24,Completed,458.42
O3500,U798,2025-09-02 22:31:36,Completed,494.81000000000006
O3501,U637,2026-01-09 13:39:45,Completed,2993.62
O3502,U977,2025-10-03 20:16:34,Completed,328.54
O3503,U633,2026-01-24 23:40:33,Cancelled,1427.17
O3504,U627,2025-05-21 00:29:24,Completed,1038.8
O3505,U628,2025-11-21 16:33:18,Completed,2369.9399999999996
O3506,U291,2026-03-12 23:49:51,Completed,1575.23
O3507,U333,2025-12-18 00:57:15,Completed,331.56
O3508,U467,2025-08-04 11:27:46,Completed,789.23
O3509,U76,2026-02-12 08:04:54,Completed,69.57000000000001
O3510,U780,2025-10-30 10:36:31,Completed,2693.41
O3511,U315,2025-05-03 16:06:03,Cancelled,593.4
O3512,U508,2025-11-03 07:28:36,Completed,1250.19
O3513,U534,2026-01-28 06:30:55,Completed,893.0999999999999
O3514,U996,2025-07-30 14:15:47,Completed,229.21
O3515,U322,2026-03-01 23:29:52,Completed,153.35999999999999
O3516,U5,2025-06-02 21:32:25,Completed,1405.79
O3517,U898,2025-04-07 19:57:23,Completed,2097.38
O3518,U365,2025-09-30 21:40:44,Completed,1968.9699999999998
O3519,U547,2025-04-18 17:25:18,Completed,1582.85
O3520,U77,2025-05-21 12:33:54,Completed,1978.62
O3521,U162,2026-02-12 23:44:00,Completed,1639.3400000000001
O3522,U651,2025-09-09 04:19:40,Completed,1193.9299999999998
O3523,U741,2025-11-08 08:11:23,Completed,2262.47
O3524,U686,2025-07-16 14:49:03,Completed,1286.52
O3525,U888,2025-10-01 22:34:05,Completed,1685.77
O3526,U155,2025-08-06 23:08:22,Completed,610.54
O3527,U90,2025-05-24 10:32:36,Completed,1830.76
O3528,U6,2025-03-17 02:01:56,Completed,825.35
O3529,U629,2025-06-04 13:56:00,Completed,2420.0299999999997
O3530,U492,2025-04-22 20:33:37,Completed,511.01
O3531,U770,2025-04-29 17:05:24,Completed,183.29
O3532,U533,2025-10-07 21:06:32,Completed,674.25
O3533,U155,2025-10-27 06:49:36,Completed,2695.0200000000004
O3534,U604,2025-05-03 01:40:49,Completed,51.12
O3535,U681,2025-11-08 17:51:55,Completed,1639.1
O3536,U722,2025-10-02 15:12:41,Completed,764.8199999999999
O3537,U82,2026-01-27 06:24:48,Returned,1475.6
O3538,U46,2025-12-03 09:16:27,Completed,492.81000000000006
O3539,U353,2025-10-30 14:21:47,Completed,409.6
O3540,U194,2025-04-03 14:37:02,Completed,34.28
O3541,U680,2025-07-21 20:52:10,Completed,795.07
O3542,U371,2025-12-11 16:04:28,Returned,1550.69
O3543,U612,2025-12-03 17:49:13,Completed,1286.46
O3544,U480,2025-07-21 11:08:54,Completed,1643.6799999999998
O3545,U133,2025-03-18 11:13:11,Completed,1829.35
O3546,U385,2025-09-28 18:41:24,Completed,1699.64
O3547,U293,2025-08-02 10:22:41,Completed,920.95
O3548,U15,2025-05-25 03:36:30,Returned,382.01
O3549,U978,2025-07-31 19:47:04,Cancelled,1598.3999999999999
O3550,U140,2025-06-23 05:23:01,Cancelled,1128.9
O3551,U14,2025-03-29 13:33:35,Completed,840.99
O3552,U880,2025-08-06 11:34:04,Completed,1266.12
O3553,U614,2025-04-13 12:32:39,Completed,1336.35
O3554,U957,2025-07-05 20:43:29,Completed,2753.3
O3555,U562,2025-09-23 14:20:30,Completed,624.22
O3556,U102,2026-01-12 07:15:30,Completed,1128.29
O3557,U499,2026-01-05 09:31:38,Completed,1009.0
O3558,U759,2025-10-03 06:50:09,Completed,70.69
O3559,U347,2025-11-21 18:40:26,Completed,391.92
O3560,U479,2025-10-11 15:37:25,Completed,277.92
O3561,U325,2025-07-29 08:32:34,Completed,369.38
O3562,U400,2025-08-19 11:24:47,Cancelled,1145.56
O3563,U21,2025-05-07 18:13:41,Completed,1374.3899999999999
O3564,U624,2025-11-23 02:57:07,Completed,1680.8799999999999
O3565,U956,2025-08-17 13:05:43,Completed,102.24
O3566,U637,2025-11-13 20:06:05,Completed,1092.81
O3567,U938,2025-10-03 00:03:47,Completed,318.26
O3568,U407,2025-04-14 21:38:43,Completed,459.24
O3569,U283,2026-01-04 12:37:28,Returned,967.94
O3570,U977,2026-03-07 23:48:21,Completed,1698.74
O3571,U205,2025-12-31 00:46:21,Cancelled,868.0400000000001
O3572,U764,2026-01-08 09:37:16,Completed,903.52
O3573,U936,2026-01-19 08:21:20,Cancelled,689.72
O3574,U25,2025-10-09 16:37:16,Completed,137.22
O3575,U511,2025-07-07 08:29:28,Completed,1282.14
O3576,U272,2026-02-03 21:36:09,Completed,935.5799999999999
O3577,U896,2025-09-18 02:34:30,Completed,839.65
O3578,U647,2026-03-10 14:22:25,Completed,1887.39
O3579,U442,2026-01-30 03:32:51,Cancelled,1400.85
O3580,U226,2026-02-22 00:10:38,Completed,2373.26
O3581,U946,2025-12-23 21:44:50,Completed,1195.5
O3582,U339,2025-06-25 05:52:13,Cancelled,277.92
O3583,U376,2026-02-14 20:03:40,Completed,1390.52
O3584,U59,2026-02-23 00:19:10,Cancelled,1192.83
O3585,U481,2025-09-08 19:52:30,Completed,393.0
O3586,U738,2025-05-20 19:22:56,Completed,988.0400000000001
O3587,U713,2025-08-01 09:22:19,Completed,434.93999999999994
O3588,U845,2025-03-21 03:15:13,Completed,2579.5699999999997
O3589,U136,2025-05-18 08:46:20,Completed,92.64
O3590,U780,2026-02-19 19:43:30,Cancelled,579.63
O3591,U160,2025-11-22 06:06:30,Completed,1261.15
O3592,U480,2026-02-10 19:23:03,Completed,619.1800000000001
O3593,U709,2025-11-09 19:54:12,Completed,382.01
O3594,U108,2026-01-03 08:49:41,Completed,1870.61
O3595,U267,2025-10-06 21:43:26,Completed,874.97
O3596,U559,2025-06-19 09:12:57,Completed,636.52
O3597,U414,2025-12-13 16:24:02,Completed,2815.35
O3598,U941,2026-03-03 15:18:31,Completed,1210.47
O3599,U71,2025-11-02 17:41:33,Completed,91.48
O3600,U703,2025-04-17 19:46:00,Completed,857.64
O3601,U149,2025-06-07 12:15:58,Completed,1375.32
O3602,U166,2025-06-11 17:35:00,Completed,495.24
O3603,U165,2025-05-24 02:09:50,Returned,1092.6799999999998
O3604,U610,2025-11-26 07:59:42,Cancelled,528.74
O3605,U284,2025-12-04 11:15:31,Completed,2945.13
O3606,U764,2026-01-17 05:00:39,Cancelled,1753.17
O3607,U261,2025-04-23 14:15:53,Cancelled,625.76
O3608,U435,2025-07-16 03:07:18,Completed,26.02
O3609,U351,2025-05-15 03:04:06,Completed,773.78
O3610,U364,2025-06-19 22:14:47,Completed,2130.18
O3611,U575,2025-03-30 23:24:52,Completed,450.51
O3612,U567,2025-05-15 17:38:05,Completed,1026.59
O3613,U523,2025-05-27 00:10:47,Completed,397.61
O3614,U465,2025-05-08 11:51:29,Cancelled,2034.12
O3615,U396,2025-06-06 20:34:00,Completed,318.95
O3616,U710,2025-12-17 14:54:14,Cancelled,251.1
O3617,U786,2026-02-13 19:47:35,Completed,1557.44
O3618,U795,2025-04-26 11:55:32,Completed,963.01
O3619,U989,2025-08-13 05:47:51,Completed,1741.72
O3620,U597,2025-03-29 09:53:04,Completed,381.55999999999995
O3621,U734,2025-07-06 21:21:41,Completed,665.66
O3622,U887,2025-05-30 09:38:22,Returned,229.21
O3623,U227,2025-09-05 06:23:55,Completed,745.44
O3624,U852,2025-06-01 20:32:09,Completed,1332.04
O3625,U711,2025-03-20 14:47:55,Completed,1653.48
O3626,U180,2026-01-20 11:37:03,Completed,917.5699999999999
O3627,U764,2026-03-04 10:16:37,Completed,3438.9000000000005
O3628,U914,2025-07-20 23:09:06,Cancelled,1368.89
O3629,U98,2025-07-07 08:46:01,Completed,2119.3
O3630,U908,2025-11-18 16:07:36,Completed,1000.79
O3631,U5,2026-02-17 11:24:03,Completed,1408.56
O3632,U469,2026-01-16 23:39:07,Cancelled,247.27999999999997
O3633,U125,2025-05-09 03:04:11,Completed,322.96
O3634,U383,2025-04-16 16:28:06,Completed,1286.52
O3635,U222,2025-06-15 22:26:53,Completed,930.44
O3636,U714,2026-03-05 02:13:00,Cancelled,1754.71
O3637,U141,2025-05-26 06:26:29,Cancelled,3139.83
O3638,U46,2025-09-09 23:05:12,Completed,1163.9
O3639,U236,2025-05-21 06:12:43,Completed,1906.02
O3640,U216,2025-04-30 19:16:06,Completed,328.54
O3641,U661,2025-12-03 14:16:16,Completed,911.0699999999999
O3642,U880,2025-12-09 01:59:29,Returned,600.68
O3643,U466,2025-04-18 00:45:55,Completed,1481.83
O3644,U943,2025-11-03 07:09:31,Completed,2068.66
O3645,U442,2025-06-06 17:55:20,Completed,2186.06
O3646,U391,2025-03-28 02:56:59,Completed,1185.35
O3647,U640,2025-05-31 12:08:29,Cancelled,850.22
O3648,U557,2025-07-27 17:23:38,Returned,1475.7
O3649,U28,2025-09-11 07:35:01,Completed,199.25
O3650,U172,2025-04-07 18:13:22,Completed,385.3
O3651,U318,2025-03-26 02:11:05,Cancelled,2281.57
O3652,U249,2025-12-21 07:17:56,Completed,2874.59
O3653,U728,2025-07-05 06:14:26,Completed,327.27
O3654,U646,2025-12-26 11:55:31,Completed,663.86
O3655,U903,2025-12-24 20:02:49,Completed,2219.08
O3656,U162,2025-03-22 06:22:50,Completed,2163.73
O3657,U214,2025-03-25 18:28:10,Completed,40.44
O3658,U1,2025-08-29 02:23:58,Completed,204.24
O3659,U308,2026-02-22 13:13:17,Completed,1017.75
O3660,U602,2025-12-02 14:19:05,Completed,1471.51
O3661,U583,2025-10-12 01:52:07,Completed,1100.8
O3662,U435,2025-07-06 06:00:57,Cancelled,205.58
O3663,U634,2025-07-08 08:57:21,Completed,229.21
O3664,U307,2025-05-29 19:28:46,Completed,1448.8000000000002
O3665,U933,2025-07-10 14:32:21,Completed,625.47
O3666,U301,2025-07-12 17:01:17,Completed,2600.45
O3667,U430,2025-10-02 18:45:33,Completed,1748.33
O3668,U680,2025-06-12 03:38:12,Completed,68.93
O3669,U789,2025-09-15 09:38:19,Completed,420.32
O3670,U704,2025-04-19 09:13:29,Completed,576.26
O3671,U920,2025-12-20 20:44:11,Returned,1320.74
O3672,U605,2025-05-10 06:56:23,Returned,1146.03
O3673,U404,2025-04-03 13:42:03,Completed,1519.07
O3674,U306,2025-12-29 09:44:18,Returned,2812.12
O3675,U734,2026-03-12 13:36:06,Completed,1192.83
O3676,U531,2025-09-06 18:02:44,Completed,123.94
O3677,U479,2025-06-25 22:10:46,Completed,344.86
O3678,U835,2026-01-28 12:15:42,Completed,86.71000000000001
O3679,U711,2026-02-24 19:13:10,Completed,387.04
O3680,U165,2025-12-17 20:24:24,Completed,793.39
O3681,U482,2025-10-07 02:02:55,Completed,157.14
O3682,U365,2026-02-27 00:22:09,Completed,61.97
O3683,U551,2025-06-14 22:52:28,Cancelled,424.49
O3684,U363,2025-08-14 18:12:01,Completed,1092.34
O3685,U927,2025-07-17 17:10:13,Completed,1920.49
O3686,U580,2026-03-07 23:11:03,Completed,2828.21
O3687,U872,2025-06-02 14:05:57,Completed,1689.23
O3688,U877,2025-09-17 19:14:31,Completed,1709.09
O3689,U415,2026-01-13 14:25:38,Completed,61.97
O3690,U512,2025-06-13 21:25:57,Completed,288.13
O3691,U25,2025-03-26 10:21:00,Completed,1469.3799999999999
O3692,U151,2025-04-03 21:10:44,Completed,884.73
O3693,U718,2025-10-18 11:53:23,Completed,1400.06
O3694,U298,2025-09-23 12:56:26,Completed,80.88
O3695,U809,2026-01-22 13:07:50,Completed,890.27
O3696,U734,2025-11-18 14:06:52,Completed,473.88
O3697,U101,2026-02-09 19:56:27,Completed,758.5799999999999
O3698,U144,2025-12-05 06:12:54,Completed,477.44
O3699,U524,2025-04-29 21:51:35,Completed,1251.79
O3700,U328,2025-12-30 05:46:50,Completed,1182.12
O3701,U392,2025-09-08 04:23:08,Completed,946.3000000000001
O3702,U782,2025-04-21 05:56:47,Returned,3163.9500000000003
O3703,U158,2025-10-30 18:17:11,Completed,972.4699999999999
O3704,U209,2025-03-24 17:11:14,Completed,2173.35
O3705,U474,2025-06-30 12:03:10,Completed,1011.38
O3706,U25,2026-02-23 10:28:13,Completed,1117.25
O3707,U852,2026-03-14 13:30:24,Completed,199.25
O3708,U178,2025-12-10 11:36:10,Completed,1385.04
O3709,U948,2025-08-23 15:17:45,Completed,879.42
O3710,U25,2025-04-18 05:23:26,Completed,1492.23
O3711,U89,2025-10-04 11:42:47,Completed,784.5
O3712,U822,2025-11-25 16:55:36,Completed,977.66
O3713,U639,2025-06-28 15:05:13,Completed,212.16
O3714,U236,2025-04-14 14:11:07,Completed,411.16
O3715,U760,2025-06-16 12:08:29,Completed,2225.59
O3716,U175,2025-07-30 15:36:09,Completed,3081.6099999999997
O3717,U507,2026-01-30 07:39:21,Completed,2377.74
O3718,U643,2026-02-17 00:54:17,Completed,297.7
O3719,U178,2025-08-17 05:17:20,Completed,735.8399999999999
O3720,U396,2025-06-08 13:06:01,Completed,1013.22
O3721,U27,2026-01-12 09:10:01,Completed,1004.64
O3722,U936,2025-03-27 12:22:28,Cancelled,1638.29
O3723,U143,2025-06-16 05:01:34,Completed,956.5999999999999
O3724,U492,2025-05-17 06:07:33,Completed,2024.19
O3725,U919,2025-09-05 19:26:12,Completed,243.54
O3726,U503,2025-12-17 22:50:33,Completed,92.64
O3727,U669,2026-01-05 13:24:12,Completed,90.75
O3728,U527,2025-08-01 03:40:42,Completed,1161.78
O3729,U21,2026-02-06 14:53:53,Completed,835.95
O3730,U210,2025-05-11 20:27:34,Completed,165.71
O3731,U86,2026-02-08 12:14:36,Completed,539.3000000000001
O3732,U361,2025-10-13 23:17:21,Completed,428.82
O3733,U451,2025-06-10 12:40:53,Completed,687.63
O3734,U414,2025-10-27 21:28:56,Returned,2439.7200000000003
O3735,U389,2025-10-15 12:56:25,Completed,1428.87
O3736,U857,2026-02-26 16:57:58,Returned,1074.45
O3737,U934,2025-08-01 05:38:56,Completed,1189.94
O3738,U6,2026-01-25 19:41:06,Returned,2506.06
O3739,U864,2025-04-17 08:18:10,Completed,2371.09
O3740,U973,2025-10-25 06:30:35,Completed,550.33
O3741,U282,2025-08-04 19:05:08,Cancelled,1459.77
O3742,U591,2026-02-18 03:47:12,Completed,164.27
O3743,U174,2025-03-31 19:13:36,Completed,364.27
O3744,U70,2026-03-05 05:28:20,Completed,1265.58
O3745,U784,2025-04-01 13:24:31,Completed,997.3199999999999
O3746,U186,2026-02-16 17:04:52,Completed,1385.37
O3747,U631,2025-08-17 18:00:45,Completed,1247.16
O3748,U289,2025-04-10 13:59:47,Completed,2961.96
O3749,U103,2025-05-13 21:11:16,Completed,1485.72
O3750,U981,2025-06-30 13:47:04,Completed,1368.68
O3751,U24,2025-03-31 12:15:15,Completed,966.2099999999999
O3752,U305,2025-06-14 22:50:45,Completed,111.77000000000001
O3753,U69,2025-06-29 07:34:26,Completed,1250.42
O3754,U723,2025-07-16 10:10:31,Completed,1462.6899999999998
O3755,U416,2026-03-09 10:01:37,Completed,1355.28
O3756,U353,2025-07-30 18:13:20,Completed,1532.1000000000001
O3757,U280,2025-11-19 03:24:37,Completed,773.78
O3758,U829,2026-01-09 09:34:23,Completed,1960.29
O3759,U490,2025-12-31 08:30:33,Completed,1147.71
O3760,U96,2025-08-23 20:29:40,Completed,1071.84
O3761,U531,2025-07-28 07:01:38,Cancelled,1337.16
O3762,U710,2025-09-08 01:54:23,Completed,1741.31
O3763,U421,2026-01-31 18:01:04,Completed,61.97
O3764,U472,2025-06-10 22:50:29,Completed,808.55
O3765,U707,2025-10-25 02:14:52,Completed,821.14
O3766,U143,2025-08-21 16:55:19,Cancelled,544.11
O3767,U174,2025-08-08 21:17:05,Completed,523.73
O3768,U232,2025-12-06 17:43:32,Completed,398.5
O3769,U532,2025-09-28 14:33:54,Completed,125.42999999999999
O3770,U305,2025-10-29 16:29:02,Completed,1293.91
O3771,U98,2025-09-26 14:46:24,Completed,3691.11
O3772,U557,2025-03-20 06:47:23,Completed,1777.37
O3773,U393,2025-04-23 18:44:18,Completed,2691.9900000000002
O3774,U88,2025-08-20 07:29:59,Completed,2335.43
O3775,U899,2025-04-02 02:30:20,Returned,459.24
O3776,U145,2026-01-14 11:31:37,Completed,1126.67
O3777,U488,2025-09-22 14:37:38,Returned,410.57
O3778,U194,2025-11-14 09:00:43,Cancelled,585.03
O3779,U223,2025-08-14 22:28:19,Completed,1202.22
O3780,U311,2025-03-30 05:47:03,Completed,870.1700000000001
O3781,U722,2026-03-09 16:40:06,Completed,488.83
O3782,U123,2025-05-09 23:42:18,Completed,1395.3
O3783,U984,2025-04-28 14:05:50,Completed,2536.9399999999996
O3784,U766,2025-11-05 23:11:58,Completed,840.74
O3785,U588,2025-09-14 06:02:22,Completed,227.6
O3786,U852,2025-07-18 20:50:51,Completed,1221.99
O3787,U493,2025-08-04 17:20:07,Completed,428.84
O3788,U499,2025-11-15 18:48:59,Completed,807.21
O3789,U598,2025-11-17 03:00:11,Completed,414.07
O3790,U612,2025-05-03 19:56:12,Completed,975.5
O3791,U257,2026-01-24 22:52:28,Returned,331.56
O3792,U901,2026-02-11 00:06:10,Completed,352.61
O3793,U906,2025-11-19 23:54:17,Completed,440.28999999999996
O3794,U216,2025-11-12 15:41:58,Completed,1034.58
O3795,U624,2025-12-25 17:59:01,Cancelled,923.3499999999999
O3796,U630,2025-03-23 13:43:22,Completed,231.66
O3797,U68,2025-10-06 23:44:49,Completed,204.24
O3798,U385,2025-03-28 04:03:39,Completed,165.78
O3799,U271,2025-05-18 11:08:30,Cancelled,698.74
O3800,U972,2025-05-18 21:01:52,Completed,2368.52
O3801,U317,2025-10-26 23:05:50,Completed,2013.96
O3802,U683,2026-03-06 03:20:16,Completed,965.86
O3803,U727,2026-02-03 02:19:08,Completed,1651.8000000000002
O3804,U188,2025-04-16 03:54:19,Completed,689.72
O3805,U640,2025-03-26 00:41:30,Completed,1841.98
O3806,U539,2025-09-22 04:57:55,Completed,342.29999999999995
O3807,U277,2025-07-18 22:25:52,Completed,62.22
O3808,U162,2026-02-20 16:13:20,Completed,1552.8899999999999
O3809,U827,2025-08-05 17:52:19,Completed,1160.67
O3810,U739,2025-10-15 17:10:28,Cancelled,990.48
O3811,U268,2026-01-15 07:06:13,Completed,597.75
O3812,U669,2025-07-20 22:35:37,Completed,492.81000000000006
O3813,U860,2026-02-15 09:02:53,Completed,3606.68
O3814,U30,2025-09-25 07:06:15,Returned,1696.67
O3815,U558,2025-03-19 02:54:19,Completed,651.55
O3816,U343,2025-12-02 16:36:56,Completed,1101.81
O3817,U205,2026-01-17 06:13:05,Completed,1127.83
O3818,U601,2026-03-03 22:15:52,Completed,1189.35
O3819,U776,2025-03-23 10:59:02,Completed,1493.17
O3820,U320,2025-08-11 00:05:22,Completed,1324.3500000000001
O3821,U72,2025-12-25 10:26:20,Completed,956.22
O3822,U382,2025-06-05 22:16:18,Completed,329.1
O3823,U567,2025-03-30 10:24:34,Completed,658.2
O3824,U670,2025-03-21 04:55:35,Completed,1654.02
O3825,U289,2025-07-09 07:33:37,Completed,906.0300000000001
O3826,U301,2025-06-18 10:19:08,Completed,1846.02
O3827,U580,2025-05-29 22:42:15,Cancelled,56.5
O3828,U835,2025-12-13 04:35:50,Completed,116.67
O3829,U766,2026-02-05 11:03:12,Completed,368.30999999999995
O3830,U632,2025-09-25 06:00:02,Completed,1151.5200000000002
O3831,U39,2026-02-15 22:24:51,Completed,1402.31
O3832,U558,2025-06-04 17:32:30,Completed,114.1
O3833,U820,2025-05-01 21:55:17,Completed,920.72
O3834,U809,2025-10-25 04:09:59,Completed,357.64
O3835,U622,2025-07-08 13:55:04,Completed,2151.94
O3836,U741,2025-12-06 10:46:04,Completed,1483.1699999999998
O3837,U541,2025-10-07 11:55:10,Completed,1257.3600000000001
O3838,U720,2025-11-08 15:29:42,Completed,1182.56
O3839,U294,2025-08-14 11:02:16,Completed,1563.22
O3840,U121,2026-01-15 09:44:19,Completed,1439.06
O3841,U153,2026-02-19 05:58:23,Cancelled,539.23
O3842,U754,2025-07-15 09:19:24,Cancelled,596.13
O3843,U626,2026-02-01 02:58:38,Completed,639.0
O3844,U42,2025-04-12 06:40:29,Completed,1151.8
O3845,U194,2026-01-27 06:54:22,Completed,1446.25
O3846,U330,2025-08-11 10:08:23,Completed,58.28
O3847,U840,2025-08-21 12:17:48,Completed,91.48
O3848,U724,2026-01-16 09:38:59,Completed,1544.1
O3849,U971,2026-01-21 20:49:17,Completed,1297.08
O3850,U722,2025-06-06 00:26:16,Completed,1376.65
O3851,U620,2025-10-21 17:13:12,Completed,469.52
O3852,U426,2026-02-07 20:39:43,Completed,2621.48
O3853,U819,2025-10-06 16:12:25,Completed,1549.44
O3854,U574,2025-11-07 06:03:33,Completed,1626.4199999999998
O3855,U808,2025-12-31 06:00:15,Completed,1283.12
O3856,U907,2025-07-03 04:39:37,Completed,2320.68
O3857,U990,2026-01-15 22:13:49,Completed,424.77
O3858,U947,2025-12-19 06:41:55,Completed,1085.24
O3859,U571,2025-11-14 08:50:17,Completed,1130.6
O3860,U22,2026-02-23 12:08:48,Completed,692.45
O3861,U305,2025-10-08 04:09:49,Completed,1266.18
O3862,U553,2025-12-06 10:43:21,Completed,1619.8300000000002
O3863,U151,2025-05-02 14:44:53,Completed,821.14
O3864,U831,2025-12-18 09:34:32,Completed,1439.2099999999998
O3865,U783,2025-07-27 16:49:15,Completed,397.61
O3866,U383,2025-03-31 22:04:50,Completed,1485.72
O3867,U660,2026-02-19 21:26:22,Completed,947.51
O3868,U630,2025-09-14 04:10:03,Completed,1538.9199999999998
O3869,U631,2025-05-09 19:09:17,Completed,930.8699999999999
O3870,U697,2025-10-07 02:36:04,Completed,1178.21
O3871,U456,2025-03-25 13:05:56,Completed,1415.2199999999998
O3872,U132,2026-02-19 06:03:01,Returned,1892.2199999999998
O3873,U836,2025-09-27 12:33:17,Completed,2439.5400000000004
O3874,U391,2025-06-30 19:06:16,Completed,1508.91
O3875,U55,2025-09-14 20:29:58,Completed,3446.8199999999997
O3876,U174,2025-09-04 16:42:07,Completed,1493.58
O3877,U472,2025-11-07 16:07:47,Completed,2594.34
O3878,U263,2025-12-11 02:15:58,Completed,1598.55
O3879,U347,2025-08-22 15:01:29,Completed,356.79
O3880,U865,2025-05-09 13:17:04,Completed,1358.8899999999999
O3881,U992,2025-07-28 11:32:15,Completed,2500.13
O3882,U852,2025-03-22 16:50:13,Cancelled,410.26
O3883,U936,2025-04-10 15:28:19,Completed,49.800000000000004
O3884,U476,2025-04-21 18:56:35,Completed,1421.0500000000002
O3885,U175,2025-11-02 10:47:59,Completed,788.5999999999999
O3886,U286,2026-02-17 18:08:17,Completed,987.3000000000001
O3887,U984,2025-09-07 00:21:39,Completed,973.1800000000001
O3888,U751,2025-11-05 11:13:28,Completed,2062.65
O3889,U39,2026-01-07 10:40:30,Completed,195.01
O3890,U998,2025-09-11 13:26:10,Completed,915.81
O3891,U162,2025-10-05 12:56:21,Completed,1235.1399999999999
O3892,U920,2026-02-08 21:30:06,Completed,971.49
O3893,U201,2025-09-11 02:37:32,Completed,1311.1299999999999
O3894,U113,2025-07-26 10:13:48,Completed,915.9
O3895,U18,2025-06-29 11:53:23,Completed,331.42
O3896,U219,2025-07-29 12:10:44,Completed,1098.79
O3897,U131,2025-08-21 23:15:33,Completed,1430.3200000000002
O3898,U143,2025-08-14 14:29:37,Returned,1236.08
O3899,U586,2025-08-01 17:49:50,Completed,363.52
O3900,U154,2025-05-25 07:17:00,Completed,1474.57
O3901,U894,2025-08-25 15:43:51,Completed,1150.9099999999999
O3902,U362,2025-03-19 18:34:06,Completed,1560.56
O3903,U482,2025-05-28 03:20:12,Completed,4230.33
O3904,U578,2026-01-23 05:33:43,Cancelled,1565.44
O3905,U546,2025-10-23 01:21:09,Completed,1526.16
O3906,U303,2025-12-05 21:40:42,Completed,3946.12
O3907,U728,2025-05-13 05:36:15,Completed,26.02
O3908,U925,2025-10-23 00:47:37,Completed,1427.37
O3909,U662,2026-03-15 08:07:42,Completed,80.88
O3910,U765,2026-02-17 00:35:34,Completed,297.7
O3911,U660,2025-04-14 06:39:12,Completed,1646.52
O3912,U407,2026-02-17 10:57:19,Cancelled,953.44
O3913,U980,2025-11-13 07:02:20,Completed,1597.29
O3914,U870,2025-07-02 12:45:13,Completed,2089.98
O3915,U673,2025-07-11 07:00:18,Completed,1198.4299999999998
O3916,U161,2026-01-18 19:06:54,Completed,2148.11
O3917,U353,2025-07-29 06:34:00,Completed,56.5
O3918,U933,2025-03-15 09:19:44,Completed,1326.3899999999999
O3919,U808,2025-07-14 11:26:39,Returned,921.51
O3920,U934,2025-05-21 18:56:09,Completed,759.8199999999999
O3921,U16,2025-10-30 12:19:44,Cancelled,90.24000000000001
O3922,U277,2025-07-11 02:49:55,Cancelled,17.14
O3923,U111,2025-10-01 02:29:26,Completed,1485.72
O3924,U621,2025-10-05 01:04:07,Completed,1355.28
O3925,U25,2025-10-24 03:00:40,Completed,2738.21
O3926,U57,2025-07-06 09:46:32,Cancelled,471.15999999999997
O3927,U669,2025-10-03 00:50:13,Completed,1286.52
O3928,U83,2025-07-03 11:30:40,Cancelled,2631.84
O3929,U282,2025-12-24 05:48:06,Cancelled,800.25
O3930,U790,2025-10-24 01:57:33,Returned,2628.46
O3931,U719,2025-05-04 05:41:23,Completed,1123.3899999999999
O3932,U761,2025-08-06 08:34:53,Completed,844.44
O3933,U259,2026-02-02 15:50:19,Completed,1876.02
O3934,U211,2025-09-27 23:16:46,Completed,1590.34
O3935,U127,2025-05-06 14:01:53,Completed,218.14
O3936,U526,2025-05-02 23:53:48,Completed,1556.74
O3937,U29,2026-01-19 12:38:53,Completed,1146.03
O3938,U559,2025-12-29 23:39:43,Completed,1725.69
O3939,U2,2025-06-05 04:08:41,Completed,1362.83
O3940,U110,2026-02-02 17:00:15,Completed,832.63
O3941,U764,2025-07-07 21:01:18,Completed,776.3199999999999
O3942,U44,2025-11-23 11:41:51,Completed,1020.92
O3943,U723,2025-04-21 04:35:57,Completed,554.5
O3944,U591,2025-08-19 09:06:26,Completed,4184.58
O3945,U633,2025-10-12 07:36:42,Completed,1618.72
O3946,U840,2025-08-21 10:47:46,Completed,1287.47
O3947,U380,2026-02-10 20:09:42,Completed,1589.64
O3948,U698,2025-07-13 17:34:49,Completed,327.27
O3949,U838,2025-09-23 17:49:31,Completed,1081.42
O3950,U112,2025-05-21 10:12:14,Completed,2230.7000000000003
O3951,U302,2025-04-10 19:04:41,Completed,1032.49
O3952,U644,2025-11-03 10:52:00,Completed,2221.25
O3953,U240,2025-08-23 07:50:18,Completed,2255.05
O3954,U148,2026-01-21 13:23:36,Completed,1355.98
O3955,U30,2025-05-23 11:58:23,Completed,966.0899999999999
O3956,U786,2025-06-03 17:05:13,Completed,1075.04
O3957,U266,2025-05-01 04:11:11,Completed,364.27
O3958,U983,2025-06-08 11:37:43,Cancelled,2036.3899999999999
O3959,U997,2025-04-12 22:20:25,Completed,689.65
O3960,U307,2026-03-10 17:19:54,Cancelled,1318.72
O3961,U823,2025-12-09 17:45:36,Cancelled,61.97
O3962,U478,2026-01-07 14:08:50,Completed,1948.44
O3963,U460,2025-03-25 17:25:01,Returned,497.13
O3964,U489,2026-02-04 05:42:03,Returned,978.9200000000001
O3965,U631,2025-08-09 08:45:35,Completed,306.16
O3966,U866,2025-12-05 02:26:10,Completed,802.82
O3967,U952,2025-04-29 06:31:48,Returned,153.35999999999999
O3968,U693,2026-02-25 06:24:14,Completed,514.38
O3969,U776,2025-06-15 19:43:40,Completed,137.22
O3970,U124,2025-09-02 17:47:51,Completed,344.86
O3971,U632,2025-07-24 04:18:27,Completed,1481.45
O3972,U857,2025-11-17 22:53:46,Completed,2382.1
O3973,U130,2025-06-30 17:36:40,Completed,1861.44
O3974,U765,2025-06-16 13:17:25,Completed,977.66
O3975,U330,2025-05-16 14:19:44,Completed,2115.38
O3976,U464,2025-12-17 06:49:56,Completed,3107.76
O3977,U230,2025-10-14 01:01:00,Completed,1706.78
O3978,U843,2025-05-01 01:25:44,Completed,1262.1000000000001
O3979,U680,2025-06-19 20:37:31,Completed,1903.62
O3980,U57,2025-04-03 12:49:02,Completed,2120.69
O3981,U679,2025-06-23 11:41:41,Returned,2171.49
O3982,U110,2025-10-06 00:42:59,Completed,933.57
O3983,U744,2025-09-07 15:01:43,Completed,3598.1
O3984,U983,2025-08-18 20:29:31,Completed,45.74
O3985,U712,2026-01-19 11:56:23,Completed,1986.8999999999999
O3986,U481,2025-07-31 19:35:41,Completed,1059.21
O3987,U425,2026-03-14 08:16:09,Completed,306.16
O3988,U446,2025-06-29 02:45:05,Completed,2300.2
O3989,U900,2025-03-27 02:29:41,Completed,2126.2
O3990,U716,2026-01-11 00:28:38,Completed,382.74
O3991,U633,2025-12-27 23:14:22,Completed,502.05
O3992,U328,2025-10-01 04:52:12,Completed,1113.22
O3993,U474,2025-07-20 12:39:22,Completed,384.62
O3994,U346,2025-10-11 04:08:18,Completed,165.78
O3995,U141,2025-12-21 15:19:45,Returned,1141.22
O3996,U314,2025-10-18 11:32:24,Completed,318.22
O3997,U46,2025-04-11 04:33:32,Completed,779.89
O3998,U208,2025-06-23 00:15:57,Completed,1188.38
O3999,U220,2025-05-04 07:53:46,Completed,777.82
O4000,U792,2026-02-14 15:06:32,Completed,49.800000000000004
O4001,U647,2025-04-27 05:05:58,Completed,150.17
O4002,U466,2025-07-06 01:47:06,Completed,487.08
O4003,U243,2026-01-25 10:40:43,Cancelled,34.28
O4004,U857,2025-09-28 01:52:24,Cancelled,771.94
O4005,U721,2025-10-03 06:52:01,Completed,13.01
O4006,U568,2025-04-05 11:22:14,Completed,1215.62
O4007,U671,2026-02-18 05:04:00,Completed,947.01
O4008,U972,2025-04-08 16:19:52,Completed,1278.61
O4009,U317,2025-11-14 04:14:44,Completed,1162.09
O4010,U68,2025-05-10 16:04:19,Completed,2310.55
O4011,U955,2025-07-12 07:27:43,Completed,410.57
O4012,U979,2025-03-26 07:32:25,Completed,229.21
O4013,U674,2026-01-13 10:44:04,Completed,1266.18
O4014,U298,2026-02-27 15:47:50,Completed,364.82
O4015,U576,2025-12-06 20:11:27,Completed,2113.76
O4016,U948,2026-02-05 18:27:28,Completed,2292.25
O4017,U450,2025-11-03 01:20:39,Completed,2256.7999999999997
O4018,U926,2025-09-09 02:41:51,Completed,988.73
O4019,U232,2025-08-19 16:23:56,Completed,2657.99
O4020,U566,2025-04-30 10:53:07,Completed,1821.4399999999998
O4021,U843,2025-06-17 19:30:11,Cancelled,2154.12
O4022,U630,2026-02-09 18:47:47,Completed,3729.6400000000003
O4023,U431,2026-03-01 11:28:16,Completed,1080.53
O4024,U257,2025-11-27 21:24:07,Completed,397.61
O4025,U331,2025-09-23 21:05:13,Completed,450.51
O4026,U745,2025-08-16 01:44:22,Returned,1060.56
O4027,U317,2025-04-03 22:27:34,Completed,1286.46
O4028,U594,2025-03-28 07:12:43,Cancelled,494.51
O4029,U903,2025-08-31 01:30:15,Completed,946.26
O4030,U470,2026-03-01 15:47:42,Completed,1832.1399999999999
O4031,U367,2025-09-07 19:03:03,Completed,2060.02
O4032,U193,2025-10-04 15:47:02,Completed,1071.5
O4033,U729,2025-09-10 09:34:51,Completed,1490.17
O4034,U214,2025-10-02 16:31:33,Returned,466.18
O4035,U928,2025-06-07 09:54:55,Completed,1107.96
O4036,U677,2025-07-09 04:41:50,Completed,185.91
O4037,U333,2025-07-13 13:54:40,Completed,597.75
O4038,U725,2025-12-24 13:26:38,Completed,2404.2000000000003
O4039,U355,2025-10-23 03:48:26,Completed,1266.18
O4040,U578,2025-03-29 01:31:22,Completed,1923.12
O4041,U224,2026-01-21 05:36:05,Completed,2023.34
O4042,U519,2025-10-13 06:58:57,Completed,594.11
O4043,U801,2025-07-21 06:42:32,Completed,2383.19
O4044,U148,2025-04-16 02:55:09,Cancelled,1266.18
O4045,U343,2025-07-19 00:27:40,Completed,1312.0
O4046,U893,2025-09-26 02:40:45,Completed,1163.87
O4047,U262,2026-01-05 16:56:58,Completed,2179.5
O4048,U768,2025-05-03 12:33:25,Cancelled,204.74
O4049,U717,2025-06-17 12:46:34,Completed,698.8399999999999
O4050,U992,2025-10-19 09:41:12,Completed,608.8399999999999
O4051,U7,2025-09-23 03:13:05,Completed,90.75
O4052,U866,2025-05-27 09:05:47,Completed,1192.83
O4053,U262,2025-07-17 19:07:03,Completed,342.29999999999995
O4054,U191,2026-01-06 16:09:06,Completed,2107.6800000000003
O4055,U131,2025-04-30 18:00:44,Completed,961.5500000000001
O4056,U656,2026-02-19 08:31:21,Completed,61.97
O4057,U296,2025-08-27 05:28:44,Completed,1820.82
O4058,U502,2025-10-10 15:04:32,Completed,639.59
O4059,U277,2025-03-25 04:06:28,Completed,328.28999999999996
O4060,U351,2025-12-07 16:23:19,Completed,34.28
O4061,U465,2025-06-27 09:01:36,Completed,947.01
O4062,U129,2025-12-24 03:44:32,Completed,60.5
O4063,U480,2025-05-19 06:26:20,Completed,1991.78
O4064,U110,2026-01-08 05:45:50,Completed,1459.91
O4065,U93,2025-11-11 02:42:30,Completed,970.77
O4066,U305,2025-12-03 10:37:32,Cancelled,393.0
O4067,U588,2025-07-28 13:25:40,Completed,1103.12
O4068,U741,2025-11-11 18:56:27,Completed,1015.31
O4069,U93,2025-12-29 09:47:24,Completed,868.52
O4070,U799,2025-04-24 20:55:32,Completed,262.48
O4071,U920,2026-01-19 00:11:12,Completed,1019.04
O4072,U105,2025-07-23 17:14:02,Completed,1177.84
O4073,U580,2025-09-07 16:55:17,Completed,1068.94
O4074,U266,2025-08-06 13:09:08,Returned,2332.68
O4075,U157,2026-02-23 08:22:17,Completed,364.27
O4076,U357,2025-05-22 15:13:42,Completed,3125.5299999999997
O4077,U802,2025-08-02 23:01:33,Completed,410.57
O4078,U625,2025-10-09 14:47:00,Completed,689.72
O4079,U132,2025-04-23 17:54:30,Completed,286.46000000000004
O4080,U475,2026-01-09 03:01:32,Completed,1757.13
O4081,U61,2025-09-05 04:07:04,Completed,2326.9700000000003
O4082,U508,2025-12-02 05:26:52,Completed,918.6
O4083,U889,2026-02-25 23:26:52,Completed,91.48
O4084,U56,2025-04-18 18:51:38,Completed,913.69
O4085,U994,2025-12-29 09:43:05,Completed,2519.61
O4086,U593,2025-04-14 09:21:32,Cancelled,2733.08
O4087,U596,2026-03-10 09:16:43,Completed,2100.56
O4088,U133,2025-08-14 14:56:21,Completed,2067.71
O4089,U741,2025-07-06 18:53:48,Completed,910.4200000000001
O4090,U329,2025-09-10 12:38:15,Completed,268.24
O4091,U694,2025-06-28 21:07:28,Completed,2062.41
O4092,U828,2025-07-11 14:55:15,Completed,1354.7800000000002
O4093,U539,2025-09-30 17:13:44,Cancelled,1072.25
O4094,U920,2025-11-30 11:38:37,Completed,1250.3799999999999
O4095,U402,2026-02-05 14:38:15,Completed,2168.43
O4096,U15,2026-01-13 11:38:36,Completed,1192.83
O4097,U403,2025-09-28 16:51:41,Completed,2582.21
O4098,U97,2026-03-04 19:42:21,Completed,994.75
O4099,U929,2025-06-06 04:01:39,Completed,458.42
O4100,U108,2025-06-17 15:04:38,Completed,1048.74
O4101,U418,2025-11-28 00:39:58,Completed,1261.15
O4102,U86,2025-06-07 05:20:58,Completed,1363.36
O4103,U617,2026-01-22 00:25:23,Completed,404.84
O4104,U835,2026-02-12 21:22:02,Completed,34.28
O4105,U769,2026-01-12 23:38:02,Completed,451.76
O4106,U278,2026-02-05 10:45:56,Completed,2553.3
O4107,U92,2025-10-06 12:30:29,Returned,1272.9
O4108,U730,2025-08-28 12:57:16,Completed,3841.68
O4109,U697,2025-08-17 08:57:20,Completed,1390.51
O4110,U988,2025-03-18 06:52:17,Completed,1133.1499999999999
O4111,U457,2025-11-10 06:08:27,Completed,1054.1799999999998
O4112,U369,2025-06-12 07:46:21,Completed,420.32
O4113,U231,2026-01-06 12:26:42,Completed,318.26
O4114,U176,2026-02-05 01:46:23,Completed,1542.22
O4115,U299,2026-02-20 12:02:10,Completed,574.84
O4116,U383,2025-07-18 13:11:58,Completed,488.83
O4117,U320,2026-01-12 23:33:18,Completed,500.31
O4118,U787,2025-03-24 04:15:39,Completed,978.45
O4119,U813,2025-07-15 21:19:25,Completed,764.02
O4120,U138,2026-02-09 15:16:15,Completed,1233.34
O4121,U823,2026-03-09 03:43:36,Completed,731.41
O4122,U111,2025-05-20 09:56:28,Completed,393.0
O4123,U697,2025-10-19 14:51:44,Completed,313.35
O4124,U454,2025-09-11 04:14:07,Cancelled,416.03999999999996
O4125,U212,2025-05-22 11:03:50,Cancelled,215.05
O4126,U265,2026-01-10 00:58:54,Completed,326.9
O4127,U271,2025-10-24 21:26:27,Completed,1201.22
O4128,U688,2025-12-10 22:16:19,Completed,16.6
O4129,U132,2025-05-21 13:34:08,Returned,1127.24
O4130,U954,2026-01-15 07:28:16,Completed,1122.0
O4131,U243,2025-07-08 01:32:01,Completed,557.25
O4132,U784,2025-06-24 21:43:49,Returned,575.5
O4133,U378,2025-09-28 08:13:17,Completed,631.65
O4134,U637,2025-12-16 07:18:04,Completed,331.56
O4135,U22,2025-03-28 10:24:51,Completed,532.48
O4136,U152,2025-10-16 03:14:27,Completed,137.22
O4137,U50,2026-01-11 10:08:47,Returned,597.48
O4138,U391,2025-04-29 19:37:57,Completed,68.25999999999999
O4139,U993,2025-07-15 23:30:25,Cancelled,1214.42
O4140,U340,2025-10-10 01:38:13,Completed,1920.6
O4141,U0,2025-06-08 07:54:17,Completed,2829.39
O4142,U954,2025-07-09 23:17:57,Cancelled,1325.9299999999998
O4143,U538,2025-05-30 12:46:42,Cancelled,1644.58
O4144,U403,2025-12-29 12:28:48,Completed,1190.88
O4145,U558,2025-04-08 14:33:45,Returned,753.3
O4146,U569,2025-11-01 00:22:12,Completed,1555.6399999999999
O4147,U986,2025-07-08 04:49:57,Cancelled,1135.31
O4148,U763,2025-09-15 07:14:53,Completed,51.12
O4149,U562,2025-07-31 20:47:55,Cancelled,30.25
O4150,U67,2025-04-01 14:47:18,Completed,1706.3200000000002
O4151,U964,2025-04-08 15:21:55,Completed,328.54
O4152,U196,2025-07-18 08:33:08,Cancelled,1111.24
O4153,U72,2025-08-24 14:47:27,Completed,487.08
O4154,U830,2025-06-11 14:13:27,Completed,937.5
O4155,U608,2025-10-18 19:20:26,Cancelled,1039.23
O4156,U592,2025-12-02 23:53:02,Completed,450.51
O4157,U533,2025-12-03 17:55:45,Completed,1160.67
O4158,U124,2025-05-20 07:26:55,Completed,1400.56
O4159,U776,2026-03-02 06:17:58,Completed,1404.62
O4160,U919,2025-03-27 08:31:05,Completed,1231.71
O4161,U187,2025-03-18 09:27:54,Completed,2301.66
O4162,U39,2025-10-11 07:13:07,Completed,3431.7599999999998
O4163,U74,2026-01-02 19:01:44,Completed,495.24
O4164,U974,2025-04-09 03:45:59,Completed,408.48
O4165,U950,2025-12-05 10:35:45,Completed,3651.2300000000005
O4166,U554,2025-06-25 01:55:53,Completed,1234.94
O4167,U265,2025-05-27 00:47:26,Completed,2217.35
O4168,U390,2025-05-10 22:31:08,Cancelled,2154.13
O4169,U654,2025-10-22 17:04:15,Completed,1920.72
O4170,U502,2025-06-29 04:55:15,Cancelled,252.42
O4171,U263,2025-09-09 05:05:03,Completed,2095.72
O4172,U864,2026-01-22 00:40:16,Completed,1684.8
O4173,U710,2025-06-27 01:48:41,Completed,654.42
O4174,U501,2026-01-18 01:18:28,Completed,3056.2999999999997
O4175,U793,2025-04-25 05:10:40,Completed,2001.29
O4176,U581,2026-01-20 10:21:22,Completed,1305.56
O4177,U559,2025-03-29 04:08:11,Completed,612.72
O4178,U115,2025-05-02 05:29:57,Completed,306.16
O4179,U211,2025-10-21 17:04:32,Completed,1855.2199999999998
O4180,U835,2025-09-07 09:05:31,Completed,1174.28
O4181,U48,2026-02-03 04:19:50,Completed,1482.2
O4182,U26,2025-10-30 07:52:29,Completed,801.1800000000001
O4183,U770,2026-02-05 00:28:38,Completed,1062.52
O4184,U169,2025-05-09 17:37:28,Returned,2325.0699999999997
O4185,U32,2026-02-10 04:11:29,Completed,751.74
O4186,U82,2025-03-22 14:12:58,Completed,668.3
O4187,U592,2025-12-31 15:23:00,Cancelled,2061.96
O4188,U508,2026-02-10 12:06:14,Completed,1147.09
O4189,U821,2025-10-15 02:13:41,Completed,802.75
O4190,U435,2025-05-04 01:23:08,Completed,1117.01
O4191,U180,2025-05-13 19:43:00,Completed,1272.19
O4192,U130,2025-08-15 03:06:58,Completed,33.2
O4193,U472,2026-03-09 22:05:03,Completed,1447.93
O4194,U659,2026-01-25 00:54:34,Completed,1388.7199999999998
O4195,U522,2025-07-05 19:21:56,Returned,669.52
O4196,U742,2025-11-09 00:27:46,Completed,432.48
O4197,U926,2025-11-25 00:50:31,Completed,26.02
O4198,U96,2025-09-29 13:12:02,Cancelled,996.81
O4199,U718,2025-07-16 18:50:11,Returned,495.24
O4200,U398,2025-07-10 20:24:49,Cancelled,192.31
O4201,U802,2025-07-22 17:23:31,Completed,2287.2
O4202,U435,2025-05-25 14:30:08,Completed,2634.9
O4203,U8,2025-05-18 00:38:07,Completed,1018.23
O4204,U741,2025-12-06 18:34:34,Completed,1679.94
O4205,U681,2025-10-06 06:20:18,Cancelled,1626.25
O4206,U301,2025-11-13 15:21:49,Completed,2248.82
O4207,U920,2025-07-06 01:10:01,Completed,469.28
O4208,U965,2026-01-04 12:59:26,Completed,1348.34
O4209,U407,2025-11-28 11:50:17,Completed,1464.12
O4210,U588,2025-03-20 11:46:49,Completed,1266.18
O4211,U618,2026-02-21 19:32:25,Completed,1451.04
O4212,U375,2025-11-26 12:15:55,Cancelled,243.54
O4213,U69,2025-04-01 02:09:14,Completed,1277.06
O4214,U400,2025-05-12 20:55:27,Completed,153.35999999999999
O4215,U627,2025-06-08 04:43:09,Cancelled,531.49
O4216,U46,2026-02-26 07:27:21,Returned,364.27
O4217,U91,2025-04-13 05:36:19,Completed,703.48
O4218,U939,2025-04-12 03:00:11,Completed,1774.44
O4219,U951,2025-12-13 15:59:41,Completed,1639.6999999999998
O4220,U657,2025-06-20 07:49:49,Completed,2501.66
O4221,U470,2025-11-27 14:54:10,Completed,981.81
O4222,U194,2025-09-06 01:35:06,Completed,637.58
O4223,U128,2026-01-26 03:07:30,Completed,2626.05
O4224,U924,2025-04-29 10:32:19,Completed,119.91
O4225,U598,2025-08-04 08:33:17,Completed,849.52
O4226,U43,2025-07-26 06:50:10,Completed,1129.62
O4227,U520,2025-12-20 07:52:28,Cancelled,45.74
O4228,U990,2026-02-08 22:34:55,Completed,123.94
O4229,U512,2025-09-24 06:14:46,Completed,1808.2899999999997
O4230,U752,2025-06-12 08:45:12,Completed,342.29999999999995
O4231,U736,2025-08-07 10:32:10,Completed,1461.86
O4232,U803,2025-06-19 10:18:43,Completed,356.75
O4233,U674,2025-11-27 23:59:33,Completed,1788.09
O4234,U436,2025-12-25 17:23:46,Completed,1379.16
O4235,U62,2025-08-04 03:27:01,Completed,444.73
O4236,U10,2026-01-13 13:35:45,Completed,1094.75
O4237,U291,2025-09-11 17:04:52,Completed,1823.3799999999999
O4238,U686,2025-08-06 11:09:03,Completed,947.01
O4239,U150,2025-11-21 09:33:30,Completed,1715.6100000000001
O4240,U134,2026-02-08 08:56:35,Completed,882.83
O4241,U733,2026-01-02 03:54:50,Completed,1230.08
O4242,U666,2025-07-15 13:18:19,Completed,1293.65
O4243,U485,2025-08-30 09:46:15,Completed,2039.9
O4244,U391,2025-03-17 23:21:26,Returned,521.13
O4245,U737,2025-04-03 03:15:02,Cancelled,1086.3899999999999
O4246,U241,2026-03-06 02:30:35,Completed,367.09000000000003
O4247,U665,2025-12-03 17:02:31,Completed,290.03
O4248,U807,2026-01-20 16:10:16,Completed,3016.9000000000005
O4249,U785,2025-07-26 06:15:23,Completed,487.08
O4250,U845,2025-03-16 15:01:29,Completed,1295.54
O4251,U297,2025-08-17 11:20:43,Completed,2839.37
O4252,U337,2026-02-12 00:02:45,Completed,687.63
O4253,U638,2025-12-26 12:28:42,Completed,1665.06
O4254,U610,2025-07-20 18:12:04,Completed,1544.6899999999998
O4255,U640,2025-10-09 16:35:50,Completed,290.3
O4256,U6,2026-01-23 20:14:38,Completed,192.52
O4257,U450,2025-06-15 18:37:36,Completed,1987.1
O4258,U90,2025-07-16 02:38:08,Completed,2381.91
O4259,U454,2025-06-13 05:44:08,Completed,3200.72
O4260,U204,2026-02-25 12:58:36,Completed,1829.8
O4261,U323,2026-02-15 15:51:47,Completed,243.54
O4262,U408,2025-11-12 09:08:16,Completed,1417.48
O4263,U922,2025-05-01 14:33:32,Completed,2148.44
O4264,U616,2025-09-30 19:51:45,Completed,857.19
O4265,U78,2026-03-03 00:46:11,Completed,1368.79
O4266,U884,2025-10-04 06:10:10,Completed,1583.19
O4267,U701,2026-01-18 22:26:54,Completed,903.52
O4268,U256,2025-12-10 19:15:56,Completed,1408.56
O4269,U707,2025-03-18 01:40:33,Completed,586.1
O4270,U900,2025-06-20 04:54:23,Returned,2602.8
O4271,U150,2025-12-15 13:24:49,Completed,1274.94
O4272,U84,2026-01-31 02:00:15,Completed,1972.6200000000001
O4273,U794,2025-08-06 14:17:15,Completed,91.48
O4274,U444,2025-12-17 08:43:59,Completed,414.75
O4275,U418,2025-11-14 06:33:18,Completed,722.1
O4276,U834,2025-11-23 16:34:14,Completed,910.13
O4277,U834,2025-04-05 22:44:09,Completed,631.34
O4278,U209,2025-08-14 09:43:10,Completed,56.5
O4279,U278,2025-11-02 09:33:18,Completed,331.42
O4280,U586,2025-04-29 10:58:44,Completed,2393.12
O4281,U118,2025-10-03 02:43:19,Completed,1583.4299999999998
O4282,U584,2025-05-20 13:10:22,Returned,1232.82
O4283,U614,2025-06-05 21:02:16,Completed,366.29999999999995
O4284,U725,2025-11-11 11:51:01,Completed,2559.3
O4285,U306,2025-10-27 13:51:11,Cancelled,1358.61
O4286,U286,2025-12-14 14:19:26,Completed,1286.5700000000002
O4287,U475,2025-03-26 01:19:37,Completed,2815.95
O4288,U37,2025-04-27 21:59:25,Completed,686.02
O4289,U294,2025-05-27 16:20:29,Completed,2349.7599999999998
O4290,U749,2025-03-17 19:07:49,Completed,318.26
O4291,U38,2025-12-31 12:52:52,Completed,2599.88
O4292,U575,2025-07-15 17:46:45,Completed,1565.9
O4293,U650,2026-02-26 18:49:14,Completed,60.5
O4294,U411,2025-06-22 17:55:31,Completed,497.13
O4295,U218,2025-10-14 13:15:00,Cancelled,92.64
O4296,U189,2025-12-02 05:15:01,Completed,84.3
O4297,U631,2025-07-29 06:09:29,Completed,513.94
O4298,U835,2025-08-31 12:47:43,Completed,331.56
O4299,U901,2026-01-21 07:32:34,Completed,893.0999999999999
O4300,U559,2025-06-24 17:13:42,Completed,1184.76
O4301,U908,2026-02-07 15:09:17,Completed,1645.41
O4302,U525,2026-01-11 07:41:22,Completed,2119.3
O4303,U683,2025-06-29 14:39:57,Cancelled,2079.14
O4304,U850,2025-08-16 17:54:05,Completed,1621.8200000000002
O4305,U124,2025-06-04 05:19:28,Completed,1749.55
O4306,U929,2025-11-01 07:50:50,Cancelled,2111.37
O4307,U62,2026-01-07 22:21:10,Completed,2220.46
O4308,U745,2025-10-30 05:37:17,Completed,864.39
O4309,U548,2025-05-09 03:02:47,Completed,705.66
O4310,U357,2026-02-20 09:35:42,Cancelled,2437.9700000000003
O4311,U689,2025-07-05 04:11:11,Completed,1023.4599999999999
O4312,U84,2025-05-22 01:11:00,Completed,459.6
O4313,U619,2025-05-24 03:50:41,Completed,2001.8400000000001
O4314,U560,2025-03-20 01:30:58,Cancelled,213.44
O4315,U720,2025-12-18 02:17:49,Completed,748.21
O4316,U910,2025-11-28 21:48:36,Completed,1279.51
O4317,U962,2025-07-07 11:41:44,Cancelled,1307.11
O4318,U945,2025-04-23 03:39:13,Completed,418.27
O4319,U907,2025-07-03 19:17:55,Cancelled,739.93
O4320,U659,2025-06-29 15:03:19,Completed,1106.16
O4321,U730,2025-06-02 10:31:39,Completed,2564.59
O4322,U621,2025-04-16 05:15:07,Completed,975.05
O4323,U758,2025-11-21 00:22:48,Completed,595.4
O4324,U719,2025-12-11 06:30:09,Completed,1214.51
O4325,U126,2026-02-26 03:23:09,Completed,17.14
O4326,U300,2025-10-10 03:33:54,Completed,2499.1099999999997
O4327,U503,2025-11-24 23:48:02,Cancelled,1007.81
O4328,U534,2025-07-21 01:06:14,Completed,2900.77
O4329,U463,2025-06-25 12:34:33,Completed,515.7
O4330,U574,2025-08-17 23:33:52,Cancelled,1172.28
O4331,U175,2026-01-23 12:13:28,Completed,1898.21
O4332,U206,2025-07-16 12:25:36,Cancelled,2393.6800000000003
O4333,U891,2025-08-22 18:49:41,Completed,1149.94
O4334,U778,2025-12-12 01:37:57,Completed,3689.3100000000004
O4335,U287,2025-08-09 10:51:37,Completed,1461.69
O4336,U383,2026-02-26 12:14:44,Completed,1054.19
O4337,U276,2025-05-30 22:30:16,Completed,1801.88
O4338,U53,2025-10-15 08:06:46,Completed,4170.58
O4339,U512,2025-09-01 12:29:23,Completed,670.8899999999999
O4340,U771,2025-06-04 20:26:37,Returned,1355.28
O4341,U349,2025-07-20 15:33:08,Completed,1085.33
O4342,U416,2025-07-09 08:00:20,Completed,2231.1800000000003
O4343,U42,2025-05-06 05:58:13,Completed,1441.3200000000002
O4344,U777,2025-05-29 02:32:51,Completed,472.53999999999996
O4345,U101,2025-05-03 03:45:00,Cancelled,616.74
O4346,U26,2025-09-01 03:27:23,Completed,1490.53
O4347,U265,2025-03-21 08:53:40,Completed,576.9300000000001
O4348,U268,2025-05-17 00:44:56,Completed,892.4200000000001
O4349,U849,2025-11-24 23:05:36,Completed,1291.08
O4350,U244,2026-01-22 04:44:18,Cancelled,1122.07
O4351,U496,2025-07-24 20:55:53,Completed,829.3799999999999
O4352,U501,2025-11-07 18:05:31,Completed,114.78
O4353,U423,2025-12-17 05:01:36,Completed,411.16
O4354,U719,2025-04-17 12:57:40,Completed,778.16
O4355,U303,2025-06-14 12:22:10,Completed,1540.54
O4356,U731,2025-07-20 23:39:20,Completed,754.54
O4357,U281,2026-02-11 02:24:24,Completed,1866.51
O4358,U127,2025-04-15 21:26:00,Completed,2688.04
O4359,U410,2026-02-17 06:35:14,Completed,428.82
O4360,U412,2025-06-11 03:01:31,Completed,1248.31
O4361,U526,2026-01-16 11:40:45,Completed,1698.74
O4362,U384,2025-12-27 19:31:33,Completed,2894.2799999999997
O4363,U12,2025-12-16 00:09:30,Cancelled,1214.0900000000001
O4364,U81,2025-04-08 03:52:38,Completed,1922.02
O4365,U581,2025-04-12 11:49:36,Completed,891.14
O4366,U370,2025-10-04 07:44:18,Completed,716.48
O4367,U351,2025-12-19 06:26:37,Completed,443.38000000000005
O4368,U665,2025-03-29 23:48:24,Completed,737.73
O4369,U832,2025-07-14 04:29:57,Cancelled,1439.3400000000001
O4370,U494,2025-10-03 20:41:38,Completed,572.46
O4371,U897,2025-12-18 20:40:01,Completed,2103.9600000000005
O4372,U39,2025-03-17 16:55:11,Completed,185.28
O4373,U960,2025-12-19 18:26:45,Completed,1836.37
O4374,U103,2025-04-19 05:31:41,Completed,497.5
O4375,U740,2025-03-31 21:59:13,Completed,1192.83
O4376,U516,2025-06-02 06:53:19,Completed,892.6000000000001
O4377,U242,2025-07-28 03:02:59,Completed,2113.35
O4378,U332,2025-08-23 11:02:11,Completed,1561.67
O4379,U940,2025-06-18 10:22:24,Completed,243.54
O4380,U868,2025-10-27 14:19:38,Completed,1273.54
O4381,U702,2025-07-12 06:37:28,Completed,205.58
O4382,U328,2025-04-22 23:47:29,Completed,1573.5499999999997
O4383,U287,2025-12-27 03:43:10,Completed,1750.82
O4384,U405,2025-09-07 23:23:16,Completed,2279.9700000000003
O4385,U201,2025-09-25 21:33:15,Completed,455.2
O4386,U314,2025-04-04 14:12:16,Completed,727.62
O4387,U989,2026-03-01 16:55:00,Cancelled,153.35999999999999
O4388,U11,2025-12-12 15:41:49,Returned,724.38
O4389,U148,2025-12-21 11:27:51,Completed,39.03
O4390,U153,2025-07-14 10:02:24,Completed,1670.1
O4391,U754,2026-02-24 00:10:43,Completed,2559.3
O4392,U980,2025-10-18 00:46:43,Completed,1570.12
O4393,U17,2025-11-29 00:57:12,Returned,1197.0
O4394,U797,2025-04-05 18:33:05,Completed,1034.58
O4395,U201,2025-11-13 22:02:49,Completed,1084.3600000000001
O4396,U654,2025-10-02 19:23:27,Completed,1011.56
O4397,U960,2025-03-24 06:24:57,Completed,1713.32
O4398,U228,2025-10-02 13:55:48,Completed,1354.0600000000002
O4399,U526,2025-12-13 21:56:47,Completed,196.5
O4400,U627,2025-08-15 01:44:02,Completed,84.75
O4401,U288,2025-12-08 15:57:01,Completed,204.24
O4402,U132,2025-10-16 04:19:06,Completed,30.25
O4403,U382,2025-06-25 11:48:23,Completed,1909.53
O4404,U861,2026-03-09 21:09:43,Completed,689.72
O4405,U750,2025-07-14 01:48:09,Completed,1260.47
O4406,U893,2025-09-06 21:09:17,Returned,1736.0
O4407,U446,2026-03-12 03:21:06,Completed,1474.79
O4408,U79,2025-06-02 04:34:06,Completed,141.38
O4409,U790,2025-09-18 21:14:51,Completed,895.0999999999999
O4410,U14,2025-04-25 15:17:42,Cancelled,199.25
O4411,U945,2025-12-23 11:32:20,Cancelled,918.23
O4412,U97,2025-08-09 16:22:25,Completed,1698.63
O4413,U434,2025-09-16 17:40:13,Completed,1485.72
O4414,U25,2025-03-16 16:31:40,Completed,2727.7700000000004
O4415,U864,2025-03-19 22:10:08,Completed,993.13
O4416,U269,2025-04-05 03:53:21,Cancelled,497.13
O4417,U679,2025-11-02 21:37:43,Completed,616.74
O4418,U421,2025-05-25 10:43:05,Completed,1986.07
O4419,U951,2025-11-10 07:32:48,Completed,1077.9
O4420,U943,2026-01-14 10:20:35,Completed,1160.67
O4421,U596,2025-06-19 20:53:58,Completed,277.92
O4422,U225,2025-11-01 06:02:20,Completed,979.8900000000001
O4423,U872,2025-12-15 20:21:50,Completed,1485.59
O4424,U771,2026-01-01 19:26:06,Completed,968.8799999999999
O4425,U799,2025-09-24 06:52:39,Completed,331.42
O4426,U399,2026-02-28 01:21:25,Completed,1359.36
O4427,U294,2025-12-10 09:50:22,Completed,2261.89
O4428,U944,2026-02-16 18:56:29,Completed,451.58
O4429,U16,2025-04-28 23:38:03,Completed,1191.3799999999999
O4430,U436,2026-02-18 22:06:45,Completed,469.52
O4431,U484,2025-11-07 02:55:33,Completed,1272.3
O4432,U894,2025-11-25 21:07:21,Completed,2536.92
O4433,U774,2025-11-05 12:20:58,Completed,123.94
O4434,U293,2025-04-04 04:54:38,Completed,648.46
O4435,U165,2025-12-18 12:42:55,Completed,682.9
O4436,U944,2026-01-21 09:57:03,Completed,560.77
O4437,U235,2025-07-10 22:08:42,Completed,422.06
O4438,U761,2025-08-13 06:53:31,Cancelled,178.19
O4439,U687,2026-02-13 20:38:52,Completed,1702.46
O4440,U592,2026-02-02 18:28:11,Completed,1715.21
O4441,U430,2025-11-13 14:21:03,Completed,742.58
O4442,U365,2025-09-08 20:08:42,Completed,586.33
O4443,U907,2025-03-23 02:05:04,Completed,1203.8
O4444,U318,2025-05-14 18:06:46,Completed,486.6
O4445,U534,2025-09-16 18:10:28,Completed,1593.84
O4446,U493,2025-03-25 15:29:38,Completed,300.34
O4447,U564,2026-03-11 21:57:50,Completed,1573.9099999999999
O4448,U906,2025-06-10 21:44:49,Completed,748.23
O4449,U238,2025-10-31 02:56:54,Completed,932.47
O4450,U249,2025-09-19 16:05:17,Completed,1048.74
O4451,U636,2025-10-14 03:01:54,Completed,4052.17
O4452,U955,2025-12-30 18:51:11,Completed,319.72999999999996
O4453,U738,2025-10-22 08:14:25,Completed,2321.04
O4454,U62,2026-03-05 03:03:51,Completed,1985.42
O4455,U583,2025-08-27 18:59:13,Completed,995.69
O4456,U280,2025-05-03 00:17:16,Completed,1149.49
O4457,U931,2025-07-19 06:56:21,Completed,1461.3400000000001
O4458,U739,2025-12-21 18:14:31,Completed,2745.1
O4459,U545,2025-05-18 06:08:34,Completed,1286.52
O4460,U255,2025-09-14 02:25:53,Completed,1127.04
O4461,U331,2026-03-03 20:21:56,Completed,2621.7799999999997
O4462,U627,2026-01-09 23:35:55,Completed,1618.8000000000002
O4463,U753,2025-12-20 14:53:26,Cancelled,344.86
O4464,U16,2026-01-18 03:33:12,Completed,616.74
O4465,U931,2025-06-25 05:21:31,Completed,471.74
O4466,U428,2025-09-17 01:29:18,Cancelled,1286.52
O4467,U293,2025-12-05 18:21:16,Completed,16.6
O4468,U525,2025-05-02 13:34:11,Completed,1166.03
O4469,U782,2025-04-28 03:07:18,Completed,26.02
O4470,U38,2025-04-12 09:42:23,Returned,1575.77
O4471,U175,2025-04-11 05:32:32,Completed,1216.34
O4472,U789,2025-04-01 21:37:15,Completed,680.4399999999999
O4473,U423,2025-06-01 21:45:26,Returned,1071.96
O4474,U198,2025-04-09 17:11:30,Completed,2194.83
O4475,U758,2025-04-22 23:40:02,Completed,794.99
O4476,U931,2025-08-31 17:18:47,Completed,541.84
O4477,U467,2025-10-17 03:44:29,Completed,23.19
O4478,U891,2025-09-02 12:34:56,Cancelled,1814.27
O4479,U954,2026-01-18 13:56:51,Returned,1563.0900000000001
O4480,U735,2025-06-03 16:53:36,Completed,1194.61
O4481,U731,2026-03-01 15:23:32,Completed,931.6800000000001
O4482,U129,2025-12-16 19:20:20,Completed,183.6
O4483,U920,2026-01-03 08:07:07,Completed,2300.41
O4484,U200,2026-02-24 05:39:34,Completed,780.62
O4485,U841,2025-11-01 14:42:10,Completed,1442.71
O4486,U937,2025-03-29 07:59:37,Completed,779.29
O4487,U171,2025-08-09 05:43:28,Completed,1017.04
O4488,U270,2026-01-18 22:02:51,Cancelled,91.56
O4489,U659,2025-12-06 02:11:18,Completed,932.1299999999999
O4490,U250,2025-09-14 22:50:04,Returned,1345.28
O4491,U458,2025-05-06 08:03:54,Cancelled,297.7
O4492,U855,2025-07-24 22:22:36,Completed,123.78
O4493,U247,2025-08-14 05:46:41,Completed,554.29
O4494,U744,2026-01-02 14:11:32,Cancelled,996.58
O4495,U841,2025-04-29 21:20:01,Completed,597.54
O4496,U897,2026-01-10 17:49:53,Cancelled,1474.42
O4497,U46,2025-04-12 05:12:55,Completed,1719.47
O4498,U154,2026-03-10 12:07:49,Completed,2081.74
O4499,U383,2026-02-25 15:08:38,Completed,161.76
O4500,U442,2025-08-13 15:57:06,Completed,1393.12
O4501,U444,2025-11-16 12:27:40,Completed,836.0
O4502,U338,2025-08-18 12:29:20,Completed,300.34
O4503,U369,2025-12-28 06:51:07,Completed,809.42
O4504,U430,2025-08-31 05:49:36,Cancelled,857.64
O4505,U341,2025-08-23 05:19:10,Completed,80.88
O4506,U166,2025-05-09 20:15:17,Completed,1232.84
O4507,U212,2026-01-31 03:40:18,Completed,384.62
O4508,U789,2025-08-15 22:53:55,Completed,1120.49
O4509,U385,2026-01-12 21:57:33,Cancelled,222.21
O4510,U156,2025-06-01 12:07:43,Completed,753.3
O4511,U947,2025-08-09 16:23:12,Completed,550.75
O4512,U151,2025-07-27 18:23:20,Completed,1620.34
O4513,U440,2025-08-30 22:24:22,Completed,1068.67
O4514,U586,2025-11-22 21:26:06,Completed,1561.16
O4515,U162,2026-01-02 23:38:50,Completed,2013.4099999999999
O4516,U944,2025-04-30 18:33:35,Completed,2255.55
O4517,U865,2025-11-02 07:10:29,Completed,966.47
O4518,U230,2025-09-29 03:56:40,Cancelled,1192.83
O4519,U795,2025-05-23 06:12:13,Completed,1436.9
O4520,U209,2025-05-27 18:27:47,Completed,1266.18
O4521,U259,2025-07-30 18:52:27,Completed,3493.3100000000004
O4522,U26,2025-07-06 10:36:42,Completed,3717.04
O4523,U441,2025-03-26 11:02:11,Completed,1506.1
O4524,U122,2025-07-13 18:13:31,Completed,2367.54
O4525,U208,2026-01-01 18:09:37,Completed,1114.8799999999999
O4526,U446,2025-05-03 01:44:13,Completed,1084.99
O4527,U261,2026-03-04 21:09:49,Completed,90.75
O4528,U83,2025-04-23 18:23:47,Completed,1701.12
O4529,U22,2025-06-04 14:02:50,Completed,821.8
O4530,U235,2025-08-03 04:25:53,Completed,1314.12
O4531,U706,2025-03-19 18:12:55,Completed,1286.46
O4532,U990,2026-03-07 20:33:44,Returned,410.57
O4533,U502,2025-11-13 00:12:53,Completed,1638.3899999999999
O4534,U61,2025-06-10 06:03:58,Completed,1476.37
O4535,U639,2025-05-25 19:24:32,Completed,2518.2
O4536,U773,2025-05-25 04:03:45,Completed,205.58
O4537,U106,2025-04-13 09:06:37,Completed,195.01
O4538,U171,2025-08-27 04:27:05,Completed,2209.9399999999996
O4539,U2,2025-08-31 01:24:09,Completed,2082.21
O4540,U867,2025-07-08 20:49:52,Completed,1346.3700000000001
O4541,U336,2025-05-01 02:33:58,Completed,1160.67
O4542,U293,2025-03-17 15:13:49,Cancelled,60.5
O4543,U465,2025-09-28 21:46:37,Completed,251.1
O4544,U593,2025-07-21 04:03:21,Completed,593.59
O4545,U421,2025-06-01 16:26:08,Completed,1514.82
O4546,U908,2025-12-13 09:15:43,Completed,1514.8600000000001
O4547,U905,2025-03-21 04:19:06,Completed,887.24
O4548,U785,2025-12-24 15:20:46,Completed,1025.04
O4549,U597,2025-10-04 00:31:18,Completed,331.42
O4550,U587,2025-08-31 07:46:17,Completed,2132.11
O4551,U722,2025-06-25 04:32:43,Completed,1778.31
O4552,U703,2025-07-02 23:01:17,Completed,574.0699999999999
O4553,U885,2025-07-31 21:19:51,Returned,867.4
O4554,U769,2026-01-14 22:21:12,Completed,589.02
O4555,U741,2026-02-27 05:15:53,Completed,658.2
O4556,U487,2025-09-26 03:18:37,Completed,852.48
O4557,U634,2025-08-30 07:45:58,Cancelled,2904.4700000000003
O4558,U838,2025-05-12 03:46:18,Completed,1574.5900000000001
O4559,U952,2025-06-10 00:21:33,Cancelled,1140.44
O4560,U372,2025-09-26 05:26:13,Completed,1049.43
O4561,U343,2025-08-23 11:02:24,Completed,1244.99
O4562,U465,2025-06-01 18:38:12,Completed,901.1800000000001
O4563,U641,2026-02-26 07:58:26,Completed,1514.2099999999998
O4564,U302,2025-12-13 00:08:43,Completed,26.02
O4565,U573,2025-05-14 01:48:53,Completed,663.84
O4566,U577,2025-04-13 12:40:27,Completed,1485.72
O4567,U588,2025-10-14 21:26:52,Completed,1266.18
O4568,U525,2026-01-18 01:13:16,Completed,1819.16
O4569,U295,2025-10-07 14:31:48,Completed,1303.31
O4570,U986,2025-11-26 16:37:56,Returned,534.05
O4571,U35,2025-05-14 05:07:49,Completed,26.02
O4572,U796,2026-02-23 16:04:08,Cancelled,2731.59
O4573,U546,2025-07-20 19:15:01,Completed,2241.31
O4574,U60,2025-11-02 14:27:50,Completed,1231.71
O4575,U836,2025-06-25 21:39:55,Completed,487.08
O4576,U788,2025-09-28 11:01:01,Completed,553.63
O4577,U217,2025-07-11 22:29:24,Completed,91.48
O4578,U972,2025-12-05 15:57:23,Completed,165.78
O4579,U402,2025-07-08 09:38:06,Completed,1488.37
O4580,U387,2025-07-16 04:16:43,Completed,2700.8400000000006
O4581,U639,2025-11-18 14:57:38,Completed,1192.4099999999999
O4582,U397,2026-01-10 14:26:20,Completed,331.42
O4583,U483,2025-09-08 18:09:14,Returned,1298.77
O4584,U809,2025-09-30 21:45:22,Completed,595.4
O4585,U721,2026-03-08 14:25:43,Completed,1936.23
O4586,U847,2025-09-24 01:53:41,Completed,990.48
O4587,U533,2026-01-17 16:03:13,Completed,1956.1799999999998
O4588,U527,2025-10-13 07:49:48,Cancelled,947.01
O4589,U488,2025-03-17 06:44:47,Completed,318.26
O4590,U128,2025-09-05 19:36:53,Completed,1266.18
O4591,U82,2025-08-12 09:54:05,Completed,2640.9900000000002
O4592,U931,2025-11-06 20:14:10,Completed,947.01
O4593,U841,2026-02-25 03:20:30,Completed,329.1
O4594,U835,2025-04-21 00:31:04,Completed,2999.85
O4595,U282,2026-02-04 08:28:25,Completed,433.43
O4596,U961,2026-01-20 00:14:13,Completed,1238.75
O4597,U430,2026-03-08 19:53:38,Completed,597.75
O4598,U792,2025-11-21 19:43:08,Completed,243.54
O4599,U642,2025-06-26 21:00:19,Returned,1910.92
O4600,U737,2026-03-08 17:11:05,Completed,3066.0
O4601,U120,2025-10-08 23:51:32,Completed,2034.27
O4602,U237,2025-10-11 21:37:25,Completed,306.16
O4603,U626,2025-11-06 10:49:50,Completed,1966.33
O4604,U663,2025-06-14 02:02:06,Completed,1072.5
O4605,U762,2026-01-10 10:35:29,Completed,45.74
O4606,U851,2025-12-20 08:41:27,Completed,1446.03
O4607,U623,2025-05-09 10:37:20,Completed,1355.28
O4608,U36,2025-10-25 03:49:54,Cancelled,268.24
O4609,U380,2025-03-23 00:03:34,Completed,223.82999999999998
O4610,U575,2025-11-26 17:42:55,Completed,1275.04
O4611,U789,2026-02-03 11:54:26,Cancelled,687.0200000000001
O4612,U913,2025-05-22 21:11:14,Cancelled,421.52
O4613,U240,2025-05-27 17:39:14,Completed,1859.8700000000001
O4614,U463,2025-04-13 05:52:35,Cancelled,764.02
O4615,U211,2025-08-18 08:25:57,Completed,2139.97
O4616,U197,2025-03-20 17:29:38,Cancelled,922.9300000000001
O4617,U935,2025-05-02 17:55:13,Completed,532.47
O4618,U175,2025-12-07 16:09:59,Completed,1987.3899999999999
O4619,U923,2026-02-08 07:48:10,Completed,1612.79
O4620,U39,2026-01-30 13:05:50,Returned,741.96
O4621,U755,2025-05-04 15:12:15,Returned,408.48
O4622,U797,2025-05-29 01:14:49,Completed,645.92
O4623,U468,2025-08-03 17:44:47,Completed,809.05
O4624,U731,2026-02-01 07:52:24,Completed,300.34
O4625,U998,2026-03-01 12:12:26,Completed,2749.27
O4626,U159,2025-10-31 15:48:14,Completed,2293.12
O4627,U53,2026-02-28 11:46:24,Completed,300.34
O4628,U675,2025-06-15 22:51:13,Completed,364.27
O4629,U590,2025-11-22 22:37:28,Cancelled,764.02
O4630,U969,2025-09-27 21:05:08,Completed,488.83
O4631,U18,2026-01-22 16:44:28,Completed,170.49
O4632,U560,2025-09-03 00:59:32,Completed,534.6899999999999
O4633,U150,2025-04-07 17:42:03,Returned,541.85
O4634,U563,2026-03-07 02:03:05,Completed,3063.21
O4635,U43,2025-06-12 04:30:48,Completed,1521.9099999999999
O4636,U329,2025-09-10 00:43:18,Completed,1682.1100000000001
O4637,U687,2026-02-25 16:15:24,Completed,1060.5900000000001
O4638,U103,2025-07-21 03:36:49,Completed,764.02
O4639,U886,2025-09-12 07:50:23,Cancelled,1156.07
O4640,U482,2025-07-14 17:32:27,Cancelled,3403.41
O4641,U325,2025-05-11 22:18:39,Completed,745.92
O4642,U614,2025-05-03 18:40:35,Cancelled,153.08
O4643,U955,2025-04-22 18:06:46,Completed,1423.3799999999999
O4644,U722,2025-10-26 03:09:52,Completed,962.76
O4645,U720,2025-07-06 19:47:55,Completed,1408.56
O4646,U860,2026-01-31 16:48:37,Completed,342.29999999999995
O4647,U159,2026-03-08 12:08:43,Completed,185.28
O4648,U734,2025-07-04 22:02:55,Completed,150.17
O4649,U272,2026-01-19 06:38:42,Completed,1175.18
O4650,U753,2026-01-17 07:57:19,Cancelled,1726.43
O4651,U910,2026-01-09 22:44:05,Completed,941.2
O4652,U34,2025-04-17 03:53:00,Completed,967.84
O4653,U204,2025-09-15 17:20:39,Completed,728.54
O4654,U290,2025-05-08 17:05:25,Completed,2702.3
O4655,U991,2025-11-13 05:09:13,Completed,764.02
O4656,U707,2025-08-19 07:53:06,Completed,1694.2700000000002
O4657,U598,2025-11-02 06:38:34,Completed,501.58000000000004
O4658,U50,2025-10-12 08:19:11,Completed,2554.63
O4659,U955,2025-10-27 04:34:34,Completed,903.52
O4660,U886,2025-12-27 06:39:44,Completed,153.08
O4661,U235,2025-04-20 15:12:48,Cancelled,1056.8799999999999
O4662,U630,2025-05-11 18:19:29,Completed,2710.84
O4663,U581,2025-11-23 20:56:26,Completed,95.59
O4664,U539,2026-01-26 18:41:44,Completed,2025.6499999999999
O4665,U595,2025-08-02 16:00:11,Completed,1771.24
O4666,U808,2025-09-08 12:28:58,Completed,2397.6
O4667,U619,2025-12-18 06:33:37,Completed,2190.6800000000003
O4668,U516,2025-09-26 16:39:07,Completed,1052.64
O4669,U326,2025-05-15 09:50:45,Completed,2500.2
O4670,U649,2025-06-19 01:23:28,Completed,2502.98
O4671,U956,2025-05-13 12:56:02,Cancelled,710.92
O4672,U686,2025-10-20 13:46:41,Completed,1231.71
O4673,U994,2025-08-01 04:37:52,Cancelled,850.72
O4674,U869,2025-07-19 08:39:45,Completed,964.43
O4675,U437,2025-05-12 00:19:16,Completed,306.16
O4676,U549,2025-05-13 13:27:49,Completed,45.74
O4677,U46,2026-01-10 04:35:50,Completed,1534.9199999999998
O4678,U773,2025-06-10 03:45:39,Completed,2107.66
O4679,U234,2026-01-10 10:48:51,Completed,2640.27
O4680,U957,2025-12-29 23:07:48,Returned,1399.6699999999998
O4681,U521,2026-01-28 16:49:15,Completed,1138.54
O4682,U446,2025-11-14 13:15:47,Completed,2000.2199999999998
O4683,U155,2026-02-24 12:16:14,Completed,30.15
O4684,U768,2025-09-16 04:22:41,Completed,1601.31
O4685,U907,2025-03-21 11:18:14,Returned,3551.82
O4686,U910,2025-06-11 10:29:23,Completed,1974.6000000000001
O4687,U421,2025-06-25 19:25:42,Completed,1823.31
O4688,U900,2025-12-02 19:25:47,Completed,1312.3899999999999
O4689,U835,2025-08-10 02:19:24,Completed,1879.9499999999998
O4690,U452,2025-04-04 05:11:45,Returned,1624.19
O4691,U114,2025-10-13 13:34:15,Completed,290.33000000000004
O4692,U336,2025-11-06 13:46:28,Completed,2391.64
O4693,U846,2025-06-09 13:58:27,Completed,2026.52
O4694,U223,2025-11-13 16:46:58,Completed,1258.72
O4695,U525,2025-12-28 12:58:26,Completed,1632.78
O4696,U457,2025-03-31 22:42:34,Completed,1887.54
O4697,U632,2025-08-12 15:11:32,Completed,428.82
O4698,U596,2025-06-06 11:10:04,Completed,1132.54
O4699,U510,2025-11-04 17:15:02,Completed,947.01
O4700,U916,2025-03-18 12:39:03,Cancelled,944.04
O4701,U486,2025-11-19 16:31:58,Completed,2749.6099999999997
O4702,U719,2025-08-13 12:04:43,Completed,586.52
O4703,U147,2025-10-15 08:30:38,Completed,1358.59
O4704,U677,2025-09-19 20:30:51,Completed,1730.71
O4705,U204,2025-10-01 02:17:11,Completed,356.5
O4706,U455,2025-09-14 02:34:02,Completed,1614.7999999999997
O4707,U284,2025-08-17 13:52:33,Completed,543.11
O4708,U733,2026-01-27 10:37:19,Completed,2520.4
O4709,U724,2026-03-12 14:59:54,Completed,585.03
O4710,U880,2025-10-20 20:56:10,Completed,87.42
O4711,U278,2025-05-02 11:54:23,Cancelled,1944.67
O4712,U183,2025-03-31 18:59:26,Cancelled,1592.9299999999998
O4713,U441,2026-01-04 10:36:36,Returned,3092.95
O4714,U370,2025-07-14 16:46:55,Completed,1677.4
O4715,U588,2025-05-18 23:54:59,Completed,631.34
O4716,U375,2026-01-11 19:03:23,Returned,213.1
O4717,U253,2025-04-12 04:16:47,Completed,1034.58
O4718,U310,2026-02-09 09:32:23,Completed,959.58
O4719,U626,2025-04-26 14:46:01,Completed,1926.86
O4720,U959,2025-10-14 13:09:03,Completed,1847.25
O4721,U603,2025-09-17 16:34:34,Completed,1356.18
O4722,U687,2026-01-22 20:37:42,Completed,1015.22
O4723,U732,2025-05-24 07:59:06,Cancelled,1344.3600000000001
O4724,U734,2025-12-06 20:12:14,Completed,28.25
O4725,U88,2025-05-14 04:49:32,Completed,183.37
O4726,U130,2025-12-31 00:45:17,Returned,1248.55
O4727,U711,2026-02-04 14:02:27,Completed,934.44
O4728,U81,2025-09-10 07:22:18,Completed,534.5699999999999
O4729,U678,2025-03-18 08:18:34,Cancelled,692.45
O4730,U931,2026-02-06 18:39:44,Completed,985.44
O4731,U682,2026-01-09 02:44:18,Completed,795.22
O4732,U701,2025-05-11 22:31:12,Completed,46.38
O4733,U172,2026-01-20 19:05:15,Completed,425.08000000000004
O4734,U970,2025-03-30 16:03:55,Completed,935.6800000000001
O4735,U833,2025-11-25 16:35:56,Completed,473.48
O4736,U97,2026-01-17 15:11:13,Completed,1307.29
O4737,U915,2025-03-15 06:22:15,Completed,1738.4599999999998
O4738,U612,2025-11-12 15:55:43,Completed,595.4
O4739,U8,2025-08-17 12:09:03,Completed,2806.4700000000003
O4740,U362,2025-10-28 19:15:59,Completed,1094.6100000000001
O4741,U780,2025-03-22 10:41:18,Completed,1948.76
O4742,U559,2025-12-17 20:24:48,Completed,511.90999999999997
O4743,U579,2025-08-18 07:51:47,Completed,1092.81
O4744,U35,2025-05-19 04:40:15,Completed,631.34
O4745,U585,2025-09-30 07:09:36,Completed,959.04
O4746,U8,2025-08-26 04:55:57,Completed,2751.14
O4747,U484,2025-11-02 05:33:09,Completed,3947.9399999999996
O4748,U433,2025-06-28 22:59:39,Returned,2370.7
O4749,U335,2025-12-18 10:40:53,Completed,2412.35
O4750,U801,2025-08-31 18:53:32,Completed,764.02
O4751,U749,2025-04-29 02:01:13,Cancelled,1217.82
O4752,U48,2025-10-12 03:29:35,Completed,2083.8199999999997
O4753,U638,2025-03-20 22:13:44,Completed,84.75
O4754,U867,2025-04-26 21:34:53,Completed,1323.19
O4755,U322,2025-08-11 17:41:35,Completed,382.01
O4756,U768,2025-11-29 07:56:35,Completed,730.62
O4757,U962,2025-04-12 21:32:09,Completed,2180.42
O4758,U987,2025-09-22 13:31:27,Completed,69.57000000000001
O4759,U648,2025-08-11 08:32:42,Completed,1514.8600000000001
O4760,U567,2025-09-06 19:34:36,Completed,2569.26
O4761,U668,2025-05-31 12:49:51,Returned,1906.9199999999998
O4762,U816,2025-08-01 17:33:23,Completed,172.38
O4763,U414,2025-03-24 13:05:30,Cancelled,1038.1599999999999
O4764,U564,2025-05-10 23:46:03,Cancelled,1548.52
O4765,U564,2026-01-19 08:50:48,Completed,954.8599999999999
O4766,U541,2025-09-08 20:02:28,Completed,2763.7200000000003
O4767,U326,2025-12-05 07:06:50,Completed,361.41
O4768,U814,2025-11-11 11:17:53,Completed,3064.23
O4769,U935,2025-12-26 11:18:55,Completed,918.8600000000001
O4770,U850,2026-01-24 04:05:27,Completed,824.9
O4771,U108,2025-05-17 09:00:39,Completed,2718.67
O4772,U491,2026-02-13 19:18:28,Completed,370.02
O4773,U18,2025-08-01 02:51:45,Completed,1971.12
O4774,U923,2025-09-20 10:10:01,Completed,780.68
O4775,U513,2026-01-16 19:02:36,Completed,2340.35
O4776,U474,2025-09-19 17:56:33,Completed,297.7
O4777,U931,2025-07-27 13:41:51,Completed,430.43
O4778,U855,2026-01-21 08:38:14,Completed,955.8699999999999
O4779,U957,2025-09-18 20:28:45,Cancelled,210.16
O4780,U327,2025-04-13 04:51:07,Completed,1622.6100000000001
O4781,U755,2025-09-16 01:15:29,Completed,1781.4
O4782,U320,2026-03-10 20:18:43,Completed,2599.3400000000006
O4783,U719,2025-03-27 18:03:22,Completed,1361.8799999999999
O4784,U50,2026-01-28 00:28:28,Completed,208.74
O4785,U449,2025-12-25 12:28:05,Completed,1936.8799999999999
O4786,U843,2025-04-20 20:13:35,Completed,449.7
O4787,U104,2026-01-27 07:54:29,Completed,726.43
O4788,U27,2025-08-08 17:11:34,Completed,1863.39
O4789,U25,2026-01-04 10:11:59,Completed,137.22
O4790,U584,2025-07-25 19:24:17,Completed,1547.1399999999999
O4791,U637,2025-12-27 05:06:13,Completed,1783.03
O4792,U672,2025-10-05 17:19:40,Completed,1105.24
O4793,U772,2025-09-04 21:54:26,Completed,227.6
O4794,U363,2025-06-22 12:07:34,Returned,318.36
O4795,U305,2025-07-26 17:09:44,Completed,497.13
O4796,U345,2025-04-02 13:43:40,Completed,1700.31
O4797,U289,2025-04-03 02:01:31,Completed,165.71
O4798,U514,2025-05-02 12:41:47,Completed,2224.67
O4799,U328,2025-05-05 20:00:22,Completed,639.67
O4800,U295,2025-12-28 06:39:12,Completed,623.8499999999999
O4801,U683,2025-08-30 00:38:56,Completed,1078.78
O4802,U744,2025-08-18 01:57:10,Completed,397.61
O4803,U702,2026-01-06 23:03:12,Completed,1007.08
O4804,U179,2026-03-07 06:00:54,Completed,1648.19
O4805,U357,2025-03-26 12:10:40,Completed,197.47000000000003
O4806,U722,2026-03-02 02:20:22,Completed,1275.43
O4807,U816,2025-08-04 01:51:18,Cancelled,1343.02
O4808,U650,2025-09-16 23:31:57,Completed,658.2
O4809,U887,2025-05-15 10:43:01,Completed,2144.88
O4810,U812,2025-04-24 07:31:40,Completed,281.5
O4811,U742,2025-08-19 16:25:16,Completed,857.68
O4812,U252,2025-08-31 08:36:03,Completed,917.6800000000001
O4813,U867,2025-12-31 08:19:33,Completed,1778.5000000000002
O4814,U752,2025-05-25 23:02:01,Completed,2370.38
O4815,U498,2025-08-06 00:57:04,Cancelled,926.8799999999999
O4816,U671,2025-08-26 06:08:04,Completed,397.61
O4817,U120,2025-09-16 19:18:09,Completed,133.88
O4818,U7,2026-02-12 02:58:33,Completed,2179.75
O4819,U861,2025-11-13 16:05:10,Completed,2597.94
O4820,U60,2025-06-08 14:15:39,Completed,51.12
O4821,U73,2026-02-08 09:02:52,Completed,51.42
O4822,U109,2025-06-07 00:07:29,Completed,29.14
O4823,U199,2025-04-04 04:15:13,Completed,1084.54
O4824,U397,2025-09-30 17:18:41,Completed,1856.83
O4825,U55,2025-08-28 17:49:37,Completed,1190.8
O4826,U57,2026-03-13 06:47:57,Completed,1175.68
O4827,U478,2025-10-20 14:46:34,Completed,1432.85
O4828,U15,2026-02-04 15:07:39,Completed,40.44
O4829,U509,2026-02-09 03:50:23,Completed,1040.74
O4830,U220,2025-03-15 23:09:17,Completed,331.42
O4831,U914,2025-11-14 02:33:25,Completed,450.51
O4832,U771,2025-05-05 11:09:03,Completed,1093.3
O4833,U20,2025-07-19 09:16:32,Completed,322.40999999999997
O4834,U214,2025-08-05 00:02:00,Completed,814.3499999999999
O4835,U412,2025-08-31 13:18:11,Cancelled,192.31
O4836,U46,2025-03-18 04:02:11,Completed,16.6
O4837,U348,2025-05-29 13:32:28,Completed,792.76
O4838,U411,2025-06-14 12:12:37,Completed,407.15999999999997
O4839,U769,2025-04-27 04:14:55,Completed,49.800000000000004
O4840,U497,2025-10-09 06:04:26,Completed,480.44
O4841,U926,2025-11-28 05:44:39,Completed,1825.9
O4842,U787,2025-04-11 01:29:40,Completed,297.7
O4843,U95,2025-03-15 12:56:25,Completed,1740.6400000000003
O4844,U382,2025-06-19 23:24:34,Returned,96.18
O4845,U327,2025-05-08 03:21:33,Completed,87.42
O4846,U638,2025-07-09 00:38:57,Completed,334.51
O4847,U377,2026-02-17 04:53:36,Completed,903.52
O4848,U67,2025-12-02 11:57:43,Completed,29.14
O4849,U41,2025-06-22 21:22:29,Completed,288.13
O4850,U289,2025-11-26 20:18:04,Completed,458.42
O4851,U630,2026-03-14 02:52:21,Completed,229.21
O4852,U328,2025-12-02 15:42:46,Completed,1895.71
O4853,U581,2026-01-03 07:24:08,Completed,631.34
O4854,U114,2026-02-12 20:10:01,Completed,893.0999999999999
O4855,U487,2025-08-04 19:05:37,Completed,2080.5199999999995
O4856,U58,2026-01-20 01:43:17,Cancelled,1790.92
O4857,U458,2025-07-29 08:55:23,Completed,1589.47
O4858,U96,2026-01-18 01:26:49,Completed,1419.8199999999997
O4859,U354,2025-10-23 10:33:04,Completed,1585.62
O4860,U472,2025-05-08 20:28:10,Completed,479.53
O4861,U826,2025-04-12 20:45:16,Completed,1403.32
O4862,U528,2025-11-24 23:55:51,Cancelled,1518.7
O4863,U331,2025-05-16 21:26:13,Completed,2022.72
O4864,U723,2026-02-22 18:35:04,Completed,773.78
O4865,U990,2025-04-04 22:55:20,Completed,1010.72
O4866,U286,2025-04-04 06:46:05,Cancelled,121.0
O4867,U650,2025-06-06 06:02:17,Completed,371.43999999999994
O4868,U981,2026-02-05 23:02:41,Completed,603.52
O4869,U768,2025-04-12 11:12:47,Completed,1301.3899999999999
O4870,U493,2025-12-12 00:58:48,Completed,1556.45
O4871,U715,2025-06-22 00:48:01,Completed,3114.2999999999997
O4872,U876,2025-06-18 09:55:39,Completed,1937.69
O4873,U612,2025-09-16 12:50:28,Completed,1969.81
O4874,U790,2025-08-27 14:24:30,Completed,455.2
O4875,U821,2025-12-28 11:31:25,Completed,1645.2600000000002
O4876,U763,2025-11-03 06:31:28,Completed,1421.4699999999998
O4877,U669,2025-11-11 14:13:28,Completed,1650.73
O4878,U482,2025-04-14 18:47:15,Completed,2058.4799999999996
O4879,U73,2025-06-12 14:21:05,Completed,1263.61
O4880,U90,2026-02-07 19:44:00,Completed,1860.32
O4881,U769,2025-05-26 18:46:43,Cancelled,1440.6
O4882,U429,2026-01-16 19:53:40,Returned,2608.46
O4883,U151,2026-02-04 23:49:49,Completed,1304.34
O4884,U225,2026-01-05 16:46:57,Completed,1714.2399999999998
O4885,U320,2025-05-22 06:52:31,Completed,734.1
O4886,U499,2025-09-01 00:29:14,Completed,514.76
O4887,U877,2025-12-08 00:49:21,Completed,866.6600000000001
O4888,U499,2025-06-06 08:12:10,Completed,980.6999999999999
O4889,U583,2025-10-03 07:30:31,Completed,1568.58
O4890,U708,2025-07-25 08:43:55,Completed,841.98
O4891,U771,2025-11-12 16:26:13,Completed,4459.09
O4892,U277,2025-04-17 05:39:48,Completed,864.39
O4893,U968,2025-10-05 03:33:45,Cancelled,1068.8799999999999
O4894,U556,2025-11-25 11:49:39,Returned,1506.33
O4895,U550,2025-03-28 05:21:56,Completed,1466.49
O4896,U683,2025-09-17 15:47:15,Completed,315.67
O4897,U434,2025-07-21 13:31:08,Completed,885.3399999999999
O4898,U987,2025-08-28 15:07:42,Completed,1768.85
O4899,U49,2025-10-11 06:38:35,Completed,87.42
O4900,U641,2025-11-16 03:50:28,Cancelled,1764.0600000000002
O4901,U279,2025-11-14 20:42:58,Completed,3421.8900000000003
O4902,U319,2026-01-24 23:55:48,Completed,951.81
O4903,U570,2025-05-22 20:10:00,Completed,973.5699999999999
O4904,U183,2025-08-21 23:04:10,Completed,597.75
O4905,U499,2025-08-14 02:26:30,Completed,3023.3599999999997
O4906,U223,2026-01-09 05:47:50,Completed,1295.35
O4907,U656,2025-12-12 07:26:17,Completed,1255.77
O4908,U593,2026-02-06 03:08:36,Completed,1110.44
O4909,U315,2025-09-20 13:25:23,Returned,724.24
O4910,U562,2025-10-19 00:05:08,Completed,660.53
O4911,U269,2026-02-24 20:08:13,Completed,2364.14
O4912,U10,2025-11-23 01:08:56,Completed,2131.46
O4913,U756,2025-11-26 05:08:53,Completed,1645.7
O4914,U102,2025-03-17 09:02:29,Completed,1172.88
O4915,U728,2026-02-25 14:23:03,Completed,1559.73
O4916,U376,2025-07-05 22:14:26,Cancelled,1043.27
O4917,U676,2026-01-01 23:06:27,Completed,1480.06
O4918,U304,2026-01-24 19:18:08,Cancelled,1485.72
O4919,U340,2025-09-17 14:31:21,Completed,616.29
O4920,U259,2025-04-28 21:29:21,Completed,13.01
O4921,U290,2025-05-13 08:22:43,Cancelled,51.12
O4922,U653,2025-11-04 14:35:49,Returned,165.78
O4923,U993,2026-03-11 16:41:28,Completed,850.9
O4924,U642,2025-05-05 04:03:57,Completed,2949.2200000000003
O4925,U232,2025-09-25 21:30:49,Completed,1256.1399999999999
O4926,U108,2026-01-24 05:03:22,Completed,1040.1000000000001
O4927,U856,2025-07-27 04:41:35,Completed,2119.37
O4928,U191,2025-09-10 15:15:04,Completed,703.56
O4929,U712,2025-11-27 05:56:20,Completed,2144.01
O4930,U869,2025-11-14 11:46:18,Completed,1613.35
O4931,U934,2025-07-24 11:18:11,Completed,499.68
O4932,U964,2025-11-28 03:00:52,Completed,401.86
O4933,U546,2025-09-21 19:14:10,Completed,982.37
O4934,U114,2025-07-26 17:34:53,Returned,2348.8199999999997
O4935,U519,2025-06-08 06:00:12,Returned,1485.72
O4936,U420,2025-06-28 20:14:21,Completed,914.18
O4937,U830,2025-11-09 17:30:04,Completed,2057.56
O4938,U488,2025-07-21 00:30:59,Completed,1690.52
O4939,U912,2026-02-24 04:50:44,Completed,971.38
O4940,U250,2025-12-02 02:16:03,Completed,153.08
O4941,U279,2026-03-09 20:00:12,Completed,1308.22
O4942,U209,2025-05-17 17:21:42,Cancelled,616.74
O4943,U821,2025-12-07 16:59:13,Completed,1937.49
O4944,U830,2026-01-15 21:12:35,Cancelled,939.04
O4945,U937,2026-03-03 03:48:20,Completed,715.48
O4946,U727,2026-01-28 03:27:40,Completed,45.74
O4947,U960,2025-07-01 10:25:37,Completed,390.02
O4948,U624,2025-05-18 23:59:38,Completed,1870.08
O4949,U152,2025-03-25 08:49:32,Completed,492.33000000000004
O4950,U637,2026-01-16 11:48:29,Completed,1821.1000000000001
O4951,U887,2025-07-06 12:39:45,Cancelled,153.35999999999999
O4952,U471,2026-01-17 06:37:20,Completed,1386.12
O4953,U807,2026-01-11 15:01:04,Completed,1909.38
O4954,U886,2025-03-27 13:44:12,Completed,2061.78
O4955,U342,2026-02-04 18:13:38,Completed,385.3
O4956,U895,2025-05-11 19:46:24,Completed,1566.11
O4957,U250,2025-10-03 23:22:31,Completed,654.54
O4958,U181,2025-04-26 13:48:45,Completed,1231.71
O4959,U396,2026-01-19 22:03:09,Completed,1099.28
O4960,U324,2025-11-01 01:41:17,Completed,1623.83
O4961,U745,2025-07-01 23:21:01,Completed,175.87
O4962,U518,2025-06-15 02:02:06,Completed,864.39
O4963,U998,2025-07-01 03:54:45,Completed,1196.1799999999998
O4964,U658,2025-04-29 16:47:56,Completed,500.53
O4965,U272,2025-09-10 05:13:55,Completed,612.72
O4966,U973,2025-10-03 07:43:01,Completed,1466.23
O4967,U197,2025-05-31 12:42:07,Cancelled,727.78
O4968,U935,2025-09-16 14:18:17,Completed,459.24
O4969,U105,2025-10-27 18:08:26,Completed,733.1
O4970,U733,2025-10-29 18:40:16,Completed,51.12
O4971,U681,2025-12-28 00:25:10,Completed,947.01
O4972,U952,2025-12-18 00:49:07,Completed,2708.9599999999996
O4973,U615,2025-07-15 22:09:22,Returned,1466.49
O4974,U267,2025-10-08 04:32:46,Completed,1099.95
O4975,U798,2026-02-24 01:53:12,Completed,1113.58
O4976,U697,2025-07-21 01:55:50,Completed,887.0999999999999
O4977,U715,2025-04-14 12:21:33,Completed,40.44
O4978,U25,2025-05-26 20:54:40,Completed,3187.8900000000003
O4979,U864,2025-08-08 16:32:03,Cancelled,92.56
O4980,U521,2025-04-05 02:34:40,Completed,819.13
O4981,U561,2025-08-16 14:33:45,Completed,3428.3999999999996
O4982,U714,2025-12-25 13:37:58,Cancelled,3200.27
O4983,U695,2025-04-06 15:27:46,Completed,408.31
O4984,U230,2025-07-13 15:49:51,Completed,959.03
O4985,U460,2025-11-22 22:13:43,Completed,210.16
O4986,U395,2025-09-14 18:23:03,Completed,1092.81
O4987,U906,2026-02-14 02:29:34,Cancelled,654.54
O4988,U882,2025-11-07 19:39:50,Returned,1324.4
O4989,U478,2025-05-06 21:45:01,Completed,1498.26
O4990,U873,2025-10-16 23:17:59,Cancelled,792.29
O4991,U844,2026-01-04 04:12:38,Returned,1106.47
O4992,U653,2025-04-17 16:57:39,Completed,1972.76
O4993,U692,2026-02-12 21:14:44,Completed,2934.26
O4994,U264,2026-01-20 18:26:37,Cancelled,2253.51
O4995,U787,2025-03-22 19:07:19,Completed,449.62
O4996,U289,2025-04-03 19:35:09,Completed,555.62
O4997,U436,2025-11-30 05:07:28,Completed,951.14
O4998,U881,2025-10-16 02:18:32,Completed,3005.4199999999996
O4999,U477,2025-11-09 17:37:21,Completed,1589.2
