review_id,user_id,product_id,rating,review_text,review_date
R0,U143,P36,5,Truth reason go important meeting specific thought.,2025-12-22
R1,U11,P43,1,Add whose focus tough.,2025-12-25
R2,U554,P20,1,Pretty yes grow family he pay.,2025-12-02
R3,U610,P14,1,Still develop relationship everything quickly.,2025-07-04
R4,U182,P41,2,Moment nature body fact soldier room describe.,2025-08-16
R5,U522,P12,4,Current real line ago by fill college.,2025-07-17
R6,U721,P20,1,Imagine himself expert matter food six.,2025-11-28
R7,U298,P31,4,Edge firm training.,2025-12-14
R8,U930,P43,3,Create must recent sell move.,2025-04-26
R9,U140,P21,3,Agent accept fight music available.,2025-06-20
R10,U125,P11,1,Why during sense about analysis when college.,2025-06-16
R11,U698,P43,2,Billion edge loss address forward later rich ago.,2025-10-20
R12,U152,P2,4,Technology while trouble least crime.,2025-11-13
R13,U274,P12,4,Others eight easy thus quite series.,2025-06-26
R14,U295,P14,1,Campaign north bit during mouth prepare provide.,2025-06-10
R15,U999,P1,4,Arrive lawyer that so when us range on.,2025-05-05
R16,U862,P6,4,Institution boy skill interest eight along.,2025-11-21
R17,U140,P16,4,Officer eight pull too mention recent.,2026-02-28
R18,U824,P29,1,Sense gas wind real southern attention down.,2025-05-16
R19,U532,P4,5,Behavior threat as whatever history add economic keep.,2025-07-24
R20,U154,P41,5,Meet lose news machine TV perhaps.,2025-10-30
R21,U937,P48,3,Film discover myself sell.,2026-01-11
R22,U708,P32,3,Now mission by go in.,2025-05-29
R23,U341,P2,5,Expect new everyone clear small.,2025-05-10
R24,U145,P47,1,Think popular full property involve piece plan letter.,2025-12-27
R25,U807,P3,4,Author series because outside trip.,2026-01-31
R26,U386,P24,4,Anyone sort every money whole establish.,2025-07-14
R27,U270,P10,4,Walk find evening magazine skill.,2025-12-17
R28,U11,P15,1,Second computer center sit arm discuss.,2025-11-08
R29,U686,P10,2,Service give thought edge manager financial run.,2025-10-30
R30,U122,P8,1,Take wish not consider use own.,2025-06-13
R31,U757,P37,4,Might item room buy.,2025-07-04
R32,U106,P41,3,Push direction expect major grow deep.,2025-09-03
R33,U163,P4,4,Region trouble sort draw approach.,2025-08-06
R34,U420,P39,2,Quite hard push candidate power final movement.,2025-06-08
R35,U124,P12,2,Board account rock report.,2025-05-02
R36,U785,P47,5,Money end PM reality carry.,2025-10-12
R37,U488,P17,3,Education way medical our option type.,2025-09-29
R38,U41,P44,2,Morning yeah hospital local body work.,2026-01-04
R39,U476,P46,5,Top name sort follow health.,2025-10-16
R40,U820,P36,5,Ground network better listen my get whose.,2025-08-18
R41,U322,P44,1,Police degree positive option knowledge increase.,2025-03-16
R42,U703,P31,1,Space player discussion during candidate.,2025-12-26
R43,U644,P25,4,Everyone doctor could despite.,2025-09-28
R44,U894,P27,3,Off color these heavy.,2026-02-03
R45,U360,P47,1,Democratic check require newspaper budget get.,2025-03-27
R46,U92,P45,4,Safe body hold tough ten president upon.,2025-10-15
R47,U600,P11,5,Night there international.,2025-04-13
R48,U752,P38,1,What serve group last oil front.,2026-02-02
R49,U705,P29,1,Teacher positive court measure.,2025-10-01
R50,U391,P26,1,Imagine at music heavy.,2025-12-06
R51,U984,P49,1,Sort product land.,2025-10-19
R52,U371,P17,4,Study many race involve natural only staff.,2026-03-07
R53,U723,P6,3,Decide set share put reduce.,2026-01-18
R54,U621,P18,1,Court century human environment.,2025-03-18
R55,U299,P25,3,Within guy successful voice.,2025-09-21
R56,U996,P4,1,Others energy else.,2025-07-18
R57,U848,P39,2,Price subject develop his challenge technology role.,2026-03-01
R58,U283,P36,1,Bed gun others eat act painting.,2025-04-13
R59,U781,P1,5,Paper put effort reality according.,2026-01-27
R60,U939,P29,2,Maybe accept indeed note.,2026-01-02
R61,U151,P8,4,Federal almost majority suffer its sure.,2026-02-04
R62,U956,P11,5,Could particular person world according crime.,2026-01-17
R63,U383,P16,2,White should animal recent side.,2025-11-26
R64,U546,P39,2,Table interesting expert teach.,2026-02-04
R65,U391,P15,2,Challenge money college now world lay.,2025-09-12
R66,U603,P17,3,Scene growth fast human deep out.,2026-01-06
R67,U194,P2,2,Tough sometimes use discuss.,2025-07-14
R68,U98,P45,4,Century detail hotel onto.,2025-12-15
R69,U641,P45,4,Wall act vote population range though buy.,2025-10-23
R70,U887,P45,3,Stop various occur thing six approach spring.,2025-07-13
R71,U224,P49,2,Catch near discover others.,2025-04-16
R72,U901,P29,5,Simple some federal protect.,2025-11-02
R73,U202,P5,1,Easy on others trial sell.,2025-04-04
R74,U504,P46,3,With information know police company performance high.,2026-02-14
R75,U971,P6,5,Future something speak argue north.,2025-09-29
R76,U950,P26,1,Food idea or save north thank box.,2025-04-05
R77,U374,P19,4,Would significant cause improve understand enter condition.,2025-05-04
R78,U856,P35,5,Radio room budget reduce arrive.,2026-02-04
R79,U217,P42,5,Itself against technology continue.,2025-04-12
R80,U936,P23,4,Population consumer soldier fish enough base.,2025-12-23
R81,U194,P7,2,Miss possible federal site hand week hot nearly.,2025-10-07
R82,U114,P33,3,Vote his front sell worry any white stock.,2026-01-19
R83,U171,P30,3,Commercial serious firm month in.,2025-07-11
R84,U185,P22,2,Option charge policy walk.,2025-07-29
R85,U241,P44,3,Its single reach pass ahead.,2025-07-04
R86,U428,P17,5,On film keep pay note difficult movement.,2025-10-27
R87,U577,P20,4,Around scientist someone interesting.,2026-02-13
R88,U666,P42,2,Wonder arm all focus herself.,2025-10-20
R89,U277,P29,4,Section identify cover message prevent.,2025-10-22
R90,U179,P48,4,However raise relate great purpose.,2025-05-24
R91,U624,P21,4,Tend season purpose own development.,2025-08-23
R92,U326,P30,3,Answer mouth culture more TV position blood total.,2026-01-27
R93,U750,P25,4,Hot week a government near give.,2025-12-31
R94,U493,P6,1,Successful rather bring international black wear test.,2025-07-21
R95,U970,P21,2,Actually hear debate single better environmental son.,2025-12-26
R96,U993,P18,3,Either reveal pretty perhaps campaign field measure.,2025-09-22
R97,U777,P9,2,Often poor important surface seat work mean rise.,2025-04-21
R98,U729,P44,4,Ask agent draw.,2026-01-11
R99,U884,P12,5,Meet hope my.,2026-03-12
R100,U174,P11,2,Part begin plant short former.,2025-09-26
R101,U629,P30,5,Former receive research keep party rather Congress.,2025-03-24
R102,U194,P49,2,Tax sister generation.,2025-07-28
R103,U51,P45,2,Writer director lay at situation forget.,2025-05-07
R104,U168,P14,2,Long hit without everyone style left similar.,2025-12-12
R105,U902,P8,1,Discuss before image reality.,2025-09-19
R106,U393,P11,4,Rock audience person media ago example player draw.,2025-10-01
R107,U454,P43,5,Join such recently house.,2025-05-01
R108,U56,P29,4,Any country always sense analysis.,2025-06-06
R109,U760,P43,1,Can far book cut safe too some.,2026-02-21
R110,U267,P10,4,Same debate best sea activity himself.,2025-07-10
R111,U403,P9,3,So truth fast skin.,2025-09-07
R112,U54,P24,1,Statement ahead support may.,2026-03-14
R113,U795,P36,4,Stand manage imagine set man water.,2025-04-17
R114,U454,P6,3,Current country property than either share scientist.,2026-01-26
R115,U905,P32,4,Answer my its second.,2026-01-13
R116,U77,P4,5,Realize important run happen dinner.,2025-08-25
R117,U665,P18,4,Dinner three keep task adult it rise type.,2025-04-19
R118,U375,P11,4,Consider image thousand produce.,2026-01-19
R119,U590,P35,2,Pick woman fly away.,2025-11-23
R120,U623,P40,4,Rate son add rock quality take leave.,2025-10-03
R121,U947,P30,3,Safe wonder eye source film it raise important.,2025-09-19
R122,U629,P45,5,Single quite play will time and cover.,2025-08-26
R123,U641,P2,2,However born reflect difficult home force maintain.,2025-04-23
R124,U641,P30,5,Friend attention end talk fast.,2025-07-01
R125,U454,P11,1,Very else modern level.,2025-03-25
R126,U347,P16,3,Citizen address half skin data drop difficult.,2025-11-29
R127,U19,P10,4,Choice him bring south father parent free.,2025-12-04
R128,U698,P3,1,Knowledge while eat fight.,2025-07-15
R129,U662,P32,2,Throughout imagine defense.,2025-03-17
R130,U164,P23,1,Likely up most and network.,2025-08-22
R131,U806,P26,5,The you yourself child small.,2026-01-11
R132,U66,P39,4,Issue difficult challenge final pretty.,2025-04-06
R133,U18,P46,5,Fly deep your effect attorney.,2025-06-17
R134,U879,P28,1,Dream color paper bill sport Mrs.,2025-05-05
R135,U446,P8,1,Name amount week effort increase film image.,2025-07-19
R136,U538,P38,3,Indeed rich choice travel drop former those.,2026-01-20
R137,U53,P4,5,Current color exist training under.,2025-04-24
R138,U952,P8,5,Yeah develop your pressure score green.,2025-08-26
R139,U956,P24,2,Pm mention about chair note culture building.,2025-04-16
R140,U576,P0,5,Center military question there despite dream bag unit.,2026-01-25
R141,U120,P33,1,Wish billion material tell.,2025-08-26
R142,U508,P33,2,Decade read race yeah beautiful including under.,2025-06-28
R143,U91,P18,1,Ten so ever we.,2025-04-25
R144,U857,P7,2,Hit tell challenge hair.,2025-05-31
R145,U299,P33,3,Under off white election detail.,2025-05-20
R146,U986,P15,2,Ago TV involve.,2025-09-29
R147,U321,P26,3,Color foot civil level study store pay.,2025-04-20
R148,U520,P17,3,Wife amount father his increase never.,2026-02-07
R149,U752,P13,2,Second film someone mother detail poor allow.,2026-02-02
R150,U369,P6,5,Finish image loss respond back they.,2025-04-10
R151,U962,P20,1,Wonder serve short program campaign individual drug.,2025-04-18
R152,U324,P7,4,Heavy dog a be trouble happy.,2025-11-22
R153,U430,P12,1,Information picture exist man really interest skin type.,2025-07-16
R154,U792,P42,1,Both represent image month woman address.,2025-10-13
R155,U741,P45,2,Example might country ago everything will bit.,2026-02-18
R156,U422,P30,1,Food only occur should.,2026-01-30
R157,U272,P28,2,Would before the speak less.,2025-04-12
R158,U322,P29,3,Store wish month same walk morning.,2025-08-09
R159,U620,P39,2,Owner chance hope where condition office different.,2025-07-18
R160,U51,P7,4,Like short owner member.,2025-05-15
R161,U799,P1,1,Situation age every according.,2025-11-09
R162,U682,P34,5,Describe building increase never employee.,2025-05-23
R163,U140,P34,2,Station ago magazine suffer very player happen east.,2025-06-11
R164,U882,P14,2,Suffer wait record nation never.,2026-03-13
R165,U114,P44,1,Key voice quality audience out hair civil.,2025-05-13
R166,U199,P4,3,Against sure cut power state society some.,2025-04-25
R167,U668,P17,2,Effect show threat anyone our player.,2025-05-11
R168,U735,P35,5,Drug civil industry miss.,2026-01-04
R169,U495,P47,5,Half commercial fall star.,2025-11-30
R170,U112,P45,5,President style nation forget book method wrong.,2025-12-12
R171,U694,P10,5,Nearly order student question performance positive.,2025-04-16
R172,U803,P36,1,Study explain movie good.,2025-04-01
R173,U865,P43,1,Movement be run or us upon later.,2025-05-23
R174,U403,P38,3,Exist might measure arrive in forget federal.,2025-08-14
R175,U936,P38,3,Center unit control population form look.,2026-01-16
R176,U470,P43,5,Sit life usually throughout political ago sea him.,2025-04-15
R177,U338,P35,1,Difference page wear recognize else sit.,2025-03-19
R178,U914,P27,3,Box part yard off collection under hospital.,2025-10-04
R179,U348,P31,3,Everything land cultural else national wide off.,2025-08-01
R180,U662,P38,2,Morning part with build.,2025-06-01
R181,U34,P41,1,Tax history suffer summer.,2025-07-07
R182,U43,P19,1,Window indicate above bring commercial degree notice.,2026-01-11
R183,U319,P35,2,Fast focus movie.,2026-02-02
R184,U163,P27,3,Guy although stop natural Congress really join.,2025-10-31
R185,U496,P5,1,Beat radio prevent themselves.,2025-10-05
R186,U183,P23,5,Forward letter live piece movie think.,2025-06-12
R187,U419,P17,4,Can politics meeting eight to possible.,2025-09-12
R188,U350,P7,3,Them over production among.,2025-05-25
R189,U184,P49,2,Pattern step pay center.,2025-07-27
R190,U225,P36,4,Find medical per look dark free friend.,2025-04-22
R191,U247,P16,3,Air whom several get represent think let message.,2025-04-27
R192,U506,P28,1,Magazine several chair senior anything.,2025-05-17
R193,U634,P10,4,Who toward strategy man.,2025-09-27
R194,U138,P31,4,Sense best according short simply information.,2025-05-22
R195,U312,P30,1,Camera base treatment.,2025-06-19
R196,U770,P39,1,Wrong move price main than American level.,2025-10-18
R197,U377,P5,3,Leg region administration section.,2025-05-07
R198,U23,P43,1,Decide choice former every law group own.,2026-03-05
R199,U239,P4,2,Appear nature director bag key defense compare.,2026-01-31
R200,U273,P35,4,Star meeting decade crime bad land number degree.,2025-12-31
R201,U253,P27,4,Large always at young.,2025-06-26
R202,U828,P26,2,Personal culture ground about realize center growth.,2026-01-18
R203,U89,P26,2,Quickly you live task than plant.,2025-07-12
R204,U303,P0,3,Hundred mention sometimes trade expect stuff create should.,2025-05-10
R205,U852,P35,3,Hope sing southern prevent recently difference accept.,2025-05-08
R206,U149,P18,4,Lot message factor bit prove imagine.,2026-01-13
R207,U121,P42,3,Put family between without decide make break act.,2025-06-07
R208,U352,P22,5,Would once positive especially member.,2025-04-15
R209,U350,P37,2,Factor tough play force black difficult person.,2025-12-16
R210,U989,P15,1,Quality scene beyond member success decade nation answer.,2025-06-27
R211,U329,P41,1,Follow type green machine might fine community.,2025-08-28
R212,U515,P32,5,Source sure must recognize stuff take hundred.,2025-09-22
R213,U26,P14,1,Eat edge teach claim trade.,2025-06-20
R214,U59,P32,3,Bit woman case water share stay six.,2026-01-16
R215,U470,P0,3,Whatever family four.,2025-07-20
R216,U429,P47,2,Offer every try training wind place research call.,2025-09-19
R217,U712,P16,2,From at help board purpose yourself.,2025-11-20
R218,U112,P2,1,Game require happy surface organization paper.,2025-12-19
R219,U744,P47,2,Item protect much.,2025-06-01
R220,U315,P19,3,Really serve head under.,2026-03-11
R221,U90,P36,5,End when them him agency international.,2026-01-11
R222,U989,P1,2,Kid protect outside bank past.,2026-01-18
R223,U565,P43,3,Family alone about lawyer.,2026-01-16
R224,U764,P16,5,Difference prepare often street high language.,2025-08-27
R225,U426,P7,4,Top organization skill door wall.,2026-01-24
R226,U569,P48,4,Tax finish measure pretty throw.,2025-07-08
R227,U615,P31,3,Look safe mean financial.,2025-09-16
R228,U929,P18,3,Speech today try boy.,2026-01-10
R229,U497,P15,1,Mrs quickly center same actually industry.,2025-05-14
R230,U430,P4,5,Accept a yard ago girl now.,2025-10-20
R231,U150,P26,3,Century site the pull peace four national head.,2026-01-10
R232,U693,P47,2,Nearly business choose.,2025-09-19
R233,U641,P14,5,Notice end fly these.,2026-02-27
R234,U655,P43,5,Sing fire parent heavy.,2025-03-14
R235,U214,P25,5,Onto effect writer style.,2025-03-18
R236,U143,P14,1,Figure as story skill boy bar blood.,2026-01-14
R237,U627,P13,2,Lawyer between majority yourself.,2025-06-13
R238,U955,P30,1,Risk research Republican than want.,2025-05-02
R239,U349,P40,1,Information spend development check machine strong population many.,2025-03-18
R240,U593,P23,2,Response Congress finish.,2025-08-28
R241,U596,P8,3,Issue anything entire start issue something.,2025-07-15
R242,U933,P41,3,Education color guess suffer.,2025-09-06
R243,U902,P13,2,Know few interview when collection hour enough.,2025-03-25
R244,U199,P24,3,Myself two or beyond wonder it bring.,2026-01-28
R245,U942,P11,3,Society on wish half bit.,2025-03-16
R246,U858,P41,1,Interesting meet science.,2026-01-15
R247,U112,P18,4,Bring where level.,2025-07-03
R248,U868,P11,2,So technology give adult work.,2025-08-21
R249,U605,P2,4,Science nothing should.,2025-08-20
R250,U843,P29,4,Perhaps use town security important.,2025-07-28
R251,U923,P12,1,White until respond hope the top push.,2025-03-19
R252,U177,P25,3,Step building ground visit anyone week rock dream.,2026-02-18
R253,U45,P36,4,Though measure occur may stop necessary political not.,2025-06-01
R254,U278,P15,1,Individual bed evening begin approach model at.,2025-09-11
R255,U955,P35,2,Everything learn management politics indicate gas exactly his.,2025-11-17
R256,U56,P28,4,Window popular spring quite.,2026-03-05
R257,U30,P2,1,Yes level keep late reach certainly individual huge.,2026-01-17
R258,U652,P19,5,Big according cold somebody personal east quite.,2025-04-03
R259,U465,P17,5,Study move machine scientist campaign huge.,2025-09-14
R260,U941,P0,3,Item away end player ground structure support else.,2025-03-21
R261,U640,P46,5,Response kind evening entire office.,2025-10-28
R262,U238,P0,5,My establish around while trouble dark.,2025-10-26
R263,U177,P3,1,Blood provide voice.,2025-10-08
R264,U384,P41,4,Type ahead indeed type.,2025-06-17
R265,U454,P38,3,Lead actually fire card eight economic popular.,2025-09-03
R266,U4,P21,5,Read information newspaper mother nearly finally.,2025-08-19
R267,U310,P44,5,Her despite remain bad end his special.,2025-09-30
R268,U382,P6,3,Take today situation news.,2025-10-10
R269,U952,P43,1,Side good company bill mean American fill.,2026-02-03
R270,U781,P38,4,Whose entire religious entire top.,2026-01-18
R271,U167,P48,5,Hospital fire month others cell.,2025-12-26
R272,U378,P25,2,Eye stay bar guy choose white.,2025-05-23
R273,U806,P36,2,Vote change well central.,2025-11-20
R274,U740,P10,5,Section pressure increase team base light.,2025-05-09
R275,U888,P14,3,Debate join hold wrong finally group.,2026-01-07
R276,U11,P34,4,Current use know specific shoulder moment.,2025-04-14
R277,U356,P12,4,Mention shoulder clearly service.,2025-05-10
R278,U864,P19,3,As shoulder employee attention school possible college.,2025-10-08
R279,U268,P17,5,Energy line opportunity party election later professor.,2025-03-17
R280,U792,P19,5,Suffer rule consider moment.,2025-04-29
R281,U381,P18,3,Story level debate.,2025-07-08
R282,U954,P2,5,Fear power unit or cup first.,2025-09-10
R283,U177,P42,3,Base care pass floor ability bar.,2025-12-13
R284,U619,P19,3,Almost artist nearly third offer.,2025-08-04
R285,U524,P5,3,Character skin sell.,2026-01-28
R286,U140,P30,4,Stop miss take report process imagine our.,2025-09-23
R287,U995,P29,3,Situation knowledge notice yes.,2026-02-07
R288,U665,P9,4,International follow method administration board study leader.,2025-12-16
R289,U521,P28,5,Human tax town enough writer happy feel center.,2026-02-09
R290,U567,P19,3,Organization officer summer stay friend.,2025-11-30
R291,U802,P32,1,Recently similar part before could seem analysis.,2025-04-14
R292,U387,P0,2,Table picture window structure.,2026-03-09
R293,U189,P48,1,Nation same organization strong product next about.,2025-10-01
R294,U784,P25,2,Must father then identify.,2026-02-23
R295,U142,P38,2,Spring race move evening point situation.,2025-09-20
R296,U703,P26,3,Change cover account stock list.,2025-04-10
R297,U361,P8,4,Show newspaper political.,2025-08-05
R298,U789,P24,1,Economic nothing tax structure or.,2025-12-20
R299,U760,P29,1,Pretty Congress book poor if land since standard.,2025-04-06
R300,U635,P32,2,Something face soon agreement seat card next.,2025-07-30
R301,U582,P38,1,Staff responsibility soon company medical church new whose.,2025-10-29
R302,U643,P21,4,Full visit carry scene.,2025-03-20
R303,U4,P41,3,Give shake close spring within compare early.,2025-04-30
R304,U796,P21,2,Hear president rise still media.,2025-10-04
R305,U933,P42,4,Bed participant road fast.,2025-11-18
R306,U728,P30,5,Let letter exist worker.,2026-01-11
R307,U857,P12,4,Himself wonder body good use major.,2025-09-21
R308,U239,P16,2,Enter avoid always citizen magazine size late.,2025-09-30
R309,U249,P47,2,Throw save get morning through almost.,2025-03-16
R310,U821,P7,2,Various capital start in.,2026-03-01
R311,U212,P27,2,Card worker space nice.,2026-02-02
R312,U514,P36,4,Education what structure leader director network.,2025-04-06
R313,U640,P15,2,Sure collection enough.,2025-09-11
R314,U526,P45,1,In cause hour specific food by.,2026-01-14
R315,U169,P36,3,Run scene style a.,2025-03-28
R316,U877,P10,3,Tend range age maintain others according.,2025-09-01
R317,U814,P4,1,Painting dream could others fine provide effect.,2026-01-29
R318,U426,P15,3,Ten every society yeah wear.,2025-11-21
R319,U752,P6,2,Green start action determine card north conference.,2025-03-22
R320,U806,P11,5,Several ask director right.,2025-05-08
R321,U512,P28,3,Large his protect cause coach quickly.,2026-02-24
R322,U636,P17,4,Determine discover yes actually senior child computer.,2025-09-25
R323,U835,P27,5,Discussion from worker nice structure.,2026-02-10
R324,U601,P13,2,Politics employee too add almost.,2025-10-16
R325,U529,P49,2,Since work kind happy rich million fear.,2025-11-24
R326,U585,P49,1,Team behavior or same manage power war.,2025-07-11
R327,U28,P28,2,Resource surface suggest own blue manager health.,2025-07-31
R328,U54,P20,5,Kid us difference walk true employee property.,2025-06-06
R329,U701,P8,5,Culture work especially phone politics its.,2026-02-09
R330,U739,P28,2,Financial air factor tonight total activity.,2025-10-23
R331,U757,P17,3,Represent hotel plant animal return understand that.,2025-07-28
R332,U841,P9,5,Where nature act husband determine military.,2025-07-24
R333,U138,P34,4,Back black happy beyond television main course.,2025-12-20
R334,U220,P0,1,Job to traditional down tough Congress model heart.,2025-11-15
R335,U975,P13,3,Late stand member so eye art thus total.,2025-10-20
R336,U157,P40,3,Will TV size then Republican may.,2025-09-18
R337,U356,P49,2,Population cultural key human environment difference expect box.,2026-01-18
R338,U776,P1,5,Once thought cover practice.,2025-11-08
R339,U481,P31,3,The wind minute accept suffer.,2025-03-22
R340,U317,P6,1,Recently instead challenge prove reduce well.,2025-09-25
R341,U175,P6,3,Strong card treat easy sometimes character project sound.,2025-04-03
R342,U979,P21,4,Someone crime address improve couple sign.,2025-03-29
R343,U305,P17,2,Loss involve story.,2025-10-02
R344,U975,P9,5,Such truth face condition.,2025-04-28
R345,U335,P20,5,Huge community other list deep child.,2025-08-16
R346,U912,P11,2,Guy affect race.,2025-10-07
R347,U532,P42,1,Sport investment tree eight.,2025-11-02
R348,U985,P49,5,Market I pick candidate financial east little member.,2025-10-03
R349,U241,P47,4,Operation born civil nation economic be.,2025-03-25
R350,U76,P4,1,Thing development concern.,2025-09-11
R351,U268,P15,2,Couple growth list modern process owner.,2026-01-29
R352,U397,P31,3,Whom describe these lay.,2025-05-20
R353,U849,P47,3,Society account ahead wide wall sure media.,2025-06-08
R354,U60,P22,2,Tree only trade a dinner itself.,2025-08-31
R355,U884,P0,2,Again most rate lay between prevent hear.,2025-09-27
R356,U992,P36,1,Small get put speech lose world institution.,2025-10-14
R357,U339,P27,4,Job huge single.,2025-06-06
R358,U481,P35,1,Again particularly structure bank.,2026-01-16
R359,U115,P32,2,Feeling increase member newspaper.,2025-05-08
R360,U678,P1,1,College receive debate miss push follow.,2025-06-21
R361,U265,P9,1,Draw base director suddenly show director rise.,2025-06-12
R362,U59,P12,5,Growth perhaps threat after become.,2026-02-10
R363,U7,P7,3,Lawyer PM late necessary.,2025-06-16
R364,U195,P35,3,Official travel arm choose avoid answer.,2025-03-15
R365,U934,P40,2,City street want fast especially maintain very.,2025-11-28
R366,U485,P46,1,Send quickly outside capital single just produce.,2025-04-11
R367,U495,P48,1,Require mission growth their apply my.,2025-08-05
R368,U462,P9,2,Play manage second now whose financial.,2025-03-17
R369,U243,P2,4,Serious number popular likely right center human.,2025-10-06
R370,U339,P22,4,Wind modern sit last use reflect.,2025-10-19
R371,U158,P0,2,Everyone part since set blue rather new.,2025-04-01
R372,U536,P16,3,Material oil friend realize during kid.,2026-01-26
R373,U190,P16,4,Time prevent picture the them establish.,2025-11-03
R374,U346,P8,4,Sort trial business building sound.,2026-02-09
R375,U405,P35,2,Already financial find official simple want be.,2026-01-08
R376,U415,P2,2,Late research simple save nor program dark.,2025-05-13
R377,U791,P48,2,Response building local same.,2026-02-10
R378,U191,P29,1,Nice purpose would between attention energy remember.,2025-06-12
R379,U976,P12,1,Available indicate build garden.,2025-03-21
R380,U695,P40,5,Nice create decide identify soldier machine move.,2025-08-20
R381,U900,P48,4,Congress stuff gun a research grow pick.,2025-07-16
R382,U593,P8,3,Environment risk deal lawyer door often member idea.,2025-08-30
R383,U34,P18,2,Security race quickly ever difficult movie number.,2025-09-08
R384,U478,P36,3,Quality design everything suggest court detail.,2025-07-12
R385,U949,P39,3,Hospital agent without including go where.,2026-03-03
R386,U409,P30,2,Enter through remember source.,2025-11-25
R387,U265,P1,2,Third can point sense lot.,2025-12-04
R388,U370,P36,1,Ok toward own tree arrive.,2025-08-18
R389,U965,P11,2,Security anything increase floor.,2025-07-10
R390,U491,P17,4,Physical skill must mouth morning least visit current.,2026-02-10
R391,U955,P2,1,Letter seven ahead sense.,2025-08-20
R392,U416,P4,2,Apply truth current argue plant.,2025-04-07
R393,U345,P48,1,Mission few watch worker management.,2025-10-26
R394,U237,P33,5,Hit scene know director instead glass your wear.,2025-12-23
R395,U3,P41,5,Within research behavior successful modern summer.,2025-03-23
R396,U699,P5,4,Why measure none drop.,2025-09-15
R397,U826,P49,2,Chance live seven support enter add consumer.,2026-01-09
R398,U836,P28,4,Wonder every chance official religious morning evening want.,2025-12-15
R399,U564,P44,4,Mother PM job quickly build surface collection president.,2025-05-17
R400,U971,P15,2,Sing resource amount town inside note case.,2026-01-24
R401,U666,P30,2,Edge between camera like professor purpose dog.,2025-03-15
R402,U89,P39,2,Skin weight air develop decide his.,2025-05-17
R403,U380,P18,5,Head others story.,2026-02-09
R404,U604,P4,5,Stock current position probably remember.,2026-03-07
R405,U602,P33,3,Policy wrong person your.,2025-08-08
R406,U636,P5,4,Deep entire education industry only example food fill.,2026-01-30
R407,U180,P10,3,Beat method medical wonder change field here.,2025-06-29
R408,U421,P27,5,Character goal picture middle effect fine.,2025-04-23
R409,U114,P16,4,Race hour white since different determine.,2025-12-31
R410,U725,P41,3,Door nature accept bill probably item education.,2026-02-16
R411,U880,P19,2,Or real us across day professional father.,2025-04-11
R412,U3,P23,5,Field operation indicate return work.,2025-03-21
R413,U185,P16,2,Stuff past bad think.,2025-08-29
R414,U735,P38,3,Phone until free even doctor individual hospital.,2025-08-10
R415,U157,P31,2,Learn economy hotel and court.,2026-02-11
R416,U129,P25,5,Too similar both machine program.,2026-01-30
R417,U89,P35,2,Power well notice black federal again film.,2025-04-10
R418,U27,P9,3,See everything benefit guy sister save sure.,2025-04-11
R419,U616,P38,5,Song in fly risk board.,2025-12-10
R420,U347,P42,2,Customer manage maybe.,2025-07-20
R421,U234,P8,5,Security simply because be weight song.,2025-03-20
R422,U451,P49,4,Any case where action dark north.,2025-09-09
R423,U235,P19,5,Feel threat how science field rather source.,2025-07-08
R424,U416,P42,5,We father dog option national agent.,2025-04-13
R425,U760,P1,4,Investment every toward share ok life western.,2025-08-10
R426,U742,P3,3,Form of nor market happen discover suggest.,2025-12-29
R427,U452,P8,2,City spend than such type share draw.,2026-01-17
R428,U813,P24,2,Economy natural view prevent cost.,2025-06-05
R429,U413,P6,3,Right unit energy show national together into.,2025-07-18
R430,U501,P34,4,Ten financial name large.,2025-05-22
R431,U181,P28,1,Seat fund maintain material oil although.,2025-07-07
R432,U200,P17,2,Former mind worker name tend who maybe.,2026-03-09
R433,U516,P18,3,Few party compare industry discuss fish.,2025-07-03
R434,U752,P12,5,Begin she whom wish.,2025-12-06
R435,U429,P28,4,Pattern suggest box often.,2025-08-16
R436,U729,P4,4,Turn power north affect money at happy.,2025-08-24
R437,U431,P24,2,Pull take degree.,2025-05-07
R438,U197,P23,5,Loss tend PM difference common.,2025-09-14
R439,U16,P49,3,Financial son much huge dinner ready central.,2025-12-28
R440,U948,P6,2,Affect movement instead national white detail.,2025-06-25
R441,U11,P23,4,Sometimes far body traditional color opportunity open.,2025-12-07
R442,U666,P26,4,Organization who financial those yeah treatment leave evening.,2025-12-03
R443,U495,P0,3,A administration need own program maybe sell.,2025-12-26
R444,U156,P8,5,Political hospital eight without study career.,2025-10-09
R445,U501,P39,1,Notice lawyer term reduce military.,2025-04-21
R446,U422,P13,2,Style big size little between.,2025-11-11
R447,U965,P43,5,Rule until trip attorney.,2025-07-12
R448,U334,P29,4,Skin myself staff reality above table develop soon.,2025-05-25
R449,U252,P14,1,Call study account nearly decide.,2025-12-24
R450,U679,P39,1,Range per power cultural.,2025-11-10
R451,U50,P12,1,True nearly various must sometimes get.,2026-02-18
R452,U764,P32,4,Affect management environmental.,2026-01-31
R453,U653,P29,3,Total oil rock sort.,2025-05-07
R454,U415,P20,5,Some while space plant whose human speak.,2026-02-06
R455,U1,P36,3,School wish yard Mr.,2026-03-01
R456,U240,P24,2,Few really force final although floor.,2026-02-20
R457,U443,P9,1,Present appear bank room.,2025-12-24
R458,U945,P21,4,Both serious continue night media trade.,2025-12-02
R459,U897,P44,4,Office land so kind company.,2025-03-24
R460,U380,P13,1,Enjoy ability artist ever everything leave good.,2026-02-21
R461,U10,P23,1,Would thousand paper option bad resource answer.,2025-04-04
R462,U274,P14,1,Yes size conference administration bar street drop morning.,2025-08-16
R463,U612,P22,3,Experience represent air Congress care.,2025-09-19
R464,U924,P25,5,Gas clearly population visit news.,2025-12-31
R465,U316,P30,1,Size during movement poor too.,2025-09-28
R466,U864,P14,3,And participant figure wind sell.,2026-01-02
R467,U245,P7,1,Top boy may involve he moment modern agree.,2026-03-10
R468,U539,P18,2,Law direction remain paper much wrong friend sport.,2026-02-02
R469,U173,P34,2,Material black beyond mission popular sell prevent.,2026-03-10
R470,U747,P24,2,Image board state home reflect but test.,2026-03-04
R471,U503,P34,5,Statement event TV late foreign everything include.,2025-07-15
R472,U128,P37,2,Bring buy example popular sometimes soldier.,2025-10-27
R473,U199,P12,3,Suddenly special begin market send.,2025-10-26
R474,U14,P10,3,Husband class difficult government.,2025-04-03
R475,U765,P19,1,Test present truth region next challenge.,2025-06-23
R476,U674,P20,5,Sell important administration game happen.,2025-04-09
R477,U862,P19,4,Agree include ready trade ball piece.,2025-10-16
R478,U773,P28,3,Daughter record six evening worry stand support.,2025-05-22
R479,U705,P31,3,Million ago himself common traditional.,2025-10-07
R480,U463,P1,2,Cost almost image professor care shake item.,2025-05-02
R481,U917,P22,4,You less set.,2026-02-22
R482,U677,P37,4,Man knowledge hair lawyer truth.,2025-12-14
R483,U330,P38,4,Line day local couple Congress.,2025-11-29
R484,U327,P35,1,Describe significant develop society foreign.,2025-11-28
R485,U30,P12,5,Make stuff hit maybe better.,2025-07-17
R486,U705,P21,5,Call describe education public hospital approach recent.,2025-12-10
R487,U84,P3,4,Audience get bad event couple standard.,2025-04-14
R488,U899,P0,2,Able professional industry time hard deal sing.,2025-06-02
R489,U479,P40,3,Expect down paper listen raise.,2025-09-10
R490,U142,P37,1,Chance center race tax effect early.,2025-10-10
R491,U192,P32,5,Deep type street strong plan far.,2025-12-18
R492,U788,P45,1,Top economic new six huge area carry.,2025-09-30
R493,U73,P49,1,Medical both cup oil standard.,2026-02-19
R494,U340,P4,3,Including off memory point responsibility.,2025-05-07
R495,U625,P21,1,Everyone kind common race game arm organization.,2025-12-14
R496,U652,P37,1,Group blue yourself would TV.,2025-06-06
R497,U335,P41,2,Dinner page present once.,2026-01-29
R498,U255,P2,5,Fine him name appear painting society.,2025-05-31
R499,U417,P40,4,Charge sell always later particular sell success.,2025-12-23
R500,U730,P20,4,Theory whose talk media.,2025-06-13
R501,U768,P34,5,Look clearly security every participant.,2026-02-20
R502,U102,P42,5,As material exist red act way.,2025-07-08
R503,U816,P18,2,Music attorney office worry eat.,2025-12-23
R504,U82,P41,5,Must space lay side hold.,2025-07-05
R505,U451,P11,1,Foot they offer be various ground.,2025-08-29
R506,U510,P25,4,Finish forward glass about check state.,2025-05-10
R507,U478,P10,5,Item religious wall year shake understand.,2025-10-28
R508,U607,P38,2,Detail think trip section operation myself let.,2026-02-05
R509,U90,P2,1,Science management thing easy fast.,2025-10-12
R510,U462,P14,3,Something water part food same stop.,2026-02-23
R511,U533,P17,1,Blue team sport particular present.,2025-03-19
R512,U451,P36,2,Too ok trial onto reason mention health.,2025-07-04
R513,U969,P22,3,Air model arm sea thus improve.,2025-05-01
R514,U81,P18,4,Parent class possible name important clearly interesting.,2025-04-24
R515,U494,P14,3,Somebody born weight protect how.,2025-07-14
R516,U237,P34,2,Country really national investment result trial go.,2025-12-24
R517,U945,P9,5,Attention peace policy this.,2025-07-17
R518,U76,P23,2,Piece involve significant back these much nothing.,2025-06-24
R519,U28,P19,3,Detail tree play.,2026-03-02
R520,U488,P47,3,Project interesting general.,2025-07-08
R521,U78,P24,4,Wide help cover floor hour candidate total.,2026-03-07
R522,U472,P43,1,Moment summer whatever enough could production move recent.,2025-10-09
R523,U774,P9,5,Season area discuss face fast great outside receive.,2025-12-31
R524,U997,P38,4,Six maintain third first hundred reflect manage.,2026-02-10
R525,U330,P34,1,Could ten free able thousand check low lawyer.,2025-04-24
R526,U161,P28,4,Chair determine accept manage.,2026-02-20
R527,U981,P46,5,Town toward marriage meet.,2025-09-28
R528,U853,P17,3,New number book suffer star prove.,2025-06-01
R529,U398,P30,5,Could exactly enough situation defense.,2026-01-23
R530,U575,P26,4,Design probably country let back.,2025-09-20
R531,U785,P45,4,Win race prevent across fire common.,2025-07-31
R532,U949,P30,2,Star make check surface can.,2025-10-31
R533,U516,P30,5,Newspaper north nice central painting television gun firm.,2025-09-10
R534,U773,P22,2,Arm on century poor defense three glass.,2026-01-25
R535,U887,P39,3,Couple young assume participant worry.,2025-08-07
R536,U810,P26,5,Body decision administration.,2025-12-16
R537,U431,P38,3,Most point in those.,2025-05-24
R538,U758,P16,5,Long quickly street less.,2025-09-26
R539,U260,P21,4,Source behavior local per.,2025-05-14
R540,U305,P2,5,Form ten employee watch.,2025-07-27
R541,U671,P12,3,Check hotel material real recognize term.,2025-05-02
R542,U728,P32,5,Reveal ten read.,2025-06-01
R543,U207,P3,5,Person step agency.,2025-03-25
R544,U432,P39,4,Find whom assume over take book.,2026-01-26
R545,U140,P48,5,Discover society wrong here read security professional.,2025-12-16
R546,U791,P2,4,Training might stay.,2025-05-05
R547,U416,P29,4,Perhaps contain shoulder career.,2025-03-28
R548,U630,P17,1,Last response right soon cup thing sing.,2026-01-20
R549,U488,P17,3,Friend shoulder this however situation.,2025-07-24
R550,U179,P43,2,Green figure home analysis before probably field task.,2025-07-17
R551,U571,P16,4,You society Democrat pick great model.,2025-07-08
R552,U358,P36,4,Material administration each as now.,2025-10-27
R553,U219,P11,1,Market area positive for level large line week.,2025-09-14
R554,U473,P39,3,Hit require together region adult.,2025-06-13
R555,U314,P1,4,Ask rich next true why low bring.,2025-07-12
R556,U861,P35,3,Light friend anyone opportunity life bill score.,2025-09-10
R557,U632,P13,3,Know plan notice or media dark better head.,2026-02-16
R558,U70,P14,3,Simple east democratic range.,2025-12-20
R559,U591,P29,2,Natural stand name form.,2025-11-06
R560,U507,P24,2,Receive generation day move because.,2025-10-05
R561,U532,P35,1,Detail trial show perhaps adult.,2025-04-11
R562,U833,P9,4,Another keep window tonight.,2025-05-14
R563,U389,P18,3,Why energy store kind.,2025-10-06
R564,U935,P17,3,Happen person set bad large knowledge hospital.,2026-01-30
R565,U689,P16,2,Age race former role.,2025-05-01
R566,U361,P7,5,The newspaper fish degree cell.,2025-05-28
R567,U787,P35,2,Protect PM sea better population friend.,2025-04-04
R568,U462,P31,4,Laugh about other nor.,2025-12-15
R569,U649,P10,4,Answer half oil opportunity life build join.,2025-12-10
R570,U903,P30,5,Prevent figure operation bed pretty traditional.,2025-11-07
R571,U682,P18,5,Music blood individual participant across share ready.,2025-06-18
R572,U284,P12,4,Skill water usually perhaps.,2025-06-04
R573,U316,P35,1,Nearly price wife break.,2025-05-07
R574,U381,P19,3,Sort environment stuff onto environmental scientist.,2025-11-23
R575,U895,P34,3,Usually law fish base capital.,2025-04-29
R576,U217,P12,5,Rather whether body contain knowledge six quite.,2025-11-07
R577,U795,P24,5,Officer prepare Congress enjoy red.,2025-07-17
R578,U914,P16,1,What Mr dark one energy.,2025-08-09
R579,U557,P23,2,What miss herself.,2025-07-09
R580,U928,P6,2,Myself region challenge year worry side.,2025-10-18
R581,U813,P20,3,Late produce dinner cup.,2025-04-10
R582,U897,P15,1,More fish institution audience successful seek.,2025-08-17
R583,U564,P35,1,Seek short away field.,2025-12-31
R584,U364,P0,4,Response poor window support marriage avoid.,2025-06-20
R585,U798,P18,3,Perform development again heavy improve simply.,2025-11-15
R586,U162,P32,2,Office her customer huge.,2025-06-16
R587,U415,P25,3,Enter community stock.,2025-10-26
R588,U721,P45,1,Maybe only suggest product story.,2026-02-09
R589,U773,P41,2,Spend modern score else.,2025-12-15
R590,U208,P0,1,Ask general rich before back on put.,2025-11-02
R591,U76,P17,1,A but option reduce.,2026-01-21
R592,U657,P47,4,Help much present ball consider.,2026-02-19
R593,U237,P26,4,Exactly thousand sister someone.,2026-03-08
R594,U618,P33,2,It attorney thus time.,2025-11-26
R595,U74,P16,5,Beautiful base partner threat raise.,2025-09-21
R596,U136,P0,4,Garden collection material relationship tend wide.,2025-07-28
R597,U138,P30,3,Article economic year particular total.,2025-08-08
R598,U671,P14,5,Quickly really follow specific traditional.,2026-01-07
R599,U517,P28,5,Investment support kind effect class big why.,2025-06-20
R600,U212,P26,4,Close list deep provide news our give.,2025-03-15
R601,U956,P40,2,Let sound he civil enjoy industry.,2026-03-01
R602,U563,P13,2,Without magazine finally something community avoid and.,2025-09-23
R603,U370,P30,4,Remember miss agree same generation apply mind.,2025-09-08
R604,U834,P35,5,Line across nor wonder scientist behavior.,2025-07-24
R605,U57,P3,1,Friend key even concern tough certainly customer leave.,2025-05-08
R606,U919,P28,1,Difficult identify anyone son baby recognize moment.,2025-10-26
R607,U457,P40,1,Quite area cut test style mission her lay.,2025-08-23
R608,U54,P43,3,Do left try.,2025-03-22
R609,U136,P19,5,Citizen special test our late.,2026-02-09
R610,U711,P44,2,Drop true across Mrs film.,2025-11-21
R611,U472,P13,1,Answer national stay third budget partner shake brother.,2025-10-24
R612,U824,P47,3,Image teacher most fly card.,2026-02-12
R613,U579,P12,1,Seem else push body same those southern Democrat.,2026-03-10
R614,U935,P49,4,Station boy individual want miss young ready.,2025-10-28
R615,U29,P3,2,Wife probably finally through nature fear wind.,2025-10-04
R616,U482,P35,3,House modern beat well.,2025-04-13
R617,U910,P18,3,Leg raise same forward American.,2025-10-05
R618,U872,P7,2,Eat her approach various score price.,2026-02-03
R619,U889,P8,4,Whatever pass firm old cover time base.,2025-06-24
R620,U563,P32,2,Business walk mission responsibility tree letter.,2025-05-24
R621,U772,P36,3,Item without listen address certain.,2025-11-08
R622,U792,P4,5,Center investment coach.,2025-08-24
R623,U37,P12,4,Hundred conference growth work.,2025-10-06
R624,U276,P49,1,Control doctor visit organization material into arrive.,2026-01-04
R625,U213,P2,4,Ten dream everybody suddenly.,2026-01-04
R626,U543,P32,2,Carry case method or oil run back.,2026-02-19
R627,U514,P16,1,Produce rest land.,2025-08-01
R628,U924,P13,3,Particular sign which them for.,2026-02-07
R629,U732,P4,3,Yeah office clearly partner involve quality.,2025-09-25
R630,U964,P17,2,Treatment in apply fight discussion city others.,2025-08-05
R631,U980,P14,5,Yeah information per market.,2025-11-25
R632,U4,P7,1,None whole read happy system attack use kitchen.,2025-07-16
R633,U70,P32,4,Finish recognize hit sometimes dinner growth.,2025-03-18
R634,U549,P17,5,Experience near kind manager teacher.,2025-08-04
R635,U935,P20,2,Democrat defense else statement next.,2025-12-02
R636,U538,P37,3,There foot themselves.,2025-12-30
R637,U164,P17,1,Term go resource above enjoy weight.,2026-02-03
R638,U395,P42,1,Follow share shake.,2025-05-17
R639,U149,P24,5,Staff class actually production for camera.,2025-08-28
R640,U595,P28,4,Always team perhaps thing study cultural choice.,2025-08-16
R641,U745,P14,5,Option just before again.,2026-02-10
R642,U632,P0,5,It pattern news office star quite close.,2025-03-30
R643,U904,P40,1,Focus safe else ball deep day.,2025-06-26
R644,U638,P30,5,Late off politics full.,2025-04-16
R645,U525,P17,2,Visit we worry spend high.,2025-09-02
R646,U201,P24,1,Field television toward new ever whom especially lose.,2025-09-05
R647,U864,P41,4,Land ground son political.,2025-06-14
R648,U76,P49,4,Organization safe bill popular any dinner discussion.,2025-06-30
R649,U832,P15,5,Yard idea east lawyer the bill could.,2025-06-29
R650,U700,P0,5,Manager tree animal event culture kind.,2025-12-09
R651,U671,P15,5,Article over job into discussion believe family.,2025-11-18
R652,U187,P6,5,Left front focus religious she.,2025-03-23
R653,U877,P23,2,Time case send woman.,2026-03-11
R654,U975,P34,5,Song line take.,2025-08-27
R655,U291,P26,1,Partner next thought way.,2026-01-02
R656,U785,P44,5,For including idea watch over.,2025-09-11
R657,U564,P17,5,Statement parent relate assume during how.,2025-09-19
R658,U356,P25,3,Movement minute myself director office believe.,2025-11-20
R659,U191,P42,3,About teacher to visit food claim from.,2025-09-01
R660,U446,P18,5,Yourself sing pretty and policy hair minute.,2026-03-10
R661,U517,P38,1,Garden rather human morning send card standard fact.,2025-07-15
R662,U41,P21,4,Attorney item improve character.,2026-01-22
R663,U824,P20,3,How even accept population resource.,2025-12-10
R664,U961,P1,3,Boy build east line.,2025-10-11
R665,U322,P17,3,Because my strategy decide.,2025-11-30
R666,U303,P15,1,Region society set house.,2025-03-16
R667,U342,P49,5,Congress example American likely question trade.,2025-04-25
R668,U813,P5,5,Employee teacher than national.,2025-05-26
R669,U971,P37,2,Poor today personal dog.,2026-01-25
R670,U465,P6,3,Truth anyone that guess mean population beautiful.,2025-03-28
R671,U655,P2,4,Drive rule student course.,2025-09-01
R672,U574,P21,3,Wish thank specific language.,2025-10-25
R673,U679,P27,2,Show imagine argue deal statement.,2025-11-09
R674,U545,P29,1,Once relationship many pretty.,2025-03-19
R675,U813,P22,5,Leave build probably understand tough past usually product.,2025-05-06
R676,U783,P29,1,Long risk nature agency age draw.,2025-10-24
R677,U28,P14,5,Ahead big since against support summer.,2026-02-05
R678,U277,P30,2,These move fire president particular control.,2025-07-26
R679,U887,P34,4,Ball at argue tell wait behind.,2025-06-30
R680,U119,P25,5,Fund suddenly participant rate employee.,2025-10-19
R681,U418,P32,3,Tell vote believe woman head sister.,2026-01-26
R682,U884,P41,3,Job you in relationship person out current.,2025-06-04
R683,U5,P22,2,Him others contain second.,2025-06-15
R684,U535,P10,3,No quality part first concern hand town.,2025-12-20
R685,U435,P1,3,Window image radio summer event behind.,2026-02-01
R686,U71,P33,1,Trade experience tough if career local resource.,2025-04-26
R687,U356,P41,4,Themselves single simple leave country leave.,2025-08-31
R688,U731,P16,1,Travel machine card require yet.,2025-08-03
R689,U843,P26,1,Be agree issue analysis site yet tough cold.,2025-07-24
R690,U938,P14,3,Ago ball billion send past positive.,2025-06-10
R691,U444,P43,1,Name nor ever act local rock.,2026-01-19
R692,U816,P47,5,Cut family purpose dream able war.,2025-06-18
R693,U164,P8,5,That spend front box fact.,2025-03-24
R694,U839,P26,4,Best old himself great despite.,2025-08-04
R695,U751,P0,3,Threat month store must look option describe.,2025-07-03
R696,U153,P40,4,Teacher participant career only worker.,2025-04-14
R697,U546,P22,2,Brother poor relate just turn most.,2026-01-15
R698,U129,P42,4,Finally inside result rather need statement white.,2026-03-06
R699,U997,P44,4,Also husband save at attention art who.,2025-09-27
R700,U284,P44,5,Recognize evidence green boy hot argue heavy.,2025-07-26
R701,U123,P35,5,Military down better spend.,2025-04-06
R702,U81,P10,5,Two environment detail yourself collection may open.,2026-02-08
R703,U983,P17,5,Develop old several less low.,2025-08-03
R704,U103,P27,4,Reach history walk among result.,2025-06-25
R705,U863,P28,1,Use institution song.,2026-02-26
R706,U525,P40,3,Think occur minute call cup chance.,2026-02-27
R707,U191,P13,5,Hair chair only TV.,2026-01-17
R708,U904,P13,1,Defense game exist book get.,2025-12-16
R709,U83,P19,3,Mind care front whether Mrs board safe.,2025-03-14
R710,U486,P25,3,Common human budget total.,2025-08-29
R711,U427,P8,5,Scientist focus media market how she throughout.,2025-04-19
R712,U829,P0,1,Class fall degree government sense participant.,2025-10-28
R713,U263,P8,4,Stand talk address stay.,2025-03-15
R714,U136,P30,2,Them road water grow doctor rest he.,2025-04-29
R715,U86,P21,4,Still if list employee final else.,2025-05-26
R716,U522,P23,2,Far too early executive effect small difficult.,2025-10-19
R717,U810,P22,5,Fill do natural.,2025-11-13
R718,U243,P30,1,Industry politics task subject indeed seat new.,2025-03-19
R719,U553,P42,3,South home anyone director sister miss get.,2026-02-14
R720,U604,P22,3,Night attack two tell song medical what.,2025-05-14
R721,U951,P8,4,Wrong field product authority recent.,2025-08-10
R722,U90,P35,3,Matter always store at business.,2025-08-24
R723,U920,P21,1,Old address recent your career safe clearly.,2025-11-09
R724,U823,P7,3,Leave likely receive every recent election address.,2025-05-23
R725,U643,P14,3,Perform pattern animal third military environmental.,2025-08-24
R726,U309,P16,2,Our front land book land discover significant.,2025-10-03
R727,U404,P2,5,Put return same us group.,2025-09-19
R728,U565,P22,1,Exist score determine at.,2025-07-17
R729,U256,P29,4,Main hear safe society tax.,2026-01-15
R730,U81,P34,1,Suggest vote not quickly.,2026-03-05
R731,U221,P6,4,International resource result glass commercial side director.,2025-04-25
R732,U621,P10,5,Raise choice film conference.,2025-12-26
R733,U457,P30,5,Green weight rich ago message other.,2025-09-08
R734,U38,P29,2,Data condition brother fear successful.,2025-09-02
R735,U810,P23,1,Person rather response future win since decade.,2025-12-20
R736,U892,P12,3,Movement picture involve college model piece.,2025-07-25
R737,U255,P21,2,Effort quality church figure good.,2026-02-15
R738,U304,P5,4,Model administration determine become major another government.,2025-06-05
R739,U237,P49,1,Total Congress but work security notice set rock.,2026-02-26
R740,U894,P9,4,North human one practice attention marriage.,2025-12-05
R741,U601,P45,1,Citizen nearly industry few charge.,2025-08-12
R742,U150,P9,1,You within either training finish various family.,2025-09-02
R743,U795,P19,1,Hair development science nothing indeed.,2025-10-10
R744,U54,P33,1,Throughout tax college step.,2025-04-09
R745,U217,P31,4,Head able why range almost if avoid.,2025-05-20
R746,U282,P19,2,Bit four alone first push region.,2025-09-11
R747,U132,P18,3,Anything summer drop chance church.,2025-07-14
R748,U313,P46,4,Subject picture effect happen hot reflect sure.,2025-12-11
R749,U274,P39,3,Drive indicate type long itself.,2026-01-16
R750,U764,P19,5,Could class fire.,2025-06-17
R751,U887,P42,5,Type response catch.,2025-08-06
R752,U762,P38,5,Particularly as heavy my.,2026-02-03
R753,U503,P23,5,Day truth until structure indeed one sing.,2025-04-13
R754,U702,P36,5,Too line grow ball parent.,2026-02-18
R755,U959,P40,5,Story blue window must sell cut.,2025-12-23
R756,U824,P26,5,Pm close fight across quite project.,2025-11-14
R757,U515,P22,3,Several cup area father exist catch record.,2025-04-26
R758,U704,P40,1,Land board cup those recognize PM too.,2025-03-26
R759,U79,P33,3,Choice man safe probably able.,2026-01-29
R760,U809,P2,5,Born election several share without toward.,2025-10-22
R761,U288,P16,4,Rise Congress thus just whole.,2025-12-29
R762,U867,P42,2,Goal year skill debate.,2025-12-26
R763,U658,P18,3,Money person seek think involve.,2025-06-15
R764,U674,P5,2,History gun indicate outside.,2025-08-22
R765,U401,P22,2,Summer rise modern know experience voice threat job.,2025-11-16
R766,U342,P48,4,Occur however quite.,2025-11-28
R767,U800,P22,2,Speech ask section mention agent off.,2026-01-25
R768,U213,P23,5,Win service herself factor.,2025-08-08
R769,U372,P34,3,Look today police two pressure.,2025-08-17
R770,U825,P3,5,Be suddenly hope always might everything.,2025-11-02
R771,U438,P34,4,Wind foreign little behind around race street discover.,2025-12-22
R772,U977,P17,1,Our relate security within suddenly risk outside deal.,2025-04-16
R773,U964,P0,3,Much language father military organization expect.,2025-11-13
R774,U341,P44,3,Main man film.,2026-02-07
R775,U468,P37,1,Town south mention whole message.,2025-06-05
R776,U486,P18,5,Camera personal perhaps himself office market month.,2025-08-01
R777,U169,P22,3,Cost week language network sell year vote.,2025-03-28
R778,U855,P49,1,Actually truth beyond sort meeting.,2025-07-26
R779,U755,P24,5,Be truth unit discover whom week.,2025-04-25
R780,U225,P27,1,How up decade do painting.,2025-09-13
R781,U94,P6,5,A institution information rest education much.,2025-09-13
R782,U478,P23,3,Actually local probably anything.,2025-05-24
R783,U765,P23,3,Thank guy especially less management those pay.,2025-08-21
R784,U29,P33,4,Radio southern song story.,2025-09-11
R785,U738,P25,4,Your big herself inside.,2025-11-23
R786,U924,P17,2,Smile like these sense like letter it.,2025-10-20
R787,U582,P19,4,Whether rather voice behind less.,2025-12-30
R788,U100,P26,3,Out sea year air.,2026-01-06
R789,U408,P20,4,North send rich environmental week.,2025-07-20
R790,U603,P16,5,Instead nearly public owner adult.,2025-05-23
R791,U717,P17,2,These hundred wall down more throughout.,2026-01-29
R792,U659,P3,3,Ten live avoid modern treat tough all.,2025-04-10
R793,U604,P18,3,Onto pattern argue myself.,2025-11-28
R794,U353,P8,4,Time attorney film really blue short pattern.,2025-05-20
R795,U940,P26,4,Tax site since raise.,2025-06-21
R796,U142,P7,4,Box here produce rest.,2025-08-16
R797,U361,P8,1,Dark phone off side.,2025-10-26
R798,U444,P38,4,Respond country hand probably.,2025-11-26
R799,U292,P10,4,Leader I start college nature staff authority budget.,2025-08-09
R800,U438,P47,3,Candidate else prepare bad a whom south.,2025-12-23
R801,U649,P39,3,West us it like.,2026-01-22
R802,U762,P43,2,Enter have away concern sell test call.,2025-04-27
R803,U419,P36,2,Success we should hand.,2025-07-08
R804,U112,P23,5,Consider figure course public.,2025-10-25
R805,U720,P35,4,None spring first question.,2025-10-01
R806,U732,P30,2,Answer officer leader rise what set.,2025-04-21
R807,U619,P12,5,Speech popular friend edge recognize right.,2025-07-20
R808,U720,P18,1,Impact call Republican food firm government paper ready.,2025-09-11
R809,U883,P19,1,Participant policy need whole arm value.,2025-04-30
R810,U12,P22,5,Society crime policy.,2025-08-05
R811,U60,P17,4,Political good join chance.,2025-05-28
R812,U291,P38,1,Election data loss think performance public hear modern.,2025-06-07
R813,U912,P37,5,Film lawyer through option stage.,2025-12-14
R814,U199,P39,1,Trip nature still real art.,2025-06-19
R815,U254,P9,2,Watch eat final fine music many great.,2025-03-26
R816,U845,P30,4,Discover past trip mouth most first.,2025-07-27
R817,U830,P35,2,Why turn for source.,2026-01-26
R818,U427,P27,1,Easy interest recently live.,2026-03-11
R819,U827,P7,1,She side several husband three information success.,2025-04-01
R820,U975,P6,2,Pull dream understand accept draw material.,2025-11-28
R821,U135,P23,2,He eat fact avoid.,2025-03-26
R822,U436,P24,1,Long single nor air whole order.,2025-12-05
R823,U281,P5,4,Standard her research their.,2025-12-03
R824,U875,P22,5,Over body water our gun local.,2026-01-23
R825,U394,P13,3,Respond appear factor attention.,2025-04-16
R826,U329,P41,2,Hold able sister usually.,2026-02-22
R827,U695,P48,5,Painting realize program upon use attack.,2025-07-21
R828,U901,P9,4,Policy peace another much among.,2025-08-25
R829,U548,P45,4,Technology of sell center vote program.,2025-04-08
R830,U327,P8,1,Down task generation could meet three buy.,2025-06-16
R831,U444,P36,1,Lawyer share network common.,2025-08-23
R832,U567,P38,4,Quality answer evidence who play management spring on.,2025-07-13
R833,U920,P12,2,Officer traditional suddenly store.,2025-03-24
R834,U754,P48,1,Mind attack family you sense difference.,2025-08-14
R835,U278,P43,3,Girl into perform smile election although on fund.,2025-10-17
R836,U118,P10,1,Model personal between rule understand stock.,2025-05-18
R837,U682,P8,1,Hard best brother soon.,2025-10-16
R838,U974,P8,5,Blue five music them.,2025-09-17
R839,U267,P38,3,Small behavior answer yet morning cause.,2025-06-06
R840,U246,P30,5,Board child hit either minute either woman.,2025-05-23
R841,U430,P34,2,Cover science if alone identify.,2025-11-23
R842,U531,P47,5,Begin above majority under team marriage place.,2025-09-20
R843,U983,P36,1,National several never bank go such.,2025-12-17
R844,U783,P30,3,Wonder activity program he staff return.,2026-01-07
R845,U889,P27,5,Change should however the story tree.,2026-02-21
R846,U831,P4,4,Administration democratic also power.,2025-05-05
R847,U484,P9,3,Money give and class knowledge.,2025-03-28
R848,U974,P45,4,Pm maybe management physical road minute.,2025-06-07
R849,U973,P4,3,Get hand never single administration.,2025-03-22
R850,U647,P15,2,Day interest send about spring.,2025-10-10
R851,U150,P41,3,Never sort beautiful want war.,2026-01-23
R852,U487,P6,5,Back any then customer capital camera.,2025-11-24
R853,U651,P8,3,Key about account stock ten.,2025-04-03
R854,U650,P32,2,Work record crime difficult always south.,2025-10-28
R855,U225,P10,1,Table newspaper check focus.,2025-05-27
R856,U985,P27,3,Debate similar international nearly gas between federal.,2025-08-25
R857,U913,P17,4,Heart movie else eye.,2026-01-27
R858,U674,P28,3,Over tough seat.,2025-06-20
R859,U392,P19,3,Cover save picture production six take thought worker.,2025-06-30
R860,U811,P11,5,Dog his crime among protect approach let ever.,2025-10-12
R861,U293,P37,1,Catch upon finish work force budget.,2025-05-23
R862,U948,P47,1,Allow party form compare wonder role before somebody.,2025-04-28
R863,U813,P35,4,Reveal born sign product stage.,2025-09-23
R864,U379,P41,3,Provide environmental training head.,2025-12-19
R865,U931,P22,2,Single forward three after to pattern sea.,2025-09-03
R866,U158,P48,2,Large herself style.,2025-10-13
R867,U437,P15,2,Address world I ok station while quickly.,2025-12-10
R868,U418,P12,4,With movement teacher article.,2025-09-15
R869,U316,P22,1,Thought thing true when reason class.,2025-05-07
R870,U963,P30,4,Spring leave article light size pretty mention.,2025-05-11
R871,U15,P18,4,Item build throw push easy.,2025-08-07
R872,U384,P22,1,Identify surface politics here.,2025-09-10
R873,U479,P42,4,That increase dinner.,2025-09-17
R874,U900,P4,4,Cover trial particular special six major.,2025-07-16
R875,U50,P26,1,Agency follow somebody size concern occur.,2025-03-23
R876,U449,P9,4,Course upon scientist role call language follow training.,2025-10-29
R877,U556,P44,4,Remember campaign blue memory price.,2025-03-21
R878,U495,P27,1,After type customer court eat TV another.,2025-11-20
R879,U378,P35,1,Article language nothing maintain court total kitchen.,2025-12-29
R880,U215,P7,3,Own himself memory available need daughter gun.,2025-08-04
R881,U44,P28,5,Republican budget dinner responsibility animal.,2026-01-09
R882,U887,P11,3,Action so keep building.,2025-10-18
R883,U531,P29,3,Staff player weight themselves right nothing brother probably.,2025-03-16
R884,U801,P22,4,Fear argue concern today happen them hope material.,2025-06-20
R885,U641,P27,2,Gas back beat focus past.,2026-02-12
R886,U599,P23,1,Project reveal heavy site white trade television win.,2025-09-09
R887,U883,P41,5,Difficult tonight want begin off agree grow allow.,2025-11-01
R888,U135,P37,1,Student exactly technology long seven war.,2026-01-07
R889,U810,P34,4,Every degree any beat step.,2025-10-20
R890,U731,P22,3,Tax author meeting.,2026-02-28
R891,U36,P33,2,Different rock establish Congress.,2026-01-15
R892,U835,P5,3,Police run capital house.,2025-04-29
R893,U488,P4,3,Staff friend forward out student.,2025-05-28
R894,U0,P39,1,Camera behind north view important.,2025-06-06
R895,U957,P42,3,West friend idea parent quite attorney civil main.,2025-09-06
R896,U564,P10,5,When ground worker mention yes lose avoid.,2026-01-12
R897,U773,P39,3,Charge black various commercial reflect important fish.,2025-12-27
R898,U219,P8,2,Argue main who study good.,2025-06-24
R899,U166,P13,4,Able drop work center lay role believe.,2026-02-20
R900,U185,P17,1,Third generation answer her traditional.,2025-05-14
R901,U496,P35,4,Majority idea travel friend director.,2026-02-01
R902,U763,P18,1,Down guess heavy particularly.,2025-05-24
R903,U900,P27,2,Great science character box even.,2025-05-09
R904,U236,P22,3,Protect memory security lay oil.,2025-07-01
R905,U40,P28,2,Employee themselves because.,2025-04-06
R906,U742,P38,3,Economic need health word fear.,2025-06-09
R907,U669,P31,5,On serve always education discussion region stop mean.,2025-10-10
R908,U811,P47,1,Want when them forget.,2025-08-16
R909,U674,P38,4,Decide power provide number beyond garden.,2025-09-12
R910,U758,P45,5,Yeah continue student control.,2026-02-19
R911,U247,P31,4,Outside human behind sister.,2025-10-12
R912,U510,P19,4,Learn share social establish.,2025-05-13
R913,U789,P22,5,Will along soldier white weight.,2025-11-25
R914,U937,P43,5,Service follow yet situation similar eye.,2025-07-20
R915,U260,P12,5,Investment see six drop these Congress heavy prepare.,2025-04-08
R916,U162,P34,2,Note analysis ahead live beyond once I.,2025-11-08
R917,U278,P46,2,Officer pressure whole assume including pattern thank.,2026-01-08
R918,U80,P6,4,Example home just benefit.,2025-11-25
R919,U657,P46,4,Place able recognize.,2025-10-16
R920,U685,P19,4,Consumer trial get pattern ask position.,2025-09-28
R921,U530,P21,5,Cut try available sell same up attack choice.,2025-10-28
R922,U128,P31,2,Add according voice like lose reason population.,2025-07-12
R923,U302,P18,2,Western sister maintain operation although face.,2025-08-18
R924,U936,P33,3,Pattern marriage early.,2026-02-01
R925,U909,P22,5,Relationship food level month.,2025-05-09
R926,U390,P22,2,Friend responsibility fact read effort.,2025-07-19
R927,U51,P36,1,Road away site light daughter only camera.,2025-05-30
R928,U239,P49,5,Address like maybe day particularly put.,2025-10-18
R929,U475,P6,2,City democratic less alone president involve program.,2025-07-03
R930,U876,P39,1,Baby use bad president often.,2026-01-26
R931,U462,P48,4,Foot modern just you whether.,2025-08-27
R932,U968,P42,4,Guy voice get tax himself mission.,2025-12-22
R933,U29,P38,3,However yes indicate growth unit lot impact.,2026-02-24
R934,U823,P27,3,Help story hospital.,2025-06-08
R935,U706,P30,4,Hold improve because money top dream.,2025-04-25
R936,U91,P5,1,Region bring none newspaper out home.,2025-05-04
R937,U748,P21,4,Window second list left really defense.,2025-05-21
R938,U279,P47,3,Population by eye drug whose agreement sing.,2025-03-15
R939,U121,P41,2,Find his environment difference audience rule news lead.,2025-09-22
R940,U696,P13,2,Production car foreign.,2026-01-16
R941,U735,P1,5,Hour whom range office sometimes one letter.,2025-12-12
R942,U260,P44,2,Physical can particular program environmental.,2026-01-05
R943,U962,P46,1,Feeling finish this nice.,2026-02-01
R944,U24,P3,3,Us race least stuff great attorney.,2025-10-03
R945,U763,P22,5,Level where station art hard she mouth.,2026-01-01
R946,U566,P45,3,Month talk three hear collection end health.,2025-05-14
R947,U694,P29,2,Film economy plant approach sing song walk nor.,2025-12-02
R948,U231,P43,2,Apply explain four paper include teach.,2025-05-07
R949,U817,P44,3,Bed key black marriage.,2025-10-06
R950,U177,P24,2,Such especially allow.,2026-01-17
R951,U519,P2,5,Reality suddenly five on.,2025-04-18
R952,U997,P2,3,Even dream always laugh a player nearly.,2025-04-03
R953,U104,P43,2,Task truth may usually politics.,2026-02-24
R954,U327,P23,2,Serious dream simple hit.,2026-01-07
R955,U388,P3,5,Start include threat live.,2025-06-15
R956,U530,P23,4,Whose adult method move dinner still.,2025-10-13
R957,U385,P24,3,Push later race program together form wife.,2026-03-01
R958,U129,P12,1,Information unit property general off include plan.,2025-04-06
R959,U408,P38,4,Red measure medical nothing see pay.,2025-10-21
R960,U987,P25,5,Large trade wall high forward.,2025-11-14
R961,U161,P44,3,Argue popular enough upon dark.,2025-06-01
R962,U223,P38,2,Pressure continue entire training site.,2025-10-05
R963,U974,P33,2,Small news later team approach.,2026-01-03
R964,U772,P22,3,Serious work Mr plant around dinner respond.,2025-03-26
R965,U346,P25,4,Inside international yet whom agreement officer.,2025-04-29
R966,U152,P47,4,Customer answer picture.,2025-04-13
R967,U578,P5,5,Leader feeling cut subject director hard represent claim.,2025-11-07
R968,U131,P6,4,Political career financial participant.,2025-09-01
R969,U47,P16,1,Middle still rule once general.,2026-01-24
R970,U96,P22,4,Maybe class animal black face.,2025-04-30
R971,U703,P44,3,Attack increase realize.,2025-10-11
R972,U608,P13,2,Yourself follow add tell movie.,2026-01-09
R973,U888,P45,4,Evidence left pretty girl.,2025-09-26
R974,U659,P13,4,Continue show thought despite job player.,2025-12-20
R975,U804,P6,2,Mr security sell apply else interview.,2026-02-16
R976,U97,P7,3,Including produce send practice cell to.,2025-08-01
R977,U825,P36,3,While into too manager.,2026-03-09
R978,U159,P35,4,Star attention record than.,2025-06-16
R979,U319,P21,4,Challenge tend teacher into per country true.,2025-05-16
R980,U757,P7,1,People share many medical song full.,2025-08-08
R981,U803,P40,5,Local program threat.,2025-09-11
R982,U195,P49,5,Stand role night hospital story do.,2025-10-01
R983,U263,P10,5,Little state fire economy increase be.,2025-10-18
R984,U894,P32,4,Listen chair local themselves rest pattern.,2025-06-29
R985,U838,P5,1,Suggest military discover rather indicate friend often best.,2025-12-26
R986,U336,P2,1,Standard move store pattern.,2025-11-08
R987,U585,P41,4,Deal he inside agent.,2025-03-23
R988,U538,P7,5,Reveal white executive would so write bring.,2025-11-22
R989,U596,P9,4,Herself all identify win.,2026-03-11
R990,U292,P30,2,Few would big pass off.,2025-05-09
R991,U906,P14,1,Line each eye remember order.,2025-10-16
R992,U370,P8,1,Speech maintain can need government.,2025-09-07
R993,U768,P44,5,Seat health west feeling join boy sound.,2025-04-05
R994,U267,P48,4,Suggest everybody long those half.,2025-10-20
R995,U158,P6,1,Wall laugh attack theory plant.,2025-06-16
R996,U524,P38,1,New visit then deep participant cup fly sure.,2025-10-25
R997,U261,P4,2,Past there continue above.,2025-10-22
R998,U767,P25,2,White into worry learn fish thus.,2025-10-09
R999,U800,P19,1,Product doctor stage health success.,2025-07-23
R1000,U251,P6,4,Movie argue even painting voice.,2025-08-30
R1001,U530,P43,2,Coach new sport before evidence network manager.,2025-10-14
R1002,U935,P44,1,Seven move speech air position pay be eat.,2025-06-22
R1003,U85,P1,2,Others miss physical forget total past buy check.,2025-07-20
R1004,U823,P17,2,Group one represent data.,2025-08-07
R1005,U320,P26,1,Cover Republican look leader bank.,2026-02-23
R1006,U871,P15,5,Now color our particularly according just.,2025-11-08
R1007,U994,P5,3,Apply peace common author gun PM.,2025-08-23
R1008,U50,P3,5,Tv message former be none term.,2025-06-25
R1009,U83,P12,3,Decide allow military vote those show.,2025-05-17
R1010,U133,P35,4,Sure successful physical speech western measure.,2025-07-20
R1011,U914,P21,4,Real long down others star system.,2025-12-12
R1012,U376,P8,5,Dinner carry past reason sometimes mother discuss garden.,2025-05-07
R1013,U793,P49,2,Environment bad since effect half.,2025-03-30
R1014,U740,P8,1,Own choose until beyond early show.,2026-01-10
R1015,U722,P19,1,Development black will increase success study body who.,2025-07-23
R1016,U320,P13,2,Field up step choice stand.,2025-06-09
R1017,U778,P49,5,Practice defense pull discussion.,2025-10-10
R1018,U993,P38,2,Design night may quite up too rather.,2026-02-13
R1019,U235,P10,4,Wind question yard dream reduce bring gas.,2025-03-15
R1020,U999,P46,3,Deal tonight catch easy pretty.,2025-12-31
R1021,U126,P31,4,Off seat option management hit suggest camera.,2025-05-30
R1022,U908,P18,3,Front yes event her church early.,2026-01-28
R1023,U764,P44,1,Series traditional television reality onto character staff yes.,2025-04-08
R1024,U382,P34,3,Investment piece cause despite tough center.,2025-08-25
R1025,U861,P10,3,Beyond could rise true last.,2025-06-19
R1026,U376,P38,1,Way themselves approach maintain international democratic.,2025-09-27
R1027,U983,P24,5,Write another herself.,2025-05-07
R1028,U537,P15,4,Miss avoid strong by often also.,2026-02-24
R1029,U386,P37,2,Billion many star film effect can nice.,2025-10-30
R1030,U800,P4,3,Person cell enough fight face short prepare.,2026-01-06
R1031,U811,P37,2,Appear others himself other career.,2025-09-27
R1032,U588,P3,3,Sort cup situation southern.,2025-09-17
R1033,U734,P3,4,High nothing seem because talk as care.,2026-03-06
R1034,U905,P15,3,Across base such process shake training Democrat.,2026-02-04
R1035,U91,P25,3,Several worker rate through who practice not.,2025-07-28
R1036,U521,P35,1,Agent all whom task save focus health.,2025-07-26
R1037,U974,P25,5,Positive improve operation rule rate Democrat I himself.,2026-02-24
R1038,U608,P41,4,Glass though yourself control boy return hard.,2025-10-26
R1039,U423,P45,4,Responsibility region election economy same wrong.,2025-05-12
R1040,U30,P14,1,Front ever political medical relate word.,2025-12-09
R1041,U544,P28,3,Republican necessary part value serious despite guess possible.,2026-01-18
R1042,U291,P36,1,Few station challenge theory play best everything college.,2025-08-18
R1043,U312,P48,3,Yes cost full.,2025-05-10
R1044,U581,P24,5,While rate itself individual sing beautiful box late.,2025-08-05
R1045,U769,P19,1,Then research over security art single bank executive.,2025-10-12
R1046,U349,P49,4,Still type home participant threat continue program.,2025-11-20
R1047,U307,P47,3,Explain us democratic indeed law create leg.,2026-01-10
R1048,U381,P37,5,Build least defense organization turn become how.,2025-04-27
R1049,U736,P7,3,Letter interest service size concern church.,2026-01-27
R1050,U698,P45,2,Bar person professional reality.,2025-04-29
R1051,U605,P45,5,Himself right same situation one.,2025-04-23
R1052,U591,P42,5,Ball baby audience report follow.,2025-04-04
R1053,U982,P32,3,Leader walk source.,2025-05-28
R1054,U961,P35,5,Value bit region artist poor situation job perform.,2026-03-07
R1055,U61,P35,4,Fire class later court road approach.,2025-03-20
R1056,U45,P12,3,More take rest nor accept six.,2025-09-19
R1057,U604,P25,4,Born customer paper employee.,2025-08-19
R1058,U418,P45,3,War Republican us beat also bar more.,2026-03-08
R1059,U221,P10,2,Color page party girl memory.,2025-12-06
R1060,U456,P26,2,Difficult long heart war choose.,2025-05-06
R1061,U614,P38,4,Contain hit project they evidence reduce discuss.,2025-12-03
R1062,U353,P0,2,Tonight throughout have good response international.,2026-03-08
R1063,U486,P18,5,Employee continue late sister bag.,2025-07-29
R1064,U336,P11,2,Impact kitchen cut blue stage notice.,2026-01-05
R1065,U680,P41,5,Money affect federal can person bag.,2026-03-12
R1066,U711,P38,1,Case interesting same window friend maintain institution economy.,2025-07-09
R1067,U507,P48,4,Part leave anyone black.,2025-03-17
R1068,U808,P35,5,Recently question fact writer side church.,2026-01-23
R1069,U396,P35,1,Always check military speech.,2025-07-24
R1070,U102,P16,4,Benefit short company sound too prevent one.,2026-03-12
R1071,U574,P2,4,Per general day interview hospital find.,2025-07-02
R1072,U261,P18,4,Should result the career radio ask.,2025-09-05
R1073,U792,P10,5,Security skin civil keep political attorney.,2025-08-24
R1074,U179,P24,4,Cell scientist may trade.,2025-08-06
R1075,U956,P41,2,Audience letter people pass increase maintain.,2026-01-23
R1076,U825,P10,2,Whether wind southern month.,2025-04-15
R1077,U895,P4,4,Car first young power.,2025-04-13
R1078,U18,P34,5,Beyond ability change should participant surface during day.,2026-03-11
R1079,U456,P9,1,People line nor surface.,2025-10-11
R1080,U621,P22,4,Second door sell daughter question trial.,2026-02-11
R1081,U882,P4,1,Fear music media player development.,2026-01-29
R1082,U140,P5,3,High chance the teach large serve fine.,2025-09-17
R1083,U400,P46,4,Center think seven heart certain institution lose.,2025-08-30
R1084,U482,P25,2,Hard cold lead treat position part.,2026-01-26
R1085,U562,P36,3,Soldier turn even box green.,2025-11-08
R1086,U328,P42,5,Argue part chair happen throughout majority.,2025-11-03
R1087,U717,P14,1,That concern lead charge painting begin air.,2025-07-24
R1088,U184,P26,3,Resource simply event wife.,2025-08-18
R1089,U466,P31,1,Age standard policy conference.,2026-01-14
R1090,U136,P19,1,Them individual between policy.,2025-10-13
R1091,U697,P15,5,South media will argue seem avoid.,2025-04-10
R1092,U627,P42,2,Across third eight hot budget.,2025-12-08
R1093,U639,P41,2,True operation president student court lawyer subject half.,2025-05-29
R1094,U841,P30,2,Indicate Mr accept either man agent.,2026-01-16
R1095,U10,P10,1,Common hold pretty decide even perhaps.,2025-07-03
R1096,U451,P4,5,Hair hour hand item artist then.,2025-09-06
R1097,U416,P1,4,Difference miss far charge above forward alone customer.,2025-12-08
R1098,U108,P28,3,Side age agency feeling.,2025-10-21
R1099,U391,P18,1,Serious southern remain.,2025-12-25
R1100,U40,P17,5,Husband adult off order so statement.,2025-11-05
R1101,U102,P18,2,Old oil like close sign let throughout.,2026-01-15
R1102,U483,P29,2,Catch book though.,2025-03-21
R1103,U912,P41,3,Admit require eat arm clear break bag.,2025-09-21
R1104,U438,P11,1,Deal act my brother.,2026-02-11
R1105,U915,P4,1,Born may wife page gun blue.,2025-08-30
R1106,U23,P31,3,Man able west explain.,2026-01-27
R1107,U136,P9,5,Five modern room special across force.,2025-09-26
R1108,U648,P43,3,Off early whom huge easy travel evidence.,2025-11-01
R1109,U325,P25,2,Option seat material page moment site everyone Congress.,2025-06-23
R1110,U615,P8,3,Can people arm across party.,2025-08-30
R1111,U605,P37,1,Six fund subject point product son.,2025-04-15
R1112,U603,P23,1,Style first force street stuff life.,2025-09-03
R1113,U815,P25,3,Set they factor.,2025-12-07
R1114,U358,P39,2,In speech theory he.,2025-08-27
R1115,U247,P9,3,On social control their.,2025-12-10
R1116,U786,P9,4,Indicate president who beat if.,2026-01-03
R1117,U199,P40,4,Investment outside power party way southern.,2025-06-15
R1118,U81,P18,1,Concern million population beautiful now amount base.,2025-08-13
R1119,U589,P20,1,Bar outside girl computer hard.,2025-05-17
R1120,U817,P42,5,Prevent it road race go physical.,2025-08-07
R1121,U488,P22,5,Owner none fill can finish.,2025-05-23
R1122,U5,P38,4,Whose unit my easy total eat.,2025-10-28
R1123,U91,P32,1,Radio light focus between concern against outside.,2025-06-29
R1124,U189,P28,2,Along this meet cause book national.,2025-04-19
R1125,U372,P37,5,Plan hour thought near.,2025-12-11
R1126,U900,P29,3,Put bank wife culture any story.,2026-02-12
R1127,U50,P40,1,Total nothing dog stock necessary cause.,2026-01-08
R1128,U641,P32,5,Garden forward before safe.,2025-07-17
R1129,U539,P9,2,Whose bag us rock candidate sense.,2025-06-29
R1130,U18,P31,5,Mission image choice ten score.,2025-10-21
R1131,U818,P45,5,Continue level green possible central appear.,2025-08-20
R1132,U662,P14,5,Vote send player then most.,2025-04-07
R1133,U304,P37,5,Exist fear bar tonight.,2025-08-21
R1134,U558,P30,1,Have say fund lot.,2025-10-19
R1135,U691,P29,4,Street drive learn pressure.,2025-12-26
R1136,U435,P33,2,Control some Republican risk.,2026-01-19
R1137,U614,P36,3,Matter star however do career.,2025-05-01
R1138,U970,P48,5,Bar popular food.,2025-12-17
R1139,U550,P22,1,Recognize some challenge.,2025-08-11
R1140,U595,P21,3,Next medical garden ever military course.,2025-05-22
R1141,U282,P17,1,Culture during difficult dream.,2026-02-03
R1142,U702,P8,4,Return production recently century author.,2025-09-18
R1143,U970,P22,3,Tv civil act where work analysis.,2025-07-16
R1144,U821,P31,3,You health over early sister.,2025-10-05
R1145,U871,P26,4,Security candidate should former.,2025-06-01
R1146,U657,P26,3,Door number watch training because light off.,2025-11-26
R1147,U0,P24,4,Feeling way activity.,2026-02-24
R1148,U328,P29,1,Word almost base soldier.,2025-11-14
R1149,U644,P28,3,Carry beyond keep.,2025-09-27
R1150,U1,P39,2,Young purpose factor population ten mouth.,2025-09-07
R1151,U290,P5,2,Push experience image.,2025-09-13
R1152,U280,P27,3,Buy human rich new in international shake.,2025-04-10
R1153,U255,P6,5,Tonight dinner notice hour surface hour.,2026-01-13
R1154,U135,P44,1,Color strong dinner official.,2025-06-05
R1155,U972,P26,1,Group argue far place rule.,2025-06-08
R1156,U250,P44,2,Fight between effect word baby.,2025-06-05
R1157,U944,P9,3,Agree community choose stage.,2026-02-12
R1158,U169,P41,4,Industry today man meeting look foreign bag.,2025-10-06
R1159,U303,P48,4,Deep discussion win hope either size technology.,2026-02-11
R1160,U232,P26,3,Weight choice manager.,2025-07-03
R1161,U67,P2,1,Grow somebody growth kind.,2025-08-09
R1162,U751,P22,4,Without city next theory way affect believe.,2026-02-13
R1163,U442,P39,3,Game collection consider that process short possible.,2025-12-06
R1164,U262,P32,5,Region prevent significant.,2025-10-26
R1165,U181,P29,3,Pm ever according pass toward.,2025-12-11
R1166,U68,P36,5,Argue ever admit likely.,2025-03-29
R1167,U355,P24,4,And outside body outside interesting surface.,2025-05-30
R1168,U593,P19,5,Painting analysis whom food physical.,2025-12-24
R1169,U889,P8,2,Three fill apply about your college.,2025-04-21
R1170,U84,P31,2,With bank center once safe.,2025-11-29
R1171,U228,P41,2,Difference adult player plant though.,2025-09-12
R1172,U697,P35,2,Knowledge prepare surface hair around nice professional.,2025-04-04
R1173,U884,P38,3,Dream career both grow air week task.,2025-04-25
R1174,U701,P0,2,Project work whose poor here many.,2026-03-05
R1175,U727,P7,1,Sometimes international similar close.,2025-06-06
R1176,U904,P29,4,Art green strong.,2025-06-11
R1177,U43,P30,3,Fall by trade last camera success study and.,2025-12-14
R1178,U770,P26,5,After letter soon score concern cause music.,2025-10-16
R1179,U173,P21,2,Four member money travel executive help improve gas.,2026-01-11
R1180,U930,P19,1,Rather PM policy well work again out.,2025-05-21
R1181,U551,P37,5,Particularly house the ready.,2025-06-25
R1182,U282,P23,5,Evening statement space visit avoid.,2025-12-19
R1183,U950,P27,1,Check world sometimes debate.,2026-01-30
R1184,U362,P35,4,Star your trouble rule hot.,2025-09-29
R1185,U276,P8,2,Office quickly necessary pay word person.,2025-06-18
R1186,U376,P35,3,Leader brother will yes among.,2025-06-17
R1187,U368,P6,1,Join finish place choose station him cover.,2025-09-19
R1188,U557,P45,3,Project add push build.,2025-03-18
R1189,U156,P25,3,Amount write water federal set strategy.,2025-09-17
R1190,U402,P6,4,Science technology but yet ability fly.,2025-11-02
R1191,U49,P42,2,Per opportunity before resource more month.,2025-09-19
R1192,U585,P7,4,Voice another throughout surface pattern college.,2025-06-22
R1193,U669,P11,2,Computer music none think ok soon surface thank.,2026-03-09
R1194,U577,P24,2,Discuss prevent opportunity type.,2026-01-19
R1195,U720,P11,2,Whose garden actually though career since ask.,2025-04-02
R1196,U961,P5,4,Risk deep series character listen.,2026-02-28
R1197,U629,P38,1,Fast the hit step fall.,2026-02-23
R1198,U513,P35,5,Tough tonight person cold.,2025-12-12
R1199,U233,P45,1,Last model carry fall artist dog.,2026-03-09
R1200,U539,P29,5,Home life figure project game.,2025-03-23
R1201,U511,P29,2,Morning rule example black memory.,2025-07-28
R1202,U932,P3,3,Teacher above treat leg.,2025-11-15
R1203,U864,P35,1,Morning speak ground three owner particularly special middle.,2025-08-22
R1204,U135,P34,2,Likely could drug consider across.,2026-02-15
R1205,U579,P7,2,Produce respond rest candidate fast.,2025-11-06
R1206,U460,P42,3,Black increase my page these.,2025-05-08
R1207,U317,P9,1,Ok use already most often before responsibility.,2025-10-31
R1208,U62,P23,1,Before it behind whose compare.,2025-11-16
R1209,U730,P46,3,Institution page market issue provide.,2025-11-19
R1210,U774,P21,2,Number plan morning himself.,2025-08-28
R1211,U219,P48,1,Increase ago money way.,2025-04-23
R1212,U50,P19,2,Issue happen list look.,2025-10-27
R1213,U759,P11,3,Baby sister thank than so well model price.,2025-10-08
R1214,U813,P24,1,Trip off may push child physical American happen.,2026-01-26
R1215,U599,P20,4,Subject energy order government relate.,2025-07-01
R1216,U26,P26,5,Break local two later story.,2025-04-06
R1217,U248,P27,2,Interview may account challenge Congress.,2025-08-12
R1218,U103,P49,5,Skin life they majority table.,2026-01-13
R1219,U690,P48,3,She month number section court military enough life.,2025-07-09
R1220,U121,P29,1,Help production best service.,2025-09-19
R1221,U69,P39,3,Good develop front security pay summer yeah.,2026-01-16
R1222,U467,P24,3,East certainly career peace factor mean difficult.,2025-04-08
R1223,U72,P49,3,Difference data trouble drive.,2025-08-11
R1224,U765,P16,5,Nature degree camera.,2025-04-16
R1225,U363,P19,1,Democrat meeting fly despite across million hospital.,2025-04-03
R1226,U908,P16,3,Must most never.,2025-09-01
R1227,U316,P7,5,Decide situation trade any important central.,2025-07-06
R1228,U595,P38,4,Growth particular family by.,2025-04-01
R1229,U931,P10,3,Character language environment animal kid rate consider.,2025-06-15
R1230,U560,P13,4,Hold success discuss impact real involve address must.,2025-05-13
R1231,U593,P30,4,Despite mouth song environment professional.,2025-06-18
R1232,U490,P37,1,Per fill such ok require threat.,2026-03-12
R1233,U939,P39,3,Condition military drop something example ball fill choose.,2025-11-11
R1234,U199,P34,4,Include without little.,2025-12-09
R1235,U963,P23,4,Thing debate take meet.,2025-06-02
R1236,U529,P25,1,Debate suddenly why author wind camera cost.,2025-12-12
R1237,U997,P49,5,President sing result bank life.,2025-08-20
R1238,U164,P37,4,Administration within husband wife party.,2026-01-04
R1239,U733,P14,1,Difficult cup bad structure.,2025-05-14
R1240,U352,P44,1,There interest eight place stuff rather race off.,2025-11-18
R1241,U662,P44,4,Situation run suffer again middle nor.,2025-06-09
R1242,U127,P21,2,City interesting affect sport network thank add.,2026-01-24
R1243,U406,P21,2,Easy feeling challenge medical brother you general.,2025-05-31
R1244,U697,P19,3,Three building second wrong home list.,2025-10-24
R1245,U993,P4,3,Window standard boy.,2025-10-18
R1246,U660,P9,1,Front chair sort quality drug analysis manager.,2026-01-21
R1247,U949,P2,2,Fear hundred improve painting go open.,2026-01-11
R1248,U67,P24,4,Happy money American learn.,2025-05-30
R1249,U547,P27,2,Score kind east.,2026-01-15
R1250,U474,P39,2,Western wife explain institution.,2025-07-27
R1251,U907,P2,1,Fine feeling practice first however.,2025-10-15
R1252,U479,P43,4,Dinner Democrat so position brother other.,2025-11-02
R1253,U349,P36,2,Meet study between agent top town.,2025-11-21
R1254,U786,P37,4,Race describe study him seem dinner.,2025-12-03
R1255,U513,P39,3,Girl full dinner anything operation affect.,2025-12-07
R1256,U837,P39,1,Beyond lot save word day.,2025-08-14
R1257,U960,P39,2,Become every enter system different sit design toward.,2025-04-13
R1258,U915,P1,5,Within score near.,2026-01-10
R1259,U330,P22,4,Heavy everything offer visit.,2025-04-02
R1260,U348,P46,2,Physical even above bed language receive ever.,2025-08-06
R1261,U366,P6,4,Able myself reason blood tough product.,2025-03-16
R1262,U678,P20,5,Establish yourself me new market study.,2025-09-24
R1263,U797,P46,4,Since discussion might between political buy project.,2025-11-18
R1264,U329,P11,5,Chair responsibility gas window yet.,2025-08-28
R1265,U977,P6,2,Raise record sea son.,2025-12-30
R1266,U466,P48,4,Him there across direction wonder west environmental.,2026-02-25
R1267,U449,P40,1,Bad guy out set modern ever.,2026-01-28
R1268,U428,P26,5,Example organization concern.,2026-01-05
R1269,U864,P18,5,Garden hour half.,2025-11-21
R1270,U137,P35,4,Reach much despite everybody usually decision appear.,2025-08-09
R1271,U19,P4,4,Whole account baby our two law.,2025-05-03
R1272,U214,P24,2,Capital morning every memory.,2025-12-18
R1273,U210,P3,4,Door little current community hospital risk spring.,2026-02-03
R1274,U988,P11,4,It mission price go watch way again.,2025-03-18
R1275,U500,P2,4,And mind source visit fact.,2026-01-14
R1276,U778,P35,3,Indeed place worry majority growth course most fast.,2025-07-08
R1277,U70,P10,1,Later give back identify decision.,2026-02-16
R1278,U785,P42,5,President especially owner community effort before tree.,2026-02-27
R1279,U114,P18,3,Hit idea thing network.,2025-08-03
R1280,U91,P6,3,Month word old lose base.,2025-10-18
R1281,U686,P43,3,Find kitchen left capital environment ever.,2026-01-23
R1282,U329,P36,3,Mother still call analysis.,2025-12-04
R1283,U768,P14,2,Direction station law always sport.,2025-04-09
R1284,U789,P6,3,Usually enter clear gas as account front.,2026-03-14
R1285,U139,P5,3,We vote newspaper provide certainly help commercial power.,2025-08-08
R1286,U531,P35,5,Step in crime college head difference.,2025-07-26
R1287,U232,P16,5,Again down anyone good work civil.,2025-08-15
R1288,U308,P37,5,Forget ok speech turn.,2026-01-30
R1289,U638,P24,5,Cold side evidence rather no.,2026-02-23
R1290,U106,P29,3,Evening model ask mention she.,2025-06-10
R1291,U206,P0,3,Section more wear approach.,2026-01-15
R1292,U365,P46,1,School avoid position.,2025-12-23
R1293,U9,P1,2,Success sea grow feeling understand exactly.,2025-10-25
R1294,U833,P9,1,Industry where right administration.,2025-08-02
R1295,U177,P13,2,If happy personal second shake.,2025-12-05
R1296,U467,P9,1,Age three build.,2026-02-22
R1297,U822,P7,2,Door side nothing near human.,2026-02-05
R1298,U419,P16,5,Product something kid painting simply.,2025-08-10
R1299,U978,P25,2,Theory cup staff health sound population whether.,2025-08-03
R1300,U431,P39,1,Respond under entire get drop husband.,2025-12-10
R1301,U744,P37,5,Reach human indeed subject cold analysis.,2025-10-07
R1302,U714,P11,1,Its generation safe save hour.,2025-04-24
R1303,U396,P48,1,Next allow development can thank carry research.,2025-07-28
R1304,U813,P22,5,Security general economic.,2025-03-14
R1305,U975,P1,4,Trip school ball tonight brother speech wife.,2025-11-10
R1306,U125,P7,2,Real couple past type report.,2026-03-08
R1307,U811,P31,5,News tend into hotel.,2025-03-22
R1308,U485,P9,3,Deep five executive sort front finish anything.,2025-11-19
R1309,U539,P9,5,Contain perhaps personal apply yard yourself operation.,2025-11-16
R1310,U846,P48,2,Reflect alone direction theory book.,2025-12-11
R1311,U570,P6,2,Seem fire friend participant today.,2025-10-25
R1312,U84,P27,5,Surface appear herself senior service available.,2025-12-03
R1313,U800,P40,3,Police sure image life put culture.,2025-05-09
R1314,U457,P48,1,Stay left blue cause.,2026-02-21
R1315,U119,P12,4,Professor image purpose.,2025-03-21
R1316,U10,P47,5,Blood television particularly benefit increase.,2025-08-09
R1317,U880,P45,4,Word national pass fall trial notice.,2025-06-25
R1318,U741,P37,4,Spend final form open.,2025-07-27
R1319,U135,P19,4,Glass less least join source.,2025-06-25
R1320,U654,P48,1,Yet door environment school money indeed cut several.,2025-10-09
R1321,U540,P30,4,Machine nation outside do skill.,2026-01-06
R1322,U79,P24,4,Head tax mother once coach idea happy.,2026-01-01
R1323,U649,P27,1,Sing human do she almost likely civil camera.,2025-07-31
R1324,U722,P0,4,Short page situation perhaps.,2025-06-29
R1325,U531,P17,3,Until understand first heart or factor.,2025-06-07
R1326,U83,P5,3,Such girl investment name.,2025-12-29
R1327,U127,P43,5,Information ten daughter language value ever.,2026-02-13
R1328,U242,P14,4,Simple me thousand total we message each.,2026-01-23
R1329,U130,P14,1,Low however still represent.,2025-12-28
R1330,U74,P4,1,Medical with good buy.,2025-07-04
R1331,U956,P40,5,Example really both off movement first.,2025-08-07
R1332,U64,P29,3,Past able environment little finish improve great.,2025-05-12
R1333,U435,P23,1,Senior own each message name turn.,2025-11-09
R1334,U435,P31,5,Prevent story character high gas body.,2026-03-11
R1335,U401,P15,1,Final difference low money four indeed time.,2026-01-16
R1336,U102,P33,4,Game research industry.,2025-12-24
R1337,U561,P12,5,Most front subject executive.,2025-08-09
R1338,U658,P30,4,Collection there onto avoid key account firm.,2025-07-23
R1339,U249,P16,5,Right may fish indicate.,2025-06-06
R1340,U735,P47,5,Shake song sound service leg take.,2026-01-19
R1341,U252,P10,5,Smile conference poor top lose return these.,2025-11-19
R1342,U910,P5,3,Mind senior yes today exactly happen onto by.,2025-07-09
R1343,U55,P49,3,When opportunity understand vote.,2025-10-30
R1344,U405,P30,5,These pick stock president.,2025-07-11
R1345,U206,P39,2,Deal check improve worker down while.,2025-05-31
R1346,U390,P32,4,Student color around morning.,2025-12-23
R1347,U308,P48,3,Wide attention job successful member education.,2026-03-04
R1348,U640,P31,4,These social admit wrong.,2025-09-13
R1349,U505,P14,2,Share explain represent right.,2026-03-02
R1350,U785,P10,4,Account development other with.,2026-02-15
R1351,U324,P33,3,Cup offer throughout alone data.,2026-03-04
R1352,U866,P5,3,House team sound parent.,2025-09-02
R1353,U484,P28,4,Performance serious individual course.,2026-02-19
R1354,U745,P40,2,Hear pay body magazine military situation.,2025-11-07
R1355,U328,P29,1,Resource reach tax education hard.,2025-07-24
R1356,U781,P34,5,Where their always process book probably little.,2025-04-13
R1357,U926,P40,5,Work grow pay.,2025-08-30
R1358,U278,P23,5,Wait would according finish sing why appear.,2026-02-27
R1359,U310,P38,3,Region soon society.,2025-10-03
R1360,U767,P15,2,Sure open house decision.,2025-07-21
R1361,U820,P20,4,Dinner today fast TV suddenly accept quite serious.,2025-09-22
R1362,U803,P7,2,Learn share hope dinner material section voice old.,2025-08-31
R1363,U437,P38,1,Occur food democratic suffer rule.,2025-05-15
R1364,U553,P18,1,Suddenly walk high.,2025-09-25
R1365,U548,P43,3,Face another ready or alone order career.,2025-06-03
R1366,U834,P16,5,Guy pressure focus subject data instead.,2025-10-04
R1367,U926,P38,2,Find during day of figure community.,2025-07-21
R1368,U114,P5,3,If agreement grow then.,2025-05-10
R1369,U4,P21,1,Surface think painting morning phone hot relate eye.,2025-08-31
R1370,U876,P34,4,Hotel phone home eye education store world.,2025-04-05
R1371,U683,P11,2,Win rest coach even game reason.,2025-06-21
R1372,U278,P34,3,Some hope story challenge.,2025-03-27
R1373,U433,P6,5,Either follow indicate yourself.,2026-01-25
R1374,U108,P31,4,Few machine surface away nothing.,2026-03-02
R1375,U838,P35,1,Government such article.,2025-05-23
R1376,U33,P12,3,Believe maintain far onto detail.,2025-11-05
R1377,U257,P15,1,Third heavy bill maintain only local plan.,2025-08-04
R1378,U707,P5,3,List interesting technology our.,2026-01-16
R1379,U855,P46,5,Here quickly discover prepare.,2025-07-18
R1380,U392,P13,4,Good create oil college.,2025-05-22
R1381,U620,P11,4,Direction reach under onto build development sound.,2025-12-29
R1382,U754,P47,5,Across enjoy shake central woman ahead fire.,2025-04-30
R1383,U539,P7,4,Level leg down only prepare even site skill.,2025-07-28
R1384,U916,P28,2,Final blue face degree far activity any.,2025-12-31
R1385,U205,P13,3,Sea manage sit deep newspaper.,2025-11-21
R1386,U312,P5,4,Set miss value structure team whether day.,2025-04-06
R1387,U184,P36,1,Lot blood PM test southern.,2025-10-05
R1388,U830,P27,4,According might public what election today.,2026-02-21
R1389,U415,P17,3,Finally six dark body quite weight for.,2025-07-05
R1390,U429,P37,1,Give may purpose white pass as.,2026-03-06
R1391,U192,P46,1,Outside fund radio share how final machine.,2025-04-07
R1392,U785,P29,2,Behind subject region plant author or five.,2026-01-11
R1393,U417,P9,1,Will market stuff before hard best themselves create.,2025-11-13
R1394,U869,P1,1,Race finally send place.,2025-07-15
R1395,U889,P42,3,Member speak difference food race save.,2025-03-24
R1396,U856,P2,4,Heavy partner candidate from.,2025-08-20
R1397,U717,P18,3,Task event black tough.,2025-06-08
R1398,U661,P21,2,Anyone four side than receive.,2025-11-18
R1399,U115,P14,2,Push leg during staff something mean theory culture.,2025-08-27
R1400,U916,P37,5,Run statement weight director continue mention.,2025-08-15
R1401,U960,P26,4,Interesting serve too indeed sort laugh political energy.,2025-10-14
R1402,U172,P41,3,Major alone population most floor gun laugh.,2025-09-22
R1403,U316,P13,2,Meeting certain ever approach energy.,2025-07-24
R1404,U574,P48,5,Animal admit red attorney ball ten.,2025-11-17
R1405,U67,P37,5,Think any sit culture about care until.,2025-12-15
R1406,U585,P15,5,Seat card involve arrive deal.,2026-01-04
R1407,U159,P26,5,Professor purpose beautiful.,2026-03-06
R1408,U482,P46,4,Girl dog reach support pass.,2025-12-05
R1409,U901,P16,5,Myself system special across real bank.,2025-05-21
R1410,U491,P22,2,Hold guess heavy different put business world.,2025-11-11
R1411,U630,P31,2,Prepare investment future.,2026-02-09
R1412,U347,P16,1,Month clearly center never write everybody.,2025-09-15
R1413,U30,P20,3,Campaign job step safe.,2025-08-04
R1414,U52,P17,2,Hard national popular road official.,2025-06-08
R1415,U592,P11,5,Necessary every a go especially item political our.,2026-02-02
R1416,U143,P42,4,Degree everyone hair.,2025-08-13
R1417,U588,P31,3,Nice rise open again bank stand.,2025-03-26
R1418,U65,P12,4,Issue friend happy lead.,2025-06-15
R1419,U815,P5,3,Bad community season talk Mrs strategy success present.,2025-12-01
R1420,U866,P9,3,Great describe argue upon experience.,2025-07-21
R1421,U77,P10,5,Record color man provide add truth.,2025-08-31
R1422,U91,P32,4,International challenge necessary though avoid foot.,2025-08-31
R1423,U32,P23,3,Defense however investment man hour.,2025-05-26
R1424,U859,P32,4,Hear far environment amount off color color.,2025-04-27
R1425,U64,P47,3,Early account field player suffer.,2025-05-21
R1426,U727,P19,5,Wind everyone community.,2025-05-03
R1427,U199,P12,1,Hear minute serve share provide.,2025-10-02
R1428,U370,P48,5,Election school Republican week within last recent.,2026-03-01
R1429,U869,P17,4,Course hit study institution.,2025-03-17
R1430,U472,P5,1,Over season movie need heart.,2025-08-09
R1431,U166,P16,4,Popular simply political share media nice garden.,2025-06-12
R1432,U255,P44,3,Life throughout break.,2026-01-08
R1433,U799,P17,2,Future determine finally read shoulder strong star turn.,2026-02-15
R1434,U71,P11,1,Weight arm pretty source game apply likely.,2025-11-23
R1435,U584,P41,5,Week generation hold hope.,2026-02-21
R1436,U79,P37,5,Me leg put decade term for catch.,2025-07-24
R1437,U962,P16,2,Professor marriage spring physical.,2025-08-19
R1438,U579,P6,2,Message kid page data door hospital beat.,2025-03-28
R1439,U879,P22,5,Order mother lot themselves since her.,2025-04-12
R1440,U39,P49,1,That cause before generation great news.,2025-04-02
R1441,U671,P25,5,Information tell blue can medical draw authority toward.,2025-10-07
R1442,U986,P1,2,Treat force level house.,2025-11-25
R1443,U348,P31,3,Commercial opportunity American billion.,2025-04-11
R1444,U137,P35,1,Kitchen agreement only fund least area.,2025-09-12
R1445,U844,P29,4,Debate fear court environmental team send large.,2025-04-20
R1446,U442,P22,1,World investment three movement.,2025-05-05
R1447,U565,P7,2,Another rock exactly.,2025-12-08
R1448,U537,P24,3,Interview kind letter mind theory.,2025-04-16
R1449,U740,P18,2,Lose true her worker both network nature.,2025-05-25
R1450,U954,P17,1,Miss dinner million machine compare rate.,2025-05-30
R1451,U211,P5,3,Individual explain behind citizen.,2025-11-06
R1452,U597,P32,2,Billion task civil too body.,2025-12-31
R1453,U398,P26,3,Particularly organization while idea federal seem.,2025-03-24
R1454,U634,P12,2,Same safe make.,2025-11-18
R1455,U287,P14,2,Least all loss tell wish.,2025-05-23
R1456,U448,P34,5,Charge education kind more story crime resource soon.,2025-05-30
R1457,U133,P2,3,Nature like various peace network wear analysis.,2025-07-22
R1458,U612,P45,3,Blood structure surface mention control left possible.,2025-05-24
R1459,U395,P6,3,Station half body top statement wife people.,2025-12-05
R1460,U968,P16,3,Artist where detail seem present certainly.,2025-11-12
R1461,U535,P24,1,Response end resource her energy use might our.,2026-02-28
R1462,U831,P44,2,Relate might debate prevent understand successful.,2025-04-13
R1463,U302,P45,5,Power large against happen box.,2025-11-03
R1464,U809,P48,1,American charge around western.,2025-04-23
R1465,U549,P18,2,Remain trial nor.,2025-10-10
R1466,U299,P0,3,Staff through actually bad mean build because.,2025-06-25
R1467,U82,P43,5,Data memory away whether life.,2026-02-20
R1468,U831,P44,2,Defense much some require family word.,2026-03-03
R1469,U490,P40,2,Group tonight kitchen various star center seat.,2025-06-23
R1470,U830,P9,3,Space lose admit different already left.,2025-12-27
R1471,U77,P2,1,Table writer almost stage partner read common institution.,2026-01-08
R1472,U421,P10,2,Shake attention reality big raise history southern thus.,2025-05-21
R1473,U776,P37,2,Service occur be worker explain system.,2025-12-09
R1474,U216,P0,2,Blood five nearly special lot sport.,2025-12-01
R1475,U279,P44,2,Plan member plant subject exist table strategy.,2026-01-09
R1476,U817,P38,2,About over environmental.,2025-07-14
R1477,U273,P32,4,Can building turn pull good side describe.,2025-12-10
R1478,U326,P18,1,Gun behavior represent ever bit somebody exactly season.,2025-09-26
R1479,U436,P36,5,Social president rise interest series remain.,2025-08-16
R1480,U527,P46,4,Plant society off benefit maintain each however.,2025-10-18
R1481,U276,P19,3,If better him tough score.,2025-05-06
R1482,U935,P32,1,Table person participant stock.,2025-05-01
R1483,U411,P38,3,Stay project which occur chance physical safe.,2025-06-15
R1484,U956,P46,4,Scientist expect around his office left.,2025-11-22
R1485,U497,P22,4,Hit security movie feel past read star.,2026-01-09
R1486,U191,P2,4,Bad probably very identify break.,2025-10-26
R1487,U954,P20,4,Several Democrat camera change off art American.,2025-08-06
R1488,U963,P44,2,Clear key majority site.,2025-07-31
R1489,U236,P49,2,Federal husband beautiful bank.,2025-07-09
R1490,U346,P14,3,Sea identify herself create behind how world Congress.,2025-09-26
R1491,U598,P37,2,From west most.,2026-02-26
R1492,U337,P21,2,Growth power foreign doctor.,2025-04-27
R1493,U251,P37,2,Nature safe participant staff though million.,2026-03-07
R1494,U242,P27,2,Either ready be camera fast benefit.,2025-11-08
R1495,U671,P10,4,Writer hot yeah meeting throughout.,2025-09-16
R1496,U61,P3,4,Might heart throughout finish same such relationship.,2025-09-28
R1497,U341,P23,3,Artist drop instead different.,2026-03-11
R1498,U434,P24,4,Five production girl.,2025-06-05
R1499,U562,P31,4,Democrat south smile enough box lawyer.,2025-12-30
R1500,U181,P11,4,Threat local green candidate.,2025-07-16
R1501,U445,P32,4,Opportunity voice woman modern him job.,2025-12-05
R1502,U355,P6,1,Necessary rate Congress past mean manage.,2025-09-20
R1503,U714,P34,1,Leave doctor television Democrat.,2025-06-01
R1504,U623,P21,1,Carry style admit push author party.,2025-11-11
R1505,U174,P15,2,Could across rule.,2025-12-22
R1506,U119,P1,5,Kitchen fish audience edge.,2026-01-17
R1507,U634,P43,2,Mrs security board outside.,2026-02-09
R1508,U802,P28,5,Professional you oil certainly.,2025-09-21
R1509,U458,P45,2,Offer stage sound total wear health.,2025-05-03
R1510,U8,P33,2,Home compare staff.,2025-03-16
R1511,U546,P35,1,Suffer capital stop garden similar.,2025-05-06
R1512,U864,P37,2,Consumer husband food nothing manage piece military baby.,2025-04-22
R1513,U920,P49,2,Affect laugh baby far your.,2025-12-28
R1514,U149,P42,5,Pull miss they blood step reality police because.,2025-08-30
R1515,U230,P31,3,Project trial send response.,2026-02-08
R1516,U518,P9,3,Material red student receive career yourself near.,2025-10-09
R1517,U305,P38,3,Be deep future manager final bag sort.,2026-03-01
R1518,U687,P21,5,Plan beat rate player.,2025-10-15
R1519,U660,P48,2,Make cover force country few.,2025-12-26
R1520,U532,P18,2,Measure not game prevent source win eight.,2025-11-07
R1521,U441,P34,5,Same certainly happen.,2026-01-07
R1522,U992,P20,2,Recently career dream sing television many party.,2025-09-20
R1523,U512,P23,5,Open would and feeling mouth across.,2025-04-24
R1524,U613,P2,2,Age hold election behavior talk sit.,2025-06-27
R1525,U516,P42,2,Apply couple top with spend money order truth.,2025-11-18
R1526,U201,P17,1,Pick attorney professor toward son.,2026-01-09
R1527,U628,P29,1,Thing sign main stock.,2025-09-04
R1528,U276,P29,4,Effort capital maintain need.,2025-10-02
R1529,U996,P43,2,Help skin investment movie wall.,2026-01-14
R1530,U931,P24,5,Continue finally only mouth see.,2025-10-30
R1531,U767,P23,5,Where seek stuff candidate admit newspaper.,2025-06-14
R1532,U33,P48,1,Business good network create.,2025-12-04
R1533,U154,P49,2,Any college piece yes.,2026-01-11
R1534,U566,P24,3,Give almost physical open adult any eye.,2026-01-01
R1535,U739,P47,2,Meeting particular fire technology worry.,2025-06-15
R1536,U361,P25,2,Present benefit purpose off produce mention.,2026-01-14
R1537,U287,P2,4,And role official discover environmental remember individual.,2026-01-16
R1538,U230,P43,2,Would to strong use.,2025-06-06
R1539,U649,P5,2,Authority sister box to people.,2025-05-26
R1540,U15,P43,4,Middle best game ability difference.,2025-09-07
R1541,U75,P19,1,Beyond seven off reflect.,2026-01-30
R1542,U724,P8,2,Eight character bit financial control begin power.,2025-05-20
R1543,U214,P41,2,Music behind necessary bad operation moment.,2025-09-01
R1544,U789,P5,3,Impact or wrong trip minute administration able.,2026-01-31
R1545,U532,P37,3,Move race stage none.,2025-09-08
R1546,U784,P47,4,Understand material again staff despite why present current.,2025-11-14
R1547,U509,P36,4,Base concern plant up because cup.,2025-07-19
R1548,U849,P8,2,Once value look white much today goal.,2025-09-21
R1549,U574,P3,4,Fall establish interview.,2025-04-28
R1550,U40,P9,5,Thank how simple visit.,2025-06-16
R1551,U981,P22,1,Tax computer budget there.,2025-08-18
R1552,U544,P6,4,Parent good meet pretty short wonder.,2025-11-20
R1553,U476,P31,2,Clearly consider wish thing yet short style top.,2025-09-21
R1554,U269,P22,5,Simple sometimes put.,2026-01-06
R1555,U484,P33,3,Walk anyone arm individual shoulder.,2025-06-26
R1556,U188,P43,5,Even tonight glass message range resource.,2026-01-05
R1557,U80,P15,3,Ask determine reason between.,2025-06-06
R1558,U747,P37,4,Agent pattern bit carry allow light leg study.,2025-09-25
R1559,U678,P0,1,Mind south message ability guy.,2025-11-28
R1560,U40,P29,4,Ability look common.,2025-12-27
R1561,U974,P28,5,Conference weight yes student.,2025-09-16
R1562,U676,P46,5,Drive room when name owner.,2025-09-07
R1563,U934,P33,4,Whole star red treat.,2025-07-19
R1564,U939,P27,5,Prove factor between place religious tree debate.,2025-04-11
R1565,U87,P22,2,Officer something continue minute talk.,2025-05-25
R1566,U527,P4,5,However myself life heart possible soon.,2025-11-28
R1567,U258,P37,5,Method vote wish.,2025-09-24
R1568,U819,P31,5,Pass box list artist model out power.,2025-04-17
R1569,U75,P22,2,Perform while effect mission discover.,2025-05-27
R1570,U513,P22,4,Better low available we ability people pay leave.,2025-09-09
R1571,U665,P3,5,Yet note huge no prepare war moment.,2025-04-05
R1572,U738,P34,3,Other accept rich over pick quite over.,2025-08-03
R1573,U335,P27,3,Eye consumer most letter protect voice happy.,2025-07-21
R1574,U895,P11,5,Actually meeting different art.,2025-03-26
R1575,U545,P19,5,Magazine from activity conference some face.,2025-12-14
R1576,U607,P44,4,Form last so artist hospital.,2025-07-11
R1577,U484,P32,3,Fight third behind.,2025-11-05
R1578,U234,P2,4,Visit budget begin.,2025-06-07
R1579,U245,P18,1,Save together fire sell.,2025-07-12
R1580,U976,P43,5,Two rock indeed discover knowledge total owner about.,2025-09-18
R1581,U802,P10,2,Put interview attention government born claim.,2025-05-28
R1582,U674,P31,5,Discover not television never six.,2025-07-15
R1583,U21,P14,2,Keep front significant true sort.,2025-12-01
R1584,U154,P38,2,Federal gun class while school citizen.,2026-02-25
R1585,U523,P29,5,Yard late edge here pass why suddenly event.,2026-01-08
R1586,U632,P25,3,Realize quite organization data voice argue age.,2025-07-04
R1587,U633,P2,1,Yourself owner role music learn guess.,2025-10-11
R1588,U535,P45,3,Quickly language little.,2025-04-16
R1589,U497,P18,2,Matter half matter born themselves generation the camera.,2025-09-09
R1590,U345,P6,3,Production option business enough score determine south.,2026-03-14
R1591,U297,P7,2,Measure all conference us.,2025-12-11
R1592,U249,P12,1,What catch skin risk war.,2025-09-14
R1593,U962,P42,5,Through traditional teacher west reason.,2025-07-18
R1594,U232,P33,5,Consider ground future.,2025-07-15
R1595,U458,P38,5,Moment since consumer military.,2025-11-03
R1596,U736,P34,2,Whose rich eye usually a yard.,2025-07-19
R1597,U635,P18,3,First wear commercial back member surface effect.,2025-07-14
R1598,U907,P6,2,Understand product material.,2025-08-02
R1599,U277,P5,3,Break hope sound remember.,2025-05-15
R1600,U203,P43,5,Offer remember truth voice available tell.,2025-11-15
R1601,U964,P14,5,Affect employee decade hour single staff subject.,2025-12-10
R1602,U571,P22,1,Third look church vote idea office.,2025-09-06
R1603,U575,P46,3,Perhaps far key hot church.,2025-08-05
R1604,U523,P2,4,Card I relationship difficult house information consider.,2025-03-17
R1605,U911,P42,1,Treatment product protect so.,2026-01-01
R1606,U813,P4,1,Simply mother soon.,2025-09-22
R1607,U257,P16,5,Song entire big market tonight.,2025-10-28
R1608,U406,P13,5,Big pressure community great cut great accept prevent.,2025-08-12
R1609,U762,P17,3,Image compare second recognize memory political.,2025-03-17
R1610,U29,P44,4,Article arrive write skill.,2025-05-10
R1611,U900,P27,2,With they purpose cost nation through seven information.,2025-09-03
R1612,U716,P15,5,Else outside song current picture easy.,2025-12-09
R1613,U376,P22,4,Son mean friend.,2025-11-16
R1614,U604,P34,2,Let hit our hospital.,2025-12-30
R1615,U936,P2,5,Participant trial water travel ready.,2025-07-24
R1616,U893,P9,4,Into painting around degree American.,2026-01-28
R1617,U366,P39,5,For hotel during college turn scene.,2026-02-02
R1618,U769,P42,3,Sort respond concern less address.,2025-12-07
R1619,U880,P32,2,Born much behind.,2025-06-24
R1620,U431,P39,3,Some speak sometimes one.,2026-02-20
R1621,U193,P14,5,Turn capital culture hot.,2025-12-30
R1622,U252,P14,5,Political require Democrat source speech eye.,2025-12-25
R1623,U166,P22,2,Consumer close compare whatever return.,2025-12-29
R1624,U719,P8,1,Various account music although.,2025-05-05
R1625,U619,P32,4,Hospital policy long available apply available.,2025-09-25
R1626,U639,P21,3,Add right force true cultural.,2025-05-20
R1627,U947,P2,4,Administration morning including respond everyone.,2025-07-13
R1628,U453,P18,3,Positive machine industry future.,2025-04-25
R1629,U790,P41,5,Difference although young commercial sister arm black.,2025-05-07
R1630,U391,P3,1,Low much maybe new according.,2025-11-09
R1631,U210,P34,2,Agree major country song stay traditional.,2025-10-20
R1632,U673,P38,4,High style section effort read suffer while.,2025-06-04
R1633,U166,P36,5,Tend significant answer behavior already house campaign.,2025-06-24
R1634,U599,P13,2,Hand mission someone rate need score.,2025-09-02
R1635,U27,P35,1,Where situation budget professor down serve.,2025-04-20
R1636,U323,P28,5,Dream act my play happen staff.,2025-08-27
R1637,U115,P15,3,Market cost general consider improve surface above.,2026-02-18
R1638,U355,P36,4,Thousand sense life always maybe turn floor.,2025-03-20
R1639,U570,P12,4,Really pick entire less type have.,2025-03-30
R1640,U948,P48,4,Turn part data state organization moment high.,2025-04-29
R1641,U411,P40,1,Southern difference behavior fact process impact want.,2025-04-10
R1642,U265,P47,3,Tax fight reflect point.,2025-06-15
R1643,U441,P11,2,Process coach mind rock them support.,2025-10-12
R1644,U193,P30,4,Account production threat under surface rise second use.,2025-11-06
R1645,U94,P42,4,Prove effort foot none.,2026-01-17
R1646,U249,P39,5,Late sport administration four down former.,2025-07-04
R1647,U293,P2,4,Exist coach easy language ago while national.,2025-10-11
R1648,U564,P20,3,Market tell nation effect industry begin.,2025-04-19
R1649,U567,P6,2,People receive defense prove kitchen long.,2026-02-27
R1650,U403,P9,3,Person task become work nor somebody make.,2026-01-30
R1651,U369,P34,3,Must raise to full effect most speak.,2025-06-21
R1652,U26,P42,1,Throw say consider.,2025-10-03
R1653,U398,P47,4,All account wide create avoid choice put.,2025-11-08
R1654,U92,P20,3,Go article say ok instead high inside.,2025-05-20
R1655,U685,P15,2,Develop assume sometimes.,2025-11-26
R1656,U355,P30,2,Executive control certainly actually answer really.,2025-09-23
R1657,U739,P43,1,Purpose lose produce camera social few.,2026-03-01
R1658,U480,P18,1,Black bed tough civil.,2025-09-22
R1659,U206,P27,4,Tree evening short shake decision writer seem.,2026-01-18
R1660,U340,P24,2,Those where book indicate wind research level.,2025-09-02
R1661,U874,P48,4,If crime wrong fire develop than.,2026-02-25
R1662,U835,P11,1,Main church natural star.,2025-08-02
R1663,U494,P45,1,Appear hold activity firm policy.,2025-07-03
R1664,U555,P38,4,Series later scientist wear position theory.,2026-01-18
R1665,U137,P17,2,Relate commercial participant good again after.,2026-03-01
R1666,U88,P46,4,Dark voice fast street foreign water second own.,2025-03-17
R1667,U636,P32,1,Method already big strong window will tell.,2025-12-11
R1668,U817,P20,3,Since couple fear bit.,2025-06-29
R1669,U587,P2,3,Act space million system arrive baby father.,2025-12-22
R1670,U442,P38,5,Hard company past hit.,2026-02-23
R1671,U461,P49,3,Rate doctor reflect vote live if.,2025-09-25
R1672,U240,P24,2,After discussion hold at group challenge fact.,2025-04-10
R1673,U789,P9,5,Least weight beat remain decision move.,2025-12-07
R1674,U631,P46,5,Conference determine interview ask care major.,2025-10-13
R1675,U899,P19,4,Walk expect thousand show language.,2025-11-21
R1676,U137,P38,3,Actually seven occur fast some field.,2025-09-17
R1677,U851,P19,4,Outside someone many kitchen spring modern miss now.,2026-01-28
R1678,U254,P34,3,Accept even chair throw executive weight Congress.,2025-12-06
R1679,U181,P32,3,One event left need trade eye action.,2025-08-08
R1680,U713,P18,4,Security field education pattern pay travel pull.,2025-07-29
R1681,U384,P0,1,When score weight affect.,2026-02-27
R1682,U288,P39,5,Institution grow leader throw traditional class in.,2025-07-08
R1683,U55,P42,3,Really knowledge it hold build soon.,2025-08-22
R1684,U240,P46,1,Cover spring care oil relate raise soldier.,2025-10-09
R1685,U963,P30,1,Spring maintain Mr.,2025-05-09
R1686,U824,P27,1,Front paper executive impact water simple speak.,2026-02-11
R1687,U566,P46,4,Doctor various fly accept respond.,2025-10-23
R1688,U721,P45,2,Bank adult now fire image.,2025-12-24
R1689,U553,P15,5,Scientist culture sell focus the nature.,2026-02-08
R1690,U435,P13,4,Consider natural point model education turn somebody.,2025-10-08
R1691,U457,P6,4,Live open entire yeah live mention.,2025-11-22
R1692,U568,P37,4,Common bed type about manage PM.,2025-07-04
R1693,U498,P5,4,Point happen join bring whatever.,2025-11-05
R1694,U119,P47,5,Amount media benefit easy very house.,2025-12-16
R1695,U618,P49,5,Road world ability book several even likely.,2025-05-09
R1696,U56,P47,2,Close police natural.,2025-10-25
R1697,U979,P48,4,Approach she approach.,2025-08-04
R1698,U900,P21,4,Garden push all always door.,2025-06-19
R1699,U292,P15,4,Himself rule possible young few color issue party.,2025-07-31
R1700,U892,P0,3,Draw term and.,2025-10-27
R1701,U816,P2,5,Stuff boy large people foreign.,2025-07-01
R1702,U437,P49,1,Entire build argue.,2025-10-10
R1703,U61,P41,2,Main child PM bring site.,2026-02-11
R1704,U772,P45,2,Here Republican education see direction.,2025-04-24
R1705,U16,P9,5,Think treat conference throughout everyone game cut.,2026-01-26
R1706,U513,P14,3,Cultural hit enter rate owner life.,2025-12-03
R1707,U881,P36,3,Chair improve shake weight whether exist thing.,2026-01-11
R1708,U560,P37,1,Tend want trip.,2025-10-17
R1709,U834,P33,5,About available clearly build.,2025-06-07
R1710,U801,P40,2,Green think baby each somebody.,2025-06-25
R1711,U845,P39,4,Own collection week result.,2025-06-24
R1712,U833,P17,4,Week make rule fear consumer.,2025-07-05
R1713,U431,P35,2,A west return rest her.,2025-04-17
R1714,U468,P39,3,Worry man fear lose.,2025-11-02
R1715,U458,P49,2,Arm you will.,2025-09-15
R1716,U207,P4,2,Station drop report professional nice.,2025-05-30
R1717,U442,P11,3,Note maybe spend often.,2025-08-23
R1718,U584,P49,4,Card both born serious concern cold operation.,2026-02-25
R1719,U633,P3,3,On suggest size many field better campaign.,2025-09-18
R1720,U623,P24,3,Tax must power to number.,2026-01-26
R1721,U672,P29,3,Mouth coach fact later image heavy door.,2025-09-27
R1722,U297,P13,4,College bar agree.,2026-02-12
R1723,U822,P1,2,Say summer senior listen dinner benefit.,2026-01-06
R1724,U617,P17,3,Art sometimes feel charge.,2025-07-31
R1725,U311,P22,2,Interesting attention purpose head race sit.,2025-07-09
R1726,U519,P38,1,Turn themselves some everybody should rest.,2026-01-06
R1727,U781,P34,4,Kind state positive range because he.,2025-04-30
R1728,U890,P12,5,Sign customer long onto.,2025-04-29
R1729,U282,P6,2,Finish yeah sort sense his better rest.,2025-04-30
R1730,U788,P43,4,Meet bag similar former must generation.,2025-10-29
R1731,U449,P38,5,Window you recently shoulder peace.,2025-05-11
R1732,U741,P6,3,Discussion on character scientist personal air.,2026-02-17
R1733,U52,P5,1,Different peace important provide dream that.,2025-04-01
R1734,U262,P22,4,South body strong young where.,2025-08-13
R1735,U862,P0,5,Support newspaper performance sort adult push of.,2025-11-16
R1736,U425,P30,5,Huge far just everybody happen.,2025-03-27
R1737,U139,P17,1,Later risk pay anyone.,2025-09-29
R1738,U141,P45,2,Minute education may especially.,2026-02-06
R1739,U148,P34,1,Federal despite get employee because.,2025-06-17
R1740,U373,P19,2,Prove respond current respond follow approach.,2026-03-03
R1741,U198,P16,5,Final might test civil plan and risk.,2025-12-02
R1742,U208,P31,1,Reflect institution eye street off also fine.,2026-02-12
R1743,U223,P5,1,Stock raise country company take threat.,2025-07-11
R1744,U956,P28,4,Several rather would.,2025-07-03
R1745,U446,P34,1,Well can age later subject.,2025-09-29
R1746,U327,P48,1,Think thank finish.,2025-03-23
R1747,U751,P36,2,Yard few support science full worker.,2025-07-30
R1748,U353,P10,5,Form despite agent.,2025-06-17
R1749,U537,P11,2,Color leg statement already long consider.,2025-05-21
R1750,U135,P11,4,Stock there doctor.,2025-05-02
R1751,U143,P28,3,She mention view not.,2025-07-15
R1752,U694,P42,5,Certainly trip would point avoid beautiful step.,2025-08-13
R1753,U850,P25,1,Position blue any listen collection nearly.,2025-04-12
R1754,U140,P16,5,Different strong sound particular stay.,2025-07-12
R1755,U953,P25,2,Group language order suddenly PM collection story.,2025-06-07
R1756,U48,P47,4,Training beautiful lawyer debate like form send.,2025-11-03
R1757,U842,P17,3,South name behavior side.,2025-10-26
R1758,U838,P48,1,Base almost draw analysis finally recent position often.,2026-03-07
R1759,U658,P49,1,Want develop get measure that.,2025-10-17
R1760,U643,P21,1,Sort around account walk certainly indicate father.,2025-04-17
R1761,U543,P41,2,Food answer show water time design.,2025-08-11
R1762,U406,P10,4,Fly education art.,2025-11-25
R1763,U66,P25,1,Base decision small ready decision down where nor.,2025-06-29
R1764,U891,P38,2,Whom use enter even.,2025-06-03
R1765,U656,P36,2,Water official realize.,2025-07-26
R1766,U9,P13,3,Like add today small lay seek.,2025-08-16
R1767,U78,P35,2,Customer buy writer dog.,2026-01-01
R1768,U869,P9,3,Report voice might kitchen ago personal.,2026-02-08
R1769,U647,P41,2,Long chance leg already perhaps.,2026-02-01
R1770,U748,P35,2,Follow about perhaps piece protect ground.,2025-05-13
R1771,U676,P26,3,Character evening they former.,2025-11-21
R1772,U493,P1,3,Enjoy leader speak former late both.,2025-07-02
R1773,U430,P15,2,Treat smile difficult provide produce ability whose.,2025-04-15
R1774,U320,P29,4,Election to east technology economy treat budget alone.,2026-01-04
R1775,U632,P35,2,Herself enough imagine agency.,2025-04-20
R1776,U699,P44,5,Teach hope ready if me free simple.,2025-04-13
R1777,U831,P2,5,Office feel general number happen.,2025-10-26
R1778,U414,P25,3,Part drive page sense decade beautiful.,2025-07-27
R1779,U948,P1,4,Finish own style change service.,2026-01-12
R1780,U999,P2,5,Participant base open nature try color.,2025-08-20
R1781,U310,P24,5,Firm impact newspaper.,2025-12-10
R1782,U165,P25,3,No choose certain table entire enough true.,2025-08-05
R1783,U475,P5,3,First until war just.,2026-01-23
R1784,U99,P32,5,Them open party appear decade job.,2025-09-22
R1785,U710,P22,1,Situation will industry player yet performance six.,2025-12-14
R1786,U144,P13,5,Wait behavior social participant listen rate.,2026-02-10
R1787,U300,P35,2,Pattern record bill they skill partner pay.,2025-08-22
R1788,U202,P4,2,Apply card us part mean.,2025-04-09
R1789,U780,P18,1,Party professor agent organization front hour ok.,2025-05-19
R1790,U534,P3,4,Professor music job thus.,2025-10-08
R1791,U146,P8,4,Garden either exist become.,2025-06-07
R1792,U149,P48,4,General act little never expect hard fight.,2025-07-03
R1793,U184,P23,5,Pick significant today bill.,2025-04-11
R1794,U548,P31,4,True out last drop future have left camera.,2026-02-24
R1795,U126,P22,3,Across heavy from study media.,2025-08-26
R1796,U274,P23,2,Eat defense your conference outside explain.,2025-07-31
R1797,U788,P23,2,Compare off authority contain.,2025-07-08
R1798,U240,P47,4,Man enough glass certainly later sit.,2025-07-20
R1799,U9,P9,5,Behind purpose value let.,2025-08-08
R1800,U477,P32,1,Two American notice example vote nature.,2025-11-20
R1801,U181,P12,4,Husband must health serious ask value.,2025-05-02
R1802,U882,P47,4,What government professor turn staff plan performance.,2025-12-26
R1803,U776,P49,4,Commercial military majority other society.,2025-04-16
R1804,U130,P25,2,Develop federal whole song campaign.,2026-03-08
R1805,U864,P1,1,Off total support among term some.,2025-06-14
R1806,U692,P37,4,Within might nature authority fight Democrat sea.,2025-07-13
R1807,U222,P20,1,Argue citizen focus condition glass as.,2025-10-20
R1808,U214,P21,1,Ready family goal traditional believe defense smile.,2025-04-20
R1809,U544,P32,4,Only however several employee significant.,2026-03-08
R1810,U172,P40,4,Than down commercial serve.,2025-03-15
R1811,U545,P42,3,Entire of smile receive total.,2025-10-03
R1812,U780,P28,5,Responsibility reflect itself as until he.,2026-01-25
R1813,U882,P17,3,Position off white increase course the.,2026-01-14
R1814,U610,P46,4,Occur new study open type son.,2025-07-22
R1815,U634,P16,5,Brother realize letter American look.,2025-04-10
R1816,U775,P19,5,Hold very fight song party keep scientist.,2026-03-04
R1817,U852,P2,4,Situation hear city Republican option.,2025-07-03
R1818,U305,P26,1,For tend special low card matter reveal.,2026-02-24
R1819,U614,P21,5,Lose hundred little evening political consumer.,2025-05-10
R1820,U616,P0,4,Appear color even our size car indicate.,2025-05-01
R1821,U101,P9,5,Official reveal box painting memory project.,2026-02-23
R1822,U23,P42,5,Majority yourself note.,2025-03-27
R1823,U918,P13,5,Whose a study agency student civil television.,2025-07-09
R1824,U181,P20,5,Leave most movement tree teacher tree morning score.,2025-04-03
R1825,U19,P46,1,Try member protect wish small involve bad state.,2025-05-06
R1826,U635,P45,3,Item yet style husband agent.,2025-08-20
R1827,U768,P37,2,The draw industry spring experience rock suffer.,2025-11-11
R1828,U198,P46,3,Near own together almost watch involve fire.,2025-12-10
R1829,U394,P12,2,Police organization court structure attorney.,2025-10-16
R1830,U609,P12,1,Site western market network western example history major.,2025-06-28
R1831,U966,P6,1,Under work cause idea message ball continue.,2025-08-15
R1832,U810,P16,1,Work organization money information trouble child man.,2025-07-24
R1833,U256,P22,3,Cut over majority skill.,2026-03-11
R1834,U959,P23,1,There record phone however.,2025-05-22
R1835,U30,P11,3,Job happen three him pass involve claim.,2025-09-03
R1836,U841,P22,3,Ask figure number buy letter.,2025-12-21
R1837,U936,P4,2,Public we development eat decision glass.,2025-12-21
R1838,U703,P46,5,According simple road bill seem body day land.,2025-07-22
R1839,U667,P2,3,They hair decision try type again.,2025-11-18
R1840,U494,P41,5,Thus drop sometimes thought value season.,2026-01-19
R1841,U765,P32,4,Republican us perform market finally thousand.,2025-11-28
R1842,U3,P34,1,Try industry mind cause long far role.,2026-01-26
R1843,U833,P41,5,Party environment place food buy store game look.,2026-02-14
R1844,U735,P46,3,Move relationship treatment nation.,2025-04-18
R1845,U766,P45,3,Parent art green again.,2025-07-19
R1846,U503,P26,3,Three paper memory Republican top reflect.,2025-10-05
R1847,U173,P7,3,Six able reach worry success only.,2025-05-21
R1848,U229,P21,4,Everybody prove majority interview walk we.,2025-03-18
R1849,U804,P18,3,Fish evidence evening particular something.,2025-08-02
R1850,U272,P16,2,Else lead possible bag coach.,2025-10-23
R1851,U28,P16,1,In shake despite community treatment there hold.,2025-10-14
R1852,U408,P47,3,Whole do provide now wind.,2025-04-01
R1853,U617,P34,3,Any easy director look now debate stop.,2025-09-08
R1854,U94,P42,2,Want address green during ahead.,2026-01-04
R1855,U255,P10,5,Chance effort effort bar another.,2025-11-16
R1856,U171,P9,2,Guess buy commercial industry example soon.,2025-12-13
R1857,U38,P44,3,Suggest special yet if myself.,2025-12-13
R1858,U285,P37,2,Enough civil himself may hope dream response.,2025-12-21
R1859,U600,P48,2,Event question back.,2025-12-02
R1860,U601,P2,4,Test so interest learn everybody police industry between.,2025-12-18
R1861,U361,P46,4,Great especially the simply relationship.,2025-10-10
R1862,U583,P14,2,Create close reality win contain.,2025-07-24
R1863,U518,P43,5,Management technology effort front notice next off.,2025-06-27
R1864,U695,P21,1,Occur skin across remember soldier research face TV.,2025-04-16
R1865,U902,P15,3,Provide middle indeed account.,2025-11-07
R1866,U798,P9,5,Determine industry friend table painting purpose become.,2025-07-19
R1867,U354,P14,2,Follow maintain interesting little since.,2026-01-15
R1868,U777,P35,5,Activity win road television movement.,2025-03-23
R1869,U764,P31,3,Common floor challenge party hospital.,2025-12-02
R1870,U45,P29,3,Or rule recognize standard.,2026-03-03
R1871,U925,P37,4,Office economy anything south ask final.,2025-06-04
R1872,U815,P16,2,Training reason according popular save.,2026-01-07
R1873,U903,P2,5,Quality mother still shoulder.,2025-09-02
R1874,U231,P18,1,Life voice movie gas list.,2025-09-03
R1875,U159,P11,4,Economy machine home American fill end course east.,2025-05-17
R1876,U577,P5,5,Charge cover that police.,2025-12-21
R1877,U412,P43,3,My finally politics floor beyond behavior true various.,2026-03-09
R1878,U638,P38,4,Feel maintain draw firm five.,2025-08-01
R1879,U719,P0,2,Responsibility community wide rich like office.,2026-02-20
R1880,U994,P40,2,Friend manager surface whom money production training.,2025-05-03
R1881,U251,P17,1,May my together believe carry challenge.,2025-05-06
R1882,U37,P36,4,Study face training sort try.,2025-12-25
R1883,U317,P32,2,Race throughout lay she best manager who best.,2025-12-12
R1884,U610,P35,1,Sound each away enter between company.,2025-04-24
R1885,U513,P10,3,Usually everything wind success.,2026-02-11
R1886,U361,P45,1,In long growth person black section cut.,2025-07-04
R1887,U0,P21,1,Available several business doctor employee get nation.,2025-05-17
R1888,U64,P35,3,Surface sense box cause.,2025-04-09
R1889,U883,P24,3,Water or network Republican finish pay.,2025-12-03
R1890,U87,P39,2,Much safe summer.,2025-11-11
R1891,U124,P39,5,Challenge edge improve professor candidate Congress.,2026-03-10
R1892,U868,P46,3,Pass man mission son.,2025-04-06
R1893,U672,P34,4,Son detail season cover section someone up federal.,2025-12-06
R1894,U9,P35,2,Job generation stock realize.,2025-06-22
R1895,U876,P14,3,Carry industry school purpose nearly.,2025-12-03
R1896,U994,P28,5,East interest game evidence fear language.,2025-03-29
R1897,U983,P5,5,Traditional western week be until bag bill compare.,2025-08-28
R1898,U526,P39,2,Well Democrat individual wall.,2025-12-26
R1899,U148,P31,5,Theory knowledge line agreement bag though whatever church.,2025-03-31
R1900,U990,P19,2,Consumer possible notice impact budget energy have consumer.,2025-07-06
R1901,U871,P45,5,Single off force herself away large.,2025-03-19
R1902,U972,P0,1,Strategy scientist authority sound against.,2025-11-08
R1903,U143,P26,3,Then here grow boy none.,2025-06-14
R1904,U721,P24,2,Put account kitchen natural.,2025-06-16
R1905,U722,P32,1,Both wall whom heavy.,2025-11-19
R1906,U728,P47,4,Age center part PM wall.,2025-05-28
R1907,U741,P31,5,Pass Democrat study pretty world public air.,2026-02-28
R1908,U95,P37,5,More back interesting again find level career test.,2025-04-15
R1909,U832,P7,1,Pay argue place cell assume focus.,2025-10-14
R1910,U920,P17,3,Help truth despite consumer.,2025-04-10
R1911,U122,P1,1,Simply suffer thus protect.,2025-03-16
R1912,U198,P37,2,Question again candidate what site.,2026-02-26
R1913,U499,P28,3,Never similar reality religious realize only.,2025-07-18
R1914,U949,P3,3,Western have hundred a.,2025-03-14
R1915,U533,P7,4,Discover film two list.,2025-10-21
R1916,U764,P43,4,Wonder style close.,2026-01-29
R1917,U524,P27,3,Girl even open radio.,2026-03-07
R1918,U319,P18,3,Issue already perhaps.,2025-07-21
R1919,U501,P18,1,Eight section however suddenly open.,2025-03-22
R1920,U716,P34,3,Beautiful painting knowledge strong degree continue.,2025-10-09
R1921,U188,P20,5,Church drive child difference.,2025-12-07
R1922,U806,P49,5,Something seat attorney opportunity thus.,2026-02-22
R1923,U967,P15,3,So professional represent space put general.,2025-04-13
R1924,U901,P6,1,Late perform moment.,2026-02-26
R1925,U293,P44,5,How us rule as participant as least.,2026-03-07
R1926,U955,P45,4,Truth low end enter.,2025-12-28
R1927,U398,P27,2,This thousand though parent network service major black.,2026-03-11
R1928,U24,P49,3,Figure himself color nation who effect.,2025-04-10
R1929,U107,P34,5,They treat kind democratic but attack prove serve.,2025-03-27
R1930,U46,P31,3,Season data forget method six pull sure final.,2025-06-06
R1931,U685,P1,2,Those activity fall power.,2025-11-29
R1932,U235,P8,1,Media long book.,2025-11-25
R1933,U259,P21,3,Picture baby rich federal social agree.,2025-11-30
R1934,U934,P25,5,Suffer experience common exactly.,2026-03-06
R1935,U64,P43,3,Sense back hundred box drop discussion store thank.,2025-09-10
R1936,U43,P18,5,Record give professor keep develop sign.,2025-03-30
R1937,U364,P1,3,Become sister but administration.,2025-10-12
R1938,U678,P25,1,White institution writer drop.,2025-05-21
R1939,U126,P15,5,Herself lawyer run.,2025-09-13
R1940,U703,P16,2,Long home imagine compare such.,2025-06-03
R1941,U20,P0,1,Behind world pattern ask exactly.,2025-06-09
R1942,U57,P37,5,Money rise phone million.,2025-08-09
R1943,U773,P15,1,Better American sit take foot shoulder instead.,2025-08-08
R1944,U725,P3,1,Few father wind chance return.,2025-10-29
R1945,U742,P30,5,Upon affect interesting.,2025-09-28
R1946,U594,P6,5,Those final it leader lead across or.,2025-12-24
R1947,U578,P9,1,Product last if behind poor center.,2025-07-05
R1948,U255,P48,5,Project leg action.,2025-09-24
R1949,U384,P21,2,True their debate.,2025-06-17
R1950,U716,P44,1,Region to drive such score.,2025-12-18
R1951,U408,P47,1,Arm rise mind standard finally.,2025-09-01
R1952,U751,P4,2,Star occur it important floor clear program chance.,2025-09-05
R1953,U472,P0,1,Suffer away spring.,2025-07-22
R1954,U760,P34,3,Those five chance dinner firm.,2025-12-27
R1955,U985,P49,2,Approach sport institution organization none agreement talk.,2025-10-13
R1956,U506,P48,3,Pattern successful open peace.,2026-02-01
R1957,U428,P15,4,Democratic put use movie short me physical.,2025-10-30
R1958,U685,P15,2,Career common cell.,2025-03-23
R1959,U181,P7,3,Treat front similar bed imagine free.,2025-07-20
R1960,U49,P45,4,Rate kid start though forward theory.,2025-10-27
R1961,U931,P24,3,Cup yourself question when positive.,2025-11-11
R1962,U649,P14,3,Source American get property none rich onto radio.,2025-03-22
R1963,U479,P9,3,Film give house special entire.,2025-10-10
R1964,U458,P49,5,Establish born particularly arm.,2026-02-18
R1965,U817,P18,1,Read side military talk answer deep amount up.,2025-05-14
R1966,U261,P35,3,Ok general computer large sense summer.,2025-12-09
R1967,U892,P28,1,Business exist trip eight poor.,2025-03-22
R1968,U917,P11,4,Seem method in program happen team.,2025-12-03
R1969,U338,P3,3,Child rate day pass little to government.,2026-03-10
R1970,U22,P3,2,Newspaper choice thousand strong.,2025-09-20
R1971,U825,P43,3,Deal simply actually follow seat system.,2025-06-27
R1972,U347,P46,2,Success religious trial likely six million crime party.,2025-09-10
R1973,U536,P3,4,Piece former whom recently chance that.,2025-07-19
R1974,U848,P45,3,Him stage everyone now approach anything.,2025-04-25
R1975,U447,P10,5,Only art industry last gas picture rock.,2025-11-30
R1976,U777,P46,1,Ever type body Congress nice.,2025-09-03
R1977,U195,P10,5,Doctor establish dinner television skin glass.,2025-12-31
R1978,U520,P9,4,Camera interesting live result according avoid.,2025-05-01
R1979,U462,P46,4,Identify executive how price war.,2025-07-15
R1980,U514,P30,3,Indeed want ask before wonder.,2025-09-30
R1981,U695,P45,2,Heart contain test eat concern.,2025-09-12
R1982,U375,P28,4,Occur key think contain cell mission.,2026-03-08
R1983,U349,P7,5,Many responsibility fill husband general.,2025-05-01
R1984,U513,P41,1,Computer person affect.,2025-11-11
R1985,U675,P1,1,Also hand determine truth successful technology clearly machine.,2025-10-23
R1986,U555,P18,1,Wind deal general win part part.,2026-03-02
R1987,U844,P2,4,Detail story article fast always audience.,2025-06-05
R1988,U422,P41,4,Tv trouble ten responsibility charge.,2025-11-12
R1989,U299,P40,5,Stay short people teach identify physical of nearly.,2026-03-07
R1990,U356,P46,3,Car loss cover special put serve home.,2025-04-30
R1991,U96,P34,2,Dark institution act near pressure.,2025-06-15
R1992,U280,P1,1,Begin act choose likely never.,2026-01-26
R1993,U842,P20,5,Support particular cut wall.,2025-09-02
R1994,U858,P40,5,Bag different deep expert plant wear.,2025-09-15
R1995,U475,P26,3,Man certainly moment concern mission.,2025-03-19
R1996,U36,P5,3,Various oil method citizen across ok environment beyond.,2025-09-22
R1997,U339,P1,1,Less certainly past blue agree.,2025-12-05
R1998,U217,P32,5,Company about listen service help.,2025-08-23
R1999,U536,P44,2,Shake record suddenly.,2026-03-03
